liga,liga_nombre,fecha,hora_peru,local,visitante,goles_l,goles_v,resultado,estado,jornada,fase,fuente,xg_l,xg_v,corners_l,corners_v,shots_l,shots_v,shots_on_target_l,shots_on_target_v,fouls_l,fouls_v,yellow_cards_l,yellow_cards_v,red_cards_l,red_cards_v
comp_4540,Liga Profesional Argentina,2026-05-24,13:30,River Plate,Belgrano,2,3,2-3,finished,29,final,thestatsapi,1.4,1.7,6,4,8,13,4,6,7,11,2,3,,
comp_4540,Liga Profesional Argentina,2026-05-17,15:00,Argentinos Juniors,Belgrano,1,1,1-1,finished,28,semi_final,thestatsapi,2.25,0.64,5,3,18,9,8,3,17,22,2,8,,
comp_4540,Liga Profesional Argentina,2026-05-16,17:30,River Plate,Rosario Central,1,0,1-0,finished,28,semi_final,thestatsapi,2.26,0.21,6,1,11,7,3,1,17,19,2,7,,
comp_4540,Liga Profesional Argentina,2026-05-13,19:45,River Plate,Gimnasia y Esgrima,2,0,2-0,finished,27,quarter_final,thestatsapi,1.61,0.81,7,5,18,12,8,6,21,16,1,4,,
comp_4540,Liga Profesional Argentina,2026-05-13,16:45,Rosario Central,Racing Club,1,1,1-1,finished,27,quarter_final,thestatsapi,2.3,0.65,3,2,19,10,10,2,12,24,1,6,,
comp_4540,Liga Profesional Argentina,2026-05-12,19:30,Argentinos Juniors,Huracán,0,0,0-0,finished,27,quarter_final,thestatsapi,1.02,0.96,9,2,18,11,4,4,14,29,2,6,,
comp_4540,Liga Profesional Argentina,2026-05-12,17:00,Belgrano,Club Atlético Unión de Santa Fe,2,0,2-0,finished,27,quarter_final,thestatsapi,0.87,0.47,4,7,17,12,8,4,4,8,0,4,,
comp_4540,Liga Profesional Argentina,2026-05-10,19:30,Vélez Sarsfield,Gimnasia y Esgrima,0,1,0-1,finished,5,round_of_16,thestatsapi,1.39,1.02,17,0,27,7,5,3,9,13,2,5,,
comp_4540,Liga Profesional Argentina,2026-05-10,17:00,River Plate,San Lorenzo,1,1,1-1,finished,5,round_of_16,thestatsapi,1.27,0.67,6,2,30,5,12,4,14,13,2,1,,
comp_4540,Liga Profesional Argentina,2026-05-10,15:00,Estudiantes de La Plata,Racing Club,0,1,0-1,finished,5,round_of_16,thestatsapi,0.82,0.97,1,4,13,8,4,2,1,18,2,5,,
comp_4540,Liga Profesional Argentina,2026-05-10,13:00,Rosario Central,CA Independiente,3,1,3-1,finished,5,round_of_16,thestatsapi,1.8,0.89,2,3,14,6,6,4,11,14,2,2,,
comp_4540,Liga Profesional Argentina,2026-05-09,20:15,Argentinos Juniors,Lanús,2,0,2-0,finished,5,round_of_16,thestatsapi,0.61,0.51,3,2,16,9,8,3,12,16,3,4,,
comp_4540,Liga Profesional Argentina,2026-05-09,19:30,Independiente Rivadavia,Club Atlético Unión de Santa Fe,1,2,1-2,finished,5,round_of_16,thestatsapi,1.61,1.5,5,5,18,10,4,6,6,15,1,2,,
comp_4540,Liga Profesional Argentina,2026-05-09,17:00,Boca Juniors,Huracán,1,1,1-1,finished,5,round_of_16,thestatsapi,3.21,1.75,17,1,36,8,11,4,10,15,1,5,,
comp_4540,Liga Profesional Argentina,2026-05-09,14:30,Talleres,Belgrano,0,1,0-1,finished,5,round_of_16,thestatsapi,0.5,0.95,8,3,16,14,2,3,13,20,4,5,,
comp_4540,Liga Profesional Argentina,2026-05-04,19:30,Estudiantes de Río Cuarto,Instituto De Córdoba,0,2,0-2,finished,9,,thestatsapi,,,3,8,9,22,2,7,6,15,1,1,,
comp_4540,Liga Profesional Argentina,2026-05-04,17:15,Vélez Sarsfield,Newell's Old Boys,1,1,1-1,finished,9,,thestatsapi,,,7,4,14,9,3,5,10,12,2,5,,
comp_4540,Liga Profesional Argentina,2026-05-04,15:00,Gimnasia y Esgrima Mendoza,Defensa y Justicia,2,1,2-1,finished,9,,thestatsapi,,,2,7,8,11,3,4,10,12,2,2,,
comp_4540,Liga Profesional Argentina,2026-05-03,16:30,River Plate,Atlético Tucumán,0,1,0-1,finished,9,,thestatsapi,,,6,1,19,5,4,3,6,16,2,2,,
comp_4540,Liga Profesional Argentina,2026-05-03,14:00,Belgrano,Sarmiento,0,0,0-0,finished,9,,thestatsapi,,,,,,,,,,,,,,
comp_4540,Liga Profesional Argentina,2026-05-03,14:00,Rosario Central,Tigre,1,1,1-1,finished,9,,thestatsapi,,,3,11,15,17,5,4,14,17,1,2,,
comp_4540,Liga Profesional Argentina,2026-05-03,14:00,Gimnasia y Esgrima,Argentinos Juniors,2,0,2-0,finished,9,,thestatsapi,,,3,11,12,14,2,3,11,17,3,6,,
comp_4540,Liga Profesional Argentina,2026-05-03,14:00,Racing Club,Huracán,0,0,0-0,finished,9,,thestatsapi,,,6,1,9,5,1,1,15,11,1,2,,
comp_4540,Liga Profesional Argentina,2026-05-03,14:00,Belgrano,Sarmiento,4,0,4-0,finished,9,,thestatsapi,,,3,2,12,6,6,3,8,8,1,1,,
comp_4540,Liga Profesional Argentina,2026-05-03,11:30,Aldosivi,Independiente Rivadavia,1,1,1-1,finished,9,,thestatsapi,,,5,7,17,15,4,4,7,9,0,3,,
comp_4540,Liga Profesional Argentina,2026-05-02,19:15,Platense,Estudiantes de La Plata,0,2,0-2,finished,9,,thestatsapi,,,7,5,18,16,7,8,10,12,1,1,,
comp_4540,Liga Profesional Argentina,2026-05-02,16:45,San Lorenzo,CA Independiente,1,2,1-2,finished,9,,thestatsapi,,,7,4,25,13,7,5,13,19,4,4,,
comp_4540,Liga Profesional Argentina,2026-05-02,16:45,Club Atlético Unión de Santa Fe,Talleres,1,1,1-1,finished,9,,thestatsapi,,,8,0,25,7,7,1,14,13,5,3,,
comp_4540,Liga Profesional Argentina,2026-05-02,14:15,Central Córdoba,Boca Juniors,1,2,1-2,finished,9,,thestatsapi,,,3,3,14,11,4,8,16,11,3,3,,
comp_4540,Liga Profesional Argentina,2026-05-02,12:30,Lanús,Deportivo Riestra,0,0,0-0,finished,9,,thestatsapi,,,4,7,12,5,7,2,15,20,2,3,,
comp_4540,Liga Profesional Argentina,2026-05-02,12:00,Barracas Central,Banfield,1,2,1-2,finished,9,,thestatsapi,,,2,6,16,16,8,6,10,7,1,0,,
comp_4540,Liga Profesional Argentina,2026-04-27,19:00,Huracán,Argentinos Juniors,1,2,1-2,finished,16,,thestatsapi,,,4,5,11,5,4,2,15,11,3,2,,
comp_4540,Liga Profesional Argentina,2026-04-27,16:45,Vélez Sarsfield,Club Atlético Unión de Santa Fe,2,2,2-2,finished,16,,thestatsapi,,,2,4,12,14,6,6,8,9,6,4,,
comp_4540,Liga Profesional Argentina,2026-04-26,18:00,Atlético Tucumán,Banfield,1,1,1-1,finished,16,,thestatsapi,,,3,2,15,10,7,2,19,12,0,4,,
comp_4540,Liga Profesional Argentina,2026-04-26,15:30,Belgrano,Gimnasia y Esgrima,0,1,0-1,finished,16,,thestatsapi,,,3,6,7,7,0,2,16,9,2,2,,
comp_4540,Liga Profesional Argentina,2026-04-26,15:30,Newell's Old Boys,Instituto De Córdoba,1,1,1-1,finished,16,,thestatsapi,,,4,3,12,6,4,3,10,11,5,3,,
comp_4540,Liga Profesional Argentina,2026-04-26,13:00,Independiente Rivadavia,Gimnasia y Esgrima Mendoza,5,1,5-1,finished,16,,thestatsapi,,,11,2,24,7,10,2,14,18,2,6,,
comp_4540,Liga Profesional Argentina,2026-04-25,19:30,River Plate,Aldosivi,3,1,3-1,finished,16,,thestatsapi,,,8,1,23,5,6,2,12,16,2,3,,
comp_4540,Liga Profesional Argentina,2026-04-25,17:15,Sarmiento,Tigre,1,0,1-0,finished,16,,thestatsapi,,,3,6,10,15,4,2,11,15,4,4,,
comp_4540,Liga Profesional Argentina,2026-04-25,15:00,Estudiantes de La Plata,Talleres,0,0,0-0,finished,16,,thestatsapi,,,6,1,16,10,3,3,8,10,1,4,,
comp_4540,Liga Profesional Argentina,2026-04-24,19:30,Racing Club,Barracas Central,1,1,1-1,finished,16,,thestatsapi,,,2,3,5,16,1,3,11,8,2,2,,
comp_4540,Liga Profesional Argentina,2026-04-24,19:30,Platense,San Lorenzo,0,1,0-1,finished,16,,thestatsapi,,,8,4,23,10,6,6,16,10,2,3,,
comp_4540,Liga Profesional Argentina,2026-04-24,17:15,Estudiantes de Río Cuarto,Rosario Central,1,2,1-2,finished,16,,thestatsapi,,,0,4,14,12,2,4,12,11,1,4,,
comp_4540,Liga Profesional Argentina,2026-04-24,17:15,Lanús,Central Córdoba,0,0,0-0,finished,16,,thestatsapi,,,5,3,15,9,5,3,11,17,1,2,,
comp_4540,Liga Profesional Argentina,2026-04-24,15:00,Deportivo Riestra,CA Independiente,2,0,2-0,finished,16,,thestatsapi,,,3,3,8,13,4,2,16,13,5,3,,
comp_4540,Liga Profesional Argentina,2026-04-23,18:00,Defensa y Justicia,Boca Juniors,0,4,0-4,finished,16,,thestatsapi,,,4,1,8,11,1,7,5,11,1,2,,
comp_4540,Liga Profesional Argentina,2026-04-20,19:45,Tigre,Huracán,1,1,1-1,finished,15,,thestatsapi,,,0,3,9,5,2,2,15,14,2,4,,
comp_4540,Liga Profesional Argentina,2026-04-20,19:45,Gimnasia y Esgrima Mendoza,Lanús,1,0,1-0,finished,15,,thestatsapi,,,6,1,19,8,4,0,17,18,2,3,,
comp_4540,Liga Profesional Argentina,2026-04-20,17:30,San Lorenzo,Vélez Sarsfield,0,0,0-0,finished,15,,thestatsapi,,,4,1,12,10,5,3,13,16,2,1,,
comp_4540,Liga Profesional Argentina,2026-04-20,15:15,Banfield,Independiente Rivadavia,0,0,0-0,finished,15,,thestatsapi,,,6,3,16,15,4,2,12,8,2,1,,
comp_4540,Liga Profesional Argentina,2026-04-20,15:15,Central Córdoba,Platense,4,3,4-3,finished,15,,thestatsapi,,,3,7,10,19,4,7,12,7,5,1,,
comp_4540,Liga Profesional Argentina,2026-04-20,13:00,Barracas Central,Belgrano,0,0,0-0,finished,15,,thestatsapi,,,2,4,12,11,2,3,11,7,1,0,,
comp_4540,Liga Profesional Argentina,2026-04-19,18:30,Rosario Central,Sarmiento,2,1,2-1,finished,15,,thestatsapi,,,4,3,22,5,6,1,10,11,1,0,,
comp_4540,Liga Profesional Argentina,2026-04-19,18:30,Talleres,Deportivo Riestra,2,0,2-0,finished,15,,thestatsapi,,,4,7,15,9,8,1,10,13,2,2,,
comp_4540,Liga Profesional Argentina,2026-04-19,15:00,River Plate,Boca Juniors,0,1,0-1,finished,15,,thestatsapi,,,6,1,13,10,3,5,14,19,6,4,,
comp_4540,Liga Profesional Argentina,2026-04-19,11:30,Aldosivi,Racing Club,1,1,1-1,finished,15,,thestatsapi,,,1,5,8,21,6,4,15,10,4,1,,
comp_4540,Liga Profesional Argentina,2026-04-18,19:45,Argentinos Juniors,Atlético Tucumán,1,0,1-0,finished,15,,thestatsapi,,,7,2,14,4,6,0,5,12,2,5,,
comp_4540,Liga Profesional Argentina,2026-04-18,17:30,CA Independiente,Defensa y Justicia,3,1,3-1,finished,15,,thestatsapi,,,6,5,14,9,6,1,7,12,2,2,,
comp_4540,Liga Profesional Argentina,2026-04-18,15:15,Instituto De Córdoba,Estudiantes de La Plata,0,1,0-1,finished,15,,thestatsapi,,,7,2,17,4,3,2,16,17,3,4,,
comp_4540,Liga Profesional Argentina,2026-04-18,13:00,Gimnasia y Esgrima,Estudiantes de Río Cuarto,1,0,1-0,finished,15,,thestatsapi,,,1,4,14,14,4,4,12,13,2,3,,
comp_4540,Liga Profesional Argentina,2026-04-17,18:30,Club Atlético Unión de Santa Fe,Newell's Old Boys,2,3,2-3,finished,15,,thestatsapi,,,15,4,28,5,10,3,8,14,3,3,,
comp_4540,Liga Profesional Argentina,2026-04-13,19:30,Vélez Sarsfield,Central Córdoba,1,0,1-0,finished,14,,thestatsapi,,,4,4,21,11,8,2,8,10,1,2,,
comp_4540,Liga Profesional Argentina,2026-04-13,17:00,Lanús,Banfield,1,0,1-0,finished,14,,thestatsapi,,,5,1,18,12,4,3,19,10,4,4,,
comp_4540,Liga Profesional Argentina,2026-04-13,14:30,Sarmiento,Gimnasia y Esgrima,1,2,1-2,finished,14,,thestatsapi,,,3,7,11,17,3,7,17,12,3,2,,
comp_4540,Liga Profesional Argentina,2026-04-13,14:30,Defensa y Justicia,Talleres,1,2,1-2,finished,14,,thestatsapi,,,6,2,17,8,6,5,7,12,0,2,,
comp_4540,Liga Profesional Argentina,2026-04-12,18:00,Racing Club,River Plate,0,2,0-2,finished,14,,thestatsapi,,,8,2,12,10,4,4,16,7,5,3,,
comp_4540,Liga Profesional Argentina,2026-04-12,15:30,Huracán,Rosario Central,3,1,3-1,finished,14,,thestatsapi,,,10,3,16,7,8,1,14,7,1,2,,
comp_4540,Liga Profesional Argentina,2026-04-12,15:30,Atlético Tucumán,Tigre,0,0,0-0,finished,14,,thestatsapi,,,5,3,7,12,1,4,14,10,1,1,,
comp_4540,Liga Profesional Argentina,2026-04-12,13:00,Newell's Old Boys,San Lorenzo,0,0,0-0,finished,14,,thestatsapi,,,3,1,11,4,3,1,9,22,2,4,,
comp_4540,Liga Profesional Argentina,2026-04-12,13:00,Platense,Gimnasia y Esgrima Mendoza,1,1,1-1,finished,14,,thestatsapi,,,5,2,12,8,4,5,12,15,3,1,,
comp_4540,Liga Profesional Argentina,2026-04-11,19:45,Estudiantes de Río Cuarto,Barracas Central,1,2,1-2,finished,14,,thestatsapi,,,6,2,16,11,4,5,12,20,1,3,,
comp_4540,Liga Profesional Argentina,2026-04-11,17:30,Boca Juniors,CA Independiente,1,1,1-1,finished,14,,thestatsapi,,,3,3,12,8,5,1,7,17,0,3,,
comp_4540,Liga Profesional Argentina,2026-04-11,15:15,Estudiantes de La Plata,Club Atlético Unión de Santa Fe,2,1,2-1,finished,14,,thestatsapi,,,4,6,12,12,4,2,17,14,5,5,,
comp_4540,Liga Profesional Argentina,2026-04-11,13:30,Independiente Rivadavia,Argentinos Juniors,3,1,3-1,finished,14,,thestatsapi,,,5,4,11,7,7,1,13,17,4,4,,
comp_4540,Liga Profesional Argentina,2026-04-11,13:00,Deportivo Riestra,Instituto De Córdoba,0,1,0-1,finished,14,,thestatsapi,,,7,5,14,16,4,6,12,15,1,4,,
comp_4540,Liga Profesional Argentina,2026-04-10,19:00,Belgrano,Aldosivi,1,0,1-0,finished,14,,thestatsapi,,,3,2,15,8,1,4,6,19,0,6,,
comp_4540,Liga Profesional Argentina,2026-04-06,19:15,Instituto De Córdoba,Defensa y Justicia,2,0,2-0,finished,13,,thestatsapi,,,5,5,14,9,3,3,13,7,1,2,,
comp_4540,Liga Profesional Argentina,2026-04-06,17:00,Argentinos Juniors,Banfield,3,2,3-2,finished,13,,thestatsapi,,,9,1,17,9,7,3,9,10,1,2,,
comp_4540,Liga Profesional Argentina,2026-04-05,18:30,Central Córdoba,Newell's Old Boys,1,3,1-3,finished,13,,thestatsapi,,,3,2,6,13,2,5,16,10,3,0,,
comp_4540,Liga Profesional Argentina,2026-04-05,16:00,River Plate,Belgrano,3,0,3-0,finished,13,,thestatsapi,,,8,1,20,9,5,3,15,10,2,2,,
comp_4540,Liga Profesional Argentina,2026-04-05,13:30,Gimnasia y Esgrima,Huracán,0,3,0-3,finished,13,,thestatsapi,,,8,5,25,10,5,5,6,19,1,4,,
comp_4540,Liga Profesional Argentina,2026-04-04,19:00,Rosario Central,Atlético Tucumán,2,1,2-1,finished,13,,thestatsapi,,,5,6,18,17,8,4,12,12,3,1,,
comp_4540,Liga Profesional Argentina,2026-04-04,15:30,CA Independiente,Racing Club,1,0,1-0,finished,13,,thestatsapi,,,6,4,8,10,3,1,9,15,2,3,,
comp_4540,Liga Profesional Argentina,2026-04-04,11:30,Aldosivi,Estudiantes de Río Cuarto,0,0,0-0,finished,13,,thestatsapi,,,5,9,10,11,3,2,16,11,5,2,,
comp_4540,Liga Profesional Argentina,2026-04-03,17:30,San Lorenzo,Estudiantes de La Plata,1,0,1-0,finished,13,,thestatsapi,,,4,3,10,13,5,5,14,15,4,4,,
comp_4540,Liga Profesional Argentina,2026-04-03,15:15,Club Atlético Unión de Santa Fe,Deportivo Riestra,2,0,2-0,finished,13,,thestatsapi,,,9,0,26,8,9,5,10,17,2,2,,
comp_4540,Liga Profesional Argentina,2026-04-03,13:00,Gimnasia y Esgrima Mendoza,Vélez Sarsfield,3,2,3-2,finished,13,,thestatsapi,,,4,0,16,11,9,3,12,12,2,2,,
comp_4540,Liga Profesional Argentina,2026-04-02,18:30,Talleres,Boca Juniors,0,1,0-1,finished,13,,thestatsapi,,,6,3,15,8,2,2,9,7,2,2,,
comp_4540,Liga Profesional Argentina,2026-04-02,15:30,Tigre,Independiente Rivadavia,0,2,0-2,finished,13,,thestatsapi,,,2,5,18,13,6,4,14,16,1,2,,
comp_4540,Liga Profesional Argentina,2026-04-02,13:00,Barracas Central,Sarmiento,1,2,1-2,finished,13,,thestatsapi,,,5,1,14,13,3,3,12,14,0,3,,
comp_4540,Liga Profesional Argentina,2026-04-01,18:00,Lanús,Platense,0,0,0-0,finished,13,,thestatsapi,,,1,2,12,3,1,0,6,11,1,2,,
comp_4540,Liga Profesional Argentina,2026-03-31,12:00,Aldosivi,Argentinos Juniors,0,2,0-2,finished,7,,thestatsapi,,,2,6,11,5,5,4,13,11,3,2,,
comp_4540,Liga Profesional Argentina,2026-03-26,19:00,Argentinos Juniors,Lanús,2,1,2-1,finished,6,,thestatsapi,,,7,1,16,11,5,1,10,14,2,4,,
comp_4540,Liga Profesional Argentina,2026-03-25,17:00,Deportivo Riestra,San Lorenzo,1,1,1-1,finished,12,,thestatsapi,,,2,4,9,7,2,2,14,14,2,1,,
comp_4540,Liga Profesional Argentina,2026-03-23,19:15,Huracán,Barracas Central,0,0,0-0,finished,12,,thestatsapi,,,7,5,15,5,4,1,9,14,2,1,,
comp_4540,Liga Profesional Argentina,2026-03-23,17:00,Estudiantes de La Plata,Central Córdoba,5,0,5-0,finished,12,,thestatsapi,,,8,4,23,4,13,1,10,13,2,3,,
comp_4540,Liga Profesional Argentina,2026-03-22,20:15,Independiente Rivadavia,Rosario Central,2,0,2-0,finished,12,,thestatsapi,,,3,3,8,13,4,3,14,10,0,2,,
comp_4540,Liga Profesional Argentina,2026-03-22,20:15,Argentinos Juniors,Platense,1,0,1-0,finished,12,,thestatsapi,,,4,3,23,9,4,1,13,14,2,3,,
comp_4540,Liga Profesional Argentina,2026-03-22,18:00,Boca Juniors,Instituto De Córdoba,2,0,2-0,finished,12,,thestatsapi,,,7,6,18,13,5,5,3,10,0,2,,
comp_4540,Liga Profesional Argentina,2026-03-22,15:45,Estudiantes de Río Cuarto,River Plate,0,2,0-2,finished,12,,thestatsapi,,,5,7,8,9,1,3,7,8,2,2,,
comp_4540,Liga Profesional Argentina,2026-03-22,13:30,Sarmiento,Aldosivi,2,0,2-0,finished,12,,thestatsapi,,,5,7,9,13,4,2,9,8,3,3,,
comp_4540,Liga Profesional Argentina,2026-03-21,20:15,Belgrano,Racing Club,1,2,1-2,finished,12,,thestatsapi,,,8,2,13,7,5,4,8,17,3,4,,
comp_4540,Liga Profesional Argentina,2026-03-21,18:00,CA Independiente,Talleres,1,2,1-2,finished,12,,thestatsapi,,,6,5,16,8,4,4,8,16,1,2,,
comp_4540,Liga Profesional Argentina,2026-03-21,15:45,Defensa y Justicia,Club Atlético Unión de Santa Fe,2,0,2-0,finished,12,,thestatsapi,,,5,6,11,19,5,4,9,12,2,3,,
comp_4540,Liga Profesional Argentina,2026-03-21,15:45,Newell's Old Boys,Gimnasia y Esgrima Mendoza,1,0,1-0,finished,12,,thestatsapi,,,6,5,15,10,5,3,13,15,2,7,,
comp_4540,Liga Profesional Argentina,2026-03-21,13:30,Vélez Sarsfield,Lanús,0,1,0-1,finished,12,,thestatsapi,,,4,2,10,17,5,7,12,18,1,3,,
comp_4540,Liga Profesional Argentina,2026-03-20,19:00,Atlético Tucumán,Gimnasia y Esgrima,1,0,1-0,finished,12,,thestatsapi,,,6,4,16,10,2,1,12,14,2,6,,
comp_4540,Liga Profesional Argentina,2026-03-20,19:00,Banfield,Tigre,1,0,1-0,finished,12,,thestatsapi,,,3,7,12,23,5,4,14,12,4,3,,
comp_4540,Liga Profesional Argentina,2026-03-17,19:15,Gimnasia y Esgrima Mendoza,Estudiantes de La Plata,1,2,1-2,finished,11,,thestatsapi,,,4,3,13,10,2,6,10,17,2,5,,
comp_4540,Liga Profesional Argentina,2026-03-17,19:15,Central Córdoba,Deportivo Riestra,1,0,1-0,finished,11,,thestatsapi,,,2,3,4,11,2,4,7,14,0,4,,
comp_4540,Liga Profesional Argentina,2026-03-17,17:00,Lanús,Newell's Old Boys,5,0,5-0,finished,11,,thestatsapi,,,7,0,14,5,7,2,12,7,2,0,,
comp_4540,Liga Profesional Argentina,2026-03-16,20:15,Instituto De Córdoba,CA Independiente,2,1,2-1,finished,11,,thestatsapi,,,3,8,11,12,4,4,20,12,6,3,,
comp_4540,Liga Profesional Argentina,2026-03-16,18:00,Racing Club,Estudiantes de Río Cuarto,2,0,2-0,finished,11,,thestatsapi,,,3,1,21,3,3,0,12,12,1,3,,
comp_4540,Liga Profesional Argentina,2026-03-16,16:30,San Lorenzo,Defensa y Justicia,2,5,2-5,finished,11,,thestatsapi,,,9,2,17,11,6,6,5,7,1,2,,
comp_4540,Liga Profesional Argentina,2026-03-16,13:30,Barracas Central,Atlético Tucumán,2,1,2-1,finished,11,,thestatsapi,,,1,3,9,13,3,3,8,14,1,6,,
comp_4540,Liga Profesional Argentina,2026-03-16,13:30,Aldosivi,Huracán,0,0,0-0,finished,11,,thestatsapi,,,4,4,12,13,2,4,17,12,2,3,,
comp_4540,Liga Profesional Argentina,2026-03-15,20:00,Tigre,Argentinos Juniors,1,1,1-1,finished,11,,thestatsapi,,,1,2,6,8,3,3,15,16,2,5,,
comp_4540,Liga Profesional Argentina,2026-03-15,20:00,Club Atlético Unión de Santa Fe,Boca Juniors,1,1,1-1,finished,11,,thestatsapi,,,5,4,14,16,3,6,7,8,2,3,,
comp_4540,Liga Profesional Argentina,2026-03-15,17:45,River Plate,Sarmiento,2,0,2-0,finished,11,,thestatsapi,,,10,2,34,2,12,1,11,15,1,5,,
comp_4540,Liga Profesional Argentina,2026-03-15,15:30,Belgrano,Talleres,0,0,0-0,finished,11,,thestatsapi,,,1,3,8,11,0,2,17,16,3,1,,
comp_4540,Liga Profesional Argentina,2026-03-15,13:15,Gimnasia y Esgrima,Independiente Rivadavia,2,3,2-3,finished,11,,thestatsapi,,,4,2,9,13,3,3,12,11,5,2,,
comp_4540,Liga Profesional Argentina,2026-03-14,19:00,Rosario Central,Banfield,2,1,2-1,finished,11,,thestatsapi,,,6,0,21,7,6,2,10,12,3,1,,
comp_4540,Liga Profesional Argentina,2026-03-14,17:00,Platense,Vélez Sarsfield,0,2,0-2,finished,11,,thestatsapi,,,4,7,14,14,4,6,11,9,1,3,,
comp_4540,Liga Profesional Argentina,2026-03-13,18:00,Estudiantes de La Plata,Lanús,0,1,0-1,finished,10,,thestatsapi,,,7,5,17,7,3,2,7,13,3,2,,
comp_4540,Liga Profesional Argentina,2026-03-12,19:30,Huracán,River Plate,1,2,1-2,finished,10,,thestatsapi,,,4,4,14,10,4,7,11,10,6,3,,
comp_4540,Liga Profesional Argentina,2026-03-12,17:15,Estudiantes de Río Cuarto,Belgrano,0,1,0-1,finished,10,,thestatsapi,,,8,2,17,8,2,1,4,10,1,2,,
comp_4540,Liga Profesional Argentina,2026-03-12,17:15,Talleres,Instituto De Córdoba,2,0,2-0,finished,10,,thestatsapi,,,1,8,5,17,3,5,10,18,5,4,,
comp_4540,Liga Profesional Argentina,2026-03-12,15:00,Defensa y Justicia,Central Córdoba,1,1,1-1,finished,10,,thestatsapi,,,5,2,11,8,6,5,14,10,3,2,,
comp_4540,Liga Profesional Argentina,2026-03-12,15:00,Deportivo Riestra,Gimnasia y Esgrima Mendoza,0,0,0-0,finished,10,,thestatsapi,,,7,2,14,7,7,2,20,13,3,3,,
comp_4540,Liga Profesional Argentina,2026-03-11,20:00,Atlético Tucumán,Aldosivi,1,1,1-1,finished,10,,thestatsapi,,,11,5,17,7,5,1,10,18,3,1,,
comp_4540,Liga Profesional Argentina,2026-03-11,20:00,Independiente Rivadavia,Barracas Central,1,2,1-2,finished,10,,thestatsapi,,,6,1,22,8,11,3,9,11,6,3,,
comp_4540,Liga Profesional Argentina,2026-03-11,17:45,Boca Juniors,San Lorenzo,1,1,1-1,finished,10,,thestatsapi,,,1,2,11,4,3,2,8,14,3,3,,
comp_4540,Liga Profesional Argentina,2026-03-11,15:30,Banfield,Gimnasia y Esgrima,1,2,1-2,finished,10,,thestatsapi,,,8,3,18,13,5,6,12,6,5,4,,
comp_4540,Liga Profesional Argentina,2026-03-11,15:30,Argentinos Juniors,Rosario Central,0,0,0-0,finished,10,,thestatsapi,,,5,5,12,11,2,4,11,12,2,1,,
comp_4540,Liga Profesional Argentina,2026-03-10,20:00,Sarmiento,Racing Club,0,0,0-0,finished,10,,thestatsapi,,,3,4,8,9,3,5,8,14,2,4,,
comp_4540,Liga Profesional Argentina,2026-03-10,20:00,Newell's Old Boys,Platense,1,1,1-1,finished,10,,thestatsapi,,,5,6,6,19,3,8,17,14,4,2,,
comp_4540,Liga Profesional Argentina,2026-03-10,17:45,CA Independiente,Club Atlético Unión de Santa Fe,4,4,4-4,finished,10,,thestatsapi,,,7,3,13,9,6,6,12,10,2,0,,
comp_4540,Liga Profesional Argentina,2026-03-10,17:45,Tigre,Vélez Sarsfield,1,1,1-1,finished,10,,thestatsapi,,,4,3,16,9,4,4,16,12,3,5,,
comp_4540,Liga Profesional Argentina,2026-03-04,19:00,Lanús,Boca Juniors,0,3,0-3,finished,7,,thestatsapi,,,8,1,9,11,3,5,9,8,3,3,,
comp_4540,Liga Profesional Argentina,2026-03-03,19:15,Atlético Tucumán,Racing Club,0,3,0-3,finished,8,,thestatsapi,,,7,6,14,11,4,4,9,15,1,4,,
comp_4540,Liga Profesional Argentina,2026-03-03,17:15,Huracán,Belgrano,3,1,3-1,finished,8,,thestatsapi,,,3,3,20,9,7,2,12,11,2,2,,
comp_4540,Liga Profesional Argentina,2026-03-03,17:00,Sarmiento,Estudiantes de Río Cuarto,1,0,1-0,finished,8,,thestatsapi,,,6,8,13,10,3,2,17,12,4,2,,
comp_4540,Liga Profesional Argentina,2026-03-02,19:30,Independiente Rivadavia,River Plate,1,1,1-1,finished,8,,thestatsapi,,,2,2,10,12,5,3,13,10,0,3,,
comp_4540,Liga Profesional Argentina,2026-03-02,19:30,Banfield,Aldosivi,2,0,2-0,finished,8,,thestatsapi,,,5,4,14,14,2,0,14,7,3,1,,
comp_4540,Liga Profesional Argentina,2026-03-02,17:15,Deportivo Riestra,Platense,0,0,0-0,finished,8,,thestatsapi,,,6,4,7,7,4,3,14,12,4,2,,
comp_4540,Liga Profesional Argentina,2026-03-02,17:15,Estudiantes de La Plata,Vélez Sarsfield,0,1,0-1,finished,8,,thestatsapi,,,9,4,13,8,2,1,13,16,4,4,,
comp_4540,Liga Profesional Argentina,2026-03-01,19:30,Tigre,Gimnasia y Esgrima,2,2,2-2,finished,8,,thestatsapi,,,9,2,21,5,6,3,9,18,1,5,,
comp_4540,Liga Profesional Argentina,2026-03-01,19:30,Defensa y Justicia,Lanús,1,1,1-1,finished,8,,thestatsapi,,,4,5,12,10,5,3,8,10,1,2,,
comp_4540,Liga Profesional Argentina,2026-03-01,17:15,Argentinos Juniors,Barracas Central,1,1,1-1,finished,8,,thestatsapi,,,7,1,19,13,8,5,8,8,1,2,,
comp_4540,Liga Profesional Argentina,2026-03-01,17:15,Instituto De Córdoba,Club Atlético Unión de Santa Fe,1,2,1-2,finished,8,,thestatsapi,,,5,2,8,7,2,3,14,13,4,1,,
comp_4540,Liga Profesional Argentina,2026-03-01,15:00,Newell's Old Boys,Rosario Central,0,2,0-2,finished,8,,thestatsapi,,,1,8,7,11,2,6,24,7,2,3,,
comp_4540,Liga Profesional Argentina,2026-02-28,20:15,Talleres,San Lorenzo,0,0,0-0,finished,8,,thestatsapi,,,12,6,15,11,6,5,12,10,1,3,,
comp_4540,Liga Profesional Argentina,2026-02-28,18:00,CA Independiente,Central Córdoba,2,0,2-0,finished,8,,thestatsapi,,,11,2,28,7,8,2,7,15,1,1,,
comp_4540,Liga Profesional Argentina,2026-02-28,15:45,Boca Juniors,Gimnasia y Esgrima Mendoza,1,1,1-1,finished,8,,thestatsapi,,,9,3,18,6,5,3,11,17,3,4,,
comp_4540,Liga Profesional Argentina,2026-02-26,17:30,Estudiantes de Río Cuarto,Huracán,2,0,2-0,finished,7,,thestatsapi,,,7,5,18,10,7,2,13,10,3,6,,
comp_4540,Liga Profesional Argentina,2026-02-26,17:30,River Plate,Banfield,3,1,3-1,finished,7,,thestatsapi,,,6,3,25,6,8,2,15,13,1,2,,
comp_4540,Liga Profesional Argentina,2026-02-26,15:15,Sarmiento,Club Atlético Unión de Santa Fe,1,3,1-3,finished,7,,thestatsapi,,,7,2,14,16,6,8,14,17,4,3,,
comp_4540,Liga Profesional Argentina,2026-02-26,15:15,Racing Club,Independiente Rivadavia,1,1,1-1,finished,7,,thestatsapi,,,7,2,13,9,4,2,9,11,3,3,,
comp_4540,Liga Profesional Argentina,2026-02-25,17:30,Newell's Old Boys,Estudiantes de La Plata,0,2,0-2,finished,7,,thestatsapi,,,2,3,14,17,1,7,11,12,2,1,,
comp_4540,Liga Profesional Argentina,2026-02-25,17:30,Vélez Sarsfield,Deportivo Riestra,0,0,0-0,finished,7,,thestatsapi,,,4,3,12,10,3,4,11,18,3,3,,
comp_4540,Liga Profesional Argentina,2026-02-25,15:00,Gimnasia y Esgrima,Rosario Central,1,2,1-2,finished,7,,thestatsapi,,,6,3,13,9,6,2,14,20,3,3,,
comp_4540,Liga Profesional Argentina,2026-02-25,15:00,Barracas Central,Tigre,2,1,2-1,finished,7,,thestatsapi,,,0,2,11,15,5,6,18,11,3,1,,
comp_4540,Liga Profesional Argentina,2026-02-24,20:00,Gimnasia y Esgrima Mendoza,CA Independiente,1,1,1-1,finished,7,,thestatsapi,,,5,4,6,9,4,3,12,11,1,5,,
comp_4540,Liga Profesional Argentina,2026-02-24,19:30,Belgrano,Atlético Tucumán,3,1,3-1,finished,7,,thestatsapi,,,0,5,11,11,4,2,12,14,3,1,,
comp_4540,Liga Profesional Argentina,2026-02-24,17:45,Central Córdoba,Talleres,2,0,2-0,finished,7,,thestatsapi,,,1,2,9,10,3,2,11,8,3,1,,
comp_4540,Liga Profesional Argentina,2026-02-24,17:15,San Lorenzo,Instituto De Córdoba,1,1,1-1,finished,7,,thestatsapi,,,0,6,11,15,3,6,7,10,1,2,,
comp_4540,Liga Profesional Argentina,2026-02-24,15:00,Platense,Defensa y Justicia,0,0,0-0,finished,7,,thestatsapi,,,5,3,10,9,0,2,7,7,2,2,,
comp_4540,Liga Profesional Argentina,2026-02-22,19:30,Club Atlético Unión de Santa Fe,Aldosivi,1,0,1-0,finished,6,,thestatsapi,,,1,4,20,12,6,3,14,9,4,3,,
comp_4540,Liga Profesional Argentina,2026-02-22,17:15,Vélez Sarsfield,River Plate,1,0,1-0,finished,6,,thestatsapi,,,5,7,9,12,4,5,9,14,1,3,,
comp_4540,Liga Profesional Argentina,2026-02-22,15:00,San Lorenzo,Estudiantes de Río Cuarto,2,0,2-0,finished,6,,thestatsapi,,,3,6,8,9,6,4,13,13,2,3,,
comp_4540,Liga Profesional Argentina,2026-02-21,19:30,Central Córdoba,Tigre,0,0,0-0,finished,6,,thestatsapi,,,4,6,14,16,1,3,19,10,8,1,,
comp_4540,Liga Profesional Argentina,2026-02-21,17:15,Banfield,Newell's Old Boys,3,0,3-0,finished,6,,thestatsapi,,,4,2,17,10,9,2,15,18,3,3,,
comp_4540,Liga Profesional Argentina,2026-02-21,17:15,Deportivo Riestra,Huracán,0,0,0-0,finished,6,,thestatsapi,,,8,3,9,7,2,3,21,10,5,3,,
comp_4540,Liga Profesional Argentina,2026-02-21,15:00,Independiente Rivadavia,CA Independiente,3,2,3-2,finished,6,,thestatsapi,,,3,9,18,17,5,5,11,6,2,0,,
comp_4540,Liga Profesional Argentina,2026-02-21,15:00,Platense,Barracas Central,1,0,1-0,finished,6,,thestatsapi,,,4,1,13,6,7,3,16,16,4,1,,
comp_4540,Liga Profesional Argentina,2026-02-20,20:15,Gimnasia y Esgrima Mendoza,Gimnasia y Esgrima,0,1,0-1,finished,6,,thestatsapi,,,7,4,25,9,6,2,10,16,3,4,,
comp_4540,Liga Profesional Argentina,2026-02-20,20:15,Rosario Central,Talleres,0,1,0-1,finished,6,,thestatsapi,,,12,2,14,8,4,4,9,18,3,4,,
comp_4540,Liga Profesional Argentina,2026-02-20,18:00,Instituto De Córdoba,Atlético Tucumán,2,1,2-1,finished,6,,thestatsapi,,,4,2,15,7,3,1,9,14,0,6,,
comp_4540,Liga Profesional Argentina,2026-02-20,18:00,Boca Juniors,Racing Club,0,0,0-0,finished,6,,thestatsapi,,,8,3,4,7,0,2,12,15,2,5,,
comp_4540,Liga Profesional Argentina,2026-02-20,15:45,Estudiantes de La Plata,Sarmiento,1,0,1-0,finished,6,,thestatsapi,,,4,4,12,12,7,3,14,8,4,4,,
comp_4540,Liga Profesional Argentina,2026-02-20,15:15,Defensa y Justicia,Belgrano,1,1,1-1,finished,6,,thestatsapi,,,5,3,11,12,3,3,7,9,2,3,,
comp_4540,Liga Profesional Argentina,2026-02-16,17:00,Deportivo Riestra,Newell's Old Boys,1,1,1-1,finished,5,,thestatsapi,,,4,4,16,7,5,4,17,6,3,3,,
comp_4540,Liga Profesional Argentina,2026-02-15,20:00,Rosario Central,Barracas Central,2,0,2-0,finished,5,,thestatsapi,,,3,0,18,3,7,3,11,16,1,3,,
comp_4540,Liga Profesional Argentina,2026-02-15,20:00,Instituto De Córdoba,Central Córdoba,2,0,2-0,finished,5,,thestatsapi,,,3,5,11,8,2,0,22,18,3,5,,
comp_4540,Liga Profesional Argentina,2026-02-15,17:30,Boca Juniors,Platense,0,0,0-0,finished,5,,thestatsapi,,,1,2,10,14,3,1,6,12,1,1,,
comp_4540,Liga Profesional Argentina,2026-02-15,15:00,Gimnasia y Esgrima,Estudiantes de La Plata,0,0,0-0,finished,5,,thestatsapi,,,4,6,11,14,2,4,14,13,2,3,,
comp_4540,Liga Profesional Argentina,2026-02-14,20:00,Atlético Tucumán,Estudiantes de Río Cuarto,4,0,4-0,finished,5,,thestatsapi,,,7,2,18,5,7,0,13,11,1,3,,
comp_4540,Liga Profesional Argentina,2026-02-14,20:00,Independiente Rivadavia,Belgrano,0,1,0-1,finished,5,,thestatsapi,,,8,5,15,11,3,3,14,12,2,2,,
comp_4540,Liga Profesional Argentina,2026-02-14,17:45,Huracán,Sarmiento,1,0,1-0,finished,5,,thestatsapi,,,6,2,8,3,4,0,10,23,2,7,,
comp_4540,Liga Profesional Argentina,2026-02-14,17:45,Talleres,Gimnasia y Esgrima Mendoza,2,1,2-1,finished,5,,thestatsapi,,,4,2,12,8,6,5,12,13,1,1,,
comp_4540,Liga Profesional Argentina,2026-02-14,15:30,Banfield,Racing Club,0,2,0-2,finished,5,,thestatsapi,,,8,3,11,11,2,5,7,14,1,5,,
comp_4540,Liga Profesional Argentina,2026-02-13,20:15,Club Atlético Unión de Santa Fe,San Lorenzo,0,0,0-0,finished,5,,thestatsapi,,,6,1,23,5,6,3,10,14,1,4,,
comp_4540,Liga Profesional Argentina,2026-02-13,20:15,Defensa y Justicia,Vélez Sarsfield,1,1,1-1,finished,5,,thestatsapi,,,5,1,6,12,2,2,14,10,2,2,,
comp_4540,Liga Profesional Argentina,2026-02-13,18:00,CA Independiente,Lanús,2,0,2-0,finished,5,,thestatsapi,,,7,1,17,5,3,0,18,14,4,2,,
comp_4540,Liga Profesional Argentina,2026-02-12,19:15,Argentinos Juniors,River Plate,1,0,1-0,finished,5,,thestatsapi,,,1,1,14,9,5,1,9,17,0,4,,
comp_4540,Liga Profesional Argentina,2026-02-12,17:00,Tigre,Aldosivi,1,0,1-0,finished,5,,thestatsapi,,,7,4,14,10,6,0,9,17,3,2,,
comp_4540,Liga Profesional Argentina,2026-02-09,19:30,Estudiantes de Río Cuarto,Independiente Rivadavia,0,1,0-1,finished,4,,thestatsapi,,,3,4,12,15,0,3,12,9,3,1,,
comp_4540,Liga Profesional Argentina,2026-02-09,17:15,Estudiantes de La Plata,Deportivo Riestra,1,0,1-0,finished,4,,thestatsapi,,,4,5,19,8,6,3,7,22,1,5,,
comp_4540,Liga Profesional Argentina,2026-02-09,17:15,Lanús,Talleres,1,1,1-1,finished,4,,thestatsapi,,,0,3,9,12,4,5,12,12,1,1,,
comp_4540,Liga Profesional Argentina,2026-02-09,15:00,Barracas Central,Gimnasia y Esgrima,2,0,2-0,finished,4,,thestatsapi,,,2,7,13,11,5,3,17,10,2,3,,
comp_4540,Liga Profesional Argentina,2026-02-08,20:15,Vélez Sarsfield,Boca Juniors,2,1,2-1,finished,4,,thestatsapi,,,2,7,15,9,4,3,11,10,0,1,,
comp_4540,Liga Profesional Argentina,2026-02-08,20:15,Gimnasia y Esgrima Mendoza,Instituto De Córdoba,1,0,1-0,finished,4,,thestatsapi,,,4,7,12,11,5,5,12,8,1,1,,
comp_4540,Liga Profesional Argentina,2026-02-08,17:15,Huracán,San Lorenzo,1,0,1-0,finished,4,,thestatsapi,,,1,2,8,5,3,0,17,22,3,6,,
comp_4540,Liga Profesional Argentina,2026-02-08,15:00,Sarmiento,Atlético Tucumán,2,1,2-1,finished,4,,thestatsapi,,,3,4,11,5,6,3,18,14,3,6,,
comp_4540,Liga Profesional Argentina,2026-02-08,15:00,Platense,CA Independiente,0,1,0-1,finished,4,,thestatsapi,,,4,1,5,10,1,5,12,9,0,4,,
comp_4540,Liga Profesional Argentina,2026-02-07,20:15,Belgrano,Banfield,1,0,1-0,finished,4,,thestatsapi,,,11,1,16,6,8,3,16,9,4,2,,
comp_4540,Liga Profesional Argentina,2026-02-07,20:15,Newell's Old Boys,Defensa y Justicia,2,3,2-3,finished,4,,thestatsapi,,,7,1,23,4,8,3,18,14,4,1,,
comp_4540,Liga Profesional Argentina,2026-02-07,18:00,River Plate,Tigre,1,4,1-4,finished,4,,thestatsapi,,,7,2,17,11,5,6,9,13,2,4,,
comp_4540,Liga Profesional Argentina,2026-02-07,16:00,Racing Club,Argentinos Juniors,2,1,2-1,finished,4,,thestatsapi,,,4,7,14,12,3,5,16,14,3,3,,
comp_4540,Liga Profesional Argentina,2026-02-07,15:00,Aldosivi,Rosario Central,1,1,1-1,finished,4,,thestatsapi,,,7,4,15,10,4,4,20,10,3,1,,
comp_4540,Liga Profesional Argentina,2026-02-06,19:00,Central Córdoba,Club Atlético Unión de Santa Fe,1,0,1-0,finished,4,,thestatsapi,,,3,2,9,16,3,2,11,16,1,2,,
comp_4540,Liga Profesional Argentina,2026-02-03,19:15,Independiente Rivadavia,Sarmiento,2,1,2-1,finished,3,,thestatsapi,,,4,1,19,16,8,6,10,10,0,3,,
comp_4540,Liga Profesional Argentina,2026-02-03,19:15,Instituto De Córdoba,Lanús,2,2,2-2,finished,3,,thestatsapi,,,3,3,11,12,4,8,14,14,3,3,,
comp_4540,Liga Profesional Argentina,2026-02-03,17:00,Banfield,Estudiantes de Río Cuarto,2,1,2-1,finished,3,,thestatsapi,,,4,2,14,15,4,5,7,13,2,2,,
comp_4540,Liga Profesional Argentina,2026-02-02,20:00,Argentinos Juniors,Belgrano,0,0,0-0,finished,3,,thestatsapi,,,5,1,17,12,6,5,7,6,0,0,,
comp_4540,Liga Profesional Argentina,2026-02-02,20:00,Club Atlético Unión de Santa Fe,Gimnasia y Esgrima Mendoza,4,0,4-0,finished,3,,thestatsapi,,,3,1,17,4,7,1,13,9,1,1,,
comp_4540,Liga Profesional Argentina,2026-02-02,17:45,Tigre,Racing Club,3,1,3-1,finished,3,,thestatsapi,,,5,7,12,12,8,3,10,13,0,4,,
comp_4540,Liga Profesional Argentina,2026-02-02,17:45,Defensa y Justicia,Estudiantes de La Plata,0,0,0-0,finished,3,,thestatsapi,,,3,0,14,9,6,1,8,8,1,2,,
comp_4540,Liga Profesional Argentina,2026-02-02,15:30,Gimnasia y Esgrima,Aldosivi,3,1,3-1,finished,3,,thestatsapi,,,1,3,14,12,6,1,13,17,1,2,,
comp_4540,Liga Profesional Argentina,2026-02-01,19:30,Rosario Central,River Plate,0,0,0-0,finished,3,,thestatsapi,,,6,3,9,17,3,4,10,16,2,4,,
comp_4540,Liga Profesional Argentina,2026-02-01,17:15,Boca Juniors,Newell's Old Boys,2,0,2-0,finished,3,,thestatsapi,,,2,1,8,6,5,1,15,23,3,3,,
comp_4540,Liga Profesional Argentina,2026-02-01,15:00,Barracas Central,Deportivo Riestra,1,1,1-1,finished,3,,thestatsapi,,,0,2,10,9,3,2,8,19,6,5,,
comp_4540,Liga Profesional Argentina,2026-01-31,20:00,Atlético Tucumán,Huracán,1,1,1-1,finished,3,,thestatsapi,,,6,5,12,9,4,1,9,15,2,4,,
comp_4540,Liga Profesional Argentina,2026-01-31,20:00,Talleres,Platense,1,2,1-2,finished,3,,thestatsapi,,,6,2,12,5,2,2,13,10,2,4,,
comp_4540,Liga Profesional Argentina,2026-01-31,17:45,CA Independiente,Vélez Sarsfield,1,1,1-1,finished,3,,thestatsapi,,,3,6,13,12,4,5,9,14,1,1,,
comp_4540,Liga Profesional Argentina,2026-01-31,15:30,San Lorenzo,Central Córdoba,1,0,1-0,finished,3,,thestatsapi,,,7,4,11,8,1,3,12,17,2,4,,
comp_4540,Liga Profesional Argentina,2026-01-29,19:30,Estudiantes de Río Cuarto,Argentinos Juniors,0,0,0-0,finished,2,,thestatsapi,,,1,6,7,13,0,4,18,13,2,0,,
comp_4540,Liga Profesional Argentina,2026-01-29,19:30,Sarmiento,Banfield,1,0,1-0,finished,2,,thestatsapi,,,9,2,23,9,9,2,14,18,4,2,,
comp_4540,Liga Profesional Argentina,2026-01-29,17:15,Belgrano,Tigre,1,1,1-1,finished,2,,thestatsapi,,,7,1,12,6,1,3,6,8,2,1,,
comp_4540,Liga Profesional Argentina,2026-01-29,17:15,Lanús,Club Atlético Unión de Santa Fe,2,1,2-1,finished,2,,thestatsapi,,,5,7,15,15,6,5,7,9,3,1,,
comp_4540,Liga Profesional Argentina,2026-01-29,15:00,Deportivo Riestra,Defensa y Justicia,0,1,0-1,finished,2,,thestatsapi,,,4,3,12,5,2,3,19,10,5,3,,
comp_4540,Liga Profesional Argentina,2026-01-28,20:15,Estudiantes de La Plata,Boca Juniors,2,1,2-1,finished,2,,thestatsapi,,,5,7,12,10,7,3,15,8,2,1,,
comp_4540,Liga Profesional Argentina,2026-01-28,18:00,River Plate,Gimnasia y Esgrima,2,0,2-0,finished,2,,thestatsapi,,,6,4,17,3,8,1,12,11,3,2,,
comp_4540,Liga Profesional Argentina,2026-01-28,17:00,Racing Club,Rosario Central,1,2,1-2,finished,2,,thestatsapi,,,1,2,21,6,7,3,16,11,4,4,,
comp_4540,Liga Profesional Argentina,2026-01-28,15:00,Aldosivi,Barracas Central,0,0,0-0,finished,2,,thestatsapi,,,3,1,8,9,3,3,16,5,4,0,,
comp_4540,Liga Profesional Argentina,2026-01-27,20:15,Newell's Old Boys,CA Independiente,1,1,1-1,finished,2,,thestatsapi,,,6,3,13,6,4,2,13,19,2,4,,
comp_4540,Liga Profesional Argentina,2026-01-27,20:15,Atlético Tucumán,Central Córdoba,0,0,0-0,finished,2,,thestatsapi,,,5,2,20,3,5,2,17,14,3,4,,
comp_4540,Liga Profesional Argentina,2026-01-27,18:00,Huracán,Independiente Rivadavia,1,2,1-2,finished,2,,thestatsapi,,,2,5,9,8,2,6,14,14,2,4,,
comp_4540,Liga Profesional Argentina,2026-01-27,18:00,Gimnasia y Esgrima Mendoza,San Lorenzo,0,1,0-1,finished,2,,thestatsapi,,,4,4,13,9,3,1,11,12,1,2,,
comp_4540,Liga Profesional Argentina,2026-01-27,15:45,Vélez Sarsfield,Talleres,2,1,2-1,finished,2,,thestatsapi,,,6,7,10,21,4,8,8,11,1,3,,
comp_4540,Liga Profesional Argentina,2026-01-26,15:00,Platense,Instituto De Córdoba,2,1,2-1,finished,2,,thestatsapi,,,3,2,10,10,5,5,12,13,2,2,,
comp_4540,Liga Profesional Argentina,2026-01-25,19:00,Argentinos Juniors,Sarmiento,1,0,1-0,finished,1,,thestatsapi,,,9,2,24,2,10,1,8,21,3,5,,
comp_4540,Liga Profesional Argentina,2026-01-25,19:00,Tigre,Estudiantes de Río Cuarto,2,0,2-0,finished,1,,thestatsapi,,,3,6,11,9,3,2,16,9,3,3,,
comp_4540,Liga Profesional Argentina,2026-01-25,16:30,Boca Juniors,Deportivo Riestra,1,0,1-0,finished,1,,thestatsapi,,,12,1,19,6,3,1,9,19,1,5,,
comp_4540,Liga Profesional Argentina,2026-01-24,20:00,Rosario Central,Belgrano,1,2,1-2,finished,1,,thestatsapi,,,4,3,18,13,9,6,6,11,2,1,,
comp_4540,Liga Profesional Argentina,2026-01-24,17:30,Gimnasia y Esgrima,Racing Club,2,1,2-1,finished,1,,thestatsapi,,,4,5,7,13,5,3,13,15,2,3,,
comp_4540,Liga Profesional Argentina,2026-01-24,15:00,Barracas Central,River Plate,0,1,0-1,finished,1,,thestatsapi,,,6,6,11,20,2,7,15,9,2,2,,
comp_4540,Liga Profesional Argentina,2026-01-23,20:15,Independiente Rivadavia,Atlético Tucumán,2,1,2-1,finished,1,,thestatsapi,,,1,3,11,14,5,5,13,11,2,3,,
comp_4540,Liga Profesional Argentina,2026-01-23,20:15,Talleres,Newell's Old Boys,2,1,2-1,finished,1,,thestatsapi,,,11,4,17,10,6,3,10,10,1,2,,
comp_4540,Liga Profesional Argentina,2026-01-23,18:00,CA Independiente,Estudiantes de La Plata,1,1,1-1,finished,1,,thestatsapi,,,10,5,13,11,3,2,9,10,2,4,,
comp_4540,Liga Profesional Argentina,2026-01-23,17:00,San Lorenzo,Lanús,2,3,2-3,finished,1,,thestatsapi,,,6,8,17,12,4,6,14,20,1,4,,
comp_4540,Liga Profesional Argentina,2026-01-22,20:15,Central Córdoba,Gimnasia y Esgrima Mendoza,0,1,0-1,finished,1,,thestatsapi,,,14,2,15,11,4,4,9,10,0,1,,
comp_4540,Liga Profesional Argentina,2026-01-22,20:15,Instituto De Córdoba,Vélez Sarsfield,0,1,0-1,finished,1,,thestatsapi,,,4,2,13,7,5,3,10,16,3,5,,
comp_4540,Liga Profesional Argentina,2026-01-22,18:00,Banfield,Huracán,1,1,1-1,finished,1,,thestatsapi,,,4,2,14,11,4,4,8,14,4,4,,
comp_4540,Liga Profesional Argentina,2026-01-22,18:00,Club Atlético Unión de Santa Fe,Platense,0,0,0-0,finished,1,,thestatsapi,,,3,4,19,12,3,5,11,7,2,1,,
comp_4540,Liga Profesional Argentina,2026-01-22,15:00,Aldosivi,Defensa y Justicia,0,0,0-0,finished,1,,thestatsapi,,,4,4,9,10,3,2,18,6,4,0,,
comp_4540,Liga Profesional Argentina,2025-12-13,19:00,Racing Club,Estudiantes de La Plata,1,1,1-1,finished,29,final,thestatsapi,0.97,0.85,5,7,14,13,3,4,10,13,3,4,,
comp_4540,Liga Profesional Argentina,2025-12-08,15:00,Gimnasia y Esgrima,Estudiantes de La Plata,0,1,0-1,finished,28,semi_final,thestatsapi,0.34,1.1,4,2,8,7,1,4,14,17,3,4,,
comp_4540,Liga Profesional Argentina,2025-12-07,17:00,Boca Juniors,Racing Club,0,1,0-1,finished,28,semi_final,thestatsapi,0.25,0.78,4,0,7,8,2,2,7,19,2,6,,
comp_4540,Liga Profesional Argentina,2025-12-01,19:30,Racing Club,Tigre,0,0,0-0,finished,27,quarter_final,thestatsapi,1.81,0.93,9,2,24,15,4,1,16,15,5,4,,
comp_4540,Liga Profesional Argentina,2025-12-01,15:00,Barracas Central,Gimnasia y Esgrima,0,2,0-2,finished,27,quarter_final,thestatsapi,1.28,2.73,4,6,15,12,5,4,13,11,1,1,,
comp_4540,Liga Profesional Argentina,2025-11-30,16:30,Boca Juniors,Argentinos Juniors,1,0,1-0,finished,27,quarter_final,thestatsapi,1.03,0.84,3,8,4,16,3,5,12,8,5,2,,
comp_4540,Liga Profesional Argentina,2025-11-29,19:30,Central Córdoba,Estudiantes de La Plata,0,1,0-1,finished,27,quarter_final,thestatsapi,0.99,0.75,7,4,12,11,1,3,10,9,1,2,,
comp_4540,Liga Profesional Argentina,2025-11-26,19:30,Lanús,Tigre,0,1,0-1,finished,5,round_of_16,thestatsapi,0.77,0.23,2,1,18,8,3,1,13,12,2,1,,
comp_4540,Liga Profesional Argentina,2025-11-24,20:00,Club Atlético Unión de Santa Fe,Gimnasia y Esgrima,1,2,1-2,finished,5,round_of_16,thestatsapi,1.21,1.35,7,3,24,6,7,3,9,12,2,4,,
comp_4540,Liga Profesional Argentina,2025-11-24,17:15,Racing Club,River Plate,3,2,3-2,finished,5,round_of_16,thestatsapi,1.25,0.55,6,2,12,14,4,6,19,8,2,2,,
comp_4540,Liga Profesional Argentina,2025-11-24,15:00,Deportivo Riestra,Barracas Central,0,0,0-0,finished,5,round_of_16,thestatsapi,1.04,1.41,7,3,18,9,4,1,15,18,4,4,,
comp_4540,Liga Profesional Argentina,2025-11-23,18:00,Boca Juniors,Talleres,2,0,2-0,finished,5,round_of_16,thestatsapi,3.76,1.69,4,5,10,16,5,4,11,13,1,4,,
comp_4540,Liga Profesional Argentina,2025-11-23,15:30,Rosario Central,Estudiantes de La Plata,0,1,0-1,finished,5,round_of_16,thestatsapi,0.59,0.48,3,1,16,8,3,3,10,24,1,6,,
comp_4540,Liga Profesional Argentina,2025-11-22,20:00,Central Córdoba,San Lorenzo,2,1,2-1,finished,5,round_of_16,thestatsapi,1.6,0.27,4,2,14,5,3,2,13,11,3,5,,
comp_4540,Liga Profesional Argentina,2025-11-22,18:00,Vélez Sarsfield,Argentinos Juniors,0,2,0-2,finished,5,round_of_16,thestatsapi,0.84,1.42,1,5,8,11,5,4,17,7,6,4,,
comp_4540,Liga Profesional Argentina,2025-11-17,17:30,Platense,Gimnasia y Esgrima,0,3,0-3,finished,16,,thestatsapi,0.36,1.73,7,3,12,8,2,4,16,15,3,0,,
comp_4540,Liga Profesional Argentina,2025-11-17,15:00,Belgrano,Club Atlético Unión de Santa Fe,0,0,0-0,finished,16,,thestatsapi,1,0.74,9,3,18,14,4,3,10,11,3,2,,
comp_4540,Liga Profesional Argentina,2025-11-17,15:00,Barracas Central,Huracán,1,1,1-1,finished,16,,thestatsapi,2.14,0.9,4,0,11,11,5,6,16,24,3,9,,
comp_4540,Liga Profesional Argentina,2025-11-17,15:00,Defensa y Justicia,Independiente Rivadavia,0,2,0-2,finished,16,,thestatsapi,0.55,1.53,4,2,11,7,3,3,6,15,1,2,,
comp_4540,Liga Profesional Argentina,2025-11-16,18:15,Boca Juniors,Tigre,2,0,2-0,finished,16,,thestatsapi,1.15,0.46,7,6,10,12,4,4,7,14,1,3,,
comp_4540,Liga Profesional Argentina,2025-11-16,18:15,Estudiantes de La Plata,Argentinos Juniors,1,2,1-2,finished,16,,thestatsapi,0.87,1.24,5,2,16,8,3,4,10,12,2,3,,
comp_4540,Liga Profesional Argentina,2025-11-16,18:15,Newell's Old Boys,Racing Club,0,1,0-1,finished,16,,thestatsapi,0.36,0.72,2,5,8,8,2,4,10,13,2,2,,
comp_4540,Liga Profesional Argentina,2025-11-16,18:15,Central Córdoba,Banfield,1,1,1-1,finished,16,,thestatsapi,0.78,2.85,6,6,11,23,4,6,8,9,2,5,,
comp_4540,Liga Profesional Argentina,2025-11-16,15:00,Vélez Sarsfield,River Plate,0,0,0-0,finished,16,,thestatsapi,0.92,1.16,6,3,11,10,3,2,14,17,1,3,,
comp_4540,Liga Profesional Argentina,2025-11-16,15:00,Instituto De Córdoba,Talleres,0,0,0-0,finished,16,,thestatsapi,0.61,0.46,3,3,11,8,4,2,14,18,2,6,,
comp_4540,Liga Profesional Argentina,2025-11-15,19:30,CA Independiente,Rosario Central,1,0,1-0,finished,16,,thestatsapi,0.65,0.99,4,2,15,9,4,5,10,14,4,2,,
comp_4540,Liga Profesional Argentina,2025-11-15,17:30,San Lorenzo,Sarmiento,1,1,1-1,finished,16,,thestatsapi,1.15,0.2,1,8,10,5,2,2,17,22,5,6,,
comp_4540,Liga Profesional Argentina,2025-11-15,15:00,Aldosivi,San Martín de San Juan,4,2,4-2,finished,16,,thestatsapi,2.27,1.6,2,1,14,9,8,5,17,10,5,3,,
comp_4540,Liga Profesional Argentina,2025-11-15,15:00,Godoy Cruz,Deportivo Riestra,1,1,1-1,finished,16,,thestatsapi,1.21,0.85,12,3,28,8,7,3,9,20,3,2,,
comp_4540,Liga Profesional Argentina,2025-11-14,18:00,Lanús,Atlético Tucumán,3,1,3-1,finished,16,,thestatsapi,2.01,1.17,1,3,12,18,8,5,7,18,0,2,,
comp_4540,Liga Profesional Argentina,2025-11-10,19:15,Independiente Rivadavia,Central Córdoba,0,0,0-0,finished,15,,thestatsapi,1.8,1,7,6,16,14,5,1,6,7,2,1,,
comp_4540,Liga Profesional Argentina,2025-11-10,19:15,Argentinos Juniors,Belgrano,1,0,1-0,finished,15,,thestatsapi,0.98,1.37,4,3,15,13,4,1,8,8,3,2,,
comp_4540,Liga Profesional Argentina,2025-11-10,17:00,Deportivo Riestra,CA Independiente,0,1,0-1,finished,15,,thestatsapi,0.42,0.25,3,8,6,8,4,3,11,11,1,4,,
comp_4540,Liga Profesional Argentina,2025-11-10,15:00,Gimnasia y Esgrima,Vélez Sarsfield,2,0,2-0,finished,15,,thestatsapi,2.34,1.06,3,13,11,14,6,1,13,11,3,3,,
comp_4540,Liga Profesional Argentina,2025-11-09,19:30,Atlético Tucumán,Godoy Cruz,2,1,2-1,finished,15,,thestatsapi,0.26,1.3,2,7,5,13,1,2,15,10,4,3,,
comp_4540,Liga Profesional Argentina,2025-11-09,19:30,Tigre,Estudiantes de La Plata,1,0,1-0,finished,15,,thestatsapi,0.42,0.48,2,2,9,12,2,3,17,13,4,2,,
comp_4540,Liga Profesional Argentina,2025-11-09,17:20,Sarmiento,Instituto De Córdoba,2,1,2-1,finished,15,,thestatsapi,0.92,0.95,3,7,13,12,5,3,18,13,4,1,,
comp_4540,Liga Profesional Argentina,2025-11-09,17:20,Banfield,Aldosivi,0,1,0-1,finished,15,,thestatsapi,1.26,1.16,4,4,8,13,2,3,14,12,3,3,,
comp_4540,Liga Profesional Argentina,2025-11-09,14:30,Boca Juniors,River Plate,2,0,2-0,finished,15,,thestatsapi,1.72,0.8,2,1,11,9,7,2,9,19,3,7,,
comp_4540,Liga Profesional Argentina,2025-11-08,19:30,San Martín de San Juan,Lanús,1,1,1-1,finished,15,,thestatsapi,1.14,1.24,8,3,15,10,3,3,9,8,2,1,,
comp_4540,Liga Profesional Argentina,2025-11-08,19:30,Club Atlético Unión de Santa Fe,Barracas Central,0,0,0-0,finished,15,,thestatsapi,0.26,0.23,5,2,6,8,1,1,13,16,3,3,,
comp_4540,Liga Profesional Argentina,2025-11-08,17:15,Talleres,Platense,1,0,1-0,finished,15,,thestatsapi,1.77,0.76,6,4,13,10,3,1,15,5,4,2,,
comp_4540,Liga Profesional Argentina,2025-11-08,15:00,Racing Club,Defensa y Justicia,1,0,1-0,finished,15,,thestatsapi,1.83,1.2,11,1,20,14,6,6,17,9,0,1,,
comp_4540,Liga Profesional Argentina,2025-11-08,15:00,Huracán,Newell's Old Boys,0,2,0-2,finished,15,,thestatsapi,0.88,1.35,6,0,15,9,4,4,14,22,1,3,,
comp_4540,Liga Profesional Argentina,2025-11-07,19:00,Rosario Central,San Lorenzo,0,0,0-0,finished,15,,thestatsapi,0.35,0.53,7,3,8,11,2,1,10,18,1,4,,
comp_4540,Liga Profesional Argentina,2025-11-03,19:15,Banfield,Lanús,2,1,2-1,finished,14,,thestatsapi,1.24,0.41,7,2,15,10,4,3,10,14,4,3,,
comp_4540,Liga Profesional Argentina,2025-11-03,19:15,Belgrano,Tigre,0,0,0-0,finished,14,,thestatsapi,1.65,0.78,7,4,15,6,1,4,12,17,4,3,,
comp_4540,Liga Profesional Argentina,2025-11-03,17:00,Central Córdoba,Racing Club,0,0,0-0,finished,14,,thestatsapi,0.97,0.48,7,4,14,9,2,3,7,6,2,1,,
comp_4540,Liga Profesional Argentina,2025-11-03,14:45,Platense,Sarmiento,1,1,1-1,finished,14,,thestatsapi,1.02,1.31,6,0,10,5,3,3,11,21,1,3,,
comp_4540,Liga Profesional Argentina,2025-11-03,14:45,Defensa y Justicia,Huracán,1,3,1-3,finished,14,,thestatsapi,0.33,1.31,5,8,9,16,2,4,11,10,3,2,,
comp_4540,Liga Profesional Argentina,2025-11-02,18:30,River Plate,Gimnasia y Esgrima,0,1,0-1,finished,14,,thestatsapi,1.7,1,8,3,19,4,5,2,13,15,2,3,,
comp_4540,Liga Profesional Argentina,2025-11-02,16:30,Godoy Cruz,San Martín de San Juan,0,0,0-0,finished,14,,thestatsapi,0.69,0.9,4,5,12,8,2,4,16,12,2,3,,
comp_4540,Liga Profesional Argentina,2025-11-02,14:00,Estudiantes de La Plata,Boca Juniors,1,2,1-2,finished,14,,thestatsapi,2.31,2.14,5,2,13,10,4,4,11,11,3,2,,
comp_4540,Liga Profesional Argentina,2025-11-01,18:00,CA Independiente,Atlético Tucumán,3,0,3-0,finished,14,,thestatsapi,1.45,0.54,5,5,12,10,8,4,7,16,1,3,,
comp_4540,Liga Profesional Argentina,2025-11-01,15:00,Vélez Sarsfield,Talleres,0,1,0-1,finished,14,,thestatsapi,1.07,1.17,6,1,12,15,4,4,7,13,1,3,,
comp_4540,Liga Profesional Argentina,2025-11-01,14:00,Barracas Central,Argentinos Juniors,2,0,2-0,finished,14,,thestatsapi,0.61,0.75,3,7,6,15,3,6,14,5,5,0,,
comp_4540,Liga Profesional Argentina,2025-11-01,12:45,Aldosivi,Independiente Rivadavia,3,1,3-1,finished,14,,thestatsapi,0.87,1.07,6,7,17,9,7,4,17,15,3,2,,
comp_4540,Liga Profesional Argentina,2025-10-31,19:15,Instituto De Córdoba,Rosario Central,1,3,1-3,finished,14,,thestatsapi,2.03,2.01,6,0,24,6,5,3,4,4,3,3,,
comp_4540,Liga Profesional Argentina,2025-10-31,19:15,Newell's Old Boys,Club Atlético Unión de Santa Fe,0,1,0-1,finished,14,,thestatsapi,1.13,0.39,9,2,20,9,5,4,4,11,2,3,,
comp_4540,Liga Profesional Argentina,2025-10-31,17:00,San Lorenzo,Deportivo Riestra,1,0,1-0,finished,14,,thestatsapi,1.01,0.62,2,4,12,8,3,5,12,18,3,4,,
comp_4540,Liga Profesional Argentina,2025-10-27,14:00,Barracas Central,Boca Juniors,1,3,1-3,finished,12,,thestatsapi,0.2,1.15,2,3,7,14,5,7,9,8,7,2,,
comp_4540,Liga Profesional Argentina,2025-10-24,16:00,CA Independiente,Platense,3,0,3-0,finished,6,,thestatsapi,2.23,0.63,2,1,10,7,6,1,12,12,2,2,,
comp_4540,Liga Profesional Argentina,2025-10-24,14:00,Sarmiento,Rosario Central,0,1,0-1,finished,7,,thestatsapi,0.75,2.07,0,0,0,0,0,0,0,0,0,0,,
comp_4540,Liga Profesional Argentina,2025-10-22,17:30,Huracán,Central Córdoba,0,1,0-1,finished,13,,thestatsapi,2,0.87,8,2,24,6,5,3,7,7,1,1,,
comp_4540,Liga Profesional Argentina,2025-10-21,17:15,Club Atlético Unión de Santa Fe,Defensa y Justicia,1,0,1-0,finished,13,,thestatsapi,,,,,,,,,,,,,,
comp_4540,Liga Profesional Argentina,2025-10-20,19:15,Atlético Tucumán,San Lorenzo,1,2,1-2,finished,13,,thestatsapi,1.11,1.88,3,6,8,14,4,9,11,11,5,4,,
comp_4540,Liga Profesional Argentina,2025-10-20,17:00,Deportivo Riestra,Instituto De Córdoba,1,0,1-0,finished,13,,thestatsapi,1.15,0.29,7,8,16,12,7,3,14,10,3,2,,
comp_4540,Liga Profesional Argentina,2025-10-20,17:00,Tigre,Barracas Central,2,2,2-2,finished,13,,thestatsapi,0.61,0.89,9,4,9,6,2,3,11,22,1,6,,
comp_4540,Liga Profesional Argentina,2025-10-19,16:00,San Martín de San Juan,CA Independiente,1,0,1-0,finished,13,,thestatsapi,0.91,1.28,3,7,6,9,5,3,9,9,3,3,,
comp_4540,Liga Profesional Argentina,2025-10-19,16:00,Rosario Central,Platense,1,0,1-0,finished,13,,thestatsapi,1.04,0.4,6,2,9,12,2,2,0,0,2,1,,
comp_4540,Liga Profesional Argentina,2025-10-19,13:00,Estudiantes de La Plata,Gimnasia y Esgrima,2,0,2-0,finished,13,,thestatsapi,2.6,0.15,8,4,16,6,6,2,0,0,1,1,,
comp_4540,Liga Profesional Argentina,2025-10-19,13:00,Sarmiento,Vélez Sarsfield,0,2,0-2,finished,13,,thestatsapi,0.39,1.23,6,9,10,12,4,10,16,16,2,2,,
comp_4540,Liga Profesional Argentina,2025-10-18,18:30,Talleres,River Plate,0,2,0-2,finished,13,,thestatsapi,0.68,0.69,5,1,13,11,3,5,0,0,2,3,,
comp_4540,Liga Profesional Argentina,2025-10-18,16:00,Boca Juniors,Belgrano,1,2,1-2,finished,13,,thestatsapi,1.81,1.03,7,4,19,7,6,3,0,0,4,4,,
comp_4540,Liga Profesional Argentina,2025-10-18,13:45,Independiente Rivadavia,Banfield,1,2,1-2,finished,13,,thestatsapi,1.48,1.09,5,2,21,14,4,7,15,7,6,5,,
comp_4540,Liga Profesional Argentina,2025-10-17,19:15,Lanús,Godoy Cruz,2,0,2-0,finished,13,,thestatsapi,2.16,0.96,1,6,9,17,3,2,0,0,0,4,,
comp_4540,Liga Profesional Argentina,2025-10-17,19:15,Argentinos Juniors,Newell's Old Boys,3,1,3-1,finished,13,,thestatsapi,2.87,0.34,12,3,24,4,9,3,0,0,2,4,,
comp_4540,Liga Profesional Argentina,2025-10-17,17:00,Racing Club,Aldosivi,1,0,1-0,finished,13,,thestatsapi,1.34,0.97,2,7,13,11,5,3,0,0,3,5,,
comp_4540,Liga Profesional Argentina,2025-10-13,16:30,Platense,Deportivo Riestra,1,1,1-1,finished,12,,thestatsapi,1.1,0.25,7,2,19,2,5,2,12,18,3,5,,
comp_4540,Liga Profesional Argentina,2025-10-12,19:15,CA Independiente,Lanús,0,2,0-2,finished,12,,thestatsapi,1.01,1.72,10,2,21,8,5,3,6,17,5,3,,
comp_4540,Liga Profesional Argentina,2025-10-12,17:15,River Plate,Sarmiento,0,1,0-1,finished,12,,thestatsapi,1.29,1.04,13,3,28,7,7,4,10,20,2,5,,
comp_4540,Liga Profesional Argentina,2025-10-12,14:45,Independiente Rivadavia,Godoy Cruz,0,0,0-0,finished,12,,thestatsapi,1.42,0.41,5,7,14,13,3,4,14,15,3,5,,
comp_4540,Liga Profesional Argentina,2025-10-12,14:45,Instituto De Córdoba,Atlético Tucumán,2,0,2-0,finished,12,,thestatsapi,1.77,0.26,2,7,12,9,5,3,10,10,2,3,,
comp_4540,Liga Profesional Argentina,2025-10-12,12:30,Aldosivi,Huracán,2,0,2-0,finished,12,,thestatsapi,1.48,0.67,6,1,13,13,9,4,17,12,4,5,,
comp_4540,Liga Profesional Argentina,2025-10-11,20:15,Vélez Sarsfield,Rosario Central,1,2,1-2,finished,12,,thestatsapi,0.7,1.57,7,2,12,11,3,3,16,12,4,4,,
comp_4540,Liga Profesional Argentina,2025-10-11,20:15,Belgrano,Estudiantes de La Plata,1,1,1-1,finished,12,,thestatsapi,0.38,1.58,3,10,6,19,4,6,9,6,4,0,,
comp_4540,Liga Profesional Argentina,2025-10-11,16:00,Banfield,Racing Club,1,3,1-3,finished,12,,thestatsapi,1.51,2.42,4,4,19,11,4,6,8,13,1,4,,
comp_4540,Liga Profesional Argentina,2025-10-11,14:00,Gimnasia y Esgrima,Talleres,1,2,1-2,finished,12,,thestatsapi,1.02,0.88,0,6,14,15,7,7,12,15,2,4,,
comp_4540,Liga Profesional Argentina,2025-10-10,16:30,Newell's Old Boys,Tigre,1,1,1-1,finished,12,,thestatsapi,1.1,1.59,5,1,16,16,5,3,12,16,4,2,,
comp_4540,Liga Profesional Argentina,2025-10-10,14:45,Central Córdoba,Club Atlético Unión de Santa Fe,3,1,3-1,finished,12,,thestatsapi,1.17,1.1,3,3,11,8,3,3,9,16,3,3,,
comp_4540,Liga Profesional Argentina,2025-10-10,14:15,Defensa y Justicia,Argentinos Juniors,1,0,1-0,finished,12,,thestatsapi,0.87,0.9,4,10,12,15,3,1,6,15,3,1,,
comp_4540,Liga Profesional Argentina,2025-10-10,12:30,San Lorenzo,San Martín de San Juan,0,1,0-1,finished,12,,thestatsapi,2.11,0.94,11,5,19,6,7,1,9,13,1,3,,
comp_4540,Liga Profesional Argentina,2025-10-06,19:00,Racing Club,Independiente Rivadavia,0,0,0-0,finished,11,,thestatsapi,0.6,0.4,5,3,9,11,2,4,7,11,3,4,,
comp_4540,Liga Profesional Argentina,2025-10-06,17:00,Deportivo Riestra,Vélez Sarsfield,2,2,2-2,finished,11,,thestatsapi,1.14,0.32,2,5,10,7,4,1,21,11,4,6,,
comp_4540,Liga Profesional Argentina,2025-10-05,19:15,Rosario Central,River Plate,2,1,2-1,finished,11,,thestatsapi,1.32,0.58,8,3,18,9,7,3,8,16,2,8,,
comp_4540,Liga Profesional Argentina,2025-10-05,17:00,Boca Juniors,Newell's Old Boys,5,0,5-0,finished,11,,thestatsapi,2.29,0.11,6,1,19,5,13,2,11,14,0,1,,
comp_4540,Liga Profesional Argentina,2025-10-05,14:45,Talleres,Belgrano,0,0,0-0,finished,11,,thestatsapi,0.86,0.6,3,6,15,9,4,2,12,11,2,2,,
comp_4540,Liga Profesional Argentina,2025-10-05,14:30,Estudiantes de La Plata,Barracas Central,1,1,1-1,finished,11,,thestatsapi,1.55,0.61,6,3,14,9,9,3,13,11,3,4,,
comp_4540,Liga Profesional Argentina,2025-10-05,12:30,Godoy Cruz,CA Independiente,1,1,1-1,finished,11,,thestatsapi,0.54,1.25,4,2,14,7,4,3,13,14,3,3,,
comp_4540,Liga Profesional Argentina,2025-10-04,19:15,Lanús,San Lorenzo,2,1,2-1,finished,11,,thestatsapi,0.86,1.36,3,7,8,22,5,3,14,15,2,2,,
comp_4540,Liga Profesional Argentina,2025-10-04,17:15,Atlético Tucumán,Platense,2,0,2-0,finished,11,,thestatsapi,0.88,0.86,6,5,12,13,6,5,8,8,6,1,,
comp_4540,Liga Profesional Argentina,2025-10-04,17:00,Huracán,Banfield,1,0,1-0,finished,11,,thestatsapi,1.53,1.23,5,2,18,15,3,2,11,19,1,2,,
comp_4540,Liga Profesional Argentina,2025-10-04,14:45,San Martín de San Juan,Instituto De Córdoba,0,0,0-0,finished,11,,thestatsapi,0.49,0.45,4,4,17,8,2,0,17,18,3,5,,
comp_4540,Liga Profesional Argentina,2025-10-04,12:30,Sarmiento,Gimnasia y Esgrima,0,1,0-1,finished,11,,thestatsapi,1.84,1.36,8,3,18,9,3,3,14,12,3,1,,
comp_4540,Liga Profesional Argentina,2025-10-03,19:15,Club Atlético Unión de Santa Fe,Aldosivi,0,2,0-2,finished,11,,thestatsapi,1.26,1.95,2,4,20,13,4,6,12,16,1,4,,
comp_4540,Liga Profesional Argentina,2025-10-03,19:15,Argentinos Juniors,Central Córdoba,0,0,0-0,finished,11,,thestatsapi,1.14,0.11,8,2,21,4,4,1,6,19,1,8,,
comp_4540,Liga Profesional Argentina,2025-10-03,17:00,Tigre,Defensa y Justicia,1,1,1-1,finished,11,,thestatsapi,0.65,0.52,3,4,12,6,5,1,12,8,4,1,,
comp_4540,Liga Profesional Argentina,2025-09-30,17:00,Newell's Old Boys,Estudiantes de La Plata,1,1,1-1,finished,10,,thestatsapi,0.99,0.78,7,2,12,16,4,5,13,16,2,4,,
comp_4540,Liga Profesional Argentina,2025-09-29,18:00,Vélez Sarsfield,Atlético Tucumán,3,1,3-1,finished,10,,thestatsapi,2.06,1.13,3,2,21,8,9,4,10,16,3,5,,
comp_4540,Liga Profesional Argentina,2025-09-29,13:30,Barracas Central,Belgrano,1,1,1-1,finished,10,,thestatsapi,1.23,1.01,3,2,14,13,5,5,15,15,3,2,,
comp_4540,Liga Profesional Argentina,2025-09-28,18:15,Instituto De Córdoba,Lanús,0,0,0-0,finished,10,,thestatsapi,1.37,0.69,7,4,22,17,8,4,9,9,1,2,,
comp_4540,Liga Profesional Argentina,2025-09-28,17:30,Independiente Rivadavia,Huracán,0,0,0-0,finished,10,,thestatsapi,1.18,0.76,3,5,13,19,2,4,9,7,4,2,,
comp_4540,Liga Profesional Argentina,2025-09-28,16:00,River Plate,Deportivo Riestra,1,2,1-2,finished,10,,thestatsapi,1.31,0.55,15,1,21,6,9,3,9,12,0,3,,
comp_4540,Liga Profesional Argentina,2025-09-28,13:15,Racing Club,CA Independiente,0,0,0-0,finished,10,,thestatsapi,0.54,0.94,7,3,8,8,2,4,12,9,4,0,,
comp_4540,Liga Profesional Argentina,2025-09-27,19:15,Talleres,Sarmiento,1,0,1-0,finished,10,,thestatsapi,1.36,0.48,0,2,12,8,3,1,11,15,2,2,,
comp_4540,Liga Profesional Argentina,2025-09-27,17:00,Defensa y Justicia,Boca Juniors,2,1,2-1,finished,10,,thestatsapi,1.82,1.72,3,5,11,17,6,2,13,7,3,1,,
comp_4540,Liga Profesional Argentina,2025-09-27,14:45,San Lorenzo,Godoy Cruz,2,0,2-0,finished,10,,thestatsapi,1.98,0.51,2,10,8,7,4,0,13,13,3,2,,
comp_4540,Liga Profesional Argentina,2025-09-27,12:30,Gimnasia y Esgrima,Rosario Central,0,3,0-3,finished,10,,thestatsapi,0.48,2.4,6,3,9,21,1,8,9,13,5,2,,
comp_4540,Liga Profesional Argentina,2025-09-27,12:30,Aldosivi,Argentinos Juniors,0,2,0-2,finished,10,,thestatsapi,0.31,1.17,5,5,8,14,4,4,14,10,4,2,,
comp_4540,Liga Profesional Argentina,2025-09-26,19:15,Central Córdoba,Tigre,0,1,0-1,finished,10,,thestatsapi,1.1,0.23,6,2,19,6,2,3,9,5,2,5,,
comp_4540,Liga Profesional Argentina,2025-09-26,17:00,Platense,San Martín de San Juan,2,2,2-2,finished,10,,thestatsapi,1.01,0.45,3,4,13,6,3,2,14,16,3,3,,
comp_4540,Liga Profesional Argentina,2025-09-26,17:00,Banfield,Club Atlético Unión de Santa Fe,0,0,0-0,finished,10,,thestatsapi,0.95,0.83,9,2,17,10,4,1,11,10,0,3,,
comp_4540,Liga Profesional Argentina,2025-09-22,19:00,Belgrano,Newell's Old Boys,3,0,3-0,finished,9,,thestatsapi,0.45,1.38,2,6,7,11,4,5,8,13,3,3,,
comp_4540,Liga Profesional Argentina,2025-09-22,17:00,Estudiantes de La Plata,Defensa y Justicia,1,0,1-0,finished,9,,thestatsapi,0.48,1.34,8,6,9,10,3,3,14,6,1,1,,
comp_4540,Liga Profesional Argentina,2025-09-21,19:15,Boca Juniors,Central Córdoba,2,2,2-2,finished,9,,thestatsapi,2.26,0.49,12,4,24,9,8,2,7,23,2,4,,
comp_4540,Liga Profesional Argentina,2025-09-21,17:00,Rosario Central,Talleres,1,1,1-1,finished,9,,thestatsapi,0.85,0.72,11,4,12,11,6,3,11,19,2,5,,
comp_4540,Liga Profesional Argentina,2025-09-21,17:00,Argentinos Juniors,Banfield,3,0,3-0,finished,9,,thestatsapi,1.76,0.67,1,6,9,10,4,1,11,17,0,1,,
comp_4540,Liga Profesional Argentina,2025-09-21,14:45,Godoy Cruz,Instituto De Córdoba,1,1,1-1,finished,9,,thestatsapi,0.72,1.2,4,2,13,10,3,3,19,14,3,3,,
comp_4540,Liga Profesional Argentina,2025-09-21,12:30,CA Independiente,San Lorenzo,1,1,1-1,finished,9,,thestatsapi,0.13,0.83,1,3,4,6,0,3,17,23,1,1,,
comp_4540,Liga Profesional Argentina,2025-09-21,10:00,Tigre,Aldosivi,2,0,2-0,finished,9,,thestatsapi,2.9,0.39,6,4,16,8,5,2,14,27,2,4,,
comp_4540,Liga Profesional Argentina,2025-09-20,19:15,Atlético Tucumán,River Plate,2,0,2-0,finished,9,,thestatsapi,1.59,0.6,10,4,17,18,8,3,13,11,1,0,,
comp_4540,Liga Profesional Argentina,2025-09-20,14:45,Club Atlético Unión de Santa Fe,Independiente Rivadavia,2,2,2-2,finished,9,,thestatsapi,1.46,0.41,8,5,13,6,6,2,15,14,1,4,,
comp_4540,Liga Profesional Argentina,2025-09-20,12:30,Barracas Central,Sarmiento,0,1,0-1,finished,9,,thestatsapi,0.87,0.3,7,4,9,4,3,3,6,14,5,3,,
comp_4540,Liga Profesional Argentina,2025-09-19,19:15,Lanús,Platense,2,1,2-1,finished,9,,thestatsapi,1.2,1.51,0,5,6,20,3,6,18,6,2,1,,
comp_4540,Liga Profesional Argentina,2025-09-19,17:15,San Martín de San Juan,Vélez Sarsfield,1,2,1-2,finished,9,,thestatsapi,0.87,0.85,11,4,17,9,5,5,23,9,5,1,,
comp_4540,Liga Profesional Argentina,2025-09-19,17:00,Huracán,Racing Club,0,2,0-2,finished,9,,thestatsapi,2.7,1.63,8,2,20,10,4,7,6,12,0,0,,
comp_4540,Liga Profesional Argentina,2025-09-19,15:00,Deportivo Riestra,Gimnasia y Esgrima,1,0,1-0,finished,9,,thestatsapi,0.73,0.49,2,4,12,10,2,4,9,11,3,4,,
comp_4540,Liga Profesional Argentina,2025-09-14,18:00,Tigre,Talleres,0,0,0-0,finished,8,,thestatsapi,0.54,0.76,4,7,9,15,3,5,10,14,2,3,,
comp_4540,Liga Profesional Argentina,2025-09-14,18:00,Defensa y Justicia,Platense,1,2,1-2,finished,8,,thestatsapi,0.96,1.22,5,2,13,14,4,5,6,14,2,2,,
comp_4540,Liga Profesional Argentina,2025-09-14,15:30,Rosario Central,Boca Juniors,1,1,1-1,finished,8,,thestatsapi,0.66,1.1,9,6,10,10,6,3,8,15,3,3,,
comp_4540,Liga Profesional Argentina,2025-09-14,13:00,Gimnasia y Esgrima,Club Atlético Unión de Santa Fe,1,3,1-3,finished,8,,thestatsapi,0.84,0.55,5,8,15,10,5,5,8,13,3,2,,
comp_4540,Liga Profesional Argentina,2025-09-14,13:00,Instituto De Córdoba,Argentinos Juniors,2,0,2-0,finished,8,,thestatsapi,2.07,2.02,2,4,9,13,7,2,19,12,3,5,,
comp_4540,Liga Profesional Argentina,2025-09-13,19:15,Sarmiento,Aldosivi,2,0,2-0,finished,8,,thestatsapi,0.44,0.51,5,2,12,11,5,1,20,12,3,3,,
comp_4540,Liga Profesional Argentina,2025-09-13,17:00,Estudiantes de La Plata,River Plate,1,2,1-2,finished,8,,thestatsapi,0.55,0.54,6,4,11,6,2,3,12,9,3,8,,
comp_4540,Liga Profesional Argentina,2025-09-13,14:45,CA Independiente,Banfield,0,1,0-1,finished,8,,thestatsapi,0.52,0.4,4,5,14,8,2,4,10,23,1,1,,
comp_4540,Liga Profesional Argentina,2025-09-13,12:30,Godoy Cruz,Barracas Central,0,0,0-0,finished,8,,thestatsapi,0.87,0.42,6,2,13,10,3,3,7,15,3,3,,
comp_4540,Liga Profesional Argentina,2025-09-12,19:15,Newell's Old Boys,Atlético Tucumán,2,0,2-0,finished,8,,thestatsapi,1.65,0.83,6,5,10,14,3,3,5,14,4,2,,
comp_4540,Liga Profesional Argentina,2025-09-12,19:15,Lanús,Independiente Rivadavia,1,0,1-0,finished,8,,thestatsapi,1.28,0.91,2,4,9,10,3,1,12,13,1,0,,
comp_4540,Liga Profesional Argentina,2025-09-12,17:00,Racing Club,San Lorenzo,2,0,2-0,finished,8,,thestatsapi,1.36,0.4,1,3,7,9,4,1,21,12,3,2,,
comp_4540,Liga Profesional Argentina,2025-09-12,17:00,Huracán,Vélez Sarsfield,0,0,0-0,finished,8,,thestatsapi,0.24,0.25,4,4,7,6,1,3,12,24,1,5,,
comp_4540,Liga Profesional Argentina,2025-09-12,12:30,Deportivo Riestra,Central Córdoba,2,0,2-0,finished,8,,thestatsapi,1.06,0.28,2,3,6,9,4,0,15,12,1,0,,
comp_4540,Liga Profesional Argentina,2025-09-11,18:00,Belgrano,San Martín de San Juan,0,0,0-0,finished,8,,thestatsapi,0.87,0.42,6,2,10,7,2,1,20,15,4,4,,
comp_4540,Liga Profesional Argentina,2025-09-01,17:15,Platense,Godoy Cruz,1,3,1-3,finished,7,,thestatsapi,1.42,1.91,7,4,24,10,5,6,7,14,1,3,,
comp_4540,Liga Profesional Argentina,2025-09-01,15:00,Gimnasia y Esgrima,Atlético Tucumán,1,0,1-0,finished,7,,thestatsapi,1.19,1.7,6,6,14,14,1,2,12,11,2,1,,
comp_4540,Liga Profesional Argentina,2025-08-31,19:15,Racing Club,Club Atlético Unión de Santa Fe,2,3,2-3,finished,7,,thestatsapi,1.02,2.37,8,6,16,13,7,10,14,8,2,0,,
comp_4540,Liga Profesional Argentina,2025-08-31,17:15,River Plate,San Martín de San Juan,2,0,2-0,finished,7,,thestatsapi,0.75,0.6,8,4,12,13,7,4,20,10,4,1,,
comp_4540,Liga Profesional Argentina,2025-08-31,14:45,Talleres,Deportivo Riestra,0,1,0-1,finished,7,,thestatsapi,1.58,0.41,10,1,18,8,7,3,13,7,3,1,,
comp_4540,Liga Profesional Argentina,2025-08-31,14:45,Defensa y Justicia,Belgrano,2,1,2-1,finished,7,,thestatsapi,0.98,1.72,7,6,12,10,5,4,8,16,3,4,,
comp_4540,Liga Profesional Argentina,2025-08-31,12:30,Aldosivi,Boca Juniors,0,2,0-2,finished,7,,thestatsapi,0.42,0.72,3,7,8,8,3,4,17,12,3,2,,
comp_4540,Liga Profesional Argentina,2025-08-30,19:30,Vélez Sarsfield,Lanús,3,0,3-0,finished,7,,thestatsapi,1.76,0.45,8,4,16,10,6,1,11,13,2,2,,
comp_4540,Liga Profesional Argentina,2025-08-30,15:00,Central Córdoba,Estudiantes de La Plata,2,0,2-0,finished,7,,thestatsapi,0.41,0.72,5,8,8,11,3,3,11,14,1,1,,
comp_4540,Liga Profesional Argentina,2025-08-30,15:00,Independiente Rivadavia,Argentinos Juniors,2,1,2-1,finished,7,,thestatsapi,0.77,2.47,6,12,8,22,3,8,10,8,7,1,,
comp_4540,Liga Profesional Argentina,2025-08-30,12:45,San Lorenzo,Huracán,0,0,0-0,finished,7,,thestatsapi,0.43,0.83,1,1,10,9,3,2,16,14,4,2,,
comp_4540,Liga Profesional Argentina,2025-08-29,19:15,Instituto De Córdoba,CA Independiente,0,0,0-0,finished,7,,thestatsapi,0.86,0.44,10,7,10,11,2,3,15,10,4,4,,
comp_4540,Liga Profesional Argentina,2025-08-29,17:00,Newell's Old Boys,Barracas Central,1,2,1-2,finished,7,,thestatsapi,0.37,1.13,2,3,10,11,3,3,17,14,6,2,,
comp_4540,Liga Profesional Argentina,2025-08-29,17:00,Banfield,Tigre,1,0,1-0,finished,7,,thestatsapi,1.39,0.74,6,3,13,11,7,4,12,19,2,5,,
comp_4540,Liga Profesional Argentina,2025-08-25,19:15,Lanús,River Plate,1,1,1-1,finished,6,,thestatsapi,1.24,1.48,5,5,13,14,5,4,12,12,1,1,,
comp_4540,Liga Profesional Argentina,2025-08-25,17:15,Estudiantes de La Plata,Aldosivi,1,0,1-0,finished,6,,thestatsapi,3.06,0.63,4,3,17,9,7,5,15,11,1,4,,
comp_4540,Liga Profesional Argentina,2025-08-25,17:00,Belgrano,Central Córdoba,0,3,0-3,finished,6,,thestatsapi,0.9,1.95,7,0,19,5,6,3,12,15,5,3,,
comp_4540,Liga Profesional Argentina,2025-08-25,15:00,Godoy Cruz,Vélez Sarsfield,0,2,0-2,finished,6,,thestatsapi,0.41,0.68,5,1,7,6,3,2,14,16,3,3,,
comp_4540,Liga Profesional Argentina,2025-08-25,13:00,Deportivo Riestra,Sarmiento,3,0,3-0,finished,6,,thestatsapi,1.64,0.72,3,5,11,8,4,1,26,14,3,2,,
comp_4540,Liga Profesional Argentina,2025-08-24,16:15,Boca Juniors,Banfield,2,0,2-0,finished,6,,thestatsapi,2.18,0.48,3,2,19,9,8,2,9,7,1,0,,
comp_4540,Liga Profesional Argentina,2025-08-24,14:15,Argentinos Juniors,Racing Club,4,1,4-1,finished,6,,thestatsapi,1.68,1.34,2,3,14,12,6,2,9,20,0,3,,
comp_4540,Liga Profesional Argentina,2025-08-24,12:00,Club Atlético Unión de Santa Fe,Huracán,1,1,1-1,finished,6,,thestatsapi,0.23,0.44,5,1,8,7,3,2,19,9,1,2,,
comp_4540,Liga Profesional Argentina,2025-08-23,18:00,San Martín de San Juan,Gimnasia y Esgrima,1,0,1-0,finished,6,,thestatsapi,1.37,0.86,7,4,13,14,4,2,9,6,2,2,,
comp_4540,Liga Profesional Argentina,2025-08-23,18:00,Atlético Tucumán,Talleres,3,0,3-0,finished,6,,thestatsapi,1.66,1.96,2,7,12,16,7,5,14,10,2,4,,
comp_4540,Liga Profesional Argentina,2025-08-23,15:30,Rosario Central,Newell's Old Boys,1,0,1-0,finished,6,,thestatsapi,0.85,0.22,7,3,17,4,4,0,17,19,4,6,,
comp_4540,Liga Profesional Argentina,2025-08-23,12:30,San Lorenzo,Instituto De Córdoba,1,0,1-0,finished,6,,thestatsapi,1.91,0.33,8,4,15,7,2,0,19,13,3,3,,
comp_4540,Liga Profesional Argentina,2025-08-22,18:00,Tigre,Independiente Rivadavia,1,1,1-1,finished,6,,thestatsapi,1.12,0.52,6,7,8,7,3,1,14,13,1,4,,
comp_4540,Liga Profesional Argentina,2025-08-22,13:30,Barracas Central,Defensa y Justicia,1,1,1-1,finished,6,,thestatsapi,0.45,1.41,3,3,9,15,4,7,13,6,1,0,,
comp_4540,Liga Profesional Argentina,2025-08-18,19:00,Talleres,San Martín de San Juan,0,0,0-0,finished,5,,thestatsapi,1.3,0.61,11,5,16,9,8,3,15,16,2,1,,
comp_4540,Liga Profesional Argentina,2025-08-18,17:00,Sarmiento,Atlético Tucumán,2,2,2-2,finished,5,,thestatsapi,2.11,2.03,3,8,13,19,6,8,21,11,3,4,,
comp_4540,Liga Profesional Argentina,2025-08-17,18:30,Independiente Rivadavia,Boca Juniors,0,3,0-3,finished,5,,thestatsapi,0.93,1.56,6,5,11,11,1,3,11,12,2,3,,
comp_4540,Liga Profesional Argentina,2025-08-17,16:30,River Plate,Godoy Cruz,4,2,4-2,finished,5,,thestatsapi,2.84,1.37,6,2,22,12,10,5,17,11,3,3,,
comp_4540,Liga Profesional Argentina,2025-08-17,14:15,Central Córdoba,Barracas Central,1,1,1-1,finished,5,,thestatsapi,1.29,0.42,10,1,17,10,6,2,6,11,2,2,,
comp_4540,Liga Profesional Argentina,2025-08-17,14:15,Banfield,Estudiantes de La Plata,3,2,3-2,finished,5,,thestatsapi,1.71,0.95,8,6,14,16,6,5,13,13,4,2,,
comp_4540,Liga Profesional Argentina,2025-08-17,12:00,Gimnasia y Esgrima,Lanús,1,2,1-2,finished,5,,thestatsapi,0.47,0.99,4,3,8,10,4,5,18,8,4,2,,
comp_4540,Liga Profesional Argentina,2025-08-17,12:00,Defensa y Justicia,Newell's Old Boys,1,1,1-1,finished,5,,thestatsapi,1.05,0.45,5,4,17,5,3,2,7,7,1,1,,
comp_4540,Liga Profesional Argentina,2025-08-16,18:30,Vélez Sarsfield,CA Independiente,2,1,2-1,finished,5,,thestatsapi,2.79,0.99,10,0,12,9,3,3,17,12,4,6,,
comp_4540,Liga Profesional Argentina,2025-08-16,16:30,Rosario Central,Deportivo Riestra,1,1,1-1,finished,5,,thestatsapi,1.15,1.06,5,5,13,8,5,1,12,19,3,4,,
comp_4540,Liga Profesional Argentina,2025-08-16,14:15,Huracán,Argentinos Juniors,1,0,1-0,finished,5,,thestatsapi,0.5,0.36,2,5,3,8,2,1,11,13,5,5,,
comp_4540,Liga Profesional Argentina,2025-08-16,12:15,Platense,San Lorenzo,2,1,2-1,finished,5,,thestatsapi,1.15,0.57,4,2,7,8,2,2,11,17,4,3,,
comp_4540,Liga Profesional Argentina,2025-08-15,19:00,Racing Club,Tigre,1,2,1-2,finished,5,,thestatsapi,0.33,1.53,3,6,9,14,1,4,13,7,4,2,,
comp_4540,Liga Profesional Argentina,2025-08-15,17:00,Instituto De Córdoba,Club Atlético Unión de Santa Fe,0,4,0-4,finished,5,,thestatsapi,1.2,1.01,7,6,20,13,0,5,10,9,3,2,,
comp_4540,Liga Profesional Argentina,2025-08-15,13:30,Aldosivi,Belgrano,0,0,0-0,finished,5,,thestatsapi,0.6,0.25,1,3,12,7,1,0,16,13,4,1,,
comp_4540,Liga Profesional Argentina,2025-08-11,17:00,Defensa y Justicia,Deportivo Riestra,1,0,1-0,finished,4,,thestatsapi,1.51,0.93,6,3,12,10,7,5,7,7,3,2,,
comp_4540,Liga Profesional Argentina,2025-08-10,18:00,Argentinos Juniors,Club Atlético Unión de Santa Fe,1,0,1-0,finished,4,,thestatsapi,0.55,1.06,2,6,9,15,3,1,9,16,3,2,,
comp_4540,Liga Profesional Argentina,2025-08-10,15:00,Instituto De Córdoba,Platense,1,1,1-1,finished,4,,thestatsapi,1.03,0.84,3,4,13,12,3,4,11,18,2,4,,
comp_4540,Liga Profesional Argentina,2025-08-10,13:00,Barracas Central,Aldosivi,3,1,3-1,finished,4,,thestatsapi,1.92,0.4,5,5,11,10,7,2,9,14,1,3,,
comp_4540,Liga Profesional Argentina,2025-08-09,18:45,Atlético Tucumán,Rosario Central,0,0,0-0,finished,4,,thestatsapi,1.31,0.24,3,3,14,8,3,0,17,13,3,5,,
comp_4540,Liga Profesional Argentina,2025-08-09,18:45,Belgrano,Banfield,2,1,2-1,finished,4,,thestatsapi,1.19,0.64,3,4,12,12,5,3,12,12,3,2,,
comp_4540,Liga Profesional Argentina,2025-08-09,16:30,CA Independiente,River Plate,0,0,0-0,finished,4,,thestatsapi,0.51,0.13,2,1,5,5,3,1,15,14,5,2,,
comp_4540,Liga Profesional Argentina,2025-08-09,14:30,Boca Juniors,Racing Club,1,1,1-1,finished,4,,thestatsapi,1.37,0.77,11,4,17,14,5,3,6,19,2,5,,
comp_4540,Liga Profesional Argentina,2025-08-09,12:30,San Martín de San Juan,Sarmiento,0,1,0-1,finished,4,,thestatsapi,0.84,1.06,8,3,15,7,4,1,10,15,2,6,,
comp_4540,Liga Profesional Argentina,2025-08-08,19:15,Lanús,Talleres,1,0,1-0,finished,4,,thestatsapi,1.1,0.42,1,7,15,8,6,1,7,6,2,2,,
comp_4540,Liga Profesional Argentina,2025-08-08,19:00,Newell's Old Boys,Central Córdoba,1,1,1-1,finished,4,,thestatsapi,0.82,0.96,2,10,9,13,3,5,7,8,2,0,,
comp_4540,Liga Profesional Argentina,2025-08-08,17:00,Tigre,Huracán,0,1,0-1,finished,4,,thestatsapi,0.52,0.29,4,6,10,6,2,2,11,12,3,2,,
comp_4540,Liga Profesional Argentina,2025-08-07,19:00,Estudiantes de La Plata,Independiente Rivadavia,2,1,2-1,finished,4,,thestatsapi,1.32,0.97,4,3,11,7,4,4,12,15,4,2,,
comp_4540,Liga Profesional Argentina,2025-08-07,17:00,San Lorenzo,Vélez Sarsfield,1,0,1-0,finished,4,,thestatsapi,1.79,0.5,7,5,22,6,6,0,8,18,3,4,,
comp_4540,Liga Profesional Argentina,2025-08-07,15:00,Godoy Cruz,Gimnasia y Esgrima,1,2,1-2,finished,4,,thestatsapi,1.03,1.4,8,4,20,5,4,3,9,14,2,5,,
comp_4540,Liga Profesional Argentina,2025-07-28,18:00,Banfield,Barracas Central,1,3,1-3,finished,3,,thestatsapi,2.13,1.12,7,1,22,10,8,5,7,9,2,2,,
comp_4540,Liga Profesional Argentina,2025-07-28,16:00,Central Córdoba,Defensa y Justicia,2,1,2-1,finished,3,,thestatsapi,2.94,0.95,5,3,21,13,8,4,5,12,1,5,,
comp_4540,Liga Profesional Argentina,2025-07-28,14:00,Deportivo Riestra,Atlético Tucumán,1,0,1-0,finished,3,,thestatsapi,2.12,0.62,3,3,11,12,3,3,11,10,2,4,,
comp_4540,Liga Profesional Argentina,2025-07-27,18:30,River Plate,San Lorenzo,0,0,0-0,finished,3,,thestatsapi,0.71,0.32,7,6,11,5,2,0,12,14,5,2,,
comp_4540,Liga Profesional Argentina,2025-07-27,16:30,Huracán,Boca Juniors,1,0,1-0,finished,3,,thestatsapi,1.01,0.2,4,2,11,5,8,1,16,17,1,5,,
comp_4540,Liga Profesional Argentina,2025-07-27,14:00,Talleres,Godoy Cruz,0,0,0-0,finished,3,,thestatsapi,0.39,1.07,3,9,5,14,0,4,9,10,1,4,,
comp_4540,Liga Profesional Argentina,2025-07-27,14:00,Gimnasia y Esgrima,CA Independiente,1,0,1-0,finished,3,,thestatsapi,1.31,0.87,4,7,8,14,3,3,19,16,6,2,,
comp_4540,Liga Profesional Argentina,2025-07-26,19:15,Racing Club,Estudiantes de La Plata,0,1,0-1,finished,3,,thestatsapi,0.89,0.64,9,2,17,5,5,2,9,13,2,4,,
comp_4540,Liga Profesional Argentina,2025-07-26,17:00,Platense,Argentinos Juniors,0,0,0-0,finished,3,,thestatsapi,0.57,0.35,5,4,10,7,3,3,18,14,3,2,,
comp_4540,Liga Profesional Argentina,2025-07-26,17:00,Vélez Sarsfield,Instituto De Córdoba,0,0,0-0,finished,3,,thestatsapi,0.86,0.51,12,4,16,12,5,4,11,17,2,4,,
comp_4540,Liga Profesional Argentina,2025-07-26,14:45,Rosario Central,San Martín de San Juan,0,0,0-0,finished,3,,thestatsapi,1.28,0.47,9,5,13,7,5,2,8,13,1,3,,
comp_4540,Liga Profesional Argentina,2025-07-26,12:30,Aldosivi,Newell's Old Boys,0,0,0-0,finished,3,,thestatsapi,0.62,1.13,6,6,17,11,6,2,17,12,2,2,,
comp_4540,Liga Profesional Argentina,2025-07-25,19:15,Independiente Rivadavia,Belgrano,0,0,0-0,finished,3,,thestatsapi,0.64,0.49,3,4,10,13,2,2,11,10,0,3,,
comp_4540,Liga Profesional Argentina,2025-07-25,19:15,Club Atlético Unión de Santa Fe,Tigre,0,0,0-0,finished,3,,thestatsapi,0.89,1.04,10,0,10,9,4,2,9,16,5,5,,
comp_4540,Liga Profesional Argentina,2025-07-25,17:00,Sarmiento,Lanús,0,2,0-2,finished,3,,thestatsapi,1.17,0.88,8,8,14,9,6,3,13,10,3,2,,
comp_4540,Liga Profesional Argentina,2025-07-21,19:15,San Martín de San Juan,Deportivo Riestra,3,2,3-2,finished,2,,thestatsapi,2.01,0.2,6,2,11,3,4,2,12,21,2,4,,
comp_4540,Liga Profesional Argentina,2025-07-21,19:15,Defensa y Justicia,Aldosivi,2,0,2-0,finished,2,,thestatsapi,2.25,0.32,2,2,15,6,7,1,11,7,1,1,,
comp_4540,Liga Profesional Argentina,2025-07-21,17:00,Estudiantes de La Plata,Huracán,2,1,2-1,finished,2,,thestatsapi,0.66,0.87,5,5,9,18,6,3,15,14,6,4,,
comp_4540,Liga Profesional Argentina,2025-07-20,19:00,CA Independiente,Talleres,1,2,1-2,finished,2,,thestatsapi,0.89,1.22,4,4,11,14,5,6,4,13,1,3,,
comp_4540,Liga Profesional Argentina,2025-07-20,17:00,Belgrano,Racing Club,0,1,0-1,finished,2,,thestatsapi,0.58,0.91,5,4,16,14,3,4,7,14,3,5,,
comp_4540,Liga Profesional Argentina,2025-07-20,14:45,Tigre,Argentinos Juniors,2,1,2-1,finished,2,,thestatsapi,1.82,1.13,1,1,9,13,5,6,11,15,2,4,,
comp_4540,Liga Profesional Argentina,2025-07-20,14:45,Newell's Old Boys,Banfield,1,2,1-2,finished,2,,thestatsapi,0.66,1.22,4,5,14,16,5,7,11,25,1,2,,
comp_4540,Liga Profesional Argentina,2025-07-20,12:30,Barracas Central,Independiente Rivadavia,0,3,0-3,finished,2,,thestatsapi,0.26,1.57,1,2,6,9,3,4,12,15,3,4,,
comp_4540,Liga Profesional Argentina,2025-07-19,19:00,Instituto De Córdoba,River Plate,0,4,0-4,finished,2,,thestatsapi,0.33,1.15,5,2,8,15,4,7,11,9,2,4,,
comp_4795,Brasileirão Série A,2026-07-17,18:00,Mirassol,Grêmio,2,1,2-1,finished,19,,thestatsapi,1.38,0.52,5,4,14,9,3,4,14,9,1,3,,
comp_4795,Brasileirão Série A,2026-07-17,18:00,Fluminense,Red Bull Bragantino,1,1,1-1,finished,19,,thestatsapi,1.71,0.89,11,4,24,6,4,2,6,9,2,4,,
comp_4795,Brasileirão Série A,2026-07-17,17:30,Bahia,Chapecoense,2,0,2-0,finished,4,,thestatsapi,1.4,0.4,10,6,17,10,6,2,17,17,2,0,,
comp_4795,Brasileirão Série A,2026-07-16,17:30,Vitória,Vasco da Gama,1,0,1-0,finished,19,,thestatsapi,0.52,0.77,3,2,14,13,6,3,12,15,0,0,,
comp_4795,Brasileirão Série A,2026-07-16,17:30,Botafogo,Santos,2,1,2-1,finished,19,,thestatsapi,2.97,2.63,5,5,17,22,6,9,10,13,4,2,,
comp_4795,Brasileirão Série A,2026-05-31,18:30,Remo,São Paulo,1,0,1-0,finished,18,,thestatsapi,0.79,1.09,6,7,9,9,2,4,7,14,1,2,,
comp_4795,Brasileirão Série A,2026-05-31,18:30,Cruzeiro,Fluminense,1,1,1-1,finished,18,,thestatsapi,1.11,0.77,5,4,19,10,3,5,12,15,2,2,,
comp_4795,Brasileirão Série A,2026-05-31,14:00,Vasco da Gama,Atlético Mineiro,0,1,0-1,finished,18,,thestatsapi,1.27,0.49,3,4,26,10,8,4,20,17,1,1,,
comp_4795,Brasileirão Série A,2026-05-31,14:00,Palmeiras,Chapecoense,1,0,1-0,finished,18,,thestatsapi,0.77,1.21,3,2,13,15,4,3,9,9,1,1,,
comp_4795,Brasileirão Série A,2026-05-31,09:00,Red Bull Bragantino,Internacional,3,1,3-1,finished,18,,thestatsapi,1.73,0.93,6,1,18,8,7,2,19,17,2,4,,
comp_4795,Brasileirão Série A,2026-05-30,18:00,Santos,Vitória,3,1,3-1,finished,18,,thestatsapi,0.95,1.27,1,5,5,22,4,9,17,8,3,4,,
comp_4795,Brasileirão Série A,2026-05-30,15:30,Bahia,Botafogo,2,1,2-1,finished,18,,thestatsapi,2.46,1,10,4,24,13,9,6,14,16,4,5,,
comp_4795,Brasileirão Série A,2026-05-30,15:30,Grêmio,Corinthians,1,3,1-3,finished,18,,thestatsapi,1.46,1.62,4,8,10,24,3,9,23,20,3,2,,
comp_4795,Brasileirão Série A,2026-05-30,14:00,Athletico,Mirassol,1,0,1-0,finished,18,,thestatsapi,1.24,0.53,6,4,13,10,2,2,11,11,2,3,,
comp_4795,Brasileirão Série A,2026-05-30,14:00,Flamengo,Coritiba,3,0,3-0,finished,18,,thestatsapi,1.46,0.83,6,4,21,10,9,2,10,2,3,0,,
comp_4795,Brasileirão Série A,2026-05-25,18:00,Coritiba,Bahia,3,2,3-2,finished,17,,thestatsapi,0.96,1.38,3,6,13,14,7,1,11,17,0,3,,
comp_4795,Brasileirão Série A,2026-05-24,18:30,Vasco da Gama,Red Bull Bragantino,0,3,0-3,finished,17,,thestatsapi,1.26,3.29,6,6,14,21,6,9,13,14,1,3,,
comp_4795,Brasileirão Série A,2026-05-24,16:30,Corinthians,Atlético Mineiro,1,0,1-0,finished,17,,thestatsapi,0.65,1.85,3,0,10,11,4,1,15,14,1,2,,
comp_4795,Brasileirão Série A,2026-05-24,14:00,Remo,Athletico,1,2,1-2,finished,17,,thestatsapi,0.34,1.97,3,10,3,16,2,9,9,14,1,4,,
comp_4795,Brasileirão Série A,2026-05-24,14:00,Cruzeiro,Chapecoense,2,1,2-1,finished,17,,thestatsapi,2.96,0.57,9,2,18,8,7,4,13,15,1,3,,
comp_4795,Brasileirão Série A,2026-05-23,19:00,Flamengo,Palmeiras,0,3,0-3,finished,17,,thestatsapi,1.12,0.9,8,4,22,12,3,6,9,19,6,6,,
comp_4795,Brasileirão Série A,2026-05-23,17:00,Mirassol,Fluminense,1,0,1-0,finished,17,,thestatsapi,0.51,0.6,4,5,13,10,8,1,12,14,3,3,,
comp_4795,Brasileirão Série A,2026-05-23,17:00,Grêmio,Santos,3,2,3-2,finished,17,,thestatsapi,1.92,1.27,8,5,12,13,5,4,12,13,1,3,,
comp_4795,Brasileirão Série A,2026-05-23,15:00,Vitória,Internacional,2,0,2-0,finished,17,,thestatsapi,0.76,2.01,4,6,8,20,4,2,15,18,2,3,,
comp_4795,Brasileirão Série A,2026-05-23,15:00,São Paulo,Botafogo,1,1,1-1,finished,17,,thestatsapi,1.63,0.77,4,3,14,14,4,6,20,19,4,4,,
comp_4795,Brasileirão Série A,2026-05-17,17:30,Athletico,Flamengo,1,1,1-1,finished,16,,thestatsapi,1.17,1.08,9,7,18,12,5,3,9,12,2,3,,
comp_4795,Brasileirão Série A,2026-05-17,16:30,Red Bull Bragantino,Vitória,2,0,2-0,finished,16,,thestatsapi,3.09,0.27,7,6,23,7,5,2,21,11,4,2,,
comp_4795,Brasileirão Série A,2026-05-17,16:30,Chapecoense,Remo,2,3,2-3,finished,16,,thestatsapi,1.91,1.09,3,9,18,11,8,4,10,6,2,1,,
comp_4795,Brasileirão Série A,2026-05-17,14:00,Bahia,Grêmio,1,1,1-1,finished,16,,thestatsapi,1.92,0.16,7,3,17,3,6,1,18,14,4,5,,
comp_4795,Brasileirão Série A,2026-05-17,14:00,Botafogo,Corinthians,3,1,3-1,finished,16,,thestatsapi,0.82,1.11,3,2,13,19,5,1,22,8,6,1,,
comp_4795,Brasileirão Série A,2026-05-17,09:00,Santos,Coritiba,0,3,0-3,finished,16,,thestatsapi,1.97,2.13,3,3,13,9,3,5,13,15,4,2,,
comp_4795,Brasileirão Série A,2026-05-16,19:00,Palmeiras,Cruzeiro,1,1,1-1,finished,16,,thestatsapi,1.05,0.44,6,5,16,11,2,4,19,14,2,4,,
comp_4795,Brasileirão Série A,2026-05-16,17:00,Fluminense,São Paulo,2,1,2-1,finished,16,,thestatsapi,1.48,0.92,3,5,10,14,3,7,13,10,3,4,,
comp_4795,Brasileirão Série A,2026-05-16,16:30,Internacional,Vasco da Gama,4,1,4-1,finished,16,,thestatsapi,1.11,0.41,3,4,12,14,7,3,17,11,2,2,,
comp_4795,Brasileirão Série A,2026-05-16,16:30,Atlético Mineiro,Mirassol,3,1,3-1,finished,16,,thestatsapi,2.54,0.87,5,6,15,7,6,3,6,14,0,1,,
comp_4795,Brasileirão Série A,2026-05-10,18:30,Vasco da Gama,Athletico,1,0,1-0,finished,15,,thestatsapi,2.22,1.13,4,3,16,9,6,3,6,9,4,1,,
comp_4795,Brasileirão Série A,2026-05-10,17:30,Grêmio,Flamengo,0,1,0-1,finished,15,,thestatsapi,0.26,2.77,0,6,6,20,3,5,10,10,1,3,,
comp_4795,Brasileirão Série A,2026-05-10,16:30,Mirassol,Chapecoense,1,1,1-1,finished,15,,thestatsapi,1.13,0.44,8,1,22,11,4,4,10,20,1,5,,
comp_4795,Brasileirão Série A,2026-05-10,16:30,Santos,Red Bull Bragantino,2,0,2-0,finished,15,,thestatsapi,1.26,0.68,7,3,9,11,3,3,13,18,1,4,,
comp_4795,Brasileirão Série A,2026-05-10,16:30,Corinthians,São Paulo,3,2,3-2,finished,15,,thestatsapi,1.37,1.06,7,7,15,7,6,4,12,13,3,4,,
comp_4795,Brasileirão Série A,2026-05-10,15:40,Remo,Palmeiras,1,1,1-1,finished,15,,thestatsapi,0.95,1.32,5,17,15,18,4,5,6,6,1,2,,
comp_4795,Brasileirão Série A,2026-05-10,14:00,Atlético Mineiro,Botafogo,1,1,1-1,finished,15,,thestatsapi,0.92,1.69,6,4,17,18,7,5,9,12,0,2,,
comp_4795,Brasileirão Série A,2026-05-09,19:00,Bahia,Cruzeiro,1,2,1-2,finished,15,,thestatsapi,1.2,2.17,6,8,8,20,3,7,14,16,3,4,,
comp_4795,Brasileirão Série A,2026-05-09,16:00,Fluminense,Vitória,2,2,2-2,finished,15,,thestatsapi,1.05,1.44,6,3,12,10,5,3,15,7,4,2,,
comp_4795,Brasileirão Série A,2026-05-09,14:00,Coritiba,Internacional,2,2,2-2,finished,15,,thestatsapi,0.42,3.15,3,8,8,22,3,4,11,10,1,3,,
comp_4795,Brasileirão Série A,2026-05-03,18:30,Mirassol,Corinthians,2,1,2-1,finished,14,,thestatsapi,0.99,0.39,1,5,7,11,5,3,19,13,5,2,,
comp_4795,Brasileirão Série A,2026-05-03,16:30,Chapecoense,Red Bull Bragantino,1,2,1-2,finished,14,,thestatsapi,1.47,0.52,5,2,19,7,3,2,8,10,2,2,,
comp_4795,Brasileirão Série A,2026-05-03,16:30,Internacional,Fluminense,2,0,2-0,finished,14,,thestatsapi,1.78,0.86,3,3,18,11,9,6,25,18,4,3,,
comp_4795,Brasileirão Série A,2026-05-03,14:00,São Paulo,Bahia,2,2,2-2,finished,14,,thestatsapi,2.14,1.92,14,10,18,20,8,8,12,12,4,3,,
comp_4795,Brasileirão Série A,2026-05-03,14:00,Flamengo,Vasco da Gama,2,2,2-2,finished,14,,thestatsapi,2.14,1.53,5,6,12,20,6,6,15,12,3,3,,
comp_4795,Brasileirão Série A,2026-05-02,19:00,Cruzeiro,Atlético Mineiro,1,3,1-3,finished,14,,thestatsapi,1.31,1.74,5,1,14,6,2,4,15,17,4,7,,
comp_4795,Brasileirão Série A,2026-05-02,18:30,Athletico,Grêmio,0,0,0-0,finished,14,,thestatsapi,0.99,0.89,7,3,11,7,5,0,11,13,2,2,,
comp_4795,Brasileirão Série A,2026-05-02,16:30,Vitória,Coritiba,4,1,4-1,finished,14,,thestatsapi,2.06,0.63,2,4,11,5,7,1,13,11,3,1,,
comp_4795,Brasileirão Série A,2026-05-02,16:30,Palmeiras,Santos,1,1,1-1,finished,14,,thestatsapi,2.25,1.07,9,4,22,14,3,4,9,4,1,1,,
comp_4795,Brasileirão Série A,2026-05-02,14:00,Botafogo,Remo,1,2,1-2,finished,14,,thestatsapi,1.37,1.94,9,6,16,18,5,9,14,10,2,2,,
comp_4795,Brasileirão Série A,2026-04-26,18:30,Atlético Mineiro,Flamengo,0,4,0-4,finished,13,,thestatsapi,0.91,2.28,8,1,18,9,6,6,10,13,1,2,,
comp_4795,Brasileirão Série A,2026-04-26,18:30,Fluminense,Chapecoense,2,1,2-1,finished,13,,thestatsapi,2.47,0.41,7,1,30,8,12,3,6,16,1,4,,
comp_4795,Brasileirão Série A,2026-04-26,16:30,Athletico,Vitória,3,1,3-1,finished,13,,thestatsapi,3.63,0.72,4,4,23,7,11,2,16,15,5,4,,
comp_4795,Brasileirão Série A,2026-04-26,16:30,Red Bull Bragantino,Palmeiras,0,1,0-1,finished,13,,thestatsapi,1.03,0.46,9,4,19,6,4,3,12,17,1,2,,
comp_4795,Brasileirão Série A,2026-04-26,14:00,Grêmio,Coritiba,1,0,1-0,finished,13,,thestatsapi,1.2,0.65,5,2,22,15,6,4,20,11,3,2,,
comp_4795,Brasileirão Série A,2026-04-26,14:00,Corinthians,Vasco da Gama,1,0,1-0,finished,13,,thestatsapi,0.55,1.09,5,7,13,21,5,7,12,17,3,4,,
comp_4795,Brasileirão Série A,2026-04-25,19:00,São Paulo,Mirassol,1,0,1-0,finished,13,,thestatsapi,1.02,1.09,12,4,17,10,1,1,11,14,1,2,,
comp_4795,Brasileirão Série A,2026-04-25,16:30,Bahia,Santos,2,2,2-2,finished,13,,thestatsapi,1.24,2.63,5,3,18,11,5,5,16,17,3,4,,
comp_4795,Brasileirão Série A,2026-04-25,16:30,Remo,Cruzeiro,0,1,0-1,finished,13,,thestatsapi,0.76,0.25,4,1,14,6,1,6,15,22,1,3,,
comp_4795,Brasileirão Série A,2026-04-25,16:30,Botafogo,Internacional,2,2,2-2,finished,13,,thestatsapi,1.36,0.31,3,5,16,8,7,4,16,14,2,3,,
comp_4795,Brasileirão Série A,2026-04-19,17:30,Flamengo,Bahia,2,0,2-0,finished,12,,thestatsapi,1.91,0.56,6,1,20,13,8,5,12,8,2,0,,
comp_4795,Brasileirão Série A,2026-04-19,16:30,Palmeiras,Athletico,1,0,1-0,finished,12,,thestatsapi,0.33,0.42,9,3,10,9,2,3,9,22,3,4,,
comp_4795,Brasileirão Série A,2026-04-19,16:30,Red Bull Bragantino,Remo,4,2,4-2,finished,12,,thestatsapi,1.56,0.5,1,1,16,7,7,3,11,12,1,1,,
comp_4795,Brasileirão Série A,2026-04-19,14:00,Coritiba,Atlético Mineiro,2,0,2-0,finished,12,,thestatsapi,1.04,1.15,2,8,2,23,2,7,17,10,2,1,,
comp_4795,Brasileirão Série A,2026-04-19,14:00,Santos,Fluminense,2,3,2-3,finished,12,,thestatsapi,1.3,0.64,6,4,7,10,4,3,13,14,5,3,,
comp_4795,Brasileirão Série A,2026-04-19,09:00,Internacional,Mirassol,1,2,1-2,finished,12,,thestatsapi,1.23,1.63,11,2,24,10,8,4,6,15,0,4,,
comp_4795,Brasileirão Série A,2026-04-18,18:30,Cruzeiro,Grêmio,2,0,2-0,finished,12,,thestatsapi,1.85,0.48,4,1,18,9,6,1,16,13,4,3,,
comp_4795,Brasileirão Série A,2026-04-18,18:00,Vitória,Corinthians,0,0,0-0,finished,12,,thestatsapi,0.57,0.17,4,2,12,7,1,0,13,14,1,2,,
comp_4795,Brasileirão Série A,2026-04-18,16:30,Chapecoense,Botafogo,1,4,1-4,finished,12,,thestatsapi,0.26,1.11,4,4,9,13,3,8,6,7,0,0,,
comp_4795,Brasileirão Série A,2026-04-18,16:30,Vasco da Gama,São Paulo,2,1,2-1,finished,12,,thestatsapi,2.18,2.39,6,5,20,10,5,4,14,20,1,2,,
comp_4795,Brasileirão Série A,2026-04-12,16:30,Cruzeiro,Red Bull Bragantino,2,1,2-1,finished,11,,thestatsapi,2.03,0.53,2,7,16,16,7,4,16,21,0,2,,
comp_4795,Brasileirão Série A,2026-04-12,16:30,Corinthians,Palmeiras,0,0,0-0,finished,11,,thestatsapi,0.55,0.94,2,7,6,16,4,4,17,16,2,1,,
comp_4795,Brasileirão Série A,2026-04-12,16:00,Fluminense,Flamengo,1,2,1-2,finished,11,,thestatsapi,1.14,2.3,8,2,19,17,6,9,14,11,3,3,,
comp_4795,Brasileirão Série A,2026-04-12,14:00,Botafogo,Coritiba,2,2,2-2,finished,11,,thestatsapi,1.81,1.04,7,4,21,14,8,5,14,7,2,4,,
comp_4795,Brasileirão Série A,2026-04-12,09:00,Athletico,Chapecoense,2,0,2-0,finished,11,,thestatsapi,1.31,0.17,5,0,14,8,6,1,15,17,2,5,,
comp_4795,Brasileirão Série A,2026-04-11,18:30,Internacional,Grêmio,0,0,0-0,finished,11,,thestatsapi,0.89,0.22,8,2,11,4,3,1,19,20,4,3,,
comp_4795,Brasileirão Série A,2026-04-11,18:00,Santos,Atlético Mineiro,1,0,1-0,finished,11,,thestatsapi,1.32,0.73,5,7,18,11,2,3,8,17,3,1,,
comp_4795,Brasileirão Série A,2026-04-11,16:30,Mirassol,Bahia,1,2,1-2,finished,11,,thestatsapi,1.16,1.93,8,4,16,14,6,8,20,14,5,1,,
comp_4795,Brasileirão Série A,2026-04-11,14:30,Remo,Vasco da Gama,1,1,1-1,finished,11,,thestatsapi,0.71,1.25,3,6,12,19,2,3,12,10,0,2,,
comp_4795,Brasileirão Série A,2026-04-11,14:30,Vitória,São Paulo,2,0,2-0,finished,11,,thestatsapi,1.03,0.67,1,6,15,16,6,5,11,11,2,3,,
comp_4795,Brasileirão Série A,2026-04-05,18:30,Grêmio,Remo,0,0,0-0,finished,10,,thestatsapi,0.7,1.92,8,3,20,11,3,4,8,9,2,3,,
comp_4795,Brasileirão Série A,2026-04-05,18:00,Mirassol,Red Bull Bragantino,0,1,0-1,finished,10,,thestatsapi,0.59,1.82,12,6,15,16,2,5,7,10,2,3,,
comp_4795,Brasileirão Série A,2026-04-05,17:30,Bahia,Palmeiras,1,2,1-2,finished,10,,thestatsapi,1.33,0.27,7,5,19,8,6,5,18,17,2,4,,
comp_4795,Brasileirão Série A,2026-04-05,17:30,Corinthians,Internacional,0,1,0-1,finished,10,,thestatsapi,0.88,0.37,7,4,11,8,2,3,16,19,2,3,,
comp_4795,Brasileirão Série A,2026-04-05,15:30,Flamengo,Santos,3,1,3-1,finished,10,,thestatsapi,2.07,0.71,2,7,19,17,4,2,2,12,0,2,,
comp_4795,Brasileirão Série A,2026-04-05,15:30,Atlético Mineiro,Athletico,2,1,2-1,finished,10,,thestatsapi,1.27,0.43,2,8,15,11,5,3,9,13,0,1,,
comp_4795,Brasileirão Série A,2026-04-05,14:00,Chapecoense,Vitória,1,1,1-1,finished,10,,thestatsapi,2.06,1.46,9,1,25,15,6,9,16,14,2,5,,
comp_4795,Brasileirão Série A,2026-04-04,19:00,Vasco da Gama,Botafogo,1,2,1-2,finished,10,,thestatsapi,2.16,1.13,3,2,17,18,5,9,11,16,1,4,,
comp_4795,Brasileirão Série A,2026-04-04,18:30,Coritiba,Fluminense,1,1,1-1,finished,10,,thestatsapi,0.68,1.39,3,10,10,15,4,4,8,14,1,0,,
comp_4795,Brasileirão Série A,2026-04-04,16:30,São Paulo,Cruzeiro,4,1,4-1,finished,10,,thestatsapi,2.01,1.45,6,4,11,13,5,7,21,14,2,0,,
comp_4795,Brasileirão Série A,2026-04-02,19:30,Red Bull Bragantino,Flamengo,3,0,3-0,finished,9,,thestatsapi,1.85,0.28,7,5,18,7,6,1,12,12,4,1,,
comp_4795,Brasileirão Série A,2026-04-02,19:30,Palmeiras,Grêmio,2,1,2-1,finished,9,,thestatsapi,0.64,0.59,8,2,16,10,4,5,12,15,0,3,,
comp_4795,Brasileirão Série A,2026-04-02,17:00,Santos,Remo,2,0,2-0,finished,9,,thestatsapi,1.33,0.43,7,4,7,11,3,4,17,14,4,3,,
comp_4795,Brasileirão Série A,2026-04-02,17:00,Chapecoense,Atlético Mineiro,0,4,0-4,finished,9,,thestatsapi,1.82,1.74,7,3,19,20,4,8,19,5,1,0,,
comp_4795,Brasileirão Série A,2026-04-01,19:30,Fluminense,Corinthians,3,1,3-1,finished,9,,thestatsapi,1.84,0.56,8,10,20,12,10,4,10,13,1,4,,
comp_4795,Brasileirão Série A,2026-04-01,18:30,Coritiba,Vasco da Gama,1,1,1-1,finished,9,,thestatsapi,1.49,0.49,3,4,18,11,4,2,11,11,2,1,,
comp_4795,Brasileirão Série A,2026-04-01,18:00,Bahia,Athletico,3,0,3-0,finished,9,,thestatsapi,1.16,0.56,3,1,7,12,5,4,15,19,2,2,,
comp_4795,Brasileirão Série A,2026-04-01,18:00,Cruzeiro,Vitória,3,0,3-0,finished,9,,thestatsapi,1.97,0.12,5,6,11,4,6,1,15,12,1,3,,
comp_4795,Brasileirão Série A,2026-04-01,17:30,Internacional,São Paulo,1,1,1-1,finished,9,,thestatsapi,1.02,0.86,2,11,6,15,4,3,18,15,1,1,,
comp_4795,Brasileirão Série A,2026-04-01,17:30,Botafogo,Mirassol,3,2,3-2,finished,9,,thestatsapi,2.38,0.95,2,8,11,19,5,4,14,14,3,3,,
comp_4795,Brasileirão Série A,2026-03-29,17:30,Athletico,Botafogo,4,1,4-1,finished,5,,thestatsapi,1.42,0.81,1,8,11,12,8,3,15,13,2,3,,
comp_4795,Brasileirão Série A,2026-03-22,18:30,Corinthians,Flamengo,1,1,1-1,finished,8,,thestatsapi,1.31,0.36,6,2,13,10,2,2,21,13,2,3,,
comp_4795,Brasileirão Série A,2026-03-22,16:30,Vitória,Mirassol,1,0,1-0,finished,8,,thestatsapi,0.81,1.04,4,5,13,16,6,3,18,8,3,3,,
comp_4795,Brasileirão Série A,2026-03-22,16:30,Internacional,Chapecoense,2,0,2-0,finished,8,,thestatsapi,3.83,0.46,4,4,14,10,7,0,16,9,2,3,,
comp_4795,Brasileirão Série A,2026-03-22,14:00,Remo,Bahia,4,1,4-1,finished,8,,thestatsapi,1.51,1.4,5,9,16,11,10,3,15,10,2,1,,
comp_4795,Brasileirão Série A,2026-03-22,14:00,Athletico,Coritiba,2,0,2-0,finished,8,,thestatsapi,0.86,0.13,7,4,6,4,4,1,11,10,0,2,,
comp_4795,Brasileirão Série A,2026-03-22,14:00,Cruzeiro,Santos,0,0,0-0,finished,8,,thestatsapi,1.11,0.12,6,0,8,5,3,1,18,16,2,4,,
comp_4795,Brasileirão Série A,2026-03-22,14:00,Vasco da Gama,Grêmio,2,1,2-1,finished,8,,thestatsapi,1.48,0.55,0,2,9,10,5,3,11,4,3,1,,
comp_4795,Brasileirão Série A,2026-03-21,19:00,São Paulo,Palmeiras,0,1,0-1,finished,8,,thestatsapi,0.04,0.13,10,1,3,6,0,2,13,21,3,5,,
comp_4795,Brasileirão Série A,2026-03-21,16:30,Fluminense,Atlético Mineiro,1,0,1-0,finished,8,,thestatsapi,0.71,1.69,3,2,14,14,4,5,18,15,5,5,,
comp_4795,Brasileirão Série A,2026-03-21,14:00,Red Bull Bragantino,Botafogo,1,2,1-2,finished,8,,thestatsapi,1.45,1.18,11,6,17,8,6,2,12,9,2,3,,
comp_4795,Brasileirão Série A,2026-03-19,19:30,Chapecoense,Corinthians,0,0,0-0,finished,7,,thestatsapi,0.7,1.1,6,4,14,13,3,4,18,11,3,4,,
comp_4795,Brasileirão Série A,2026-03-19,18:00,Flamengo,Remo,3,0,3-0,finished,7,,thestatsapi,0.73,0.63,7,2,11,7,3,1,14,11,2,2,,
comp_4795,Brasileirão Série A,2026-03-19,17:00,Grêmio,Vitória,2,0,2-0,finished,7,,thestatsapi,1.13,0.59,4,5,14,8,4,1,15,17,1,3,,
comp_4795,Brasileirão Série A,2026-03-18,19:30,Santos,Internacional,1,2,1-2,finished,7,,thestatsapi,1.19,1.17,3,8,11,17,2,6,6,12,4,3,,
comp_4795,Brasileirão Série A,2026-03-18,19:30,Vasco da Gama,Fluminense,3,2,3-2,finished,7,,thestatsapi,0.99,0.73,5,5,16,14,6,5,9,10,2,0,,
comp_4795,Brasileirão Série A,2026-03-18,18:00,Atlético Mineiro,São Paulo,1,0,1-0,finished,7,,thestatsapi,1.07,0.58,4,1,13,12,4,3,16,17,1,1,,
comp_4795,Brasileirão Série A,2026-03-18,18:00,Mirassol,Coritiba,0,1,0-1,finished,7,,thestatsapi,1.6,1.07,7,2,21,14,6,4,8,11,2,2,,
comp_4795,Brasileirão Série A,2026-03-18,17:30,Athletico,Cruzeiro,2,1,2-1,finished,7,,thestatsapi,1.2,1.23,4,6,8,11,4,2,26,20,2,3,,
comp_4795,Brasileirão Série A,2026-03-18,17:00,Bahia,Red Bull Bragantino,2,0,2-0,finished,7,,thestatsapi,1.98,1.41,7,7,15,15,9,3,15,16,3,1,,
comp_4795,Brasileirão Série A,2026-03-18,17:00,Palmeiras,Botafogo,2,1,2-1,finished,7,,thestatsapi,1.71,0.6,6,1,19,6,6,3,13,13,1,2,,
comp_4795,Brasileirão Série A,2026-03-16,18:00,Chapecoense,Grêmio,1,1,1-1,finished,6,,thestatsapi,1.11,0.69,4,5,11,13,1,4,16,10,3,3,,
comp_4795,Brasileirão Série A,2026-03-15,18:30,Cruzeiro,Vasco da Gama,3,3,3-3,finished,6,,thestatsapi,1.29,1.22,5,4,20,15,6,7,9,11,1,2,,
comp_4795,Brasileirão Série A,2026-03-15,18:30,Red Bull Bragantino,São Paulo,1,2,1-2,finished,6,,thestatsapi,0.65,0.8,6,4,13,4,3,3,18,13,4,4,,
comp_4795,Brasileirão Série A,2026-03-15,16:30,Coritiba,Remo,1,0,1-0,finished,6,,thestatsapi,0.92,0.53,4,6,8,14,4,1,13,11,2,3,,
comp_4795,Brasileirão Série A,2026-03-15,16:30,Palmeiras,Mirassol,1,0,1-0,finished,6,,thestatsapi,0.52,0.45,2,4,11,12,4,2,14,17,2,4,,
comp_4795,Brasileirão Série A,2026-03-15,14:00,Internacional,Bahia,0,1,0-1,finished,6,,thestatsapi,1.8,0.85,7,1,14,7,2,1,20,20,3,2,,
comp_4795,Brasileirão Série A,2026-03-15,14:00,Santos,Corinthians,1,1,1-1,finished,6,,thestatsapi,1.03,0.33,4,6,11,10,4,3,20,15,5,2,,
comp_4795,Brasileirão Série A,2026-03-15,14:00,Fluminense,Athletico,3,2,3-2,finished,6,,thestatsapi,2.02,0.54,7,1,24,4,10,2,14,9,2,3,,
comp_4795,Brasileirão Série A,2026-03-14,18:30,Botafogo,Flamengo,0,3,0-3,finished,6,,thestatsapi,0.72,1.16,2,4,7,18,1,6,16,10,3,2,,
comp_4795,Brasileirão Série A,2026-03-14,16:30,Vitória,Atlético Mineiro,2,0,2-0,finished,6,,thestatsapi,0.33,0.97,4,10,9,12,4,3,18,13,2,3,,
comp_4795,Brasileirão Série A,2026-03-12,19:30,Grêmio,Red Bull Bragantino,1,1,1-1,finished,5,,thestatsapi,1.41,1.59,4,6,13,20,6,8,13,13,2,4,,
comp_4795,Brasileirão Série A,2026-03-12,18:00,São Paulo,Chapecoense,2,0,2-0,finished,5,,thestatsapi,1.47,0.57,11,6,18,7,7,1,13,12,0,1,,
comp_4795,Brasileirão Série A,2026-03-12,17:30,Vasco da Gama,Palmeiras,2,1,2-1,finished,5,,thestatsapi,1,0.63,9,5,17,8,6,3,6,18,2,2,,
comp_4795,Brasileirão Série A,2026-03-12,17:00,Remo,Fluminense,0,2,0-2,finished,5,,thestatsapi,0.68,1.6,6,4,10,15,3,7,11,14,2,1,,
comp_4795,Brasileirão Série A,2026-03-11,19:30,Corinthians,Coritiba,0,2,0-2,finished,5,,thestatsapi,0.73,0.55,8,6,11,4,1,2,15,19,2,2,,
comp_4795,Brasileirão Série A,2026-03-11,19:30,Flamengo,Cruzeiro,2,0,2-0,finished,5,,thestatsapi,1.13,0.55,4,7,15,13,7,4,19,13,2,2,,
comp_4795,Brasileirão Série A,2026-03-11,18:00,Bahia,Vitória,1,1,1-1,finished,5,,thestatsapi,1.95,0.43,7,3,13,6,7,2,17,19,1,1,,
comp_4795,Brasileirão Série A,2026-03-11,17:00,Atlético Mineiro,Internacional,1,0,1-0,finished,5,,thestatsapi,0.68,1.82,2,14,7,19,3,7,16,20,2,2,,
comp_4795,Brasileirão Série A,2026-03-10,19:30,Mirassol,Santos,2,2,2-2,finished,5,,thestatsapi,1.5,1.73,6,7,20,16,9,2,9,7,2,2,,
comp_4795,Brasileirão Série A,2026-02-26,17:00,Santos,Vasco da Gama,2,1,2-1,finished,4,,thestatsapi,0.87,1.41,5,2,8,16,4,2,19,17,1,1,,
comp_4795,Brasileirão Série A,2026-02-25,19:30,Grêmio,Atlético Mineiro,2,1,2-1,finished,4,,thestatsapi,0.92,0.41,6,3,18,8,7,2,14,5,4,1,,
comp_4795,Brasileirão Série A,2026-02-25,19:30,Palmeiras,Fluminense,2,1,2-1,finished,4,,thestatsapi,1.28,1.15,5,11,13,18,6,7,16,16,3,4,,
comp_4795,Brasileirão Série A,2026-02-25,18:00,Cruzeiro,Corinthians,1,1,1-1,finished,4,,thestatsapi,0.71,0.22,5,3,11,4,3,2,15,14,3,3,,
comp_4795,Brasileirão Série A,2026-02-25,17:30,Coritiba,São Paulo,0,1,0-1,finished,4,,thestatsapi,0.85,1.32,3,7,18,9,2,5,5,19,4,3,,
comp_4795,Brasileirão Série A,2026-02-25,17:00,Remo,Internacional,1,1,1-1,finished,4,,thestatsapi,1.41,0.88,7,12,12,18,7,4,16,14,5,1,,
comp_4795,Brasileirão Série A,2026-02-25,17:00,Red Bull Bragantino,Athletico,1,1,1-1,finished,4,,thestatsapi,0.64,1.15,2,7,7,18,3,6,18,16,5,2,,
comp_4795,Brasileirão Série A,2026-02-19,17:30,Athletico,Corinthians,0,1,0-1,finished,2,,thestatsapi,2.1,0.12,8,0,19,4,5,1,15,10,3,4,,
comp_4795,Brasileirão Série A,2026-02-12,19:30,Internacional,Palmeiras,1,3,1-3,finished,3,,thestatsapi,1.88,0.9,16,4,26,11,4,7,13,8,1,1,,
comp_4795,Brasileirão Série A,2026-02-12,18:00,Corinthians,Red Bull Bragantino,2,0,2-0,finished,3,,thestatsapi,0.93,1.24,3,3,13,9,5,4,17,24,4,4,,
comp_4795,Brasileirão Série A,2026-02-12,17:30,Fluminense,Botafogo,1,0,1-0,finished,3,,thestatsapi,1.66,0.34,4,0,10,5,5,3,18,11,5,3,,
comp_4795,Brasileirão Série A,2026-02-12,17:00,Athletico,Santos,2,1,2-1,finished,3,,thestatsapi,2.08,0.73,8,2,12,10,5,5,15,15,1,3,,
comp_4795,Brasileirão Série A,2026-02-11,19:30,São Paulo,Grêmio,2,0,2-0,finished,3,,thestatsapi,4.39,0.31,3,3,18,5,4,1,11,16,2,4,,
comp_4795,Brasileirão Série A,2026-02-11,19:30,Vasco da Gama,Bahia,0,1,0-1,finished,3,,thestatsapi,1.49,0.37,8,4,26,8,4,3,15,14,5,5,,
comp_4795,Brasileirão Série A,2026-02-11,18:00,Atlético Mineiro,Remo,3,3,3-3,finished,3,,thestatsapi,2.66,2.12,6,5,18,18,8,6,10,14,0,2,,
comp_4795,Brasileirão Série A,2026-02-11,17:00,Chapecoense,Coritiba,3,3,3-3,finished,3,,thestatsapi,1.74,1.95,6,5,21,13,8,5,4,8,2,1,,
comp_4795,Brasileirão Série A,2026-02-11,17:00,Mirassol,Cruzeiro,2,2,2-2,finished,3,,thestatsapi,2.55,1.6,9,0,20,9,11,4,12,10,4,2,,
comp_4795,Brasileirão Série A,2026-02-10,19:30,Vitória,Flamengo,1,2,1-2,finished,3,,thestatsapi,1.83,0.77,7,2,10,6,3,2,12,21,3,4,,
comp_4795,Brasileirão Série A,2026-02-05,19:30,Cruzeiro,Coritiba,1,2,1-2,finished,2,,thestatsapi,0.94,2.13,12,2,19,10,4,2,9,17,3,2,,
comp_4795,Brasileirão Série A,2026-02-05,18:00,Vasco da Gama,Chapecoense,1,1,1-1,finished,2,,thestatsapi,4.77,0.32,14,0,30,7,13,1,15,11,0,0,,
comp_4795,Brasileirão Série A,2026-02-05,17:00,Bahia,Fluminense,1,1,1-1,finished,2,,thestatsapi,1.2,2.02,6,4,19,13,6,4,12,13,0,3,,
comp_4795,Brasileirão Série A,2026-02-04,19:30,Grêmio,Botafogo,5,3,5-3,finished,2,,thestatsapi,3.17,1.13,4,2,14,9,8,4,13,16,0,3,,
comp_4795,Brasileirão Série A,2026-02-04,19:30,Palmeiras,Vitória,5,1,5-1,finished,2,,thestatsapi,2.01,0.8,6,4,17,9,8,4,13,16,1,4,,
comp_4795,Brasileirão Série A,2026-02-04,18:00,Remo,Mirassol,2,2,2-2,finished,2,,thestatsapi,1.31,1.77,4,4,18,8,7,5,15,9,2,2,,
comp_4795,Brasileirão Série A,2026-02-04,18:00,Santos,São Paulo,1,1,1-1,finished,2,,thestatsapi,1.2,0.64,7,4,12,9,3,3,15,21,5,1,,
comp_4795,Brasileirão Série A,2026-02-04,17:00,Red Bull Bragantino,Atlético Mineiro,1,0,1-0,finished,2,,thestatsapi,1.51,0.36,6,12,19,11,5,2,14,8,3,2,,
comp_4795,Brasileirão Série A,2026-02-04,17:00,Flamengo,Internacional,1,1,1-1,finished,2,,thestatsapi,1.73,0.76,4,3,18,9,5,5,20,18,4,3,,
comp_4795,Brasileirão Série A,2026-01-29,19:30,Botafogo,Cruzeiro,4,0,4-0,finished,1,,thestatsapi,1.02,1.4,3,7,10,17,5,4,10,12,1,2,,
comp_4795,Brasileirão Série A,2026-01-29,18:00,Mirassol,Vasco da Gama,2,1,2-1,finished,1,,thestatsapi,0.59,0.54,5,5,13,13,4,5,16,10,2,1,,
comp_4795,Brasileirão Série A,2026-01-28,19:30,São Paulo,Flamengo,2,1,2-1,finished,1,,thestatsapi,0.72,2.18,2,6,10,15,4,5,14,11,0,0,,
comp_4795,Brasileirão Série A,2026-01-28,18:00,Chapecoense,Santos,4,2,4-2,finished,1,,thestatsapi,1.8,1.23,1,14,8,25,4,5,10,5,2,3,,
comp_4795,Brasileirão Série A,2026-01-28,18:00,Corinthians,Bahia,1,2,1-2,finished,1,,thestatsapi,1.69,1.58,4,6,17,11,5,6,14,14,3,5,,
comp_4795,Brasileirão Série A,2026-01-28,17:30,Fluminense,Grêmio,2,1,2-1,finished,1,,thestatsapi,2.25,1.58,3,6,10,12,6,3,13,13,1,1,,
comp_4795,Brasileirão Série A,2026-01-28,17:00,Vitória,Remo,2,0,2-0,finished,1,,thestatsapi,2.7,0.79,4,1,20,13,7,1,13,17,2,4,,
comp_4795,Brasileirão Série A,2026-01-28,17:00,Coritiba,Red Bull Bragantino,0,1,0-1,finished,1,,thestatsapi,0.25,2.64,1,5,8,30,2,10,9,19,1,6,,
comp_4795,Brasileirão Série A,2026-01-28,17:00,Internacional,Athletico,0,1,0-1,finished,1,,thestatsapi,2.07,1.02,13,1,19,6,7,2,13,11,3,1,,
comp_4795,Brasileirão Série A,2026-01-28,17:00,Atlético Mineiro,Palmeiras,2,2,2-2,finished,1,,thestatsapi,0.55,1.22,5,7,14,14,2,7,14,20,4,2,,
comp_4795,Brasileirão Série A,2025-12-07,14:00,Vitória,São Paulo,1,0,1-0,finished,38,,thestatsapi,2.35,0.34,10,1,21,8,8,2,16,18,5,1,,
comp_4795,Brasileirão Série A,2025-12-07,14:00,Santos,Cruzeiro,3,0,3-0,finished,38,,thestatsapi,2.05,0.29,9,3,19,8,7,4,8,12,2,2,,
comp_4795,Brasileirão Série A,2025-12-07,14:00,Botafogo,Fortaleza,4,2,4-2,finished,38,,thestatsapi,1.72,1.03,2,2,15,8,6,4,11,10,1,4,,
comp_4795,Brasileirão Série A,2025-12-07,14:00,Sport Recife,Grêmio,0,4,0-4,finished,38,,thestatsapi,0.63,1.6,1,5,11,13,3,8,6,15,1,4,,
comp_4795,Brasileirão Série A,2025-12-07,14:00,Fluminense,Bahia,2,0,2-0,finished,38,,thestatsapi,1.09,0.39,5,4,12,14,5,5,12,22,2,3,,
comp_4795,Brasileirão Série A,2025-12-07,14:00,Corinthians,Juventude,1,1,1-1,finished,38,,thestatsapi,2.58,1.29,4,7,14,16,4,4,18,17,0,1,,
comp_4795,Brasileirão Série A,2025-12-07,14:00,Atlético Mineiro,Vasco da Gama,5,0,5-0,finished,38,,thestatsapi,1.5,0.01,6,1,19,1,6,0,13,4,0,0,,
comp_4795,Brasileirão Série A,2025-12-07,14:00,Internacional,Red Bull Bragantino,3,1,3-1,finished,38,,thestatsapi,2.18,0.19,2,4,15,6,4,3,18,15,2,4,,
comp_4795,Brasileirão Série A,2025-12-07,14:00,Ceará,Palmeiras,1,3,1-3,finished,38,,thestatsapi,1.77,2.13,7,7,18,14,5,7,14,15,4,2,,
comp_4795,Brasileirão Série A,2025-12-06,16:30,Mirassol,Flamengo,3,3,3-3,finished,38,,thestatsapi,2.58,2.18,2,3,17,16,8,6,11,10,1,1,,
comp_4795,Brasileirão Série A,2025-12-04,17:30,Cruzeiro,Botafogo,2,2,2-2,finished,37,,thestatsapi,1.6,1.56,1,7,10,8,4,5,12,15,2,2,,
comp_4795,Brasileirão Série A,2025-12-03,19:30,Atlético Mineiro,Palmeiras,0,3,0-3,finished,34,,thestatsapi,1.84,2.35,10,6,33,12,9,5,16,15,1,2,,
comp_4795,Brasileirão Série A,2025-12-03,19:30,Flamengo,Ceará,1,0,1-0,finished,37,,thestatsapi,1.29,0.02,4,3,15,1,4,1,11,5,0,0,,
comp_4795,Brasileirão Série A,2025-12-03,18:00,São Paulo,Internacional,3,0,3-0,finished,37,,thestatsapi,1.27,0.44,4,9,12,15,7,4,16,19,1,2,,
comp_4795,Brasileirão Série A,2025-12-03,18:00,Bahia,Sport Recife,2,0,2-0,finished,37,,thestatsapi,2.9,0.24,6,2,27,7,13,3,11,11,1,3,,
comp_4795,Brasileirão Série A,2025-12-03,17:30,Juventude,Santos,0,3,0-3,finished,37,,thestatsapi,0.57,1.84,5,3,12,10,3,6,13,12,2,2,,
comp_4795,Brasileirão Série A,2025-12-03,17:00,Red Bull Bragantino,Vitória,4,0,4-0,finished,34,,thestatsapi,2.21,0.35,5,0,21,7,9,3,21,12,3,0,,
comp_4795,Brasileirão Série A,2025-12-03,17:00,Fortaleza,Corinthians,2,1,2-1,finished,37,,thestatsapi,1.17,1.97,0,7,10,20,3,7,15,18,5,1,,
comp_4795,Brasileirão Série A,2025-12-02,19:30,Grêmio,Fluminense,1,2,1-2,finished,37,,thestatsapi,0.6,0.92,10,0,16,6,7,2,14,14,3,1,,
comp_4795,Brasileirão Série A,2025-12-02,17:00,Vasco da Gama,Mirassol,0,2,0-2,finished,37,,thestatsapi,0.59,1.23,10,1,14,8,5,4,21,10,2,3,,
comp_4795,Brasileirão Série A,2025-11-30,16:30,Fortaleza,Atlético Mineiro,1,0,1-0,finished,35,,thestatsapi,1.26,0.61,9,2,15,9,4,4,9,10,0,1,,
comp_4795,Brasileirão Série A,2025-11-30,14:00,Corinthians,Botafogo,2,2,2-2,finished,36,,thestatsapi,2.23,0.65,7,4,14,8,6,2,13,18,3,5,,
comp_4795,Brasileirão Série A,2025-11-29,19:00,Ceará,Cruzeiro,1,1,1-1,finished,36,,thestatsapi,0.74,0.84,5,8,11,13,3,3,12,14,2,4,,
comp_4795,Brasileirão Série A,2025-11-29,14:00,Vitória,Mirassol,2,0,2-0,finished,36,,thestatsapi,2.54,2.05,3,9,16,25,3,9,15,11,1,2,,
comp_4795,Brasileirão Série A,2025-11-28,19:30,Santos,Sport Recife,3,0,3-0,finished,36,,thestatsapi,1.26,0.41,9,3,17,11,7,2,11,15,0,2,,
comp_4795,Brasileirão Série A,2025-11-28,17:30,Vasco da Gama,Internacional,5,1,5-1,finished,36,,thestatsapi,2.26,0.94,3,4,16,14,8,5,13,13,0,1,,
comp_4795,Brasileirão Série A,2025-11-28,17:00,Juventude,Bahia,1,1,1-1,finished,36,,thestatsapi,1.84,1.88,7,5,18,15,8,5,17,15,2,3,,
comp_4795,Brasileirão Série A,2025-11-27,18:30,Fluminense,São Paulo,6,0,6-0,finished,36,,thestatsapi,3.55,0.07,3,4,16,5,11,1,8,11,1,1,,
comp_4795,Brasileirão Série A,2025-11-26,17:00,Red Bull Bragantino,Fortaleza,0,1,0-1,finished,36,,thestatsapi,1.6,0.5,8,3,16,8,3,2,10,9,1,1,,
comp_4795,Brasileirão Série A,2025-11-25,19:30,Grêmio,Palmeiras,3,2,3-2,finished,36,,thestatsapi,2.67,1.78,5,3,20,22,10,6,10,14,3,3,,
comp_4795,Brasileirão Série A,2025-11-25,19:30,Atlético Mineiro,Flamengo,1,1,1-1,finished,36,,thestatsapi,1.21,2.14,2,4,8,15,4,4,10,8,3,2,,
comp_4795,Brasileirão Série A,2025-11-24,19:00,Internacional,Santos,1,1,1-1,finished,35,,thestatsapi,1.33,0.19,5,0,24,4,4,2,13,10,0,2,,
comp_4795,Brasileirão Série A,2025-11-24,17:00,Mirassol,Ceará,3,0,3-0,finished,35,,thestatsapi,0.4,0.89,6,12,8,14,5,2,11,10,2,2,,
comp_4795,Brasileirão Série A,2025-11-23,18:30,Cruzeiro,Corinthians,3,0,3-0,finished,35,,thestatsapi,1.92,0.28,9,3,17,4,7,0,18,8,3,2,,
comp_4795,Brasileirão Série A,2025-11-23,16:30,Sport Recife,Vitória,1,3,1-3,finished,35,,thestatsapi,0.62,0.72,8,2,11,13,1,5,19,12,3,1,,
comp_4795,Brasileirão Série A,2025-11-23,14:00,Bahia,Vasco da Gama,1,0,1-0,finished,35,,thestatsapi,2.33,0.35,11,1,19,7,4,1,10,11,2,3,,
comp_4795,Brasileirão Série A,2025-11-23,14:00,São Paulo,Juventude,2,1,2-1,finished,35,,thestatsapi,1.55,1.14,3,8,8,14,5,5,15,18,5,1,,
comp_4795,Brasileirão Série A,2025-11-22,19:30,Palmeiras,Fluminense,0,0,0-0,finished,35,,thestatsapi,0.76,0.95,7,6,14,17,2,4,15,19,3,2,,
comp_4795,Brasileirão Série A,2025-11-22,19:30,Flamengo,Red Bull Bragantino,3,0,3-0,finished,35,,thestatsapi,2.35,0.33,4,6,23,5,9,1,10,19,2,3,,
comp_4795,Brasileirão Série A,2025-11-22,17:30,Botafogo,Grêmio,3,2,3-2,finished,35,,thestatsapi,1.95,1.36,7,1,16,11,7,5,17,8,2,4,,
comp_4795,Brasileirão Série A,2025-11-20,19:30,Ceará,Internacional,1,2,1-2,finished,34,,thestatsapi,0.32,0.71,3,5,10,16,3,6,8,15,2,1,,
comp_4795,Brasileirão Série A,2025-11-20,17:30,Corinthians,São Paulo,3,1,3-1,finished,34,,thestatsapi,1.69,0.33,4,5,13,6,4,2,15,17,1,2,,
comp_4795,Brasileirão Série A,2025-11-20,16:00,Bahia,Fortaleza,2,3,2-3,finished,34,,thestatsapi,3.01,1.88,10,2,24,11,8,5,6,14,1,5,,
comp_4795,Brasileirão Série A,2025-11-20,14:00,Juventude,Cruzeiro,3,3,3-3,finished,34,,thestatsapi,1.91,1.73,3,9,12,17,7,7,19,13,4,1,,
comp_4795,Brasileirão Série A,2025-11-19,19:30,Grêmio,Vasco da Gama,2,0,2-0,finished,34,,thestatsapi,1.84,0.26,5,3,24,5,9,2,12,17,4,3,,
comp_4795,Brasileirão Série A,2025-11-19,19:30,Santos,Mirassol,1,1,1-1,finished,34,,thestatsapi,1.71,1.39,5,7,17,16,6,2,13,12,1,2,,
comp_4795,Brasileirão Série A,2025-11-19,19:30,Fluminense,Flamengo,2,1,2-1,finished,34,,thestatsapi,1.75,1.54,3,5,9,13,3,4,14,12,4,3,,
comp_4795,Brasileirão Série A,2025-11-19,17:30,Palmeiras,Vitória,0,0,0-0,finished,37,,thestatsapi,1.31,0.12,6,3,21,4,9,0,16,14,2,4,,
comp_4795,Brasileirão Série A,2025-11-18,18:30,Botafogo,Sport Recife,3,2,3-2,finished,34,,thestatsapi,2.43,1.19,7,5,27,15,9,4,11,7,2,4,,
comp_4795,Brasileirão Série A,2025-11-16,17:00,Red Bull Bragantino,Atlético Mineiro,2,0,2-0,finished,37,,thestatsapi,2.62,0.86,3,7,20,11,5,5,14,12,4,1,,
comp_4795,Brasileirão Série A,2025-11-15,19:00,Santos,Palmeiras,1,0,1-0,finished,13,,thestatsapi,1.1,1.48,8,5,17,11,5,4,11,15,1,1,,
comp_4795,Brasileirão Série A,2025-11-15,16:30,Sport Recife,Flamengo,1,5,1-5,finished,12,,thestatsapi,0.41,4.04,4,15,7,36,2,14,5,5,5,3,,
comp_4795,Brasileirão Série A,2025-11-12,18:30,Atlético Mineiro,Fortaleza,3,3,3-3,finished,16,,thestatsapi,1.29,2.14,9,6,17,12,8,5,15,10,2,1,,
comp_4795,Brasileirão Série A,2025-11-09,18:30,Fortaleza,Grêmio,2,2,2-2,finished,33,,thestatsapi,1.09,2.25,7,5,22,21,9,6,15,18,4,4,,
comp_4795,Brasileirão Série A,2025-11-09,18:30,Mirassol,Palmeiras,2,1,2-1,finished,33,,thestatsapi,1.22,1.14,8,8,17,14,8,6,15,17,4,2,,
comp_4795,Brasileirão Série A,2025-11-09,16:30,Flamengo,Santos,3,2,3-2,finished,33,,thestatsapi,2.6,1.92,10,3,14,17,4,4,14,12,2,2,,
comp_4795,Brasileirão Série A,2025-11-09,14:00,Vitória,Botafogo,0,0,0-0,finished,33,,thestatsapi,1.05,0.8,6,7,10,11,0,3,16,21,1,1,,
comp_4795,Brasileirão Série A,2025-11-09,14:00,Cruzeiro,Fluminense,0,0,0-0,finished,33,,thestatsapi,0.98,0.37,5,1,15,8,5,3,16,16,6,3,,
comp_4795,Brasileirão Série A,2025-11-09,14:00,Corinthians,Ceará,0,1,0-1,finished,33,,thestatsapi,1.09,0.45,9,4,16,7,5,4,7,20,1,7,,
comp_4795,Brasileirão Série A,2025-11-08,19:00,São Paulo,Red Bull Bragantino,0,1,0-1,finished,33,,thestatsapi,0.62,1.22,7,1,12,9,3,2,9,20,1,2,,
comp_4795,Brasileirão Série A,2025-11-08,16:30,Internacional,Bahia,2,2,2-2,finished,33,,thestatsapi,1.94,2.24,6,5,16,16,6,4,22,15,4,2,,
comp_4795,Brasileirão Série A,2025-11-08,16:00,Vasco da Gama,Juventude,1,3,1-3,finished,33,,thestatsapi,1.68,1.84,7,1,14,10,4,5,18,15,4,4,,
comp_4795,Brasileirão Série A,2025-11-08,14:00,Sport Recife,Atlético Mineiro,2,4,2-4,finished,33,,thestatsapi,0.51,2.21,4,4,7,20,4,5,12,6,1,0,,
comp_4795,Brasileirão Série A,2025-11-06,19:30,Palmeiras,Santos,2,0,2-0,finished,32,,thestatsapi,2,0.37,13,5,31,9,14,3,11,8,1,2,,
comp_4795,Brasileirão Série A,2025-11-06,18:00,Ceará,Fortaleza,1,1,1-1,finished,32,,thestatsapi,0.75,0.47,5,4,13,7,3,4,17,12,3,3,,
comp_4795,Brasileirão Série A,2025-11-06,17:30,Fluminense,Mirassol,1,0,1-0,finished,32,,thestatsapi,2.05,1.45,4,3,16,10,4,2,24,10,4,2,,
comp_4795,Brasileirão Série A,2025-11-05,19:30,São Paulo,Flamengo,2,2,2-2,finished,32,,thestatsapi,0.89,1.72,3,5,15,15,4,2,14,18,2,3,,
comp_4795,Brasileirão Série A,2025-11-05,18:00,Grêmio,Cruzeiro,0,1,0-1,finished,32,,thestatsapi,1.29,0.62,5,6,17,9,6,6,15,17,2,3,,
comp_4795,Brasileirão Série A,2025-11-05,18:00,Atlético Mineiro,Bahia,3,0,3-0,finished,32,,thestatsapi,1.3,0.68,14,3,23,12,7,4,6,8,2,2,,
comp_4795,Brasileirão Série A,2025-11-05,17:30,Botafogo,Vasco da Gama,3,0,3-0,finished,32,,thestatsapi,2.83,0.98,8,3,23,12,9,0,10,11,3,2,,
comp_4795,Brasileirão Série A,2025-11-05,17:00,Sport Recife,Juventude,0,2,0-2,finished,32,,thestatsapi,0.94,1.77,4,5,14,7,2,4,21,19,3,3,,
comp_4795,Brasileirão Série A,2025-11-05,17:00,Vitória,Internacional,1,0,1-0,finished,32,,thestatsapi,1.04,0.73,4,4,11,9,3,4,13,21,3,4,,
comp_4795,Brasileirão Série A,2025-11-05,17:00,Red Bull Bragantino,Corinthians,2,1,2-1,finished,32,,thestatsapi,2.14,0.43,6,1,19,8,6,4,20,15,7,6,,
comp_4795,Brasileirão Série A,2025-11-02,18:30,Vasco da Gama,São Paulo,0,2,0-2,finished,31,,thestatsapi,1.42,1.92,6,5,25,11,8,6,11,15,2,2,,
comp_4795,Brasileirão Série A,2025-11-02,16:30,Juventude,Palmeiras,0,2,0-2,finished,31,,thestatsapi,0.66,1.06,4,1,13,14,10,5,16,15,2,1,,
comp_4795,Brasileirão Série A,2025-11-02,16:30,Internacional,Atlético Mineiro,0,0,0-0,finished,31,,thestatsapi,1.86,0.27,7,1,22,6,9,2,18,10,7,4,,
comp_4795,Brasileirão Série A,2025-11-02,14:00,Ceará,Fluminense,2,0,2-0,finished,31,,thestatsapi,1.12,0.29,4,5,14,4,5,3,14,15,3,0,,
comp_4795,Brasileirão Série A,2025-11-02,14:00,Bahia,Red Bull Bragantino,2,1,2-1,finished,31,,thestatsapi,1.51,0.84,4,3,17,7,6,3,11,20,3,5,,
comp_4795,Brasileirão Série A,2025-11-02,14:00,Corinthians,Grêmio,2,0,2-0,finished,31,,thestatsapi,2.93,0.83,5,8,13,14,4,3,14,8,3,3,,
comp_4795,Brasileirão Série A,2025-11-01,19:00,Flamengo,Sport Recife,3,0,3-0,finished,31,,thestatsapi,2.59,0.13,9,8,24,4,11,2,16,15,3,2,,
comp_4795,Brasileirão Série A,2025-11-01,16:00,Mirassol,Botafogo,0,0,0-0,finished,31,,thestatsapi,0.9,0.38,7,2,10,10,1,1,11,22,1,4,,
comp_4795,Brasileirão Série A,2025-11-01,14:00,Cruzeiro,Vitória,3,1,3-1,finished,31,,thestatsapi,1.04,0.55,5,3,13,10,10,7,15,10,4,4,,
comp_4795,Brasileirão Série A,2025-11-01,14:00,Santos,Fortaleza,1,1,1-1,finished,31,,thestatsapi,1.25,0.7,7,4,15,13,4,8,15,22,4,2,,
comp_4795,Brasileirão Série A,2025-10-29,17:00,Fluminense,Ceará,1,0,1-0,finished,12,,thestatsapi,1,0.18,9,3,12,6,5,0,17,10,5,2,,
comp_4795,Brasileirão Série A,2025-10-26,18:30,Palmeiras,Cruzeiro,0,0,0-0,finished,30,,thestatsapi,1.07,0.94,4,8,13,10,4,4,24,16,2,6,,
comp_4795,Brasileirão Série A,2025-10-26,16:30,Red Bull Bragantino,Vasco da Gama,0,3,0-3,finished,30,,thestatsapi,0.63,1.68,5,3,11,8,1,5,11,7,1,1,,
comp_4795,Brasileirão Série A,2025-10-26,14:00,Grêmio,Juventude,3,1,3-1,finished,30,,thestatsapi,2.67,0.34,4,3,20,9,7,4,11,32,3,8,,
comp_4795,Brasileirão Série A,2025-10-26,14:00,Botafogo,Santos,2,2,2-2,finished,30,,thestatsapi,1.59,1.41,6,6,18,9,9,7,14,8,4,4,,
comp_4795,Brasileirão Série A,2025-10-25,19:30,São Paulo,Bahia,2,0,2-0,finished,30,,thestatsapi,1.51,0.87,5,4,14,9,5,3,10,10,2,4,,
comp_4795,Brasileirão Série A,2025-10-25,17:30,Fortaleza,Flamengo,1,0,1-0,finished,30,,thestatsapi,0.89,1.19,5,11,5,18,2,3,10,13,1,1,,
comp_4795,Brasileirão Série A,2025-10-25,16:30,Sport Recife,Mirassol,1,2,1-2,finished,30,,thestatsapi,0.55,0.86,7,1,11,14,3,5,6,9,1,2,,
comp_4795,Brasileirão Série A,2025-10-25,15:30,Fluminense,Internacional,1,0,1-0,finished,30,,thestatsapi,2.25,1.08,6,3,21,8,7,0,13,10,0,2,,
comp_4795,Brasileirão Série A,2025-10-25,14:00,Vitória,Corinthians,0,1,0-1,finished,30,,thestatsapi,0.95,1.22,5,6,11,11,2,5,23,13,6,5,,
comp_4795,Brasileirão Série A,2025-10-25,14:00,Atlético Mineiro,Ceará,1,0,1-0,finished,30,,thestatsapi,0.31,1.9,3,7,6,16,3,6,9,13,3,0,,
comp_4795,Brasileirão Série A,2025-10-22,17:00,Bahia,Internacional,1,0,1-0,finished,14,,thestatsapi,1.95,0.46,6,5,18,9,7,2,9,13,1,2,,
comp_4795,Brasileirão Série A,2025-10-20,19:30,Santos,Vitória,0,1,0-1,finished,29,final,thestatsapi,0.9,1.87,0,0,0,0,0,0,0,0,0,0,,
comp_4795,Brasileirão Série A,2025-10-20,17:30,Vasco da Gama,Fluminense,2,0,2-0,finished,29,final,thestatsapi,0.98,0.56,0,0,0,0,0,0,0,0,0,0,,
comp_4795,Brasileirão Série A,2025-10-20,17:00,Juventude,Red Bull Bragantino,1,0,1-0,finished,29,final,thestatsapi,0.84,0.2,4,2,19,10,3,2,24,22,3,1,,
comp_4795,Brasileirão Série A,2025-10-19,18:30,Bahia,Grêmio,4,0,4-0,finished,29,final,thestatsapi,2.51,0.78,11,5,23,13,10,1,0,0,2,1,,
comp_4795,Brasileirão Série A,2025-10-19,16:30,Ceará,Botafogo,0,2,0-2,finished,29,final,thestatsapi,0.9,1.36,9,5,21,10,3,4,0,0,2,3,,
comp_4795,Brasileirão Série A,2025-10-19,16:30,Internacional,Sport Recife,2,0,2-0,finished,29,final,thestatsapi,1.8,1,3,6,13,13,5,2,0,0,3,2,,
comp_4795,Brasileirão Série A,2025-10-19,16:30,Mirassol,São Paulo,3,0,3-0,finished,29,final,thestatsapi,3.14,0.45,3,7,11,10,8,3,11,17,3,3,,
comp_4795,Brasileirão Série A,2025-10-19,14:00,Flamengo,Palmeiras,3,2,3-2,finished,29,final,thestatsapi,1.74,1.19,1,8,8,20,4,9,13,16,4,2,,
comp_4795,Brasileirão Série A,2025-10-18,19:00,Cruzeiro,Fortaleza,1,0,1-0,finished,29,final,thestatsapi,1.68,1.02,3,6,10,18,4,4,0,0,1,5,,
comp_4795,Brasileirão Série A,2025-10-18,16:30,Corinthians,Atlético Mineiro,1,0,1-0,finished,29,final,thestatsapi,1.38,0.23,5,3,13,8,1,1,15,20,3,3,,
comp_4795,Brasileirão Série A,2025-10-16,19:30,Vitória,Bahia,2,1,2-1,finished,28,semi_final,thestatsapi,2.11,0.83,4,3,9,11,5,6,20,8,7,2,,
comp_4795,Brasileirão Série A,2025-10-16,19:30,Fluminense,Juventude,1,0,1-0,finished,28,semi_final,thestatsapi,0.67,0.45,8,2,13,9,1,1,0,0,2,6,,
comp_4795,Brasileirão Série A,2025-10-16,17:00,Grêmio,São Paulo,2,0,2-0,finished,28,semi_final,thestatsapi,2.79,0.97,5,3,18,14,7,1,0,0,1,3,,
comp_4795,Brasileirão Série A,2025-10-15,19:30,Fortaleza,Vasco da Gama,0,2,0-2,finished,28,semi_final,thestatsapi,2.25,0.49,10,2,27,6,9,3,0,0,5,2,,
comp_4795,Brasileirão Série A,2025-10-15,19:30,Atlético Mineiro,Cruzeiro,1,1,1-1,finished,28,semi_final,thestatsapi,0.95,0.59,2,1,23,4,4,2,0,0,4,4,,
comp_4795,Brasileirão Série A,2025-10-15,19:30,Santos,Corinthians,3,1,3-1,finished,28,semi_final,thestatsapi,1.56,0.62,5,4,19,5,5,1,0,0,3,5,,
comp_4795,Brasileirão Série A,2025-10-15,18:00,Sport Recife,Ceará,1,1,1-1,finished,28,semi_final,thestatsapi,1.49,0.71,5,4,17,15,6,8,0,0,4,2,,
comp_4795,Brasileirão Série A,2025-10-15,18:00,Mirassol,Internacional,3,1,3-1,finished,28,semi_final,thestatsapi,1.55,0.98,7,2,13,6,4,3,0,0,2,2,,
comp_4795,Brasileirão Série A,2025-10-15,17:30,Botafogo,Flamengo,0,3,0-3,finished,28,semi_final,thestatsapi,1.06,0.96,3,2,16,11,5,5,0,0,5,5,,
comp_4795,Brasileirão Série A,2025-10-15,17:00,Palmeiras,Red Bull Bragantino,5,1,5-1,finished,28,semi_final,thestatsapi,2.94,1.13,8,3,26,6,12,2,0,0,2,4,,
comp_4795,Brasileirão Série A,2025-10-11,17:00,Palmeiras,Juventude,4,1,4-1,finished,12,,thestatsapi,1.74,0.65,6,0,19,8,10,1,9,15,1,2,,
comp_4795,Brasileirão Série A,2025-10-08,19:00,Mirassol,Fluminense,2,1,2-1,finished,13,,thestatsapi,1.23,0.88,5,5,11,12,6,3,13,13,3,4,,
comp_4795,Brasileirão Série A,2025-10-08,17:00,Atlético Mineiro,Sport Recife,3,1,3-1,finished,14,,thestatsapi,1.86,2.61,5,9,15,19,5,2,13,8,4,2,,
comp_4795,Brasileirão Série A,2025-10-05,18:30,Ceará,Santos,3,0,3-0,finished,27,quarter_final,thestatsapi,1.2,1.51,2,7,10,17,4,5,16,16,1,3,,
comp_4795,Brasileirão Série A,2025-10-05,18:30,Cruzeiro,Sport Recife,1,1,1-1,finished,27,quarter_final,thestatsapi,1.74,2.29,10,3,27,17,7,5,11,15,1,2,,
comp_4795,Brasileirão Série A,2025-10-05,16:30,Juventude,Fortaleza,1,2,1-2,finished,27,quarter_final,thestatsapi,1.83,1.66,8,1,16,8,7,3,14,15,2,3,,
comp_4795,Brasileirão Série A,2025-10-05,16:30,Bahia,Flamengo,1,0,1-0,finished,27,quarter_final,thestatsapi,0.55,0.44,3,1,11,8,4,3,22,14,3,4,,
comp_4795,Brasileirão Série A,2025-10-05,14:00,São Paulo,Palmeiras,2,3,2-3,finished,27,quarter_final,thestatsapi,1.85,1.4,4,7,12,14,5,7,12,12,3,6,,
comp_4795,Brasileirão Série A,2025-10-05,14:00,Vasco da Gama,Vitória,4,3,4-3,finished,27,quarter_final,thestatsapi,2.88,1.35,5,0,13,7,7,3,11,14,1,3,,
comp_4795,Brasileirão Série A,2025-10-04,19:00,Corinthians,Mirassol,3,0,3-0,finished,27,quarter_final,thestatsapi,2.03,1.76,2,6,10,20,3,0,19,14,2,2,,
comp_4795,Brasileirão Série A,2025-10-04,16:30,Internacional,Botafogo,2,0,2-0,finished,27,quarter_final,thestatsapi,1.19,0.59,6,4,15,13,7,3,15,11,2,2,,
comp_4795,Brasileirão Série A,2025-10-04,16:30,Red Bull Bragantino,Grêmio,1,0,1-0,finished,27,quarter_final,thestatsapi,3.05,0.24,6,2,28,5,7,1,18,7,2,4,,
comp_4795,Brasileirão Série A,2025-10-04,16:30,Fluminense,Atlético Mineiro,3,0,3-0,finished,27,quarter_final,thestatsapi,1.69,0.14,4,2,14,5,10,1,12,14,2,4,,
comp_4795,Brasileirão Série A,2025-10-02,18:30,Flamengo,Cruzeiro,0,0,0-0,finished,26,,thestatsapi,0.9,0.87,4,2,15,11,2,5,16,19,3,7,,
comp_4795,Brasileirão Série A,2025-10-02,17:30,Fortaleza,São Paulo,0,2,0-2,finished,26,,thestatsapi,1,1.43,8,6,25,8,6,3,12,9,3,0,,
comp_4795,Brasileirão Série A,2025-10-02,17:00,Vitória,Ceará,1,0,1-0,finished,26,,thestatsapi,2.03,0.55,6,3,9,14,3,3,14,15,4,1,,
comp_4795,Brasileirão Série A,2025-10-01,19:30,Santos,Grêmio,1,1,1-1,finished,26,,thestatsapi,2.51,0.68,10,0,24,4,7,1,20,18,3,3,,
comp_4795,Brasileirão Série A,2025-10-01,19:30,Botafogo,Bahia,2,1,2-1,finished,26,,thestatsapi,1.5,0.28,6,4,15,10,7,2,19,10,4,5,,
comp_4795,Brasileirão Série A,2025-10-01,17:30,Internacional,Corinthians,1,1,1-1,finished,26,,thestatsapi,1.49,0.65,3,4,10,5,4,2,21,16,4,5,,
comp_4795,Brasileirão Série A,2025-10-01,17:00,Sport Recife,Fluminense,2,2,2-2,finished,26,,thestatsapi,1.13,1.72,3,1,12,11,4,5,15,13,3,1,,
comp_4795,Brasileirão Série A,2025-10-01,17:00,Mirassol,Red Bull Bragantino,1,1,1-1,finished,26,,thestatsapi,0.82,1.56,12,5,14,12,5,4,13,18,2,3,,
comp_4795,Brasileirão Série A,2025-10-01,17:00,Palmeiras,Vasco da Gama,3,0,3-0,finished,26,,thestatsapi,2.02,0.78,1,3,11,9,6,3,7,15,1,1,,
comp_4795,Brasileirão Série A,2025-09-30,19:30,Atlético Mineiro,Juventude,0,0,0-0,finished,26,,thestatsapi,1.25,0.24,5,1,13,6,1,2,12,16,3,4,,
comp_4795,Brasileirão Série A,2025-09-29,18:00,São Paulo,Ceará,0,1,0-1,finished,25,,thestatsapi,0.79,0.71,7,3,15,7,2,6,14,18,2,3,,
comp_4795,Brasileirão Série A,2025-09-28,18:30,Corinthians,Flamengo,1,2,1-2,finished,25,,thestatsapi,2.04,0.64,5,3,16,13,5,2,16,21,3,5,,
comp_4795,Brasileirão Série A,2025-09-28,16:30,Red Bull Bragantino,Santos,2,2,2-2,finished,25,,thestatsapi,0.73,1.2,5,7,8,18,2,7,10,11,3,2,,
comp_4795,Brasileirão Série A,2025-09-28,14:00,Bahia,Palmeiras,1,0,1-0,finished,25,,thestatsapi,0.55,0.58,1,4,12,11,5,4,13,18,5,2,,
comp_4795,Brasileirão Série A,2025-09-28,14:00,Fluminense,Botafogo,2,0,2-0,finished,25,,thestatsapi,0.95,0.76,4,2,8,12,3,1,10,13,2,2,,
comp_4795,Brasileirão Série A,2025-09-28,09:00,Grêmio,Vitória,3,1,3-1,finished,25,,thestatsapi,1.64,1.05,1,5,10,6,6,4,8,13,1,4,,
comp_4795,Brasileirão Série A,2025-09-27,19:00,Atlético Mineiro,Mirassol,1,0,1-0,finished,25,,thestatsapi,1.18,1.12,4,11,11,24,5,5,11,8,4,3,,
comp_4795,Brasileirão Série A,2025-09-27,16:30,Juventude,Internacional,1,1,1-1,finished,25,,thestatsapi,0.53,1.15,7,1,14,5,3,2,20,18,2,2,,
comp_4795,Brasileirão Série A,2025-09-27,16:30,Vasco da Gama,Cruzeiro,2,0,2-0,finished,25,,thestatsapi,1.01,1.38,3,9,12,21,4,3,13,13,2,1,,
comp_4795,Brasileirão Série A,2025-09-27,14:00,Fortaleza,Sport Recife,1,0,1-0,finished,25,,thestatsapi,1.01,0.68,8,5,15,12,5,6,17,16,2,3,,
comp_4795,Brasileirão Série A,2025-09-24,17:30,Grêmio,Botafogo,1,1,1-1,finished,16,,thestatsapi,1.82,1.18,7,1,17,12,4,4,7,17,1,4,,
comp_4795,Brasileirão Série A,2025-09-24,17:30,Vasco da Gama,Bahia,3,1,3-1,finished,16,,thestatsapi,2,0.75,6,2,19,9,6,3,20,13,1,2,,
comp_4795,Brasileirão Série A,2025-09-21,18:30,Cruzeiro,Red Bull Bragantino,2,1,2-1,finished,24,,thestatsapi,0.57,0.68,7,4,13,8,3,6,10,18,6,6,,
comp_4795,Brasileirão Série A,2025-09-21,18:30,Santos,São Paulo,1,0,1-0,finished,24,,thestatsapi,1.68,0.28,4,3,19,4,4,1,16,17,3,3,,
comp_4795,Brasileirão Série A,2025-09-21,15:30,Sport Recife,Corinthians,1,0,1-0,finished,24,,thestatsapi,1.05,0.66,8,7,12,19,3,3,17,9,6,1,,
comp_4795,Brasileirão Série A,2025-09-21,15:30,Internacional,Grêmio,2,3,2-3,finished,24,,thestatsapi,4.28,0.65,8,1,19,6,6,3,18,15,5,2,,
comp_4795,Brasileirão Série A,2025-09-21,15:30,Flamengo,Vasco da Gama,1,1,1-1,finished,24,,thestatsapi,2.63,0.54,3,7,14,11,3,4,15,12,2,3,,
comp_4795,Brasileirão Série A,2025-09-21,14:00,Mirassol,Juventude,2,0,2-0,finished,24,,thestatsapi,1.48,0.53,4,11,16,11,4,3,10,10,1,2,,
comp_4795,Brasileirão Série A,2025-09-20,19:00,Palmeiras,Fortaleza,4,1,4-1,finished,24,,thestatsapi,2.38,1.07,11,2,23,8,9,5,11,15,1,1,,
comp_4795,Brasileirão Série A,2025-09-20,16:30,Ceará,Bahia,1,1,1-1,finished,24,,thestatsapi,2.15,1.21,3,6,15,14,5,5,13,11,3,1,,
comp_4795,Brasileirão Série A,2025-09-20,16:30,Botafogo,Atlético Mineiro,1,0,1-0,finished,24,,thestatsapi,0.74,0.73,7,4,8,13,2,2,14,9,5,2,,
comp_4795,Brasileirão Série A,2025-09-20,14:00,Vitória,Fluminense,0,1,0-1,finished,24,,thestatsapi,1.22,0.7,10,6,17,11,4,4,17,14,3,3,,
comp_4795,Brasileirão Série A,2025-09-17,17:30,Botafogo,Mirassol,3,3,3-3,finished,12,,thestatsapi,2.17,1.61,6,5,15,12,4,6,18,11,4,1,,
comp_4795,Brasileirão Série A,2025-09-15,18:00,Bahia,Cruzeiro,1,2,1-2,finished,23,,thestatsapi,0.53,0.78,6,5,13,10,5,3,11,12,1,3,,
comp_4795,Brasileirão Série A,2025-09-14,18:30,Vasco da Gama,Ceará,2,2,2-2,finished,23,,thestatsapi,0.92,1.46,3,3,16,12,5,7,19,10,3,2,,
comp_4795,Brasileirão Série A,2025-09-14,15:30,São Paulo,Botafogo,1,0,1-0,finished,23,,thestatsapi,1.62,0.59,4,4,11,12,3,2,11,14,3,1,,
comp_4795,Brasileirão Série A,2025-09-14,14:00,Juventude,Flamengo,0,2,0-2,finished,23,,thestatsapi,0.37,1.25,6,7,6,13,1,4,16,12,2,2,,
comp_4795,Brasileirão Série A,2025-09-14,14:00,Atlético Mineiro,Santos,1,1,1-1,finished,23,,thestatsapi,1.31,1.28,7,3,17,12,5,5,12,15,2,4,,
comp_4795,Brasileirão Série A,2025-09-14,09:00,Red Bull Bragantino,Sport Recife,1,1,1-1,finished,23,,thestatsapi,3.04,1.51,5,7,21,16,9,8,11,11,2,3,,
comp_4795,Brasileirão Série A,2025-09-13,19:00,Fluminense,Corinthians,0,1,0-1,finished,23,,thestatsapi,0.78,0.05,5,4,16,2,4,1,16,19,1,5,,
comp_4795,Brasileirão Série A,2025-09-13,16:30,Palmeiras,Internacional,4,1,4-1,finished,23,,thestatsapi,2.51,0.24,7,1,20,7,8,3,10,16,1,2,,
comp_4795,Brasileirão Série A,2025-09-13,14:00,Fortaleza,Vitória,2,0,2-0,finished,23,,thestatsapi,0.96,0.58,4,2,13,11,5,3,14,15,3,6,,
comp_4795,Brasileirão Série A,2025-09-13,14:00,Grêmio,Mirassol,0,1,0-1,finished,23,,thestatsapi,1.17,1.92,6,3,15,16,5,6,13,15,2,2,,
comp_4795,Brasileirão Série A,2025-08-31,18:30,Sport Recife,Vasco da Gama,2,3,2-3,finished,22,,thestatsapi,1.52,1.62,10,5,14,10,4,7,9,10,2,1,,
comp_4795,Brasileirão Série A,2025-08-31,18:30,Internacional,Fortaleza,2,1,2-1,finished,22,,thestatsapi,2.52,0.53,4,5,15,10,6,3,16,14,1,1,,
comp_4795,Brasileirão Série A,2025-08-31,16:30,Vitória,Atlético Mineiro,1,0,1-0,finished,22,,thestatsapi,0.85,0.66,2,5,14,20,4,5,20,13,2,3,,
comp_4795,Brasileirão Série A,2025-08-31,16:30,Mirassol,Bahia,5,1,5-1,finished,22,,thestatsapi,2.96,0.64,4,2,14,13,9,6,13,7,0,0,,
comp_4795,Brasileirão Série A,2025-08-31,16:30,Corinthians,Palmeiras,1,1,1-1,finished,22,,thestatsapi,0.38,2.14,3,10,9,19,1,7,18,16,2,3,,
comp_4795,Brasileirão Série A,2025-08-31,14:00,Santos,Fluminense,0,0,0-0,finished,22,,thestatsapi,0.61,0.22,6,1,9,5,2,0,13,19,3,4,,
comp_4795,Brasileirão Série A,2025-08-31,14:00,Flamengo,Grêmio,1,1,1-1,finished,22,,thestatsapi,1.6,0.93,13,0,21,6,6,1,18,11,1,2,,
comp_4795,Brasileirão Série A,2025-08-30,19:00,Cruzeiro,São Paulo,1,0,1-0,finished,22,,thestatsapi,0.87,1.11,6,9,12,14,7,5,11,9,2,4,,
comp_4795,Brasileirão Série A,2025-08-30,16:30,Botafogo,Red Bull Bragantino,4,1,4-1,finished,22,,thestatsapi,1.73,0.28,6,8,17,7,6,3,10,15,0,2,,
comp_4795,Brasileirão Série A,2025-08-30,14:00,Ceará,Juventude,0,1,0-1,finished,22,,thestatsapi,0.73,0.4,4,5,13,10,7,2,17,26,0,6,,
comp_4795,Brasileirão Série A,2025-08-25,19:00,Flamengo,Vitória,8,0,8-0,finished,21,,thestatsapi,4.01,0.1,8,1,20,2,11,1,17,6,0,0,,
comp_4795,Brasileirão Série A,2025-08-25,17:00,Palmeiras,Sport Recife,3,0,3-0,finished,21,,thestatsapi,3.21,0.35,6,3,22,10,8,1,14,12,0,2,,
comp_4795,Brasileirão Série A,2025-08-24,18:30,São Paulo,Atlético Mineiro,2,0,2-0,finished,21,,thestatsapi,1.64,0.1,5,1,10,4,5,0,20,17,1,2,,
comp_4795,Brasileirão Série A,2025-08-24,16:30,Juventude,Botafogo,1,3,1-3,finished,21,,thestatsapi,0.82,1.67,5,3,16,13,6,6,10,17,0,2,,
comp_4795,Brasileirão Série A,2025-08-24,16:30,Fortaleza,Mirassol,0,1,0-1,finished,21,,thestatsapi,1.63,0.82,11,3,14,7,6,4,15,13,4,2,,
comp_4795,Brasileirão Série A,2025-08-24,14:00,Bahia,Santos,2,0,2-0,finished,21,,thestatsapi,0.59,0.28,3,0,12,8,4,3,12,17,2,1,,
comp_4795,Brasileirão Série A,2025-08-24,14:00,Vasco da Gama,Corinthians,2,3,2-3,finished,21,,thestatsapi,1.39,2.05,3,5,12,14,3,7,16,20,3,2,,
comp_4795,Brasileirão Série A,2025-08-23,19:00,Grêmio,Ceará,0,0,0-0,finished,21,,thestatsapi,1.56,1.49,4,1,13,16,5,4,14,12,2,2,,
comp_4795,Brasileirão Série A,2025-08-23,16:30,Cruzeiro,Internacional,2,1,2-1,finished,21,,thestatsapi,1.13,0.21,5,1,15,4,7,3,10,18,1,5,,
comp_4795,Brasileirão Série A,2025-08-23,14:00,Red Bull Bragantino,Fluminense,4,2,4-2,finished,21,,thestatsapi,1.9,1.29,2,11,8,21,5,7,18,9,3,4,,
comp_4795,Brasileirão Série A,2025-08-20,17:00,Juventude,Vasco da Gama,2,0,2-0,finished,14,,thestatsapi,1.26,0.55,1,5,10,14,5,2,9,11,2,1,,
comp_4795,Brasileirão Série A,2025-08-18,18:00,Mirassol,Cruzeiro,1,1,1-1,finished,20,,thestatsapi,1.35,1.19,7,2,21,8,3,3,16,13,3,4,,
comp_4795,Brasileirão Série A,2025-08-17,18:30,Botafogo,Palmeiras,0,1,0-1,finished,20,,thestatsapi,1.54,1.1,4,3,15,9,6,2,7,6,1,2,,
comp_4795,Brasileirão Série A,2025-08-17,16:30,Internacional,Flamengo,1,3,1-3,finished,20,,thestatsapi,1.4,1.32,10,5,14,16,6,3,12,8,2,0,,
comp_4795,Brasileirão Série A,2025-08-17,14:00,Atlético Mineiro,Grêmio,1,3,1-3,finished,20,,thestatsapi,0.24,1.06,4,4,10,8,3,4,19,12,2,2,,
comp_4795,Brasileirão Série A,2025-08-17,14:00,Santos,Vasco da Gama,0,6,0-6,finished,20,,thestatsapi,0.63,1.98,3,3,7,14,2,9,11,12,2,4,,
comp_4795,Brasileirão Série A,2025-08-16,19:00,Corinthians,Bahia,1,2,1-2,finished,20,,thestatsapi,2.26,1.05,9,1,25,8,7,5,15,21,2,3,,
comp_4795,Brasileirão Série A,2025-08-16,16:30,Sport Recife,São Paulo,2,2,2-2,finished,20,,thestatsapi,0.79,1.33,4,10,8,18,5,8,17,19,4,1,,
comp_4795,Brasileirão Série A,2025-08-16,16:30,Vitória,Juventude,2,2,2-2,finished,20,,thestatsapi,2.1,1.79,4,6,18,13,4,4,9,14,1,3,,
comp_4795,Brasileirão Série A,2025-08-16,14:00,Ceará,Red Bull Bragantino,1,0,1-0,finished,20,,thestatsapi,0.89,0.25,3,4,10,9,4,2,23,16,3,4,,
comp_4795,Brasileirão Série A,2025-08-16,14:00,Fluminense,Fortaleza,2,1,2-1,finished,20,,thestatsapi,0.92,1.95,2,6,10,12,3,5,10,18,2,4,,
comp_4795,Brasileirão Série A,2025-08-11,18:00,Juventude,Corinthians,2,1,2-1,finished,19,,thestatsapi,1.61,0.71,3,2,12,11,4,3,22,12,6,5,,
comp_4795,Brasileirão Série A,2025-08-10,18:30,Grêmio,Sport Recife,0,1,0-1,finished,19,,thestatsapi,1.08,1.1,3,2,14,12,6,3,10,19,2,0,,
comp_4795,Brasileirão Série A,2025-08-10,16:30,Cruzeiro,Santos,1,2,1-2,finished,19,,thestatsapi,2.36,1.93,15,3,19,9,4,2,17,12,5,3,,
comp_4795,Brasileirão Série A,2025-08-10,14:00,Palmeiras,Ceará,2,1,2-1,finished,19,,thestatsapi,1.24,0.34,3,3,8,7,5,4,8,12,1,3,,
comp_4795,Brasileirão Série A,2025-08-10,14:00,Vasco da Gama,Atlético Mineiro,1,1,1-1,finished,19,,thestatsapi,1.78,1.21,6,10,15,17,4,4,10,9,3,1,,
comp_4795,Brasileirão Série A,2025-08-09,19:00,Bahia,Fluminense,3,3,3-3,finished,19,,thestatsapi,1.44,0.58,8,2,17,8,6,5,17,13,2,2,,
comp_4795,Brasileirão Série A,2025-08-09,18:30,Fortaleza,Botafogo,0,5,0-5,finished,19,,thestatsapi,0.43,1.88,2,8,9,21,1,12,8,12,2,0,,
comp_4795,Brasileirão Série A,2025-08-09,16:30,Red Bull Bragantino,Internacional,1,3,1-3,finished,19,,thestatsapi,1.28,2.65,8,6,17,14,8,6,7,12,1,2,,
comp_4795,Brasileirão Série A,2025-08-09,16:30,São Paulo,Vitória,2,0,2-0,finished,19,,thestatsapi,2.29,0.3,4,3,23,5,3,1,16,10,3,3,,
comp_4795,Brasileirão Série A,2025-08-09,16:30,Flamengo,Mirassol,2,1,2-1,finished,19,,thestatsapi,1.46,2.28,11,10,24,14,8,5,23,13,1,1,,
comp_4795,Brasileirão Série A,2025-08-04,18:00,Santos,Juventude,3,1,3-1,finished,18,,thestatsapi,2.63,1.63,3,8,19,20,8,10,18,17,3,3,,
comp_4795,Brasileirão Série A,2025-08-03,18:30,Internacional,São Paulo,1,2,1-2,finished,18,,thestatsapi,1.45,0.47,4,5,11,9,4,4,23,19,2,2,,
comp_4795,Brasileirão Série A,2025-08-03,17:30,Vitória,Palmeiras,2,2,2-2,finished,18,,thestatsapi,0.99,1.72,6,2,15,13,6,4,13,21,4,2,,
comp_4795,Brasileirão Série A,2025-08-03,16:30,Ceará,Flamengo,1,1,1-1,finished,18,,thestatsapi,0.61,1.25,3,7,9,14,4,4,14,12,3,2,,
comp_4795,Brasileirão Série A,2025-08-03,16:30,Atlético Mineiro,Red Bull Bragantino,2,1,2-1,finished,18,,thestatsapi,3.12,0.72,9,0,29,4,10,3,13,11,1,4,,
comp_4795,Brasileirão Série A,2025-08-03,14:00,Corinthians,Fortaleza,1,1,1-1,finished,18,,thestatsapi,1.86,1.04,5,3,18,8,5,3,10,17,0,2,,
comp_4795,Brasileirão Série A,2025-08-03,14:00,Botafogo,Cruzeiro,0,2,0-2,finished,18,,thestatsapi,0.71,1.58,6,5,11,11,2,4,15,7,3,2,,
comp_4795,Brasileirão Série A,2025-08-02,19:00,Fluminense,Grêmio,1,0,1-0,finished,18,,thestatsapi,1.6,0.35,6,4,9,9,1,0,11,16,1,3,,
comp_4795,Brasileirão Série A,2025-08-02,16:30,Mirassol,Vasco da Gama,3,2,3-2,finished,18,,thestatsapi,1.13,1.35,4,4,13,11,4,6,12,14,0,1,,
comp_4795,Brasileirão Série A,2025-08-02,14:00,Sport Recife,Bahia,0,0,0-0,finished,18,,thestatsapi,0.45,0.9,3,6,5,14,1,2,12,8,1,1,,
comp_4795,Brasileirão Série A,2025-07-29,18:30,Grêmio,Fortaleza,2,1,2-1,finished,14,,thestatsapi,2.79,1.51,2,5,10,12,4,3,24,26,3,6,,
comp_4795,Brasileirão Série A,2025-07-27,18:30,Flamengo,Atlético Mineiro,1,0,1-0,finished,17,,thestatsapi,0.82,1.12,5,7,16,13,6,5,18,14,4,4,,
comp_4795,Brasileirão Série A,2025-07-27,16:30,Bahia,Juventude,3,0,3-0,finished,17,,thestatsapi,2.19,0.16,2,1,17,3,8,0,18,15,1,2,,
comp_4795,Brasileirão Série A,2025-07-27,16:30,Internacional,Vasco da Gama,1,1,1-1,finished,17,,thestatsapi,1.42,0.99,10,5,27,15,8,5,10,14,1,4,,
comp_4795,Brasileirão Série A,2025-07-27,14:00,Cruzeiro,Ceará,1,2,1-2,finished,17,,thestatsapi,1.38,0.68,10,3,16,9,4,3,8,11,0,1,,
comp_4795,Brasileirão Série A,2025-07-27,14:00,São Paulo,Fluminense,3,1,3-1,finished,17,,thestatsapi,2.25,0.3,7,3,15,7,9,1,13,11,3,4,,
comp_4795,Brasileirão Série A,2025-07-26,19:00,Palmeiras,Grêmio,1,0,1-0,finished,17,,thestatsapi,0.57,0.76,2,3,10,5,3,3,20,21,1,2,,
comp_4795,Brasileirão Série A,2025-07-26,16:30,Sport Recife,Santos,2,2,2-2,finished,17,,thestatsapi,1.92,0.76,4,3,16,9,4,5,24,17,3,2,,
comp_4795,Brasileirão Série A,2025-07-26,16:30,Fortaleza,Red Bull Bragantino,3,1,3-1,finished,17,,thestatsapi,2.35,0.75,9,5,21,10,9,4,16,13,4,4,,
comp_4795,Brasileirão Série A,2025-07-26,16:30,Mirassol,Vitória,1,1,1-1,finished,17,,thestatsapi,1.74,1.62,8,5,15,16,7,7,12,14,2,1,,
comp_4795,Brasileirão Série A,2025-07-26,16:30,Botafogo,Corinthians,1,1,1-1,finished,17,,thestatsapi,0.79,0.76,6,2,11,11,3,4,20,14,3,2,,
comp_4795,Brasileirão Série A,2025-07-24,17:00,Juventude,São Paulo,0,1,0-1,finished,16,,thestatsapi,0.3,1,4,8,8,16,0,3,15,12,3,2,,
comp_4795,Brasileirão Série A,2025-07-23,19:30,Vitória,Sport Recife,2,2,2-2,finished,16,,thestatsapi,2.88,1.92,6,10,26,20,11,9,12,16,4,3,,
comp_4795,Brasileirão Série A,2025-07-23,19:30,Red Bull Bragantino,Flamengo,1,2,1-2,finished,16,,thestatsapi,0.99,0.75,2,3,10,14,2,6,11,18,1,5,,
comp_4795,Brasileirão Série A,2025-07-23,19:30,Santos,Internacional,1,2,1-2,finished,16,,thestatsapi,2.24,2.5,8,2,21,11,7,4,17,12,4,2,,
comp_4795,Brasileirão Série A,2025-07-23,17:30,Corinthians,Cruzeiro,0,0,0-0,finished,16,,thestatsapi,0.3,0.97,4,2,7,14,4,4,19,17,4,2,,
comp_4795,Brasileirão Série A,2025-07-23,17:00,Ceará,Mirassol,0,2,0-2,finished,16,,thestatsapi,0.88,0.33,14,6,22,4,8,3,13,10,2,3,,
comp_4795,Brasileirão Série A,2025-07-23,17:00,Fluminense,Palmeiras,1,2,1-2,finished,16,,thestatsapi,1.76,1.6,5,3,17,9,1,5,13,15,1,2,,
comp_4795,Brasileirão Série A,2025-07-20,17:30,Flamengo,Fluminense,1,0,1-0,finished,15,,thestatsapi,0.94,0.26,8,3,9,6,3,2,14,6,3,1,,
comp_4795,Brasileirão Série A,2025-07-20,15:30,Sport Recife,Botafogo,0,1,0-1,finished,15,,thestatsapi,1.18,0.83,6,4,12,13,5,5,12,10,1,2,,
comp_4795,Brasileirão Série A,2025-07-20,15:30,Palmeiras,Atlético Mineiro,3,2,3-2,finished,15,,thestatsapi,1.89,0.31,9,0,18,6,7,3,22,16,2,3,,
comp_4795,Brasileirão Série A,2025-07-20,14:00,Vitória,Red Bull Bragantino,1,0,1-0,finished,15,,thestatsapi,0.24,1.25,2,5,9,15,2,3,18,13,3,2,,
comp_4795,Brasileirão Série A,2025-07-20,14:00,Cruzeiro,Juventude,4,0,4-0,finished,15,,thestatsapi,2.87,0.34,8,3,16,6,7,1,15,10,1,2,,
comp_4795,Brasileirão Série A,2025-07-20,09:00,Internacional,Ceará,1,0,1-0,finished,15,,thestatsapi,1.05,0.57,7,5,9,10,4,3,14,6,1,2,,
comp_4795,Brasileirão Série A,2025-07-19,19:00,São Paulo,Corinthians,2,0,2-0,finished,15,,thestatsapi,1.61,1.6,6,5,16,9,3,3,18,9,2,2,,
comp_720692,Primera A Colombia,2026-06-08,17:00,Atlético Nacional,Junior Barranquilla,1,0,1-0,finished,29,final,thestatsapi,2.52,0.41,13,5,35,11,4,3,6,9,3,4,,
comp_720692,Primera A Colombia,2026-06-02,19:30,Junior Barranquilla,Atlético Nacional,3,0,3-0,finished,29,final,thestatsapi,1.76,0.56,6,3,21,9,8,3,13,13,3,5,,
comp_720692,Primera A Colombia,2026-05-23,20:30,Junior Barranquilla,Independiente Santa Fe,0,0,0-0,finished,28,semi_final,thestatsapi,1.02,0.33,7,3,24,4,6,2,14,12,2,3,,
comp_720692,Primera A Colombia,2026-05-23,18:00,Atlético Nacional,Deportes Tolima,3,1,3-1,finished,28,semi_final,thestatsapi,1.44,0.66,7,4,23,14,7,3,15,9,2,1,,
comp_720692,Primera A Colombia,2026-05-16,20:30,Independiente Santa Fe,Junior Barranquilla,1,1,1-1,finished,28,semi_final,thestatsapi,1.96,0.52,6,3,16,14,3,3,5,10,2,2,,
comp_720692,Primera A Colombia,2026-05-16,18:00,Deportes Tolima,Atlético Nacional,0,1,0-1,finished,28,semi_final,thestatsapi,0.38,0.44,8,2,12,9,5,5,10,16,3,1,,
comp_720692,Primera A Colombia,2026-05-13,20:15,Junior Barranquilla,Once Caldas,2,2,2-2,finished,27,quarter_final,thestatsapi,0.98,1.69,5,11,9,20,5,7,15,9,8,3,,
comp_720692,Primera A Colombia,2026-05-13,18:00,Deportivo Pasto,Deportes Tolima,0,2,0-2,finished,27,quarter_final,thestatsapi,0.44,1.12,9,2,7,12,1,4,8,10,0,2,,
comp_720692,Primera A Colombia,2026-05-12,20:30,Independiente Santa Fe,América de Cali,4,0,4-0,finished,27,quarter_final,thestatsapi,2.22,0.38,2,2,13,10,6,3,10,6,3,2,,
comp_720692,Primera A Colombia,2026-05-12,18:20,Atlético Nacional,Internacional de Bogotá,7,1,7-1,finished,27,quarter_final,thestatsapi,4.01,1.1,9,3,22,16,15,6,13,3,0,1,,
comp_720692,Primera A Colombia,2026-05-10,18:10,Once Caldas,Junior Barranquilla,0,1,0-1,finished,27,quarter_final,thestatsapi,1.2,1.26,4,2,23,9,7,3,11,12,1,6,,
comp_720692,Primera A Colombia,2026-05-09,20:20,América de Cali,Independiente Santa Fe,1,1,1-1,finished,27,quarter_final,thestatsapi,0.66,1.16,3,2,12,12,5,5,11,5,1,1,,
comp_720692,Primera A Colombia,2026-05-09,18:10,Deportes Tolima,Deportivo Pasto,1,0,1-0,finished,27,quarter_final,thestatsapi,0.8,0.32,6,6,10,10,5,4,8,6,0,3,,
comp_720692,Primera A Colombia,2026-05-09,16:00,Internacional de Bogotá,Atlético Nacional,1,2,1-2,finished,27,quarter_final,thestatsapi,1.08,1.24,6,3,14,13,4,6,10,12,4,2,,
comp_720692,Primera A Colombia,2026-05-03,17:45,Junior Barranquilla,Deportivo Pasto,4,3,4-3,finished,19,,thestatsapi,1.11,1.75,5,2,9,10,7,5,15,11,2,4,,
comp_720692,Primera A Colombia,2026-05-03,17:45,América de Cali,Deportivo Pereira,1,0,1-0,finished,19,,thestatsapi,1.14,0.44,7,1,15,5,6,0,12,10,3,0,,
comp_720692,Primera A Colombia,2026-05-03,15:30,Alianza Valledupar FC,Millonarios,2,2,2-2,finished,19,,thestatsapi,1.44,2.67,3,8,7,15,4,9,16,8,6,3,,
comp_720692,Primera A Colombia,2026-05-03,15:30,Independiente Medellín,Rionegro Águilas Doradas,1,2,1-2,finished,19,,thestatsapi,2.49,0.47,10,2,21,10,7,4,10,7,5,3,,
comp_720692,Primera A Colombia,2026-05-03,15:30,Deportes Tolima,Deportivo Cali,1,1,1-1,finished,19,,thestatsapi,1.34,1.57,5,3,13,16,4,4,9,11,5,3,,
comp_720692,Primera A Colombia,2026-05-03,15:30,Independiente Santa Fe,Internacional de Bogotá,3,1,3-1,finished,19,,thestatsapi,2.62,0.65,4,1,14,18,7,4,6,8,3,3,,
comp_720692,Primera A Colombia,2026-05-03,15:30,Fortaleza CEIF,Atlético Bucaramanga,2,1,2-1,finished,19,,thestatsapi,0.62,1.99,6,3,10,17,3,3,8,13,1,2,,
comp_720692,Primera A Colombia,2026-05-02,16:00,Jaguares de Córdoba,Cúcuta Deportivo,2,0,2-0,finished,19,,thestatsapi,1.45,0.36,6,4,13,6,5,2,14,7,5,1,,
comp_720692,Primera A Colombia,2026-05-02,14:00,Boyacá Chicó FC,Llaneros FC,3,0,3-0,finished,19,,thestatsapi,2.76,0.44,6,3,19,9,10,2,13,8,2,1,,
comp_720692,Primera A Colombia,2026-05-01,18:00,Once Caldas,Atlético Nacional,1,0,1-0,finished,19,,thestatsapi,1.43,1.47,9,4,17,13,8,5,8,8,3,2,,
comp_720692,Primera A Colombia,2026-04-26,20:20,Internacional de Bogotá,Boyacá Chicó FC,4,0,4-0,finished,18,,thestatsapi,1.91,0.82,2,8,9,13,7,3,11,8,3,3,,
comp_720692,Primera A Colombia,2026-04-26,18:10,Llaneros FC,Alianza Valledupar FC,0,0,0-0,finished,18,,thestatsapi,0.63,0.23,7,2,9,8,2,1,12,8,1,4,,
comp_720692,Primera A Colombia,2026-04-26,16:00,Rionegro Águilas Doradas,Once Caldas,2,2,2-2,finished,18,,thestatsapi,1.54,0.64,4,0,14,10,5,5,18,16,5,5,,
comp_720692,Primera A Colombia,2026-04-25,20:30,Independiente Medellín,Fortaleza CEIF,1,0,1-0,finished,18,,thestatsapi,1.06,0.24,6,4,14,4,3,1,8,16,1,2,,
comp_720692,Primera A Colombia,2026-04-25,18:10,Deportivo Cali,América de Cali,1,0,1-0,finished,18,,thestatsapi,1.04,0.19,6,1,14,4,4,2,16,13,1,2,,
comp_720692,Primera A Colombia,2026-04-25,16:00,Deportivo Pereira,Atlético Nacional,1,0,1-0,finished,18,,thestatsapi,0.67,0.5,5,3,13,10,4,0,10,10,5,2,,
comp_720692,Primera A Colombia,2026-04-25,14:00,Atlético Bucaramanga,Jaguares de Córdoba,2,2,2-2,finished,18,,thestatsapi,1.34,0.58,5,0,14,7,6,4,9,4,2,2,,
comp_720692,Primera A Colombia,2026-04-24,16:00,Cúcuta Deportivo,Junior Barranquilla,1,1,1-1,finished,18,,thestatsapi,2.13,0.74,1,3,14,5,3,2,10,16,1,2,,
comp_720692,Primera A Colombia,2026-04-23,20:00,Millonarios,Deportes Tolima,2,0,2-0,finished,18,,thestatsapi,1.51,0.42,6,2,13,9,6,3,12,10,3,3,,
comp_720692,Primera A Colombia,2026-04-23,18:00,Deportivo Pasto,Independiente Santa Fe,1,2,1-2,finished,18,,thestatsapi,0.86,0.79,5,2,14,16,5,8,13,10,4,0,,
comp_720692,Primera A Colombia,2026-04-22,20:30,Fortaleza CEIF,América de Cali,1,2,1-2,finished,5,,thestatsapi,1.67,1.57,5,1,16,11,3,3,11,9,3,4,,
comp_720692,Primera A Colombia,2026-04-22,18:20,Independiente Medellín,Boyacá Chicó FC,2,0,2-0,finished,10,,thestatsapi,1.14,0.41,3,3,10,3,4,2,13,21,3,2,,
comp_720692,Primera A Colombia,2026-04-20,20:30,Atlético Nacional,Atlético Bucaramanga,2,0,2-0,finished,17,,thestatsapi,1.26,0.97,6,4,20,15,9,4,9,5,2,1,,
comp_720692,Primera A Colombia,2026-04-20,18:20,Once Caldas,Internacional de Bogotá,2,1,2-1,finished,17,,thestatsapi,1.25,1.35,6,2,13,10,6,3,11,15,3,5,,
comp_720692,Primera A Colombia,2026-04-19,20:30,América de Cali,Millonarios,3,1,3-1,finished,17,,thestatsapi,1.36,0.84,4,2,14,12,5,4,7,6,3,2,,
comp_720692,Primera A Colombia,2026-04-19,18:20,Junior Barranquilla,Llaneros FC,2,0,2-0,finished,17,,thestatsapi,1.02,1.02,4,12,8,15,3,3,13,8,4,2,,
comp_720692,Primera A Colombia,2026-04-19,16:10,Alianza Valledupar FC,Independiente Medellín,0,1,0-1,finished,17,,thestatsapi,1.23,0.51,6,4,18,8,1,3,13,11,4,4,,
comp_720692,Primera A Colombia,2026-04-19,14:00,Independiente Santa Fe,Cúcuta Deportivo,5,0,5-0,finished,17,,thestatsapi,1.1,0.43,1,6,13,12,5,4,7,8,2,0,,
comp_720692,Primera A Colombia,2026-04-18,20:30,Fortaleza CEIF,Rionegro Águilas Doradas,2,0,2-0,finished,17,,thestatsapi,0.73,0.7,5,2,19,5,4,2,12,8,3,1,,
comp_720692,Primera A Colombia,2026-04-18,18:10,Deportes Tolima,Deportivo Pereira,2,0,2-0,finished,17,,thestatsapi,1.54,0.24,8,3,21,6,6,2,11,6,0,0,,
comp_720692,Primera A Colombia,2026-04-17,16:00,Boyacá Chicó FC,Deportivo Cali,1,0,1-0,finished,17,,thestatsapi,0.41,0.68,5,5,9,8,4,2,13,14,2,3,,
comp_720692,Primera A Colombia,2026-04-17,16:00,Jaguares de Córdoba,Deportivo Pasto,2,3,2-3,finished,17,,thestatsapi,1.54,1.07,4,2,19,11,9,5,14,12,3,6,,
comp_720692,Primera A Colombia,2026-04-12,20:30,Internacional de Bogotá,Alianza Valledupar FC,2,1,2-1,finished,16,,thestatsapi,0.87,0.95,4,6,12,16,6,3,13,8,0,0,,
comp_720692,Primera A Colombia,2026-04-12,18:20,Atlético Bucaramanga,Boyacá Chicó FC,5,0,5-0,finished,16,,thestatsapi,1.16,0.76,3,6,14,7,6,0,14,9,3,5,,
comp_720692,Primera A Colombia,2026-04-12,16:10,Deportivo Cali,Llaneros FC,1,1,1-1,finished,9,,thestatsapi,1.69,0.71,6,5,23,7,3,5,13,10,2,5,,
comp_720692,Primera A Colombia,2026-04-12,14:00,Millonarios,Independiente Santa Fe,1,1,1-1,finished,16,,thestatsapi,1.49,1.04,10,2,19,11,6,4,12,9,5,1,,
comp_720692,Primera A Colombia,2026-04-11,20:20,Independiente Medellín,Atlético Nacional,2,3,2-3,finished,16,,thestatsapi,0.38,1.75,3,5,11,20,8,8,5,10,1,2,,
comp_720692,Primera A Colombia,2026-04-11,16:00,Rionegro Águilas Doradas,Junior Barranquilla,0,3,0-3,finished,16,,thestatsapi,0.9,1.58,8,2,14,9,3,4,7,12,2,4,,
comp_720692,Primera A Colombia,2026-04-10,20:05,Deportivo Pasto,Deportes Tolima,1,0,1-0,finished,16,,thestatsapi,0.2,0.69,1,4,2,9,1,2,10,17,1,2,,
comp_720692,Primera A Colombia,2026-04-10,15:30,Deportivo Pereira,Once Caldas,0,0,0-0,finished,16,,thestatsapi,1.51,0.69,5,8,17,14,4,7,9,5,4,1,,
comp_720692,Primera A Colombia,2026-04-07,16:00,Rionegro Águilas Doradas,Atlético Bucaramanga,2,1,2-1,finished,7,,thestatsapi,0.52,1.29,1,6,5,17,3,3,9,16,4,2,,
comp_720692,Primera A Colombia,2026-04-06,20:10,Atlético Nacional,Jaguares de Córdoba,2,1,2-1,finished,2,,thestatsapi,0.94,0.86,4,2,20,10,6,1,6,6,2,3,,
comp_720692,Primera A Colombia,2026-04-06,15:30,Deportivo Pereira,Alianza Valledupar FC,2,3,2-3,finished,6,,thestatsapi,1.78,1.47,5,5,15,11,6,5,10,13,2,3,,
comp_720692,Primera A Colombia,2026-04-05,16:00,Cúcuta Deportivo,América de Cali,2,0,2-0,finished,16,,thestatsapi,1.13,0.97,5,4,6,18,5,4,11,13,3,5,,
comp_720692,Primera A Colombia,2026-04-04,19:30,Deportes Tolima,Independiente Santa Fe,2,2,2-2,finished,10,,thestatsapi,1.27,1.25,5,3,15,18,4,6,8,6,4,2,,
comp_720692,Primera A Colombia,2026-04-03,20:30,Junior Barranquilla,Deportivo Cali,1,2,1-2,finished,15,,thestatsapi,1.56,1.7,11,4,13,14,4,4,8,18,3,6,,
comp_720692,Primera A Colombia,2026-04-03,18:20,Fortaleza CEIF,Internacional de Bogotá,1,1,1-1,finished,15,,thestatsapi,0.42,1.46,2,3,10,17,3,7,8,8,0,0,,
comp_720692,Primera A Colombia,2026-04-02,20:30,Once Caldas,Independiente Medellín,1,1,1-1,finished,15,,thestatsapi,0.6,0.57,3,5,13,16,1,3,8,9,3,3,,
comp_720692,Primera A Colombia,2026-04-02,18:20,Jaguares de Córdoba,Millonarios,1,0,1-0,finished,15,,thestatsapi,1.85,0.89,2,5,13,13,4,7,12,7,2,2,,
comp_720692,Primera A Colombia,2026-04-02,16:10,América de Cali,Atlético Bucaramanga,2,0,2-0,finished,15,,thestatsapi,1.83,1.52,2,4,16,12,5,5,10,11,5,3,,
comp_720692,Primera A Colombia,2026-04-02,14:00,Boyacá Chicó FC,Deportivo Pereira,1,0,1-0,finished,15,,thestatsapi,1.14,0.31,8,0,23,5,6,0,15,13,4,5,,
comp_720692,Primera A Colombia,2026-04-01,20:30,Atlético Nacional,Cúcuta Deportivo,0,0,0-0,finished,15,,thestatsapi,1.67,0.16,6,2,23,5,4,0,11,3,1,1,,
comp_720692,Primera A Colombia,2026-04-01,18:30,Independiente Santa Fe,Llaneros FC,0,1,0-1,finished,15,,thestatsapi,0.71,0.6,12,4,11,7,3,4,13,10,5,5,,
comp_720692,Primera A Colombia,2026-04-01,16:10,Alianza Valledupar FC,Deportivo Pasto,0,0,0-0,finished,15,,thestatsapi,0.64,0.77,7,5,10,13,2,5,14,16,4,3,,
comp_720692,Primera A Colombia,2026-03-31,20:00,Deportes Tolima,Rionegro Águilas Doradas,4,1,4-1,finished,15,,thestatsapi,2.55,1.01,2,3,19,6,8,1,8,15,2,2,,
comp_720692,Primera A Colombia,2026-03-30,20:20,Millonarios,Fortaleza CEIF,2,2,2-2,finished,14,,thestatsapi,1.69,0.63,14,2,19,10,4,5,9,11,5,7,,
comp_720692,Primera A Colombia,2026-03-30,18:10,Independiente Medellín,América de Cali,2,1,2-1,finished,14,,thestatsapi,1.26,0.55,5,6,18,11,4,2,10,15,1,3,,
comp_720692,Primera A Colombia,2026-03-30,10:00,Llaneros FC,Once Caldas,1,1,1-1,finished,14,,thestatsapi,1.24,1.31,8,1,15,8,7,2,12,9,4,3,,
comp_720692,Primera A Colombia,2026-03-29,18:20,Deportivo Pasto,Atlético Nacional,1,2,1-2,finished,14,,thestatsapi,0.95,1.89,7,2,15,11,1,7,10,12,3,6,,
comp_720692,Primera A Colombia,2026-03-29,16:10,Internacional de Bogotá,Junior Barranquilla,0,1,0-1,finished,14,,thestatsapi,1.52,0.76,6,2,20,7,6,4,6,13,2,3,,
comp_720692,Primera A Colombia,2026-03-28,20:20,Deportivo Cali,Deportivo Pereira,1,0,1-0,finished,14,,thestatsapi,1.64,1.07,5,1,16,7,6,2,12,9,1,2,,
comp_720692,Primera A Colombia,2026-03-28,18:10,Deportes Tolima,Jaguares de Córdoba,3,1,3-1,finished,14,,thestatsapi,2.37,1.31,6,4,25,17,9,6,11,3,3,1,,
comp_720692,Primera A Colombia,2026-03-28,16:00,Cúcuta Deportivo,Boyacá Chicó FC,1,0,1-0,finished,14,,thestatsapi,0.46,1.8,2,3,8,21,2,4,10,24,6,4,,
comp_720692,Primera A Colombia,2026-03-27,20:10,Atlético Bucaramanga,Independiente Santa Fe,1,2,1-2,finished,14,,thestatsapi,0.95,0.8,3,5,14,9,5,5,14,19,4,3,,
comp_720692,Primera A Colombia,2026-03-27,16:00,Rionegro Águilas Doradas,Alianza Valledupar FC,1,0,1-0,finished,14,,thestatsapi,2,0.64,5,5,12,10,5,1,12,9,3,1,,
comp_720692,Primera A Colombia,2026-03-25,20:00,América de Cali,Llaneros FC,0,0,0-0,finished,13,,thestatsapi,2.67,0.26,12,2,27,8,4,1,7,10,0,0,,
comp_720692,Primera A Colombia,2026-03-24,20:00,Fortaleza CEIF,Deportivo Pasto,1,2,1-2,finished,13,,thestatsapi,0.41,0.61,5,2,6,10,3,4,19,11,2,4,,
comp_720692,Primera A Colombia,2026-03-24,18:00,Junior Barranquilla,Atlético Bucaramanga,2,0,2-0,finished,13,,thestatsapi,0.46,0.74,6,8,10,16,2,6,17,8,2,1,,
comp_720692,Primera A Colombia,2026-03-24,15:30,Deportivo Pereira,Cúcuta Deportivo,2,2,2-2,finished,13,,thestatsapi,0.71,1.69,7,10,12,17,7,10,5,11,1,5,,
comp_720692,Primera A Colombia,2026-03-23,18:20,Jaguares de Córdoba,Rionegro Águilas Doradas,1,1,1-1,finished,13,,thestatsapi,1.43,1.22,5,3,15,11,2,3,16,18,2,2,,
comp_720692,Primera A Colombia,2026-03-23,16:10,Independiente Santa Fe,Independiente Medellín,2,1,2-1,finished,13,,thestatsapi,1.32,1.5,6,6,18,13,7,3,17,7,3,7,,
comp_720692,Primera A Colombia,2026-03-23,14:00,Boyacá Chicó FC,Deportes Tolima,1,1,1-1,finished,13,,thestatsapi,0.22,2.01,3,6,4,12,2,2,12,6,2,3,,
comp_720692,Primera A Colombia,2026-03-22,16:00,Alianza Valledupar FC,Deportivo Cali,1,0,1-0,finished,13,,thestatsapi,0.73,0.45,2,6,7,7,4,1,13,16,2,1,,
comp_720692,Primera A Colombia,2026-03-21,20:30,Atlético Nacional,Internacional de Bogotá,3,0,3-0,finished,13,,thestatsapi,1.23,0.31,6,4,22,11,8,1,8,12,3,2,,
comp_720692,Primera A Colombia,2026-03-21,18:20,Once Caldas,Millonarios,1,4,1-4,finished,13,,thestatsapi,0.77,0.97,4,4,18,18,3,7,2,9,2,3,,
comp_720692,Primera A Colombia,2026-03-20,16:00,Rionegro Águilas Doradas,América de Cali,0,1,0-1,finished,12,,thestatsapi,0.62,0.29,7,1,12,6,3,1,13,7,3,2,,
comp_720692,Primera A Colombia,2026-03-19,20:30,Independiente Medellín,Junior Barranquilla,2,0,2-0,finished,12,,thestatsapi,1.2,0.94,6,6,18,12,7,2,16,9,3,1,,
comp_720692,Primera A Colombia,2026-03-19,18:20,Deportes Tolima,Fortaleza CEIF,2,0,2-0,finished,12,,thestatsapi,1.62,0.49,1,3,12,10,5,1,13,16,2,1,,
comp_720692,Primera A Colombia,2026-03-19,16:10,Alianza Valledupar FC,Jaguares de Córdoba,1,0,1-0,finished,12,,thestatsapi,0.57,0.36,2,6,8,14,4,2,17,8,3,2,,
comp_720692,Primera A Colombia,2026-03-18,20:30,Deportivo Cali,Independiente Santa Fe,1,1,1-1,finished,12,,thestatsapi,0.88,0.88,8,11,20,9,7,3,14,8,4,4,,
comp_720692,Primera A Colombia,2026-03-18,19:30,Atlético Bucaramanga,Once Caldas,1,1,1-1,finished,12,,thestatsapi,0.36,0.97,8,3,12,11,3,2,8,9,1,2,,
comp_720692,Primera A Colombia,2026-03-18,18:20,Internacional de Bogotá,Deportivo Pereira,2,2,2-2,finished,12,,thestatsapi,2.7,0.88,11,4,25,9,8,6,5,8,1,3,,
comp_720692,Primera A Colombia,2026-03-18,16:10,Deportivo Pasto,Boyacá Chicó FC,2,0,2-0,finished,12,,thestatsapi,2.49,0.07,4,2,17,2,4,0,14,13,2,1,,
comp_720692,Primera A Colombia,2026-03-17,20:30,Millonarios,Atlético Nacional,3,0,3-0,finished,12,,thestatsapi,1.89,1.1,6,3,20,8,7,1,16,8,2,6,,
comp_720692,Primera A Colombia,2026-03-17,16:10,Llaneros FC,Cúcuta Deportivo,2,2,2-2,finished,12,,thestatsapi,0.99,0.9,3,6,14,12,4,3,17,12,3,1,,
comp_720692,Primera A Colombia,2026-03-15,20:30,Junior Barranquilla,Fortaleza CEIF,2,1,2-1,finished,11,,thestatsapi,1.3,1.25,5,5,15,10,7,3,15,8,3,4,,
comp_720692,Primera A Colombia,2026-03-15,18:20,Jaguares de Córdoba,Independiente Medellín,1,2,1-2,finished,11,,thestatsapi,0.65,1.17,5,8,12,10,4,4,14,7,4,1,,
comp_720692,Primera A Colombia,2026-03-15,16:10,América de Cali,Deportes Tolima,1,1,1-1,finished,11,,thestatsapi,0.64,1.46,3,4,16,10,6,3,15,18,3,6,,
comp_720692,Primera A Colombia,2026-03-15,15:30,Deportivo Pereira,Rionegro Águilas Doradas,0,1,0-1,finished,11,,thestatsapi,0.48,1.12,2,1,7,14,3,2,11,12,2,1,,
comp_720692,Primera A Colombia,2026-03-14,20:30,Independiente Santa Fe,Alianza Valledupar FC,1,1,1-1,finished,11,,thestatsapi,0.65,0.24,7,4,8,7,4,1,7,6,2,2,,
comp_720692,Primera A Colombia,2026-03-14,18:20,Boyacá Chicó FC,Millonarios,2,1,2-1,finished,11,,thestatsapi,1.41,1.89,4,7,9,22,3,7,14,13,8,6,,
comp_720692,Primera A Colombia,2026-03-14,16:10,Cúcuta Deportivo,Deportivo Cali,0,2,0-2,finished,11,,thestatsapi,1.67,1.08,8,4,9,9,3,5,4,16,1,3,,
comp_720692,Primera A Colombia,2026-03-14,14:00,Internacional de Bogotá,Atlético Bucaramanga,0,0,0-0,finished,11,,thestatsapi,0.44,0.81,4,4,7,15,1,2,9,4,2,0,,
comp_720692,Primera A Colombia,2026-03-13,20:30,Atlético Nacional,Llaneros FC,2,0,2-0,finished,11,,thestatsapi,1.55,0.72,5,5,10,18,3,2,8,10,1,2,,
comp_720692,Primera A Colombia,2026-03-13,18:20,Once Caldas,Deportivo Pasto,4,2,4-2,finished,11,,thestatsapi,1.31,2.47,2,7,12,21,7,5,11,11,1,5,,
comp_720692,Primera A Colombia,2026-03-10,20:30,Junior Barranquilla,Atlético Nacional,0,4,0-4,finished,3,,thestatsapi,0.28,1.64,3,4,4,16,2,6,12,10,0,0,,
comp_720692,Primera A Colombia,2026-03-10,18:20,Atlético Bucaramanga,Deportivo Pereira,3,0,3-0,finished,10,,thestatsapi,1.4,0.11,8,1,20,5,5,1,11,12,2,4,,
comp_720692,Primera A Colombia,2026-03-09,20:30,Deportivo Pasto,América de Cali,2,0,2-0,finished,10,,thestatsapi,0.44,0.78,2,5,10,14,3,2,9,12,6,4,,
comp_720692,Primera A Colombia,2026-03-09,18:20,Millonarios,Cúcuta Deportivo,2,0,2-0,finished,10,,thestatsapi,1.74,0.23,5,1,21,4,5,2,12,14,2,5,,
comp_720692,Primera A Colombia,2026-03-09,16:00,Llaneros FC,Jaguares de Córdoba,2,0,2-0,finished,16,,thestatsapi,1.47,1.04,2,7,11,15,2,4,21,15,2,4,,
comp_720692,Primera A Colombia,2026-03-07,16:00,Rionegro Águilas Doradas,Atlético Nacional,1,2,1-2,finished,10,,thestatsapi,0.31,1.67,1,6,9,18,1,7,12,21,3,2,,
comp_720692,Primera A Colombia,2026-03-06,20:30,Deportivo Cali,Once Caldas,0,2,0-2,finished,10,,thestatsapi,1.28,1.31,12,2,16,12,3,6,15,9,6,5,,
comp_720692,Primera A Colombia,2026-03-05,20:20,Junior Barranquilla,Alianza Valledupar FC,1,1,1-1,finished,10,,thestatsapi,1.1,1.39,12,4,18,11,7,3,10,12,3,5,,
comp_720692,Primera A Colombia,2026-03-05,18:10,Llaneros FC,Internacional de Bogotá,1,1,1-1,finished,10,,thestatsapi,1.73,0.52,7,3,8,6,2,1,12,13,2,1,,
comp_720692,Primera A Colombia,2026-03-04,20:00,Fortaleza CEIF,Jaguares de Córdoba,2,1,2-1,finished,10,,thestatsapi,0.71,1.37,7,3,10,12,6,5,14,14,3,4,,
comp_720692,Primera A Colombia,2026-03-01,20:30,Deportes Tolima,Atlético Nacional,1,0,1-0,finished,9,,thestatsapi,1.35,0.84,6,4,12,11,2,4,13,9,2,4,,
comp_720692,Primera A Colombia,2026-03-01,18:10,Deportivo Cali,Fortaleza CEIF,1,1,1-1,finished,16,,thestatsapi,0.73,0.54,6,5,13,13,2,3,20,10,1,4,,
comp_720692,Primera A Colombia,2026-03-01,16:00,Rionegro Águilas Doradas,Internacional de Bogotá,0,0,0-0,finished,9,,thestatsapi,0.82,0.53,4,6,12,10,5,4,13,14,4,2,,
comp_720692,Primera A Colombia,2026-03-01,14:00,Deportivo Pasto,Cúcuta Deportivo,3,2,3-2,finished,9,,thestatsapi,1.53,0.52,6,5,22,7,9,5,7,5,0,0,,
comp_720692,Primera A Colombia,2026-02-28,20:30,Independiente Medellín,Atlético Bucaramanga,1,2,1-2,finished,9,,thestatsapi,2.8,0.58,12,2,23,6,13,3,10,9,4,2,,
comp_720692,Primera A Colombia,2026-02-28,18:20,Jaguares de Córdoba,Junior Barranquilla,0,2,0-2,finished,9,,thestatsapi,1.33,0.82,15,0,18,9,3,3,11,22,4,4,,
comp_720692,Primera A Colombia,2026-02-28,16:10,Alianza Valledupar FC,América de Cali,0,3,0-3,finished,9,,thestatsapi,0.5,2.09,6,5,10,18,2,11,9,20,4,3,,
comp_720692,Primera A Colombia,2026-02-27,20:30,Once Caldas,Boyacá Chicó FC,3,0,3-0,finished,9,,thestatsapi,2.11,0.35,7,1,20,13,10,3,16,5,2,4,,
comp_720692,Primera A Colombia,2026-02-26,19:30,Millonarios,Deportivo Pereira,5,1,5-1,finished,9,,thestatsapi,2.02,0.98,8,1,23,5,12,3,6,9,1,1,,
comp_720692,Primera A Colombia,2026-02-25,19:00,Independiente Santa Fe,Atlético Nacional,1,2,1-2,finished,5,,thestatsapi,1.28,1.6,3,5,12,12,4,4,15,11,3,2,,
comp_720692,Primera A Colombia,2026-02-23,16:00,Cúcuta Deportivo,Deportes Tolima,3,2,3-2,finished,8,,thestatsapi,0.73,1.81,8,13,10,22,4,8,9,8,4,1,,
comp_720692,Primera A Colombia,2026-02-22,20:30,América de Cali,Jaguares de Córdoba,3,0,3-0,finished,8,,thestatsapi,2.54,0.06,8,0,20,3,3,1,16,10,3,4,,
comp_720692,Primera A Colombia,2026-02-22,18:10,Boyacá Chicó FC,Rionegro Águilas Doradas,0,1,0-1,finished,8,,thestatsapi,0.22,0.97,3,5,11,11,3,3,14,12,3,2,,
comp_720692,Primera A Colombia,2026-02-22,16:00,Independiente Santa Fe,Junior Barranquilla,2,1,2-1,finished,8,,thestatsapi,1.53,1.34,4,1,12,11,5,5,13,4,4,1,,
comp_720692,Primera A Colombia,2026-02-21,20:30,Internacional de Bogotá,Millonarios,3,2,3-2,finished,8,,thestatsapi,1.09,1.61,5,2,13,19,5,4,12,10,4,4,,
comp_720692,Primera A Colombia,2026-02-21,18:20,Atlético Nacional,Alianza Valledupar FC,3,0,3-0,finished,8,,thestatsapi,0.98,0.71,2,5,13,17,7,5,13,10,4,2,,
comp_720692,Primera A Colombia,2026-02-21,16:10,Atlético Bucaramanga,Deportivo Cali,0,0,0-0,finished,8,,thestatsapi,1.3,0.18,5,2,19,4,4,0,16,9,6,3,,
comp_720692,Primera A Colombia,2026-02-21,14:00,Once Caldas,Fortaleza CEIF,4,2,4-2,finished,8,,thestatsapi,1.49,1.4,5,1,14,9,8,5,17,11,5,1,,
comp_720692,Primera A Colombia,2026-02-20,20:30,Deportivo Pereira,Deportivo Pasto,2,2,2-2,finished,8,,thestatsapi,0.58,2.34,1,6,11,22,5,7,17,10,2,3,,
comp_720692,Primera A Colombia,2026-02-20,18:20,Llaneros FC,Independiente Medellín,2,2,2-2,finished,8,,thestatsapi,2.49,0.64,12,5,14,9,6,3,11,13,2,5,,
comp_720692,Primera A Colombia,2026-02-18,19:30,Junior Barranquilla,América de Cali,2,1,2-1,finished,7,,thestatsapi,2.91,0.47,4,2,17,14,5,4,12,16,6,6,,
comp_720692,Primera A Colombia,2026-02-17,18:00,Jaguares de Córdoba,Independiente Santa Fe,3,1,3-1,finished,7,,thestatsapi,1.3,2.65,1,5,9,20,5,7,12,8,5,1,,
comp_720692,Primera A Colombia,2026-02-17,16:00,Alianza Valledupar FC,Cúcuta Deportivo,1,1,1-1,finished,7,,thestatsapi,1.48,1.06,7,4,14,10,4,6,12,17,4,6,,
comp_720692,Primera A Colombia,2026-02-15,20:30,Fortaleza CEIF,Boyacá Chicó FC,2,1,2-1,finished,7,,thestatsapi,1.55,0.23,4,3,16,7,7,2,8,15,2,3,,
comp_720692,Primera A Colombia,2026-02-15,18:30,Deportivo Cali,Atlético Nacional,1,0,1-0,finished,7,,thestatsapi,0.61,1.06,5,9,13,15,4,6,13,14,4,5,,
comp_720692,Primera A Colombia,2026-02-15,16:20,Deportes Tolima,Once Caldas,2,1,2-1,finished,7,,thestatsapi,1.78,0.66,6,5,21,9,6,4,9,5,2,4,,
comp_720692,Primera A Colombia,2026-02-14,20:30,Deportivo Pasto,Internacional de Bogotá,1,1,1-1,finished,7,,thestatsapi,0.93,0.76,7,5,11,13,3,4,8,9,0,2,,
comp_720692,Primera A Colombia,2026-02-14,18:30,Independiente Medellín,Deportivo Pereira,1,1,1-1,finished,7,,thestatsapi,1.8,0.35,4,0,23,9,5,5,6,9,1,1,,
comp_720692,Primera A Colombia,2026-02-14,16:30,Millonarios,Llaneros FC,2,1,2-1,finished,7,,thestatsapi,1.58,0.33,7,4,16,8,7,4,17,10,4,5,,
comp_720692,Primera A Colombia,2026-02-13,20:00,América de Cali,Independiente Santa Fe,1,0,1-0,finished,6,,thestatsapi,1.4,0.78,1,6,19,12,6,4,12,12,5,3,,
comp_720692,Primera A Colombia,2026-02-12,20:30,Atlético Nacional,Fortaleza CEIF,4,1,4-1,finished,6,,thestatsapi,3.14,0.69,3,2,17,10,9,2,13,11,2,3,,
comp_720692,Primera A Colombia,2026-02-12,18:20,Once Caldas,Junior Barranquilla,2,1,2-1,finished,6,,thestatsapi,1.16,1.16,4,4,16,13,5,5,11,15,2,1,,
comp_720692,Primera A Colombia,2026-02-12,16:10,Boyacá Chicó FC,Jaguares de Córdoba,5,0,5-0,finished,6,,thestatsapi,1.11,0.08,4,1,13,4,6,0,21,9,2,5,,
comp_720692,Primera A Colombia,2026-02-11,20:30,Internacional de Bogotá,Deportivo Cali,3,2,3-2,finished,6,,thestatsapi,0.77,1.32,2,5,11,24,5,8,13,12,5,2,,
comp_720692,Primera A Colombia,2026-02-11,18:30,Millonarios,Rionegro Águilas Doradas,1,0,1-0,finished,6,,thestatsapi,1.07,0.18,6,3,9,5,4,3,13,10,5,5,,
comp_720692,Primera A Colombia,2026-02-10,20:30,Atlético Bucaramanga,Deportes Tolima,0,0,0-0,finished,6,,thestatsapi,0.9,0.31,3,5,9,8,0,2,14,19,4,5,,
comp_720692,Primera A Colombia,2026-02-10,18:20,Llaneros FC,Deportivo Pasto,0,1,0-1,finished,6,,thestatsapi,0.44,1.27,5,5,7,10,2,4,11,23,2,3,,
comp_720692,Primera A Colombia,2026-02-10,16:00,Cúcuta Deportivo,Independiente Medellín,1,3,1-3,finished,6,,thestatsapi,1.43,0.98,4,2,9,15,3,9,8,18,1,4,,
comp_720692,Primera A Colombia,2026-02-08,20:30,Jaguares de Córdoba,Deportivo Pereira,1,0,1-0,finished,5,,thestatsapi,0.38,0.48,1,3,5,11,3,3,11,13,3,3,,
comp_720692,Primera A Colombia,2026-02-08,18:20,Deportivo Cali,Millonarios,0,0,0-0,finished,5,,thestatsapi,0.61,0.47,9,3,14,9,4,1,6,13,1,3,,
comp_720692,Primera A Colombia,2026-02-08,16:10,Alianza Valledupar FC,Once Caldas,1,1,1-1,finished,5,,thestatsapi,0.39,0.5,8,2,14,8,3,2,14,9,5,1,,
comp_720692,Primera A Colombia,2026-02-07,20:30,Junior Barranquilla,Boyacá Chicó FC,3,0,3-0,finished,5,,thestatsapi,1.85,0.16,8,1,20,5,9,1,17,10,1,0,,
comp_720692,Primera A Colombia,2026-02-07,18:20,Fortaleza CEIF,Independiente Santa Fe,1,1,1-1,finished,9,,thestatsapi,0.59,0.88,3,1,13,7,2,4,15,12,3,2,,
comp_720692,Primera A Colombia,2026-02-07,16:10,Deportes Tolima,Llaneros FC,0,1,0-1,finished,5,,thestatsapi,0.84,0.45,6,4,13,7,5,3,9,9,2,2,,
comp_720692,Primera A Colombia,2026-02-07,14:00,Rionegro Águilas Doradas,Cúcuta Deportivo,3,2,3-2,finished,5,,thestatsapi,,,6,3,22,14,5,5,11,13,2,2,,
comp_720692,Primera A Colombia,2026-02-06,20:30,Independiente Medellín,Internacional de Bogotá,1,2,1-2,finished,5,,thestatsapi,,,9,3,20,7,5,3,12,25,1,5,,
comp_720692,Primera A Colombia,2026-02-06,18:20,Deportivo Pasto,Atlético Bucaramanga,0,0,0-0,finished,5,,thestatsapi,,,1,3,9,6,0,2,8,16,4,3,,
comp_720692,Primera A Colombia,2026-02-04,20:00,Atlético Nacional,América de Cali,2,1,2-1,finished,4,,thestatsapi,2.52,0.45,3,1,24,5,11,3,12,12,3,1,,
comp_720692,Primera A Colombia,2026-02-02,20:30,Deportivo Pereira,Junior Barranquilla,2,3,2-3,finished,4,,thestatsapi,1.45,1.58,1,3,13,12,5,5,12,15,5,3,,
comp_720692,Primera A Colombia,2026-02-02,18:20,Internacional de Bogotá,Deportes Tolima,0,0,0-0,finished,4,,thestatsapi,0.66,0.2,6,3,17,6,7,3,9,8,3,1,,
comp_720692,Primera A Colombia,2026-02-02,15:00,Millonarios,Independiente Medellín,0,0,0-0,finished,4,,thestatsapi,1.82,0.98,3,5,12,12,3,3,10,13,7,3,,
comp_720692,Primera A Colombia,2026-02-01,20:30,Llaneros FC,Rionegro Águilas Doradas,1,1,1-1,finished,4,,thestatsapi,0.74,1.02,6,5,13,11,4,4,4,10,0,3,,
comp_720692,Primera A Colombia,2026-02-01,18:10,Once Caldas,Jaguares de Córdoba,1,1,1-1,finished,4,,thestatsapi,2.5,0.57,16,1,27,7,11,2,15,5,5,5,,
comp_720692,Primera A Colombia,2026-02-01,16:10,Deportivo Cali,Deportivo Pasto,3,0,3-0,finished,4,,thestatsapi,1.91,1.42,2,1,15,6,7,2,29,8,6,5,,
comp_720692,Primera A Colombia,2026-02-01,14:00,Atlético Bucaramanga,Alianza Valledupar FC,5,0,5-0,finished,4,,thestatsapi,1.39,0.33,1,3,7,11,7,3,18,11,3,2,,
comp_720692,Primera A Colombia,2026-01-31,18:10,Boyacá Chicó FC,Independiente Santa Fe,0,1,0-1,finished,4,,thestatsapi,0.34,1.11,4,9,7,17,3,3,17,16,4,3,,
comp_720692,Primera A Colombia,2026-01-31,16:00,Cúcuta Deportivo,Fortaleza CEIF,1,1,1-1,finished,4,,thestatsapi,0.82,2.29,2,6,3,22,2,5,6,9,2,1,,
comp_720692,Primera A Colombia,2026-01-29,20:20,América de Cali,Once Caldas,1,1,1-1,finished,3,,thestatsapi,1.61,0.56,4,1,21,4,8,2,15,9,4,5,,
comp_720692,Primera A Colombia,2026-01-29,18:10,Jaguares de Córdoba,Internacional de Bogotá,2,3,2-3,finished,3,,thestatsapi,1.13,1.53,6,3,11,16,5,8,13,14,2,3,,
comp_720692,Primera A Colombia,2026-01-29,16:00,Rionegro Águilas Doradas,Deportivo Cali,2,1,2-1,finished,3,,thestatsapi,2.31,0.87,8,7,17,11,2,5,10,13,3,4,,
comp_720692,Primera A Colombia,2026-01-28,20:30,Deportivo Pasto,Millonarios,2,1,2-1,finished,3,,thestatsapi,1.24,1.81,2,4,17,13,6,4,9,9,3,1,,
comp_720692,Primera A Colombia,2026-01-28,18:30,Independiente Santa Fe,Deportivo Pereira,2,2,2-2,finished,3,,thestatsapi,1.35,0.36,8,1,19,7,9,3,21,10,6,4,,
comp_720692,Primera A Colombia,2026-01-28,16:10,Alianza Valledupar FC,Boyacá Chicó FC,1,1,1-1,finished,3,,thestatsapi,0.96,0.41,3,0,14,5,4,3,16,15,2,4,,
comp_720692,Primera A Colombia,2026-01-27,20:30,Independiente Medellín,Deportes Tolima,2,2,2-2,finished,3,,thestatsapi,1.33,1.14,6,2,24,5,6,3,11,11,1,0,,
comp_720692,Primera A Colombia,2026-01-27,18:20,Fortaleza CEIF,Llaneros FC,1,1,1-1,finished,3,,thestatsapi,2.98,1.64,11,2,23,5,7,1,10,10,3,5,,
comp_720692,Primera A Colombia,2026-01-27,16:00,Cúcuta Deportivo,Atlético Bucaramanga,2,2,2-2,finished,3,,thestatsapi,0.63,0.72,0,6,10,10,2,4,15,18,3,3,,
comp_720692,Primera A Colombia,2026-01-25,20:20,Once Caldas,Independiente Santa Fe,1,1,1-1,finished,2,,thestatsapi,0.89,0.65,8,5,16,12,5,5,9,7,2,2,,
comp_720692,Primera A Colombia,2026-01-25,18:10,Millonarios,Junior Barranquilla,1,2,1-2,finished,2,,thestatsapi,2.72,1.58,9,4,17,15,5,8,12,9,3,5,,
comp_720692,Primera A Colombia,2026-01-25,16:00,Rionegro Águilas Doradas,Deportivo Pasto,1,2,1-2,finished,2,,thestatsapi,1.45,1.1,8,1,17,9,5,4,15,15,3,5,,
comp_720692,Primera A Colombia,2026-01-24,20:30,Boyacá Chicó FC,América de Cali,0,1,0-1,finished,2,,thestatsapi,0.32,0.84,5,1,14,8,3,4,20,20,4,3,,
comp_720692,Primera A Colombia,2026-01-24,18:20,Deportivo Cali,Independiente Medellín,3,1,3-1,finished,2,,thestatsapi,1.17,0.85,3,3,8,8,4,3,19,15,5,3,,
comp_720692,Primera A Colombia,2026-01-24,16:10,Llaneros FC,Atlético Bucaramanga,1,1,1-1,finished,2,,thestatsapi,0.57,0.96,1,4,7,14,3,6,14,9,4,1,,
comp_720692,Primera A Colombia,2026-01-24,14:00,Deportivo Pereira,Fortaleza CEIF,0,0,0-0,finished,2,,thestatsapi,0.65,0.29,4,5,10,9,3,1,8,12,1,4,,
comp_720692,Primera A Colombia,2026-01-23,20:30,Deportes Tolima,Alianza Valledupar FC,2,0,2-0,finished,2,,thestatsapi,1.72,0.21,6,2,15,6,5,1,7,12,2,2,,
comp_720692,Primera A Colombia,2026-01-23,18:20,Internacional de Bogotá,Cúcuta Deportivo,2,1,2-1,finished,2,,thestatsapi,1.72,0.24,8,2,16,4,5,1,10,11,5,1,,
comp_720692,Primera A Colombia,2026-01-19,16:00,Cúcuta Deportivo,Once Caldas,1,2,1-2,finished,1,,thestatsapi,1.38,2.41,2,13,6,17,4,10,17,12,5,4,,
comp_720692,Primera A Colombia,2026-01-18,20:30,Independiente Santa Fe,Rionegro Águilas Doradas,1,1,1-1,finished,1,,thestatsapi,1.84,0.49,5,1,19,6,8,2,8,14,2,2,,
comp_720692,Primera A Colombia,2026-01-18,18:20,Junior Barranquilla,Deportes Tolima,0,2,0-2,finished,1,,thestatsapi,1.18,1.14,12,1,21,8,3,5,11,13,3,3,,
comp_720692,Primera A Colombia,2026-01-18,16:10,Jaguares de Córdoba,Deportivo Cali,1,0,1-0,finished,1,,thestatsapi,0.65,0.59,7,1,6,9,2,2,17,15,3,3,,
comp_720692,Primera A Colombia,2026-01-18,14:00,Deportivo Pasto,Independiente Medellín,1,0,1-0,finished,1,,thestatsapi,1.39,1.18,4,5,7,14,2,4,20,12,3,3,,
comp_720692,Primera A Colombia,2026-01-17,20:30,Atlético Bucaramanga,Millonarios,2,1,2-1,finished,1,,thestatsapi,1.22,1.1,6,2,18,9,5,1,14,12,3,4,,
comp_720692,Primera A Colombia,2026-01-17,18:20,Atlético Nacional,Boyacá Chicó FC,4,0,4-0,finished,1,,thestatsapi,2.81,1.27,8,2,25,11,10,2,15,8,3,2,,
comp_720692,Primera A Colombia,2026-01-17,16:10,América de Cali,Internacional de Bogotá,3,0,3-0,finished,1,,thestatsapi,1.15,0.34,1,3,11,9,5,3,0,0,3,2,,
comp_720692,Primera A Colombia,2026-01-16,20:30,Fortaleza CEIF,Alianza Valledupar FC,1,0,1-0,finished,1,,thestatsapi,0.96,0.42,2,2,11,10,6,2,13,11,1,1,,
comp_720692,Primera A Colombia,2026-01-16,18:20,Deportivo Pereira,Llaneros FC,0,2,0-2,finished,1,,thestatsapi,0.71,1.7,1,5,7,13,1,5,12,7,3,2,,
comp_08478,CAF Champions League,2026-05-24,14:00,AS FAR Rabat,Mamelodi Sundowns,1,1,1-1,finished,29,final,thestatsapi,2.82,0.42,8,0,11,6,4,3,16,13,4,5,,
comp_08478,CAF Champions League,2026-05-17,09:00,Mamelodi Sundowns,AS FAR Rabat,1,0,1-0,finished,29,final,thestatsapi,0.84,0.2,4,1,11,6,2,0,13,10,0,1,,
comp_08478,CAF Champions League,2026-04-18,14:00,RS Berkane,AS FAR Rabat,1,0,1-0,finished,28,semi_final,thestatsapi,1.22,0.53,7,3,10,5,4,2,14,18,0,2,,
comp_08478,CAF Champions League,2026-04-18,08:00,Mamelodi Sundowns,Espérance Tunis,1,0,1-0,finished,28,semi_final,thestatsapi,1.72,0.94,4,4,14,11,5,2,13,12,2,3,,
comp_08478,CAF Champions League,2026-04-12,14:00,Espérance Tunis,Mamelodi Sundowns,0,1,0-1,finished,28,semi_final,thestatsapi,1.39,0.74,9,3,15,7,3,2,14,18,1,2,,
comp_08478,CAF Champions League,2026-04-11,14:00,AS FAR Rabat,RS Berkane,2,0,2-0,finished,28,semi_final,thestatsapi,0.79,0.12,9,4,12,6,5,0,17,7,4,1,,
comp_08478,CAF Champions League,2026-03-22,11:00,Stade Malien,Mamelodi Sundowns,2,0,2-0,finished,27,quarter_final,thestatsapi,1.17,0.89,4,2,13,11,4,2,15,9,4,4,,
comp_08478,CAF Champions League,2026-03-22,11:00,Al-Hilal Omdurman,RS Berkane,0,1,0-1,finished,27,quarter_final,thestatsapi,0.45,1.26,9,4,13,6,3,3,18,12,5,3,,
comp_08478,CAF Champions League,2026-03-21,14:00,Al Ahly FC,Espérance Tunis,2,3,2-3,finished,27,quarter_final,thestatsapi,1.5,1.21,7,4,16,10,10,7,9,12,1,3,,
comp_08478,CAF Champions League,2026-03-21,11:00,Pyramids FC,AS FAR Rabat,1,2,1-2,finished,27,quarter_final,thestatsapi,0.97,0.32,2,5,10,6,3,3,10,15,4,4,,
comp_08478,CAF Champions League,2026-03-15,16:00,Espérance Tunis,Al Ahly FC,1,0,1-0,finished,27,quarter_final,thestatsapi,1.68,0.42,2,7,8,8,5,2,11,10,2,4,,
comp_08478,CAF Champions League,2026-03-14,17:00,RS Berkane,Al-Hilal Omdurman,1,1,1-1,finished,27,quarter_final,thestatsapi,1.62,1.48,15,3,11,14,4,4,8,12,3,4,,
comp_08478,CAF Champions League,2026-03-13,17:00,AS FAR Rabat,Pyramids FC,1,1,1-1,finished,27,quarter_final,thestatsapi,0.4,1.04,3,6,5,10,2,4,13,14,1,3,,
comp_08478,CAF Champions League,2026-03-13,13:00,Mamelodi Sundowns,Stade Malien,3,0,3-0,finished,27,quarter_final,thestatsapi,2.4,0.53,7,6,12,8,8,1,6,9,0,0,,
comp_08478,CAF Champions League,2026-02-15,11:00,Young Africans Sport Club,JS Kabylie,3,0,3-0,finished,6,,thestatsapi,2.61,0.41,7,2,16,5,6,1,12,8,0,2,,
comp_08478,CAF Champions League,2026-02-15,11:00,Al Ahly FC,AS FAR Rabat,0,0,0-0,finished,6,,thestatsapi,1.22,0.04,4,3,16,2,7,0,11,15,1,4,,
comp_08478,CAF Champions League,2026-02-14,14:00,Pyramids FC,Power Dynamos,3,1,3-1,finished,6,,thestatsapi,2.3,1.62,4,5,22,10,6,2,0,0,1,1,,
comp_08478,CAF Champions League,2026-02-14,14:00,RS Berkane,Rivers United,3,0,3-0,finished,6,,thestatsapi,2.68,0.1,6,1,22,4,6,0,8,13,1,2,,
comp_08478,CAF Champions League,2026-02-14,11:00,Simba SC,Stade Malien,1,0,1-0,finished,6,,thestatsapi,1.19,0.41,8,7,10,12,6,3,12,22,0,3,,
comp_08478,CAF Champions League,2026-02-14,11:00,Espérance Tunis,Atlético Petróleos de Luanda,2,0,2-0,finished,6,,thestatsapi,1.24,0.04,5,3,15,2,4,0,25,19,4,1,,
comp_08478,CAF Champions League,2026-02-14,08:00,Al-Hilal Omdurman,FC Saint-Éloi Lupopo,1,0,1-0,finished,6,,thestatsapi,0.83,0.72,8,4,17,11,6,2,14,14,3,4,,
comp_08478,CAF Champions League,2026-02-14,08:00,Mamelodi Sundowns,MC Alger,2,0,2-0,finished,6,,thestatsapi,0.62,0.15,7,2,11,6,4,2,8,13,2,3,,
comp_08478,CAF Champions League,2026-02-08,11:00,Stade Malien,Espérance Tunis,1,0,1-0,finished,5,,thestatsapi,1.35,0.83,2,3,14,6,3,0,17,19,2,1,,
comp_08478,CAF Champions League,2026-02-08,11:00,Rivers United,Pyramids FC,1,4,1-4,finished,5,,thestatsapi,1,3.16,3,7,13,20,3,7,9,9,2,0,,
comp_08478,CAF Champions League,2026-02-08,08:00,FC Saint-Éloi Lupopo,Mamelodi Sundowns,1,1,1-1,finished,5,,thestatsapi,0.9,0.68,2,9,5,14,1,3,15,18,2,2,,
comp_08478,CAF Champions League,2026-02-07,14:00,AS FAR Rabat,Young Africans Sport Club,1,0,1-0,finished,5,,thestatsapi,1.76,0.45,8,1,18,5,3,1,10,10,3,3,,
comp_08478,CAF Champions League,2026-02-07,14:00,JS Kabylie,Al Ahly FC,0,0,0-0,finished,5,,thestatsapi,1.69,0.4,7,1,21,6,7,1,10,22,1,2,,
comp_08478,CAF Champions League,2026-02-07,11:00,Atlético Petróleos de Luanda,Simba SC,1,1,1-1,finished,5,,thestatsapi,1.54,0.95,4,0,16,5,6,1,14,16,1,2,,
comp_08478,CAF Champions League,2026-02-07,08:00,Power Dynamos,RS Berkane,2,0,2-0,finished,5,,thestatsapi,1.19,0.14,4,2,13,6,3,2,19,13,3,4,,
comp_08478,CAF Champions League,2026-02-06,14:00,MC Alger,Al-Hilal Omdurman,2,1,2-1,finished,5,,thestatsapi,1.55,0.88,4,4,10,10,4,2,18,16,2,1,,
comp_08478,CAF Champions League,2026-02-01,14:00,MC Alger,FC Saint-Éloi Lupopo,2,0,2-0,finished,4,,thestatsapi,1.42,0.34,6,3,16,7,4,3,15,23,6,2,,
comp_08478,CAF Champions League,2026-02-01,11:00,Pyramids FC,RS Berkane,3,0,3-0,finished,4,,thestatsapi,1.65,0.3,4,4,15,8,7,2,19,11,5,0,,
comp_08478,CAF Champions League,2026-02-01,11:00,Rivers United,Power Dynamos,0,1,0-1,finished,4,,thestatsapi,1.32,0.54,8,3,19,8,4,3,12,18,1,1,,
comp_08478,CAF Champions League,2026-02-01,08:00,Simba SC,Espérance Tunis,2,2,2-2,finished,4,,thestatsapi,1,1.98,4,1,8,11,2,5,14,14,3,0,,
comp_08478,CAF Champions League,2026-01-31,14:00,AS FAR Rabat,JS Kabylie,1,0,1-0,finished,4,,thestatsapi,1.06,0.35,6,1,15,6,4,1,14,14,2,1,,
comp_08478,CAF Champions League,2026-01-31,11:00,Atlético Petróleos de Luanda,Stade Malien,0,0,0-0,finished,4,,thestatsapi,1.91,0.13,8,1,12,4,3,1,14,19,0,3,,
comp_08478,CAF Champions League,2026-01-31,08:00,Young Africans Sport Club,Al Ahly FC,1,1,1-1,finished,4,,thestatsapi,1.38,0.25,5,4,12,4,2,2,10,15,2,1,,
comp_08478,CAF Champions League,2026-01-30,14:00,Al-Hilal Omdurman,Mamelodi Sundowns,2,1,2-1,finished,4,,thestatsapi,1.6,1.29,2,7,14,11,7,3,13,14,2,3,,
comp_08478,CAF Champions League,2026-01-25,11:00,Stade Malien,Atlético Petróleos de Luanda,2,0,2-0,finished,3,,thestatsapi,1.29,1.37,8,7,12,10,6,1,14,12,1,0,,
comp_08478,CAF Champions League,2026-01-25,08:00,FC Saint-Éloi Lupopo,MC Alger,1,0,1-0,finished,3,,thestatsapi,1.32,0.09,4,4,17,3,6,1,17,17,1,4,,
comp_08478,CAF Champions League,2026-01-24,14:00,RS Berkane,Pyramids FC,0,0,0-0,finished,3,,thestatsapi,1.2,0.29,3,1,9,6,1,1,8,15,0,3,,
comp_08478,CAF Champions League,2026-01-24,11:00,Espérance Tunis,Simba SC,1,0,1-0,finished,3,,thestatsapi,0.81,0.38,4,1,7,6,4,2,14,23,0,2,,
comp_08478,CAF Champions League,2026-01-24,11:00,JS Kabylie,AS FAR Rabat,0,0,0-0,finished,3,,thestatsapi,0.99,1.35,8,6,16,7,1,2,8,23,1,3,,
comp_08478,CAF Champions League,2026-01-24,08:00,Power Dynamos,Rivers United,0,0,0-0,finished,3,,thestatsapi,1.45,0.11,2,2,22,6,6,1,15,17,0,2,,
comp_08478,CAF Champions League,2026-01-23,13:00,Mamelodi Sundowns,Al-Hilal Omdurman,2,2,2-2,finished,3,,thestatsapi,1.11,0.57,8,1,13,3,5,2,6,15,2,6,,
comp_08478,CAF Champions League,2026-01-23,11:00,Al Ahly FC,Young Africans Sport Club,2,0,2-0,finished,3,,thestatsapi,1.12,0.46,1,2,11,9,3,4,14,12,0,1,,
comp_08478,CAF Champions League,2025-11-30,11:00,Stade Malien,Simba SC,2,1,2-1,finished,2,,thestatsapi,2.9,1.22,3,0,16,14,7,4,19,15,1,3,,
comp_08478,CAF Champions League,2025-11-30,08:00,FC Saint-Éloi Lupopo,Al-Hilal Omdurman,1,1,1-1,finished,2,,thestatsapi,0.6,1.02,8,3,15,7,3,4,11,14,3,1,,
comp_08478,CAF Champions League,2025-11-29,11:00,Atlético Petróleos de Luanda,Espérance Tunis,1,1,1-1,finished,2,,thestatsapi,0.68,1.08,2,6,10,10,3,5,13,14,1,1,,
comp_08478,CAF Champions League,2025-11-29,11:00,Power Dynamos,Pyramids FC,0,1,0-1,finished,2,,thestatsapi,0.43,1.49,5,4,9,16,1,3,13,15,1,3,,
comp_08478,CAF Champions League,2025-11-28,14:00,MC Alger,Mamelodi Sundowns,0,0,0-0,finished,2,,thestatsapi,0.56,0.3,5,1,8,4,2,0,9,21,1,2,,
comp_08478,CAF Champions League,2025-11-28,14:00,AS FAR Rabat,Al Ahly FC,1,1,1-1,finished,2,,thestatsapi,1.91,0.94,4,3,13,13,4,1,11,9,3,1,,
comp_08478,CAF Champions League,2025-11-28,11:00,JS Kabylie,Young Africans Sport Club,0,0,0-0,finished,2,,thestatsapi,1.13,0.56,7,0,16,11,6,3,9,13,1,2,,
comp_08478,CAF Champions League,2025-11-28,11:00,Rivers United,RS Berkane,1,2,1-2,finished,2,,thestatsapi,0.56,1.69,5,2,11,13,3,5,14,14,2,1,,
comp_08478,CAF Champions League,2025-11-23,08:00,Simba SC,Atlético Petróleos de Luanda,0,1,0-1,finished,1,,thestatsapi,1.47,0.32,0,0,11,7,1,2,15,21,1,2,,
comp_08478,CAF Champions League,2025-11-22,14:00,Pyramids FC,Rivers United,3,0,3-0,finished,1,,thestatsapi,1.99,0.16,8,4,18,5,5,1,12,6,0,0,,
comp_08478,CAF Champions League,2025-11-22,14:00,RS Berkane,Power Dynamos,3,0,3-0,finished,1,,thestatsapi,2.21,0.07,5,1,13,2,2,0,7,14,1,1,,
comp_08478,CAF Champions League,2025-11-22,11:00,Espérance Tunis,Stade Malien,0,0,0-0,finished,1,,thestatsapi,2.62,0.25,7,5,24,8,3,2,6,18,1,3,,
comp_08478,CAF Champions League,2025-11-22,11:00,Al Ahly FC,JS Kabylie,4,1,4-1,finished,1,,thestatsapi,1.53,0.79,12,2,18,9,7,4,4,8,0,2,,
comp_08478,CAF Champions League,2025-11-22,08:00,Mamelodi Sundowns,FC Saint-Éloi Lupopo,3,1,3-1,finished,1,,thestatsapi,2.45,0.49,3,6,21,9,4,2,12,16,1,2,,
comp_08478,CAF Champions League,2025-11-22,08:00,Young Africans Sport Club,AS FAR Rabat,1,0,1-0,finished,1,,thestatsapi,2.21,0.35,7,3,15,5,9,1,17,16,2,2,,
comp_08478,CAF Champions League,2025-11-21,08:00,Al-Hilal Omdurman,MC Alger,2,1,2-1,finished,1,,thestatsapi,1.09,0.21,3,6,8,6,2,0,24,22,3,3,,
comp_08478,CAF Champions League,2025-11-01,12:00,RS Berkane,Al Ahli Tripoli,2,1,2-1,finished,2,qualifying,thestatsapi,,,,,,,,,,,,,,
comp_08478,CAF Champions League,2025-10-30,11:00,Pyramids FC,Ethiopian Medhin,2,0,2-0,finished,2,qualifying,thestatsapi,,,,,,,,,,,,,,
comp_08478,CAF Champions League,2025-10-26,14:00,MC Alger,Colombe FC,0,0,0-0,finished,2,qualifying,thestatsapi,,,,,,,,,,,,,,
comp_08478,CAF Champions League,2025-10-26,13:00,Al Ahli Tripoli,RS Berkane,1,1,1-1,finished,2,qualifying,thestatsapi,,,,,,,,,,,,,,
comp_08478,CAF Champions League,2025-10-26,11:00,Stade Malien,FC Nouadhibou,2,0,2-0,finished,2,qualifying,thestatsapi,,,,,,,,,,,,,,
comp_08478,CAF Champions League,2025-10-26,11:00,Espérance Tunis,Rahimo FC,3,0,3-0,finished,2,qualifying,thestatsapi,,,,,,,,,,,,,,
comp_08478,CAF Champions League,2025-10-26,10:00,Ethiopian Medhin,Pyramids FC,1,1,1-1,finished,2,qualifying,thestatsapi,,,,,,,,,,,,,,
comp_08478,CAF Champions League,2025-10-26,08:30,Mamelodi Sundowns,Remo Stars,2,0,2-0,finished,2,qualifying,thestatsapi,,,,,,,,,,,,,,
comp_08478,CAF Champions League,2025-10-26,08:00,Simba SC,Nsingizini Hotspur,0,0,0-0,finished,2,qualifying,thestatsapi,,,,,,,,,,,,,,
comp_08478,CAF Champions League,2025-10-25,14:00,AS FAR Rabat,Horoya,3,0,3-0,finished,2,qualifying,thestatsapi,,,,,,,,,,,,,,
comp_08478,CAF Champions League,2025-10-25,13:00,JS Kabylie,US Monastir,2,1,2-1,finished,2,qualifying,thestatsapi,,,,,,,,,,,,,,
comp_08478,CAF Champions League,2025-10-25,12:00,Al Ahly FC,Aigle Noir SC,1,0,1-0,finished,2,qualifying,thestatsapi,,,,,,,,,,,,,,
comp_08478,CAF Champions League,2025-10-25,11:00,Atlético Petróleos de Luanda,Stade d'Abidjan,2,0,2-0,finished,2,qualifying,thestatsapi,,,,,,,,,,,,,,
comp_08478,CAF Champions League,2025-10-25,10:00,Rivers United,Associação Black Bulls,3,1,3-1,finished,2,qualifying,thestatsapi,,,,,,,,,,,,,,
comp_08478,CAF Champions League,2025-10-25,09:00,Young Africans Sport Club,Silver Strikers,2,0,2-0,finished,2,qualifying,thestatsapi,,,,,,,,,,,,,,
comp_08478,CAF Champions League,2025-10-25,08:00,Orlando Pirates,FC Saint-Éloi Lupopo,3,0,3-0,finished,2,qualifying,thestatsapi,,,,,,,,,,,,,,
comp_08478,CAF Champions League,2025-10-24,11:00,Al-Hilal Omdurman,Kenya Police,3,1,3-1,finished,2,qualifying,thestatsapi,,,,,,,,,,,,,,
comp_08478,CAF Champions League,2025-10-24,08:00,Power Dynamos,Vipers SC,1,1,1-1,finished,2,qualifying,thestatsapi,,,,,,,,,,,,,,
comp_08478,CAF Champions League,2025-10-19,14:00,FC Nouadhibou,Stade Malien,1,1,1-1,finished,2,qualifying,thestatsapi,,,,,,,,,,,,,,
comp_08478,CAF Champions League,2025-10-19,11:00,Horoya,AS FAR Rabat,1,1,1-1,finished,2,qualifying,thestatsapi,,,,,,,,,,,,,,
comp_08478,CAF Champions League,2025-10-19,11:00,Vipers SC,Power Dynamos,1,2,1-2,finished,2,qualifying,thestatsapi,,,,,,,,,,,,,,
comp_08478,CAF Champions League,2025-10-19,10:00,Remo Stars,Mamelodi Sundowns,1,5,1-5,finished,2,qualifying,thestatsapi,,,,,,,,,,,,,,
comp_08478,CAF Champions League,2025-10-19,08:00,FC Saint-Éloi Lupopo,Orlando Pirates,3,0,3-0,finished,2,qualifying,thestatsapi,,,,,,,,,,,,,,
comp_08478,CAF Champions League,2025-10-19,08:00,Nsingizini Hotspur,Simba SC,0,3,0-3,finished,2,qualifying,thestatsapi,,,,,,,,,,,,,,
comp_08478,CAF Champions League,2025-10-19,08:00,Colombe FC,MC Alger,1,1,1-1,finished,2,qualifying,thestatsapi,,,,,,,,,,,,,,
comp_08478,CAF Champions League,2025-10-18,11:00,Rahimo FC,Espérance Tunis,0,1,0-1,finished,2,qualifying,thestatsapi,,,,,,,,,,,,,,
comp_08478,CAF Champions League,2025-10-18,10:00,Stade d'Abidjan,Atlético Petróleos de Luanda,0,2,0-2,finished,2,qualifying,thestatsapi,,,,,,,,,,,,,,
comp_08478,CAF Champions League,2025-10-18,08:00,Silver Strikers,Young Africans Sport Club,1,0,1-0,finished,2,qualifying,thestatsapi,,,,,,,,,,,,,,
comp_08478,CAF Champions League,2025-10-18,08:00,Associação Black Bulls,Rivers United,1,0,1-0,finished,2,qualifying,thestatsapi,,,,,,,,,,,,,,
comp_08478,CAF Champions League,2025-10-18,08:00,Aigle Noir SC,Al Ahly FC,0,1,0-1,finished,2,qualifying,thestatsapi,,,,,,,,,,,,,,
comp_08478,CAF Champions League,2025-10-17,09:00,US Monastir,JS Kabylie,0,3,0-3,finished,2,qualifying,thestatsapi,,,,,,,,,,,,,,
comp_08478,CAF Champions League,2025-10-17,07:00,Kenya Police,Al-Hilal Omdurman,0,1,0-1,finished,2,qualifying,thestatsapi,,,,,,,,,,,,,,
comp_08478,CAF Champions League,2025-10-05,12:00,Pyramids FC,APR FC,3,0,3-0,finished,1,qualifying,thestatsapi,,,,,,,,,,,,,,
comp_08478,CAF Champions League,2025-10-04,11:00,Al-Merrikh,FC Saint-Éloi Lupopo,0,0,0-0,finished,1,qualifying,thestatsapi,,,,,,,,,,,,,,
comp_08478,CAF Champions League,2025-10-01,07:00,APR FC,Pyramids FC,0,2,0-2,finished,1,qualifying,thestatsapi,,,,,,,,,,,,,,
comp_08478,CAF Champions League,2025-09-28,14:00,FC Nouadhibou,Fundacion Bata,2,0,2-0,finished,1,qualifying,thestatsapi,,,,,,,,,,,,,,
comp_08478,CAF Champions League,2025-09-28,13:00,JS Kabylie,Bibiani Gold Stars FC,5,0,5-0,finished,1,qualifying,thestatsapi,,,,,,,,,,,,,,
comp_08478,CAF Champions League,2025-09-28,13:00,Al Ahli Tripoli,Dadje FC,1,0,1-0,finished,1,qualifying,thestatsapi,,,,,,,,,,,,,,
comp_08478,CAF Champions League,2025-09-28,12:00,ASC Jaraaf,Colombe FC,0,1,0-1,finished,1,qualifying,thestatsapi,,,,,,,,,,,,,,
comp_08478,CAF Champions League,2025-09-28,11:00,ASEC Mimosas,Power Dynamos,1,0,1-0,finished,1,qualifying,thestatsapi,,,,,,,,,,,,,,
comp_08478,CAF Champions League,2025-09-28,11:00,Al-Hilal Omdurman,Jamus SSC,1,0,1-0,finished,1,qualifying,thestatsapi,,,,,,,,,,,,,,
comp_08478,CAF Champions League,2025-09-28,10:00,Rivers United,FC Les Aigles du Congo,1,0,1-0,finished,1,qualifying,thestatsapi,,,,,,,,,,,,,,
comp_08478,CAF Champions League,2025-09-28,09:30,AS Mangasport,Rahimo FC,0,0,0-0,finished,1,qualifying,thestatsapi,,,,,,,,,,,,,,
comp_08478,CAF Champions League,2025-09-28,09:00,US Monastir,East End Lions FC,3,1,3-1,finished,1,qualifying,thestatsapi,,,,,,,,,,,,,,
comp_08478,CAF Champions League,2025-09-28,08:00,Simba SC,Gaborone United,1,1,1-1,finished,1,qualifying,thestatsapi,,,,,,,,,,,,,,
comp_08478,CAF Champions League,2025-09-28,08:00,Kenya Police,Mogadishu City Club,0,2,0-2,finished,1,qualifying,thestatsapi,,,,,,,,,,,,,,
comp_08478,CAF Champions League,2025-09-28,08:00,Nsingizini Hotspur,Simba Bhora FC,1,0,1-0,finished,1,qualifying,thestatsapi,,,,,,,,,,,,,,
comp_08478,CAF Champions League,2025-09-27,15:00,RS Berkane,ASC Kara,3,1,3-1,finished,1,qualifying,thestatsapi,,,,,,,,,,,,,,
comp_08478,CAF Champions League,2025-09-27,14:00,MC Alger,FC Fassell,3,0,3-0,finished,1,qualifying,thestatsapi,,,,,,,,,,,,,,
comp_08478,CAF Champions League,2025-09-27,14:00,AS FAR Rabat,Real de Banjul,2,1,2-1,finished,1,qualifying,thestatsapi,,,,,,,,,,,,,,
comp_08478,CAF Champions League,2025-09-27,14:00,Stade Malien,AS Tempête Mocaf,2,0,2-0,finished,1,qualifying,thestatsapi,,,,,,,,,,,,,,
comp_08478,CAF Champions League,2025-09-27,12:00,Espérance Tunis,AS Forces Armées Nigériennes,4,1,4-1,finished,1,qualifying,thestatsapi,,,,,,,,,,,,,,
comp_08478,CAF Champions League,2025-09-27,11:00,Horoya,Al Hilal Benghazi SC,2,0,2-0,finished,1,qualifying,thestatsapi,,,,,,,,,,,,,,
comp_08478,CAF Champions League,2025-09-27,11:00,Vipers SC,African Stars FC,1,0,1-0,finished,1,qualifying,thestatsapi,,,,,,,,,,,,,,
comp_08478,CAF Champions League,2025-09-27,11:00,Atlético Petróleos de Luanda,Cercle de Joachim,3,0,3-0,finished,1,qualifying,thestatsapi,,,,,,,,,,,,,,
comp_08478,CAF Champions League,2025-09-27,09:00,Young Africans Sport Club,Wiliete SC,2,0,2-0,finished,1,qualifying,thestatsapi,,,,,,,,,,,,,,
comp_08478,CAF Champions League,2025-09-27,08:15,Mlandege FC,Ethiopian Medhin,3,2,3-2,finished,1,qualifying,thestatsapi,,,,,,,,,,,,,,
comp_08478,CAF Champions League,2025-09-27,08:00,FC Saint-Éloi Lupopo,Al-Merrikh,1,0,1-0,finished,1,qualifying,thestatsapi,,,,,,,,,,,,,,
comp_08478,CAF Champions League,2025-09-27,08:00,Orlando Pirates,Lioli FC,4,0,4-0,finished,1,qualifying,thestatsapi,,,,,,,,,,,,,,
comp_08478,CAF Champions League,2025-09-27,08:00,Associação Black Bulls,AC Léopards de Dolisie,0,0,0-0,finished,1,qualifying,thestatsapi,,,,,,,,,,,,,,
comp_08478,CAF Champions League,2025-09-27,08:00,Silver Strikers,ASSM Elgeco Plus,0,0,0-0,finished,1,qualifying,thestatsapi,,,,,,,,,,,,,,
comp_08478,CAF Champions League,2025-09-27,06:00,ASAS,Aigle Noir SC,1,1,1-1,finished,1,qualifying,thestatsapi,,,,,,,,,,,,,,
comp_08478,CAF Champions League,2025-09-26,10:00,US Zilimadjou,Remo Stars,0,1,0-1,finished,1,qualifying,thestatsapi,,,,,,,,,,,,,,
comp_08478,CAF Champions League,2025-09-24,11:00,Stade d'Abidjan,Cote d'Or,3,1,3-1,finished,1,qualifying,thestatsapi,,,,,,,,,,,,,,
comp_08478,CAF Champions League,2025-09-21,14:00,Real de Banjul,AS FAR Rabat,0,2,0-2,finished,1,qualifying,thestatsapi,,,,,,,,,,,,,,
comp_08478,CAF Champions League,2025-09-21,13:00,Simba Bhora FC,Nsingizini Hotspur,1,0,1-0,finished,1,qualifying,thestatsapi,,,,,,,,,,,,,,
comp_08478,CAF Champions League,2025-09-21,10:00,Remo Stars,US Zilimadjou,4,0,4-0,finished,1,qualifying,thestatsapi,,,,,,,,,,,,,,
comp_08478,CAF Champions League,2025-09-21,10:00,East End Lions FC,US Monastir,0,4,0-4,finished,1,qualifying,thestatsapi,,,,,,,,,,,,,,
comp_08478,CAF Champions League,2025-09-21,10:00,ASC Kara,RS Berkane,1,1,1-1,finished,1,qualifying,thestatsapi,,,,,,,,,,,,,,
comp_08478,CAF Champions League,2025-09-21,09:30,AC Léopards de Dolisie,Associação Black Bulls,0,0,0-0,finished,1,qualifying,thestatsapi,,,,,,,,,,,,,,
comp_08478,CAF Champions League,2025-09-21,09:30,AS Forces Armées Nigériennes,Espérance Tunis,0,3,0-3,finished,1,qualifying,thestatsapi,,,,,,,,,,,,,,
comp_08478,CAF Champions League,2025-09-21,09:00,AS Tempête Mocaf,Stade Malien,0,5,0-5,finished,1,qualifying,thestatsapi,,,,,,,,,,,,,,
comp_08478,CAF Champions League,2025-09-21,09:00,Fundacion Bata,FC Nouadhibou,0,0,0-0,finished,1,qualifying,thestatsapi,,,,,,,,,,,,,,
comp_08478,CAF Champions League,2025-09-21,08:00,Colombe FC,ASC Jaraaf,0,0,0-0,finished,1,qualifying,thestatsapi,,,,,,,,,,,,,,
comp_08478,CAF Champions League,2025-09-21,08:00,Jamus SSC,Al-Hilal Omdurman,0,0,0-0,finished,1,qualifying,thestatsapi,,,,,,,,,,,,,,
comp_08478,CAF Champions League,2025-09-21,08:00,Aigle Noir SC,ASAS,0,0,0-0,finished,1,qualifying,thestatsapi,,,,,,,,,,,,,,
comp_08478,CAF Champions League,2025-09-21,05:00,ASSM Elgeco Plus,Silver Strikers,1,1,1-1,finished,1,qualifying,thestatsapi,,,,,,,,,,,,,,
comp_08478,CAF Champions League,2025-09-20,12:30,Al Hilal Benghazi SC,Horoya,1,0,1-0,finished,1,qualifying,thestatsapi,,,,,,,,,,,,,,
comp_08478,CAF Champions League,2025-09-20,12:00,Gaborone United,Simba SC,0,1,0-1,finished,1,qualifying,thestatsapi,,,,,,,,,,,,,,
comp_08478,CAF Champions League,2025-09-20,11:00,FC Fassell,MC Alger,0,0,0-0,finished,1,qualifying,thestatsapi,,,,,,,,,,,,,,
comp_08478,CAF Champions League,2025-09-20,11:00,Rahimo FC,AS Mangasport,0,0,0-0,finished,1,qualifying,thestatsapi,,,,,,,,,,,,,,
comp_08478,CAF Champions League,2025-09-20,10:00,Bibiani Gold Stars FC,JS Kabylie,0,2,0-2,finished,1,qualifying,thestatsapi,,,,,,,,,,,,,,
comp_08478,CAF Champions League,2025-09-20,09:30,FC Les Aigles du Congo,Rivers United,0,0,0-0,finished,1,qualifying,thestatsapi,,,,,,,,,,,,,,
comp_08478,CAF Champions League,2025-09-20,09:00,Cercle de Joachim,Atlético Petróleos de Luanda,0,3,0-3,finished,1,qualifying,thestatsapi,,,,,,,,,,,,,,
comp_08478,CAF Champions League,2025-09-20,08:00,Power Dynamos,ASEC Mimosas,1,0,1-0,finished,1,qualifying,thestatsapi,,,,,,,,,,,,,,
comp_08478,CAF Champions League,2025-09-20,08:00,Lioli FC,Orlando Pirates,0,3,0-3,finished,1,qualifying,thestatsapi,,,,,,,,,,,,,,
comp_08478,CAF Champions League,2025-09-20,08:00,Mogadishu City Club,Kenya Police,1,3,1-3,finished,1,qualifying,thestatsapi,,,,,,,,,,,,,,
comp_08478,CAF Champions League,2025-09-20,07:00,Ethiopian Medhin,Mlandege FC,2,0,2-0,finished,1,qualifying,thestatsapi,,,,,,,,,,,,,,
comp_08478,CAF Champions League,2025-09-19,11:00,African Stars FC,Vipers SC,0,1,0-1,finished,1,qualifying,thestatsapi,,,,,,,,,,,,,,
comp_08478,CAF Champions League,2025-09-19,10:00,Wiliete SC,Young Africans Sport Club,0,3,0-3,finished,1,qualifying,thestatsapi,,,,,,,,,,,,,,
comp_08478,CAF Champions League,2025-09-19,09:00,Dadje FC,Al Ahli Tripoli,0,0,0-0,finished,1,qualifying,thestatsapi,,,,,,,,,,,,,,
comp_08478,CAF Champions League,2025-09-16,07:00,Cote d'Or,Stade d'Abidjan,0,2,0-2,finished,1,qualifying,thestatsapi,,,,,,,,,,,,,,
comp_0499,CONMEBOL Libertadores,2026-05-28,19:30,Cruzeiro,Barcelona SC,4,0,4-0,finished,6,,thestatsapi,3.39,0.42,6,2,21,10,8,2,9,9,3,3,,
comp_0499,CONMEBOL Libertadores,2026-05-28,19:30,Boca Juniors,Universidad Católica,0,1,0-1,finished,6,,thestatsapi,1.45,0.07,9,2,22,2,2,1,6,16,2,2,,
comp_0499,CONMEBOL Libertadores,2026-05-28,17:00,Cerro Porteño,Club Sporting Cristal,2,0,2-0,finished,6,,thestatsapi,1.34,0.17,6,1,11,8,4,3,12,15,3,3,,
comp_0499,CONMEBOL Libertadores,2026-05-28,17:00,Palmeiras,Junior Barranquilla,4,1,4-1,finished,6,,thestatsapi,1.93,1.1,0,7,17,17,8,1,4,12,0,3,,
comp_0499,CONMEBOL Libertadores,2026-05-27,19:30,Corinthians,Platense,0,2,0-2,finished,6,,thestatsapi,0.76,1.06,5,4,14,10,5,5,5,14,2,2,,
comp_0499,CONMEBOL Libertadores,2026-05-27,19:30,Peñarol,Independiente Santa Fe,0,1,0-1,finished,6,,thestatsapi,0.99,0.3,9,2,22,5,4,3,9,21,2,2,,
comp_0499,CONMEBOL Libertadores,2026-05-27,19:30,Bolívar,Independiente Rivadavia,1,3,1-3,finished,6,,thestatsapi,0.76,1.84,8,2,16,13,6,7,7,11,2,4,,
comp_0499,CONMEBOL Libertadores,2026-05-27,19:30,Fluminense,Deportivo La Guaira,3,1,3-1,finished,6,,thestatsapi,1.21,0.78,2,1,7,10,3,3,11,9,0,0,,
comp_0499,CONMEBOL Libertadores,2026-05-27,17:00,Libertad,Universidad Central,0,1,0-1,finished,6,,thestatsapi,0.91,1.83,6,2,13,8,3,4,8,13,0,3,,
comp_0499,CONMEBOL Libertadores,2026-05-27,17:00,Independiente del Valle,Rosario Central,1,0,1-0,finished,6,,thestatsapi,1.95,0.55,9,2,25,6,8,4,8,9,1,4,,
comp_0499,CONMEBOL Libertadores,2026-05-26,19:30,Universitario,Deportes Tolima,0,0,0-0,finished,6,,thestatsapi,0.92,0.18,9,3,11,7,2,3,13,19,0,2,,
comp_0499,CONMEBOL Libertadores,2026-05-26,19:30,Nacional,Coquimbo Unido,1,0,1-0,finished,6,,thestatsapi,0.39,0.49,2,7,8,8,3,3,11,16,1,4,,
comp_0499,CONMEBOL Libertadores,2026-05-26,19:30,Estudiantes de La Plata,Independiente Medellín,1,0,1-0,finished,6,,thestatsapi,1.63,0.22,9,5,21,6,8,1,11,12,2,2,,
comp_0499,CONMEBOL Libertadores,2026-05-26,19:30,Flamengo,Cusco FC,3,0,3-0,finished,6,,thestatsapi,4.45,0.15,9,2,27,4,15,1,11,12,0,5,,
comp_0499,CONMEBOL Libertadores,2026-05-26,17:00,Lanús,Mirassol,1,0,1-0,finished,6,,thestatsapi,1.29,0.19,10,1,22,6,5,1,13,11,2,1,,
comp_0499,CONMEBOL Libertadores,2026-05-26,17:00,LDU,Club Always Ready,3,2,3-2,finished,6,,thestatsapi,3.28,2.37,4,11,21,23,7,11,6,6,2,1,,
comp_0499,CONMEBOL Libertadores,2026-05-21,19:30,Universidad Católica,Barcelona SC,2,0,2-0,finished,5,,thestatsapi,3.61,0.1,9,1,31,4,9,0,6,7,0,3,,
comp_0499,CONMEBOL Libertadores,2026-05-21,19:30,Peñarol,Corinthians,1,1,1-1,finished,5,,thestatsapi,0.68,2.16,3,5,16,21,3,8,5,6,0,0,,
comp_0499,CONMEBOL Libertadores,2026-05-21,17:00,Deportivo La Guaira,Independiente Rivadavia,2,4,2-4,finished,5,,thestatsapi,0.81,2.63,7,3,15,15,5,7,9,15,3,2,,
comp_0499,CONMEBOL Libertadores,2026-05-20,21:00,Junior Barranquilla,Club Sporting Cristal,3,2,3-2,finished,5,,thestatsapi,2,1.35,4,6,16,19,7,5,13,10,2,1,,
comp_0499,CONMEBOL Libertadores,2026-05-20,21:00,Cusco FC,Independiente Medellín,2,3,2-3,finished,5,,thestatsapi,1.26,2.27,9,3,12,11,6,5,9,10,1,3,,
comp_0499,CONMEBOL Libertadores,2026-05-20,19:30,LDU,Lanús,2,0,2-0,finished,5,,thestatsapi,1.24,0.13,5,1,17,5,3,0,16,7,3,3,,
comp_0499,CONMEBOL Libertadores,2026-05-20,19:30,Palmeiras,Cerro Porteño,0,1,0-1,finished,5,,thestatsapi,0.98,0.62,6,3,11,7,5,2,17,10,3,3,,
comp_0499,CONMEBOL Libertadores,2026-05-20,19:30,Flamengo,Estudiantes de La Plata,1,0,1-0,finished,5,,thestatsapi,1.2,0.89,3,5,13,8,4,1,9,13,2,5,,
comp_0499,CONMEBOL Libertadores,2026-05-20,17:00,Nacional,Universitario,0,0,0-0,finished,5,,thestatsapi,0.29,0.59,7,5,12,10,4,3,6,4,0,1,,
comp_0499,CONMEBOL Libertadores,2026-05-19,21:00,Independiente del Valle,Libertad,4,1,4-1,finished,5,,thestatsapi,2.77,0.3,8,4,21,6,8,4,4,9,0,1,,
comp_0499,CONMEBOL Libertadores,2026-05-19,19:30,Boca Juniors,Cruzeiro,1,1,1-1,finished,5,,thestatsapi,2.39,0.77,12,1,28,7,10,3,14,15,2,2,,
comp_0499,CONMEBOL Libertadores,2026-05-19,19:00,Club Always Ready,Mirassol,1,2,1-2,finished,5,,thestatsapi,0.29,2.19,3,3,13,9,2,4,18,9,4,4,,
comp_0499,CONMEBOL Libertadores,2026-05-19,19:00,Independiente Santa Fe,Platense,2,1,2-1,finished,5,,thestatsapi,0.87,1.04,5,3,12,5,4,2,13,10,5,3,,
comp_0499,CONMEBOL Libertadores,2026-05-19,17:00,Rosario Central,Universidad Central,4,0,4-0,finished,5,,thestatsapi,2.97,0.28,4,0,16,8,6,1,16,9,2,3,,
comp_0499,CONMEBOL Libertadores,2026-05-19,17:00,Fluminense,Bolívar,2,1,2-1,finished,5,,thestatsapi,2.23,0.2,5,1,24,5,8,2,14,9,5,2,,
comp_0499,CONMEBOL Libertadores,2026-05-19,17:00,Coquimbo Unido,Deportes Tolima,3,0,3-0,finished,5,,thestatsapi,2.68,0.6,3,9,14,8,10,2,14,8,3,1,,
comp_0499,CONMEBOL Libertadores,2026-05-07,21:00,Junior Barranquilla,Cerro Porteño,0,1,0-1,finished,4,,thestatsapi,1.11,0.54,10,2,16,12,2,3,13,10,2,2,,
comp_0499,CONMEBOL Libertadores,2026-05-07,19:00,Coquimbo Unido,Universitario,2,1,2-1,finished,4,,thestatsapi,1.6,0.82,9,3,10,9,4,2,13,9,1,3,,
comp_0499,CONMEBOL Libertadores,2026-05-07,17:00,Mirassol,LDU,2,0,2-0,finished,4,,thestatsapi,2.16,0.28,7,0,15,6,8,2,6,12,0,3,,
comp_0499,CONMEBOL Libertadores,2026-05-07,17:00,Platense,Peñarol,1,1,1-1,finished,4,,thestatsapi,1.23,0.42,4,3,13,8,3,4,14,16,2,6,,
comp_0499,CONMEBOL Libertadores,2026-05-06,21:00,Universidad Católica,Cruzeiro,0,0,0-0,finished,4,,thestatsapi,0.98,0.54,5,2,13,11,5,1,16,7,2,2,,
comp_0499,CONMEBOL Libertadores,2026-05-06,21:00,Deportes Tolima,Nacional,3,0,3-0,finished,4,,thestatsapi,3.41,0.31,10,3,19,8,9,2,3,5,3,2,,
comp_0499,CONMEBOL Libertadores,2026-05-06,19:30,Independiente Rivadavia,Fluminense,1,1,1-1,finished,4,,thestatsapi,1.34,0.75,6,2,15,11,3,2,13,14,2,4,,
comp_0499,CONMEBOL Libertadores,2026-05-06,19:30,Independiente Santa Fe,Corinthians,1,1,1-1,finished,4,,thestatsapi,1.26,0.69,4,6,15,12,7,3,17,4,4,0,,
comp_0499,CONMEBOL Libertadores,2026-05-06,17:00,Deportivo La Guaira,Bolívar,1,1,1-1,finished,4,,thestatsapi,1.32,1.22,6,7,12,12,6,4,16,8,4,3,,
comp_0499,CONMEBOL Libertadores,2026-05-06,17:00,Cusco FC,Estudiantes de La Plata,1,1,1-1,finished,4,,thestatsapi,1.99,0.86,3,3,14,10,8,2,8,5,1,3,,
comp_0499,CONMEBOL Libertadores,2026-05-05,19:30,Club Always Ready,Lanús,4,0,4-0,finished,4,,thestatsapi,2.72,0.53,2,5,24,7,10,4,16,6,2,1,,
comp_0499,CONMEBOL Libertadores,2026-05-05,19:00,Barcelona SC,Boca Juniors,1,0,1-0,finished,4,,thestatsapi,1.5,1.25,2,4,11,10,5,4,14,12,5,4,,
comp_0499,CONMEBOL Libertadores,2026-05-05,19:00,Universidad Central,Independiente del Valle,2,0,2-0,finished,4,,thestatsapi,0.54,2.38,1,10,8,28,4,7,3,7,1,2,,
comp_0499,CONMEBOL Libertadores,2026-05-05,17:00,Rosario Central,Libertad,1,0,1-0,finished,4,,thestatsapi,2.55,0.66,5,6,17,12,7,3,13,18,2,4,,
comp_0499,CONMEBOL Libertadores,2026-05-05,17:00,Club Sporting Cristal,Palmeiras,0,2,0-2,finished,4,,thestatsapi,1.06,1.6,8,7,18,22,6,5,16,12,2,2,,
comp_0499,CONMEBOL Libertadores,2026-04-30,21:00,Independiente Medellín,Cusco FC,1,0,1-0,finished,3,,thestatsapi,1.12,0.37,6,1,21,10,6,1,10,4,3,2,,
comp_0499,CONMEBOL Libertadores,2026-04-30,19:00,Corinthians,Peñarol,2,0,2-0,finished,3,,thestatsapi,2.05,0.31,5,4,15,9,4,2,7,13,0,2,,
comp_0499,CONMEBOL Libertadores,2026-04-30,17:00,Independiente Rivadavia,Deportivo La Guaira,4,1,4-1,finished,3,,thestatsapi,3.37,0.26,4,2,13,5,5,2,11,15,1,0,,
comp_0499,CONMEBOL Libertadores,2026-04-30,17:00,Bolívar,Fluminense,2,0,2-0,finished,3,,thestatsapi,0.63,0.18,2,1,14,6,7,1,15,8,2,3,,
comp_0499,CONMEBOL Libertadores,2026-04-29,21:00,Universitario,Nacional,4,2,4-2,finished,3,,thestatsapi,2.06,1.41,7,5,15,11,9,6,16,8,4,4,,
comp_0499,CONMEBOL Libertadores,2026-04-29,19:30,Cerro Porteño,Palmeiras,1,1,1-1,finished,3,,thestatsapi,0.49,3,3,5,8,16,3,6,17,11,1,1,,
comp_0499,CONMEBOL Libertadores,2026-04-29,19:30,Estudiantes de La Plata,Flamengo,1,1,1-1,finished,3,,thestatsapi,1.81,1.29,8,2,14,8,6,5,15,5,5,1,,
comp_0499,CONMEBOL Libertadores,2026-04-29,19:00,Barcelona SC,Universidad Católica,1,2,1-2,finished,3,,thestatsapi,0.55,0.86,3,3,13,9,6,6,7,12,3,1,,
comp_0499,CONMEBOL Libertadores,2026-04-29,17:00,Mirassol,Club Always Ready,2,0,2-0,finished,3,,thestatsapi,1.45,0.35,7,6,14,12,4,4,14,5,4,3,,
comp_0499,CONMEBOL Libertadores,2026-04-29,17:00,Platense,Independiente Santa Fe,2,1,2-1,finished,3,,thestatsapi,0.64,0.49,3,1,13,8,7,1,13,16,2,3,,
comp_0499,CONMEBOL Libertadores,2026-04-28,21:00,Club Sporting Cristal,Junior Barranquilla,2,0,2-0,finished,3,,thestatsapi,1.99,0.72,7,4,17,13,4,2,8,7,2,1,,
comp_0499,CONMEBOL Libertadores,2026-04-28,21:00,Deportes Tolima,Coquimbo Unido,3,0,3-0,finished,3,,thestatsapi,2.16,0.46,1,4,14,9,5,5,10,16,1,3,,
comp_0499,CONMEBOL Libertadores,2026-04-28,19:30,Cruzeiro,Boca Juniors,1,0,1-0,finished,3,,thestatsapi,1.39,0,5,1,11,0,2,0,11,14,4,5,,
comp_0499,CONMEBOL Libertadores,2026-04-28,19:00,Universidad Central,Rosario Central,0,3,0-3,finished,3,,thestatsapi,1.16,1.94,3,6,13,11,3,4,9,11,3,3,,
comp_0499,CONMEBOL Libertadores,2026-04-28,17:00,Libertad,Independiente del Valle,2,3,2-3,finished,3,,thestatsapi,1.15,0.79,0,6,8,14,4,6,9,9,3,2,,
comp_0499,CONMEBOL Libertadores,2026-04-28,17:00,Lanús,LDU,1,0,1-0,finished,3,,thestatsapi,0.86,0.26,6,4,11,8,5,1,9,16,3,3,,
comp_0499,CONMEBOL Libertadores,2026-04-16,19:30,Peñarol,Platense,1,2,1-2,finished,2,,thestatsapi,0.56,1.08,1,0,9,5,5,3,16,24,5,5,,
comp_0499,CONMEBOL Libertadores,2026-04-16,19:30,Flamengo,Independiente Medellín,4,1,4-1,finished,2,,thestatsapi,2.92,0.3,4,2,24,8,10,1,6,15,1,3,,
comp_0499,CONMEBOL Libertadores,2026-04-16,17:00,Lanús,Club Always Ready,1,0,1-0,finished,2,,thestatsapi,2.45,0.51,11,1,26,5,7,1,10,12,1,4,,
comp_0499,CONMEBOL Libertadores,2026-04-16,17:00,Palmeiras,Club Sporting Cristal,2,1,2-1,finished,2,,thestatsapi,2.37,0.72,8,3,23,8,6,2,4,9,0,3,,
comp_0499,CONMEBOL Libertadores,2026-04-15,21:00,Independiente del Valle,Universidad Central,3,1,3-1,finished,2,,thestatsapi,3.54,1.53,10,2,33,14,13,3,5,5,0,3,,
comp_0499,CONMEBOL Libertadores,2026-04-15,19:30,Fluminense,Independiente Rivadavia,1,2,1-2,finished,2,,thestatsapi,1.14,1.01,1,1,21,7,9,4,10,12,1,4,,
comp_0499,CONMEBOL Libertadores,2026-04-15,19:30,Corinthians,Independiente Santa Fe,2,0,2-0,finished,2,,thestatsapi,1.24,0.3,8,5,14,6,9,1,5,20,1,0,,
comp_0499,CONMEBOL Libertadores,2026-04-15,17:00,Cruzeiro,Universidad Católica,1,2,1-2,finished,2,,thestatsapi,2.15,0.89,4,4,16,9,6,4,12,15,5,4,,
comp_0499,CONMEBOL Libertadores,2026-04-15,17:00,Libertad,Rosario Central,0,1,0-1,finished,2,,thestatsapi,0.33,1.07,4,5,8,14,2,7,16,9,2,3,,
comp_0499,CONMEBOL Libertadores,2026-04-14,21:00,Universitario,Coquimbo Unido,0,2,0-2,finished,2,,thestatsapi,0.3,1.86,7,2,8,5,4,2,20,18,2,1,,
comp_0499,CONMEBOL Libertadores,2026-04-14,21:00,LDU,Mirassol,2,0,2-0,finished,2,,thestatsapi,0.67,0.53,4,2,18,5,5,2,16,5,1,3,,
comp_0499,CONMEBOL Libertadores,2026-04-14,19:00,Boca Juniors,Barcelona SC,3,0,3-0,finished,2,,thestatsapi,2.21,0.4,5,4,19,6,11,1,9,14,1,2,,
comp_0499,CONMEBOL Libertadores,2026-04-14,19:00,Bolívar,Deportivo La Guaira,1,1,1-1,finished,2,,thestatsapi,1.97,0.24,15,2,25,4,6,2,10,12,1,0,,
comp_0499,CONMEBOL Libertadores,2026-04-14,17:00,Nacional,Deportes Tolima,3,1,3-1,finished,2,,thestatsapi,1.7,0.4,6,2,13,7,7,3,11,18,3,5,,
comp_0499,CONMEBOL Libertadores,2026-04-14,17:00,Cerro Porteño,Junior Barranquilla,1,0,1-0,finished,2,,thestatsapi,1.29,0.93,5,2,11,9,4,3,14,13,4,1,,
comp_0499,CONMEBOL Libertadores,2026-04-14,17:00,Estudiantes de La Plata,Cusco FC,2,1,2-1,finished,2,,thestatsapi,1.48,0.79,4,0,25,5,9,2,9,8,2,3,,
comp_0499,CONMEBOL Libertadores,2026-04-09,21:00,Independiente Santa Fe,Peñarol,1,1,1-1,finished,1,,thestatsapi,0.93,1.18,4,4,15,16,2,6,17,5,4,1,,
comp_0499,CONMEBOL Libertadores,2026-04-09,19:00,Platense,Corinthians,0,2,0-2,finished,1,,thestatsapi,0.2,1.24,5,1,6,6,2,3,8,8,0,1,,
comp_0499,CONMEBOL Libertadores,2026-04-09,17:00,Universidad Central,Libertad,3,1,3-1,finished,1,,thestatsapi,1.78,1.1,1,4,14,15,6,4,7,7,4,2,,
comp_0499,CONMEBOL Libertadores,2026-04-09,17:00,Rosario Central,Independiente del Valle,0,0,0-0,finished,1,,thestatsapi,1.36,1.4,9,3,26,10,9,2,5,7,2,2,,
comp_0499,CONMEBOL Libertadores,2026-04-08,21:00,Club Sporting Cristal,Cerro Porteño,1,0,1-0,finished,1,,thestatsapi,1.8,0.09,6,0,16,3,4,1,9,11,3,1,,
comp_0499,CONMEBOL Libertadores,2026-04-08,19:30,Junior Barranquilla,Palmeiras,1,1,1-1,finished,1,,thestatsapi,1.16,1.9,2,11,9,22,3,5,17,9,3,1,,
comp_0499,CONMEBOL Libertadores,2026-04-08,19:30,Cusco FC,Flamengo,0,2,0-2,finished,1,,thestatsapi,0.32,1.04,5,7,8,19,2,10,12,7,2,0,,
comp_0499,CONMEBOL Libertadores,2026-04-08,19:00,Independiente Medellín,Estudiantes de La Plata,1,1,1-1,finished,1,,thestatsapi,0.59,0.37,7,1,12,10,5,4,13,16,2,5,,
comp_0499,CONMEBOL Libertadores,2026-04-08,17:00,Mirassol,Lanús,1,0,1-0,finished,1,,thestatsapi,0.47,0.34,5,8,13,6,3,2,16,7,3,1,,
comp_0499,CONMEBOL Libertadores,2026-04-08,17:00,Coquimbo Unido,Nacional,1,1,1-1,finished,1,,thestatsapi,1.85,0.44,11,7,16,7,8,2,13,8,2,2,,
comp_0499,CONMEBOL Libertadores,2026-04-07,21:00,Deportes Tolima,Universitario,0,0,0-0,finished,1,,thestatsapi,0.42,0.5,5,5,9,11,4,3,13,13,0,0,,
comp_0499,CONMEBOL Libertadores,2026-04-07,19:30,Universidad Católica,Boca Juniors,1,2,1-2,finished,1,,thestatsapi,0.74,0.68,6,2,10,7,3,4,13,12,4,2,,
comp_0499,CONMEBOL Libertadores,2026-04-07,19:00,Club Always Ready,LDU,0,1,0-1,finished,1,,thestatsapi,0.6,1.66,8,4,21,15,5,2,13,9,3,4,,
comp_0499,CONMEBOL Libertadores,2026-04-07,19:00,Barcelona SC,Cruzeiro,0,1,0-1,finished,1,,thestatsapi,0.52,2.13,5,0,18,5,2,3,16,12,1,2,,
comp_0499,CONMEBOL Libertadores,2026-04-07,17:00,Independiente Rivadavia,Bolívar,1,0,1-0,finished,1,,thestatsapi,1.39,0.39,5,1,12,8,4,3,9,7,1,0,,
comp_0499,CONMEBOL Libertadores,2026-04-07,17:00,Deportivo La Guaira,Fluminense,0,0,0-0,finished,1,,thestatsapi,0.14,1.03,3,8,6,18,1,7,10,9,4,0,,
comp_0499,CONMEBOL Libertadores,2026-03-12,19:30,Independiente Medellín,Juventud de Las Piedras,2,1,2-1,finished,3,qualifying,thestatsapi,0.82,1.05,5,3,12,12,5,4,23,12,1,0,,
comp_0499,CONMEBOL Libertadores,2026-03-11,19:30,Deportes Tolima,O'Higgins,2,0,2-0,finished,3,qualifying,thestatsapi,1.98,0.51,4,5,12,11,8,2,15,11,4,2,,
comp_0499,CONMEBOL Libertadores,2026-03-11,17:00,Club Sporting Cristal,Carabobo,1,2,1-2,finished,3,qualifying,thestatsapi,1.86,1.22,6,4,17,14,6,3,13,13,3,3,,
comp_0499,CONMEBOL Libertadores,2026-03-10,19:30,Botafogo,Barcelona SC,0,1,0-1,finished,3,qualifying,thestatsapi,0.99,0.39,6,2,21,8,5,2,5,9,1,5,,
comp_0499,CONMEBOL Libertadores,2026-03-05,19:30,Juventud de Las Piedras,Independiente Medellín,1,1,1-1,finished,3,qualifying,thestatsapi,0.97,0.41,5,6,10,7,2,4,18,20,2,2,,
comp_0499,CONMEBOL Libertadores,2026-03-04,19:30,O'Higgins,Deportes Tolima,1,0,1-0,finished,3,qualifying,thestatsapi,1.55,0.65,7,4,15,8,3,3,7,5,2,2,,
comp_0499,CONMEBOL Libertadores,2026-03-04,17:00,Carabobo,Club Sporting Cristal,0,1,0-1,finished,3,qualifying,thestatsapi,0.97,1.08,9,3,15,8,6,2,12,16,0,4,,
comp_0499,CONMEBOL Libertadores,2026-03-03,19:30,Barcelona SC,Botafogo,1,1,1-1,finished,3,qualifying,thestatsapi,1.35,0.9,4,6,12,11,3,3,12,8,2,1,,
comp_0499,CONMEBOL Libertadores,2026-02-26,19:30,Deportes Tolima,Deportivo Táchira,0,1,0-1,finished,2,qualifying,thestatsapi,0.96,0.89,3,3,10,5,3,1,12,6,2,0,,
comp_0499,CONMEBOL Libertadores,2026-02-26,17:00,Guaraní,Juventud de Las Piedras,1,2,1-2,finished,2,qualifying,thestatsapi,1.98,1.51,3,3,18,14,7,4,17,10,3,3,,
comp_0499,CONMEBOL Libertadores,2026-02-25,19:30,Argentinos Juniors,Barcelona SC,0,1,0-1,finished,2,qualifying,thestatsapi,0.65,0.19,3,1,10,6,7,3,14,17,2,6,,
comp_0499,CONMEBOL Libertadores,2026-02-25,19:30,Botafogo,Nacional Potosí,2,0,2-0,finished,2,qualifying,thestatsapi,1.21,0.18,4,1,16,7,6,3,17,10,2,4,,
comp_0499,CONMEBOL Libertadores,2026-02-25,17:00,Bahia,O'Higgins,2,1,2-1,finished,2,qualifying,thestatsapi,1.71,1.11,4,2,12,6,3,1,10,15,4,6,,
comp_0499,CONMEBOL Libertadores,2026-02-24,19:30,Club Sporting Cristal,CS 2 de Mayo,0,0,0-0,finished,2,qualifying,thestatsapi,1.53,0.62,5,2,18,11,3,0,12,10,2,2,,
comp_0499,CONMEBOL Libertadores,2026-02-24,19:30,Independiente Medellín,Liverpool UY,0,0,0-0,finished,2,qualifying,thestatsapi,0.64,0.75,3,4,11,12,3,4,15,9,3,3,,
comp_0499,CONMEBOL Libertadores,2026-02-24,17:00,Huachipato,Carabobo,1,2,1-2,finished,2,qualifying,thestatsapi,2.23,1.65,8,3,23,15,10,4,13,11,4,2,,
comp_0499,CONMEBOL Libertadores,2026-02-19,19:30,Deportivo Táchira,Deportes Tolima,0,1,0-1,finished,2,qualifying,thestatsapi,0.78,1.96,4,2,10,8,3,5,6,11,4,2,,
comp_0499,CONMEBOL Libertadores,2026-02-19,17:00,Juventud de Las Piedras,Guaraní,0,0,0-0,finished,2,qualifying,thestatsapi,0.75,0.53,2,3,17,10,4,6,7,16,0,2,,
comp_0499,CONMEBOL Libertadores,2026-02-18,19:30,Nacional Potosí,Botafogo,1,0,1-0,finished,2,qualifying,thestatsapi,1.84,1.34,5,0,25,8,2,2,5,9,0,3,,
comp_0499,CONMEBOL Libertadores,2026-02-18,19:30,Barcelona SC,Argentinos Juniors,0,1,0-1,finished,2,qualifying,thestatsapi,0.66,0.28,3,2,14,9,3,1,7,10,3,2,,
comp_0499,CONMEBOL Libertadores,2026-02-18,17:00,O'Higgins,Bahia,1,0,1-0,finished,2,qualifying,thestatsapi,0.84,0.8,2,6,10,9,3,1,18,8,3,6,,
comp_0499,CONMEBOL Libertadores,2026-02-17,19:30,CS 2 de Mayo,Club Sporting Cristal,2,2,2-2,finished,2,qualifying,thestatsapi,1.09,1.5,4,4,11,7,1,2,11,7,3,3,,
comp_0499,CONMEBOL Libertadores,2026-02-17,19:30,Liverpool UY,Independiente Medellín,1,2,1-2,finished,2,qualifying,thestatsapi,1.3,1.66,4,5,11,20,3,5,11,16,2,2,,
comp_0499,CONMEBOL Libertadores,2026-02-17,17:00,Carabobo,Huachipato,1,0,1-0,finished,2,qualifying,thestatsapi,0.64,0.57,4,5,11,11,3,2,11,5,6,3,,
comp_0499,CONMEBOL Libertadores,2026-02-12,19:30,Universidad Católica del Ecuador,Juventud de Las Piedras,3,4,3-4,finished,1,qualifying,thestatsapi,2.02,2.6,2,4,14,11,8,5,13,14,4,2,,
comp_0499,CONMEBOL Libertadores,2026-02-11,19:30,Alianza Lima,CS 2 de Mayo,1,1,1-1,finished,1,qualifying,thestatsapi,2.6,2.17,5,3,22,18,6,5,17,11,3,4,,
comp_0499,CONMEBOL Libertadores,2026-02-10,19:30,Deportivo Táchira,The Strongest,1,0,1-0,finished,1,qualifying,thestatsapi,0.96,1.01,9,3,18,6,9,1,11,14,3,5,,
comp_0499,CONMEBOL Libertadores,2026-02-05,19:30,Juventud de Las Piedras,Universidad Católica del Ecuador,0,1,0-1,finished,1,qualifying,thestatsapi,0.78,0.89,9,3,17,4,7,2,9,9,1,3,,
comp_0499,CONMEBOL Libertadores,2026-02-04,19:30,CS 2 de Mayo,Alianza Lima,1,0,1-0,finished,1,qualifying,thestatsapi,0.63,1.2,3,3,13,11,2,2,11,9,1,2,,
comp_0499,CONMEBOL Libertadores,2026-02-03,19:30,The Strongest,Deportivo Táchira,2,1,2-1,finished,1,qualifying,thestatsapi,2.36,0.94,8,2,27,10,8,4,12,11,1,4,,
comp_0499,CONMEBOL Libertadores,2025-11-29,16:15,Palmeiras,Flamengo,0,1,0-1,finished,29,final,thestatsapi,1.01,0.72,4,7,9,11,0,3,15,18,4,3,,
comp_0499,CONMEBOL Libertadores,2025-10-30,19:30,Palmeiras,LDU,4,0,4-0,finished,28,semi_final,thestatsapi,3.47,0.34,4,0,28,8,8,1,6,14,3,4,,
comp_0499,CONMEBOL Libertadores,2025-10-29,19:50,Racing Club,Flamengo,0,0,0-0,finished,28,semi_final,thestatsapi,1,0.53,13,0,20,6,4,2,13,4,2,1,,
comp_0499,CONMEBOL Libertadores,2025-10-23,19:30,LDU,Palmeiras,3,0,3-0,finished,28,semi_final,thestatsapi,1.71,1.59,6,8,17,16,7,3,14,8,5,2,,
comp_0499,CONMEBOL Libertadores,2025-10-22,19:30,Flamengo,Racing Club,1,0,1-0,finished,28,semi_final,thestatsapi,2.47,0.16,10,4,21,4,7,1,5,18,1,2,,
comp_0499,CONMEBOL Libertadores,2025-09-25,19:30,Estudiantes de La Plata,Flamengo,1,0,1-0,finished,27,quarter_final,thestatsapi,0.58,0.68,3,7,13,7,3,3,9,8,1,1,,
comp_0499,CONMEBOL Libertadores,2025-09-25,17:00,São Paulo,LDU,0,1,0-1,finished,27,quarter_final,thestatsapi,2.59,0.88,16,0,26,4,11,1,7,14,1,2,,
comp_0499,CONMEBOL Libertadores,2025-09-24,19:30,Palmeiras,River Plate,3,1,3-1,finished,27,quarter_final,thestatsapi,1.9,0.61,2,4,14,10,10,2,8,14,2,7,,
comp_0499,CONMEBOL Libertadores,2025-09-23,17:00,Racing Club,Vélez Sarsfield,1,0,1-0,finished,27,quarter_final,thestatsapi,2.53,0.28,5,1,23,4,7,1,19,5,2,2,,
comp_0499,CONMEBOL Libertadores,2025-09-18,19:30,Flamengo,Estudiantes de La Plata,2,1,2-1,finished,27,quarter_final,thestatsapi,2.01,0.51,6,4,16,10,8,3,12,16,5,3,,
comp_0499,CONMEBOL Libertadores,2025-09-18,17:00,LDU,São Paulo,2,0,2-0,finished,27,quarter_final,thestatsapi,0.69,0.71,2,5,7,11,5,4,12,6,2,1,,
comp_0499,CONMEBOL Libertadores,2025-09-17,19:30,River Plate,Palmeiras,1,2,1-2,finished,27,quarter_final,thestatsapi,0.52,0.87,7,2,17,8,3,4,17,11,4,4,,
comp_0499,CONMEBOL Libertadores,2025-09-16,17:00,Vélez Sarsfield,Racing Club,0,1,0-1,finished,27,quarter_final,thestatsapi,0.61,0.85,5,0,10,10,2,3,5,17,3,4,,
comp_0499,CONMEBOL Libertadores,2025-08-21,19:30,River Plate,Libertad,1,1,1-1,finished,5,round_of_16,thestatsapi,1.32,1.25,2,6,15,17,6,8,8,17,4,3,,
comp_0499,CONMEBOL Libertadores,2025-08-21,19:30,Palmeiras,Universitario,0,0,0-0,finished,5,round_of_16,thestatsapi,0.86,0.69,4,10,10,19,1,7,11,12,1,1,,
comp_0499,CONMEBOL Libertadores,2025-08-21,17:00,LDU,Botafogo,2,0,2-0,finished,5,round_of_16,thestatsapi,1.58,0.24,7,1,20,4,4,1,12,13,2,3,,
comp_0499,CONMEBOL Libertadores,2025-08-20,19:30,Internacional,Flamengo,0,2,0-2,finished,5,round_of_16,thestatsapi,0.42,2.28,1,3,8,14,1,5,22,10,2,1,,
comp_0499,CONMEBOL Libertadores,2025-08-20,17:00,Estudiantes de La Plata,Cerro Porteño,0,0,0-0,finished,5,round_of_16,thestatsapi,0.67,0.25,1,4,10,7,2,1,14,13,3,2,,
comp_0499,CONMEBOL Libertadores,2025-08-19,19:30,Racing Club,Peñarol,3,1,3-1,finished,5,round_of_16,thestatsapi,2.89,1.29,9,7,26,16,7,6,14,13,3,4,,
comp_0499,CONMEBOL Libertadores,2025-08-19,19:30,São Paulo,Atlético Nacional,1,1,1-1,finished,5,round_of_16,thestatsapi,1.53,1.65,4,5,19,10,7,4,14,5,3,5,,
comp_0499,CONMEBOL Libertadores,2025-08-19,17:00,Vélez Sarsfield,Fortaleza,2,0,2-0,finished,5,round_of_16,thestatsapi,0.86,0.26,4,4,15,8,3,3,12,20,2,4,,
comp_0499,CONMEBOL Libertadores,2025-08-14,19:30,Libertad,River Plate,0,0,0-0,finished,5,round_of_16,thestatsapi,0.5,1.25,3,5,9,20,2,7,9,16,3,0,,
comp_0499,CONMEBOL Libertadores,2025-08-14,19:30,Universitario,Palmeiras,0,4,0-4,finished,5,round_of_16,thestatsapi,0.74,2.49,2,6,12,22,2,8,13,7,2,1,,
comp_0499,CONMEBOL Libertadores,2025-08-14,17:00,Botafogo,LDU,1,0,1-0,finished,5,round_of_16,thestatsapi,0.96,0.57,3,4,9,12,3,3,5,18,1,3,,
comp_0499,CONMEBOL Libertadores,2025-08-13,19:30,Flamengo,Internacional,1,0,1-0,finished,5,round_of_16,thestatsapi,0.83,0.09,4,5,10,5,4,2,10,11,1,1,,
comp_0499,CONMEBOL Libertadores,2025-08-13,17:00,Cerro Porteño,Estudiantes de La Plata,0,1,0-1,finished,5,round_of_16,thestatsapi,0.8,1.29,3,5,9,14,5,3,10,12,5,0,,
comp_0499,CONMEBOL Libertadores,2025-08-12,19:30,Peñarol,Racing Club,1,0,1-0,finished,5,round_of_16,thestatsapi,1.02,0.22,4,1,13,9,3,0,12,22,3,4,,
comp_0499,CONMEBOL Libertadores,2025-08-12,19:30,Atlético Nacional,São Paulo,0,0,0-0,finished,5,round_of_16,thestatsapi,2.51,0.22,8,3,19,5,1,0,18,13,2,2,,
comp_0499,CONMEBOL Libertadores,2025-08-12,17:00,Fortaleza,Vélez Sarsfield,0,0,0-0,finished,5,round_of_16,thestatsapi,0.44,0.96,5,5,13,13,1,3,15,19,5,2,,
comp_1615,CONMEBOL Sudamericana,2026-05-28,19:30,Tigre,Alianza Atlético de Sullana,2,0,2-0,finished,6,,thestatsapi,1.65,0.77,4,1,14,6,5,2,13,15,2,6,,
comp_1615,CONMEBOL Sudamericana,2026-05-28,19:30,América de Cali,Macará,0,0,0-0,finished,6,,thestatsapi,1.07,1.12,3,9,17,12,2,4,9,11,2,3,,
comp_1615,CONMEBOL Sudamericana,2026-05-27,19:30,Red Bull Bragantino,Carabobo,2,0,2-0,finished,6,,thestatsapi,1.59,0.46,4,5,21,11,7,4,13,4,3,2,,
comp_1615,CONMEBOL Sudamericana,2026-05-27,19:30,River Plate,Blooming,3,0,3-0,finished,6,,thestatsapi,2.82,0.04,8,0,22,2,9,1,19,11,1,1,,
comp_1615,CONMEBOL Sudamericana,2026-05-27,17:00,Vasco da Gama,Barracas Central,3,0,3-0,finished,6,,thestatsapi,2.49,0.65,7,1,22,4,10,1,11,8,2,4,,
comp_1615,CONMEBOL Sudamericana,2026-05-27,17:00,Olimpia,Audax Italiano,3,1,3-1,finished,6,,thestatsapi,2.49,0.18,2,1,15,6,7,0,15,12,2,3,,
comp_1615,CONMEBOL Sudamericana,2026-05-27,17:00,Caracas F.C.,Botafogo,1,3,1-3,finished,6,,thestatsapi,0.79,3.11,8,4,11,12,2,3,9,11,2,3,,
comp_1615,CONMEBOL Sudamericana,2026-05-27,17:00,Racing Club,Independiente Petrolero,2,0,2-0,finished,6,,thestatsapi,0.83,0.91,9,2,14,8,7,2,16,12,1,2,,
comp_1615,CONMEBOL Sudamericana,2026-05-27,17:00,Cienciano,Juventud de Las Piedras,1,1,1-1,finished,6,,thestatsapi,0.86,1.05,2,9,9,15,2,5,13,5,2,2,,
comp_1615,CONMEBOL Sudamericana,2026-05-27,17:00,Atlético Mineiro,Academia Puerto Cabello,1,0,1-0,finished,6,,thestatsapi,1.01,0.39,6,1,15,6,4,3,4,12,2,4,,
comp_1615,CONMEBOL Sudamericana,2026-05-26,19:30,San Lorenzo,Recoleta FC,0,1,0-1,finished,6,,thestatsapi,1.88,1.25,7,4,32,8,7,4,9,11,3,4,,
comp_1615,CONMEBOL Sudamericana,2026-05-26,19:30,Santos,Deportivo Cuenca,3,0,3-0,finished,6,,thestatsapi,2.72,1.02,3,4,13,10,4,3,10,12,3,4,,
comp_1615,CONMEBOL Sudamericana,2026-05-26,17:00,Palestino,Deportivo Riestra,1,1,1-1,finished,6,,thestatsapi,0.65,1.83,3,7,11,16,5,2,14,11,1,3,,
comp_1615,CONMEBOL Sudamericana,2026-05-26,17:00,Grêmio,Montevideo City Torque,2,2,2-2,finished,6,,thestatsapi,1.83,1.93,7,5,20,12,7,7,12,16,2,2,,
comp_1615,CONMEBOL Sudamericana,2026-05-26,17:00,Millonarios,O'Higgins,1,2,1-2,finished,6,,thestatsapi,1.88,0.59,7,4,23,5,7,4,9,13,3,5,,
comp_1615,CONMEBOL Sudamericana,2026-05-26,17:00,São Paulo,Boston River,2,0,2-0,finished,6,,thestatsapi,1.69,0.62,7,3,16,12,6,0,6,13,1,2,,
comp_1615,CONMEBOL Sudamericana,2026-05-21,21:00,Macará,Alianza Atlético de Sullana,0,0,0-0,finished,5,,thestatsapi,1.25,0.4,7,1,19,7,4,2,13,11,3,1,,
comp_1615,CONMEBOL Sudamericana,2026-05-21,19:30,Blooming,Carabobo,0,2,0-2,finished,5,,thestatsapi,1.13,0.58,10,5,19,8,6,5,10,12,2,1,,
comp_1615,CONMEBOL Sudamericana,2026-05-21,19:00,Racing Club,Caracas F.C.,2,2,2-2,finished,5,,thestatsapi,2.11,2.4,5,4,19,12,4,4,8,8,3,1,,
comp_1615,CONMEBOL Sudamericana,2026-05-21,17:00,Academia Puerto Cabello,Juventud de Las Piedras,1,1,1-1,finished,5,,thestatsapi,0.86,0.41,3,2,10,8,2,2,7,11,1,0,,
comp_1615,CONMEBOL Sudamericana,2026-05-21,17:00,Atlético Mineiro,Cienciano,2,0,2-0,finished,5,,thestatsapi,1.83,0.86,8,1,13,9,6,4,8,10,4,2,,
comp_1615,CONMEBOL Sudamericana,2026-05-20,19:30,River Plate,Red Bull Bragantino,1,1,1-1,finished,5,,thestatsapi,1.96,0.78,3,5,12,14,3,3,10,11,2,1,,
comp_1615,CONMEBOL Sudamericana,2026-05-20,19:00,Grêmio,Palestino,2,0,2-0,finished,5,,thestatsapi,1.74,1.4,3,10,11,18,4,4,15,16,3,4,,
comp_1615,CONMEBOL Sudamericana,2026-05-20,19:00,Independiente Petrolero,Botafogo,0,3,0-3,finished,5,,thestatsapi,0.24,6.51,1,5,4,41,0,19,11,12,3,0,,
comp_1615,CONMEBOL Sudamericana,2026-05-20,17:00,Santos,San Lorenzo,2,2,2-2,finished,5,,thestatsapi,1.27,1.15,2,5,9,14,4,6,16,17,3,3,,
comp_1615,CONMEBOL Sudamericana,2026-05-20,17:00,Olimpia,Vasco da Gama,3,1,3-1,finished,5,,thestatsapi,2.45,0.46,13,3,30,6,9,2,3,5,2,4,,
comp_1615,CONMEBOL Sudamericana,2026-05-20,17:00,Boston River,O'Higgins,3,2,3-2,finished,5,,thestatsapi,1.4,1.57,4,7,15,17,7,5,11,11,2,2,,
comp_1615,CONMEBOL Sudamericana,2026-05-19,21:00,Deportivo Cuenca,Recoleta FC,2,2,2-2,finished,5,,thestatsapi,1.38,1.06,3,2,16,15,6,3,13,17,1,3,,
comp_1615,CONMEBOL Sudamericana,2026-05-19,21:00,América de Cali,Tigre,1,1,1-1,finished,5,,thestatsapi,0.8,0.64,5,2,17,5,2,1,17,10,5,4,,
comp_1615,CONMEBOL Sudamericana,2026-05-19,19:30,São Paulo,Millonarios,1,1,1-1,finished,5,,thestatsapi,1.46,1.84,7,2,15,10,3,4,13,17,4,3,,
comp_1615,CONMEBOL Sudamericana,2026-05-19,17:00,Audax Italiano,Barracas Central,2,0,2-0,finished,5,,thestatsapi,0.92,0.57,3,8,16,9,7,1,15,12,3,4,,
comp_1615,CONMEBOL Sudamericana,2026-05-19,17:00,Montevideo City Torque,Deportivo Riestra,4,1,4-1,finished,5,,thestatsapi,1.61,0.97,8,8,15,15,4,5,13,12,2,4,,
comp_1615,CONMEBOL Sudamericana,2026-05-07,19:30,Carabobo,River Plate,1,2,1-2,finished,4,,thestatsapi,0.98,1.94,2,6,7,15,1,7,7,15,3,6,,
comp_1615,CONMEBOL Sudamericana,2026-05-07,19:30,Blooming,Red Bull Bragantino,0,6,0-6,finished,4,,thestatsapi,0.17,3.28,2,3,5,23,2,15,10,11,3,1,,
comp_1615,CONMEBOL Sudamericana,2026-05-07,17:00,O'Higgins,São Paulo,0,0,0-0,finished,4,,thestatsapi,0.91,0.73,8,2,16,7,2,1,15,12,3,2,,
comp_1615,CONMEBOL Sudamericana,2026-05-07,17:00,Boston River,Millonarios,2,4,2-4,finished,4,,thestatsapi,0.61,4.02,2,9,8,29,4,10,11,12,4,0,,
comp_1615,CONMEBOL Sudamericana,2026-05-06,21:00,Alianza Atlético de Sullana,América de Cali,0,2,0-2,finished,4,,thestatsapi,1.37,2.71,5,4,15,12,6,4,13,17,2,2,,
comp_1615,CONMEBOL Sudamericana,2026-05-06,19:30,Botafogo,Racing Club,2,1,2-1,finished,4,,thestatsapi,1.14,0.86,5,4,12,13,4,5,9,9,3,3,,
comp_1615,CONMEBOL Sudamericana,2026-05-06,19:00,Barracas Central,Olimpia,1,2,1-2,finished,4,,thestatsapi,1.15,3.35,3,5,19,21,6,10,14,10,4,5,,
comp_1615,CONMEBOL Sudamericana,2026-05-06,19:00,Macará,Tigre,2,2,2-2,finished,4,,thestatsapi,0.7,0.95,8,5,15,16,2,6,10,7,4,3,,
comp_1615,CONMEBOL Sudamericana,2026-05-06,17:00,Audax Italiano,Vasco da Gama,1,2,1-2,finished,4,,thestatsapi,0.38,2.82,5,6,10,20,3,9,16,9,3,4,,
comp_1615,CONMEBOL Sudamericana,2026-05-06,17:00,Montevideo City Torque,Palestino,1,0,1-0,finished,4,,thestatsapi,0.25,1.12,0,4,9,13,3,3,11,18,4,4,,
comp_1615,CONMEBOL Sudamericana,2026-05-05,21:00,Deportivo Cuenca,San Lorenzo,0,0,0-0,finished,4,,thestatsapi,0.59,0.57,3,5,12,15,4,4,11,8,4,1,,
comp_1615,CONMEBOL Sudamericana,2026-05-05,19:30,Recoleta FC,Santos,1,1,1-1,finished,4,,thestatsapi,0.33,2.67,6,5,5,17,2,3,18,5,4,1,,
comp_1615,CONMEBOL Sudamericana,2026-05-05,19:30,Academia Puerto Cabello,Cienciano,3,0,3-0,finished,4,,thestatsapi,2.36,1.13,4,2,15,15,4,2,12,7,2,2,,
comp_1615,CONMEBOL Sudamericana,2026-05-05,17:00,Deportivo Riestra,Grêmio,0,3,0-3,finished,4,,thestatsapi,0.8,1.66,6,3,13,12,1,5,25,12,2,2,,
comp_1615,CONMEBOL Sudamericana,2026-05-05,17:00,Independiente Petrolero,Caracas F.C.,2,3,2-3,finished,4,,thestatsapi,1.66,2.56,4,5,22,16,8,9,8,11,0,2,,
comp_1615,CONMEBOL Sudamericana,2026-05-05,17:00,Juventud de Las Piedras,Atlético Mineiro,2,2,2-2,finished,4,,thestatsapi,1.98,0.78,8,5,18,8,8,6,8,6,0,1,,
comp_1615,CONMEBOL Sudamericana,2026-04-30,21:00,Alianza Atlético de Sullana,Macará,0,2,0-2,finished,3,,thestatsapi,1,0.77,5,9,10,15,2,3,8,9,3,2,,
comp_1615,CONMEBOL Sudamericana,2026-04-30,19:30,Red Bull Bragantino,River Plate,0,1,0-1,finished,3,,thestatsapi,1.28,0.38,5,6,12,14,5,6,11,10,6,4,,
comp_1615,CONMEBOL Sudamericana,2026-04-30,19:00,Tigre,América de Cali,2,0,2-0,finished,3,,thestatsapi,0.79,0.37,3,2,9,8,3,2,11,8,2,2,,
comp_1615,CONMEBOL Sudamericana,2026-04-30,17:00,Carabobo,Blooming,2,0,2-0,finished,3,,thestatsapi,1.89,0.7,6,5,20,14,9,3,14,14,2,3,,
comp_1615,CONMEBOL Sudamericana,2026-04-30,17:00,Vasco da Gama,Olimpia,3,0,3-0,finished,3,,thestatsapi,1.25,0.66,4,6,16,14,8,2,13,10,3,1,,
comp_1615,CONMEBOL Sudamericana,2026-04-29,19:30,Palestino,Grêmio,0,0,0-0,finished,3,,thestatsapi,0.37,1.48,2,1,10,10,3,2,19,8,3,3,,
comp_1615,CONMEBOL Sudamericana,2026-04-29,19:30,Cienciano,Atlético Mineiro,1,0,1-0,finished,3,,thestatsapi,1.47,0.72,5,0,21,8,5,2,12,8,0,3,,
comp_1615,CONMEBOL Sudamericana,2026-04-29,17:00,Deportivo Riestra,Montevideo City Torque,2,1,2-1,finished,3,,thestatsapi,1.49,1.8,3,6,14,17,3,3,13,11,3,4,,
comp_1615,CONMEBOL Sudamericana,2026-04-29,17:00,Caracas F.C.,Racing Club,1,1,1-1,finished,3,,thestatsapi,0.45,2.94,4,9,7,24,2,4,9,11,2,0,,
comp_1615,CONMEBOL Sudamericana,2026-04-29,17:00,Juventud de Las Piedras,Academia Puerto Cabello,4,0,4-0,finished,3,,thestatsapi,2.14,0.47,4,5,15,9,6,1,9,12,1,4,,
comp_1615,CONMEBOL Sudamericana,2026-04-28,21:00,O'Higgins,Boston River,2,0,2-0,finished,3,,thestatsapi,1.67,0.37,4,5,16,5,5,2,9,12,2,1,,
comp_1615,CONMEBOL Sudamericana,2026-04-28,19:30,Recoleta FC,Deportivo Cuenca,0,0,0-0,finished,3,,thestatsapi,0.56,0.51,5,2,13,12,3,4,14,12,2,2,,
comp_1615,CONMEBOL Sudamericana,2026-04-28,19:30,Millonarios,São Paulo,0,0,0-0,finished,3,,thestatsapi,1.03,0.4,9,5,26,10,4,1,9,10,0,3,,
comp_1615,CONMEBOL Sudamericana,2026-04-28,19:00,Barracas Central,Audax Italiano,1,1,1-1,finished,3,,thestatsapi,0.57,1.12,7,3,9,8,3,5,16,11,3,2,,
comp_1615,CONMEBOL Sudamericana,2026-04-28,17:00,San Lorenzo,Santos,1,1,1-1,finished,3,,thestatsapi,1.08,0.4,4,4,15,9,5,3,11,16,0,3,,
comp_1615,CONMEBOL Sudamericana,2026-04-28,17:00,Botafogo,Independiente Petrolero,3,0,3-0,finished,3,,thestatsapi,4.01,0.06,14,1,34,3,14,2,7,10,2,2,,
comp_1615,CONMEBOL Sudamericana,2026-04-16,21:00,Cienciano,Academia Puerto Cabello,2,0,2-0,finished,2,,thestatsapi,2.5,0.44,4,1,19,5,6,2,11,5,1,1,,
comp_1615,CONMEBOL Sudamericana,2026-04-16,19:30,San Lorenzo,Deportivo Cuenca,2,0,2-0,finished,2,,thestatsapi,1.63,0.45,5,1,19,13,5,1,14,13,1,2,,
comp_1615,CONMEBOL Sudamericana,2026-04-16,19:30,Red Bull Bragantino,Blooming,3,2,3-2,finished,2,,thestatsapi,3.41,1.81,8,5,29,13,11,5,17,15,4,4,,
comp_1615,CONMEBOL Sudamericana,2026-04-16,17:00,Atlético Mineiro,Juventud de Las Piedras,2,1,2-1,finished,2,,thestatsapi,0.6,0.35,1,1,7,7,4,3,10,19,3,4,,
comp_1615,CONMEBOL Sudamericana,2026-04-16,17:00,Tigre,Macará,0,1,0-1,finished,2,,thestatsapi,0.93,0.65,7,3,15,9,5,3,9,11,1,3,,
comp_1615,CONMEBOL Sudamericana,2026-04-15,21:00,Millonarios,Boston River,1,0,1-0,finished,2,,thestatsapi,0.98,0.47,11,3,21,8,7,0,13,6,2,2,,
comp_1615,CONMEBOL Sudamericana,2026-04-15,21:00,América de Cali,Alianza Atlético de Sullana,2,1,2-1,finished,2,,thestatsapi,1.8,0.76,5,4,15,11,6,3,13,14,2,3,,
comp_1615,CONMEBOL Sudamericana,2026-04-15,19:30,River Plate,Carabobo,1,0,1-0,finished,2,,thestatsapi,1.81,0.16,3,3,14,4,4,1,10,16,2,2,,
comp_1615,CONMEBOL Sudamericana,2026-04-15,19:00,Olimpia,Barracas Central,0,0,0-0,finished,2,,thestatsapi,0.49,0.39,5,1,12,6,4,2,11,12,6,4,,
comp_1615,CONMEBOL Sudamericana,2026-04-15,17:00,Racing Club,Botafogo,2,3,2-3,finished,2,,thestatsapi,3.87,1.61,8,5,17,11,7,4,17,8,3,3,,
comp_1615,CONMEBOL Sudamericana,2026-04-15,17:00,Caracas F.C.,Independiente Petrolero,1,0,1-0,finished,2,,thestatsapi,1.04,1.11,0,2,13,10,3,3,14,10,5,2,,
comp_1615,CONMEBOL Sudamericana,2026-04-14,19:30,Santos,Recoleta FC,1,1,1-1,finished,2,,thestatsapi,2.73,0.79,6,2,17,1,6,1,10,19,2,4,,
comp_1615,CONMEBOL Sudamericana,2026-04-14,19:30,Palestino,Montevideo City Torque,0,2,0-2,finished,2,,thestatsapi,0.79,0.35,7,3,15,6,3,2,9,6,2,2,,
comp_1615,CONMEBOL Sudamericana,2026-04-14,19:00,Vasco da Gama,Audax Italiano,1,2,1-2,finished,2,,thestatsapi,1.39,1.43,5,4,10,11,3,2,6,21,4,4,,
comp_1615,CONMEBOL Sudamericana,2026-04-14,17:00,São Paulo,O'Higgins,2,0,2-0,finished,2,,thestatsapi,1.05,1.39,4,8,13,15,4,2,10,11,3,5,,
comp_1615,CONMEBOL Sudamericana,2026-04-14,17:00,Grêmio,Deportivo Riestra,1,0,1-0,finished,2,,thestatsapi,0.6,0.05,8,2,17,3,6,1,10,8,4,2,,
comp_1615,CONMEBOL Sudamericana,2026-04-09,19:30,Carabobo,Red Bull Bragantino,1,0,1-0,finished,1,,thestatsapi,0.41,0.73,5,7,12,16,5,2,7,6,2,1,,
comp_1615,CONMEBOL Sudamericana,2026-04-09,19:30,Macará,América de Cali,1,1,1-1,finished,1,,thestatsapi,1.06,0.53,5,2,10,8,1,3,12,9,2,4,,
comp_1615,CONMEBOL Sudamericana,2026-04-09,17:00,Botafogo,Caracas F.C.,1,1,1-1,finished,1,,thestatsapi,0.76,0.21,7,1,15,7,4,5,10,8,3,0,,
comp_1615,CONMEBOL Sudamericana,2026-04-09,17:00,Juventud de Las Piedras,Cienciano,1,1,1-1,finished,1,,thestatsapi,1.64,0.44,3,7,11,7,3,3,11,9,1,1,,
comp_1615,CONMEBOL Sudamericana,2026-04-08,21:00,Academia Puerto Cabello,Atlético Mineiro,2,1,2-1,finished,1,,thestatsapi,1.92,1.04,5,4,15,12,5,5,9,17,0,1,,
comp_1615,CONMEBOL Sudamericana,2026-04-08,19:30,Blooming,River Plate,1,1,1-1,finished,1,,thestatsapi,1.17,0.38,0,2,10,5,3,2,23,11,6,0,,
comp_1615,CONMEBOL Sudamericana,2026-04-08,19:30,Montevideo City Torque,Grêmio,1,0,1-0,finished,1,,thestatsapi,0.43,0.94,7,1,8,7,3,2,13,5,2,2,,
comp_1615,CONMEBOL Sudamericana,2026-04-08,19:00,Audax Italiano,Olimpia,0,2,0-2,finished,1,,thestatsapi,1.55,1.5,8,4,23,8,4,4,6,8,2,2,,
comp_1615,CONMEBOL Sudamericana,2026-04-08,17:00,Deportivo Riestra,Palestino,0,0,0-0,finished,1,,thestatsapi,0.47,0.67,5,3,9,8,1,1,16,13,0,3,,
comp_1615,CONMEBOL Sudamericana,2026-04-08,17:00,Recoleta FC,San Lorenzo,1,1,1-1,finished,1,,thestatsapi,0.91,1.43,6,4,7,14,2,4,11,8,3,1,,
comp_1615,CONMEBOL Sudamericana,2026-04-08,17:00,Deportivo Cuenca,Santos,1,0,1-0,finished,1,,thestatsapi,0.35,1.14,9,4,12,20,1,3,7,5,2,1,,
comp_1615,CONMEBOL Sudamericana,2026-04-07,21:00,Alianza Atlético de Sullana,Tigre,1,1,1-1,finished,1,,thestatsapi,1.13,1.4,4,3,18,10,4,3,11,20,3,5,,
comp_1615,CONMEBOL Sudamericana,2026-04-07,19:30,Boston River,São Paulo,0,1,0-1,finished,1,,thestatsapi,0.33,0.94,7,10,11,11,1,4,13,7,1,1,,
comp_1615,CONMEBOL Sudamericana,2026-04-07,19:00,O'Higgins,Millonarios,2,0,2-0,finished,1,,thestatsapi,1.38,0.36,7,6,11,7,6,3,10,15,1,4,,
comp_1615,CONMEBOL Sudamericana,2026-04-07,17:00,Barracas Central,Vasco da Gama,0,0,0-0,finished,1,,thestatsapi,0.46,0.98,6,5,12,15,3,4,9,7,4,2,,
comp_1615,CONMEBOL Sudamericana,2026-04-07,17:00,Independiente Petrolero,Racing Club,1,3,1-3,finished,1,,thestatsapi,2.43,1.1,1,4,13,14,5,7,12,13,1,3,,
comp_1615,CONMEBOL Sudamericana,2026-03-05,21:00,Orense SC,Macará,0,1,0-1,finished,1,qualifying,thestatsapi,0.51,0.49,8,5,11,11,2,4,9,8,1,1,,
comp_1615,CONMEBOL Sudamericana,2026-03-05,19:30,Cienciano,Melgar,1,1,1-1,finished,1,qualifying,thestatsapi,1.32,0.38,6,3,18,7,3,3,10,8,3,2,,
comp_1615,CONMEBOL Sudamericana,2026-03-05,19:30,América de Cali,Atlético Bucaramanga,2,1,2-1,finished,1,qualifying,thestatsapi,1.82,0.28,1,1,16,6,7,2,11,17,3,4,,
comp_1615,CONMEBOL Sudamericana,2026-03-05,17:00,Boston River,Racing de Montevideo,1,0,1-0,finished,1,qualifying,thestatsapi,0.72,0.68,0,7,8,18,3,1,13,11,1,1,,
comp_1615,CONMEBOL Sudamericana,2026-03-05,17:00,Nacional Asunción,Recoleta FC,1,1,1-1,finished,1,qualifying,thestatsapi,1.01,0.14,8,1,12,2,6,1,12,17,3,3,,
comp_1615,CONMEBOL Sudamericana,2026-03-04,21:00,Deportivo Cuenca,Libertad,3,0,3-0,finished,1,qualifying,thestatsapi,1.33,0.91,2,5,20,16,7,4,13,10,1,3,,
comp_1615,CONMEBOL Sudamericana,2026-03-04,19:30,Sportivo Trinidense,Olimpia,0,1,0-1,finished,1,qualifying,thestatsapi,1.05,1.06,4,2,16,19,9,8,13,11,4,2,,
comp_1615,CONMEBOL Sudamericana,2026-03-04,19:30,Atlético Nacional,Millonarios,1,3,1-3,finished,1,qualifying,thestatsapi,1.71,1.67,11,0,18,8,4,4,10,16,3,4,,
comp_1615,CONMEBOL Sudamericana,2026-03-04,19:30,Universidad de Chile,Palestino,1,2,1-2,finished,1,qualifying,thestatsapi,0.89,1.1,7,5,11,13,2,2,7,13,0,2,,
comp_1615,CONMEBOL Sudamericana,2026-03-04,17:00,Blooming,San Antonio Bulo-Bulo,3,0,3-0,finished,1,qualifying,thestatsapi,2.18,0.3,7,2,23,5,8,1,10,17,1,5,,
comp_1615,CONMEBOL Sudamericana,2026-03-04,17:00,Caracas F.C.,Metropolitanos,0,0,0-0,finished,1,qualifying,thestatsapi,0.4,0.55,3,2,7,6,2,1,13,9,3,2,,
comp_1615,CONMEBOL Sudamericana,2026-03-03,21:00,Alianza Atlético de Sullana,Deportivo Garcilaso,2,0,2-0,finished,1,qualifying,thestatsapi,1.52,0.13,3,4,12,5,7,0,23,7,2,1,,
comp_1615,CONMEBOL Sudamericana,2026-03-03,19:30,Academia Puerto Cabello,Monagas,0,0,0-0,finished,1,qualifying,thestatsapi,1.2,0.17,3,2,13,3,2,0,10,14,1,4,,
comp_1615,CONMEBOL Sudamericana,2026-03-03,19:30,Cobresal,Audax Italiano,1,1,1-1,finished,1,qualifying,thestatsapi,1.53,0.75,3,8,13,13,3,4,11,8,2,1,,
comp_1615,CONMEBOL Sudamericana,2026-03-03,17:00,Independiente Petrolero,Guabirá,0,0,0-0,finished,1,qualifying,thestatsapi,0.9,1.93,5,3,14,19,2,6,10,12,4,1,,
comp_1615,CONMEBOL Sudamericana,2026-03-03,17:00,Montevideo City Torque,Defensor Sporting,1,0,1-0,finished,1,qualifying,thestatsapi,0.41,0.28,7,3,10,9,4,3,13,14,4,4,,
comp_1615,CONMEBOL Sudamericana,2025-11-22,15:00,Lanús,Atlético Mineiro,0,0,0-0,finished,29,final,thestatsapi,0.52,1.14,3,4,12,13,4,4,15,16,1,2,,
comp_1615,CONMEBOL Sudamericana,2025-10-30,17:00,Lanús,Universidad de Chile,1,0,1-0,finished,28,semi_final,thestatsapi,1.01,0.17,6,2,11,6,3,2,12,13,2,2,,
comp_1615,CONMEBOL Sudamericana,2025-10-28,19:30,Atlético Mineiro,Independiente del Valle,3,1,3-1,finished,28,semi_final,thestatsapi,2.12,0.84,4,5,11,12,7,4,8,5,2,1,,
comp_1615,CONMEBOL Sudamericana,2025-10-23,17:00,Universidad de Chile,Lanús,2,2,2-2,finished,28,semi_final,thestatsapi,2.63,1.26,9,3,22,7,9,4,8,20,1,6,,
comp_1615,CONMEBOL Sudamericana,2025-10-21,19:30,Independiente del Valle,Atlético Mineiro,1,1,1-1,finished,28,semi_final,thestatsapi,1.11,1.7,3,4,11,11,2,4,11,7,2,3,,
comp_1615,CONMEBOL Sudamericana,2025-09-25,19:30,Universidad de Chile,Alianza Lima,2,1,2-1,finished,27,quarter_final,thestatsapi,2.46,0.49,3,4,14,11,6,3,18,15,2,3,,
comp_1615,CONMEBOL Sudamericana,2025-09-24,19:30,Once Caldas,Independiente del Valle,0,2,0-2,finished,27,quarter_final,thestatsapi,0.79,1.3,1,4,11,14,2,4,12,8,2,2,,
comp_1615,CONMEBOL Sudamericana,2025-09-24,17:00,Atlético Mineiro,Bolívar,1,0,1-0,finished,27,quarter_final,thestatsapi,0.47,0.38,1,2,7,7,1,2,13,14,4,2,,
comp_1615,CONMEBOL Sudamericana,2025-09-23,19:30,Fluminense,Lanús,1,1,1-1,finished,27,quarter_final,thestatsapi,1.28,1.35,5,1,20,10,7,2,11,13,3,1,,
comp_1615,CONMEBOL Sudamericana,2025-09-18,19:30,Alianza Lima,Universidad de Chile,0,0,0-0,finished,27,quarter_final,thestatsapi,0.67,0.59,3,6,9,13,2,1,9,16,3,3,,
comp_1615,CONMEBOL Sudamericana,2025-09-17,19:30,Independiente del Valle,Once Caldas,0,2,0-2,finished,27,quarter_final,thestatsapi,0.3,1.29,6,7,7,10,5,5,11,15,1,3,,
comp_1615,CONMEBOL Sudamericana,2025-09-17,17:00,Bolívar,Atlético Mineiro,2,2,2-2,finished,27,quarter_final,thestatsapi,2.47,1.73,7,2,19,7,7,4,8,16,0,4,,
comp_1615,CONMEBOL Sudamericana,2025-09-16,19:30,Lanús,Fluminense,1,0,1-0,finished,27,quarter_final,thestatsapi,0.66,0.49,5,3,13,7,4,1,15,10,3,1,,
comp_1615,CONMEBOL Sudamericana,2025-08-21,19:30,Lanús,Central Córdoba,1,0,1-0,finished,5,round_of_16,thestatsapi,1.68,0.44,8,6,25,11,7,4,16,13,3,3,,
comp_1615,CONMEBOL Sudamericana,2025-08-21,17:00,Godoy Cruz,Atlético Mineiro,0,1,0-1,finished,5,round_of_16,thestatsapi,0.7,0.41,8,1,12,7,3,1,17,17,1,4,,
comp_1615,CONMEBOL Sudamericana,2025-08-20,19:30,Universidad Católica del Ecuador,Alianza Lima,1,2,1-2,finished,5,round_of_16,thestatsapi,1.26,1.23,5,2,16,13,7,3,11,10,2,3,,
comp_1615,CONMEBOL Sudamericana,2025-08-20,17:00,Cienciano,Bolívar,0,2,0-2,finished,5,round_of_16,thestatsapi,1.8,1.68,6,3,20,11,7,3,16,15,4,2,,
comp_1615,CONMEBOL Sudamericana,2025-08-19,19:30,Fluminense,América de Cali,2,0,2-0,finished,5,round_of_16,thestatsapi,1.66,0.22,1,1,21,7,5,2,8,13,0,2,,
comp_1615,CONMEBOL Sudamericana,2025-08-19,19:30,Mushuc Runa,Independiente del Valle,2,1,2-1,finished,5,round_of_16,thestatsapi,0.64,1.88,4,9,8,19,2,6,14,8,6,2,,
comp_1615,CONMEBOL Sudamericana,2025-08-19,17:00,Huracán,Once Caldas,1,3,1-3,finished,5,round_of_16,thestatsapi,1.71,3.08,7,2,17,14,7,7,12,14,3,3,,
comp_1615,CONMEBOL Sudamericana,2025-08-14,19:30,Central Córdoba,Lanús,1,0,1-0,finished,5,round_of_16,thestatsapi,0.49,2.13,1,7,6,13,2,2,16,12,4,1,,
comp_1615,CONMEBOL Sudamericana,2025-08-14,17:00,Atlético Mineiro,Godoy Cruz,2,1,2-1,finished,5,round_of_16,thestatsapi,0.73,0.29,3,3,9,8,4,2,15,16,4,2,,
comp_1615,CONMEBOL Sudamericana,2025-08-13,19:30,Universidad de Chile,CA Independiente,1,0,1-0,finished,5,round_of_16,thestatsapi,0.64,1.55,6,4,13,15,4,4,14,16,3,5,,
comp_1615,CONMEBOL Sudamericana,2025-08-13,19:30,Alianza Lima,Universidad Católica del Ecuador,2,0,2-0,finished,5,round_of_16,thestatsapi,1.99,1.47,8,6,20,17,7,5,8,13,1,2,,
comp_1615,CONMEBOL Sudamericana,2025-08-13,17:00,Bolívar,Cienciano,2,0,2-0,finished,5,round_of_16,thestatsapi,2.12,0.31,5,3,11,10,2,1,17,10,3,3,,
comp_1615,CONMEBOL Sudamericana,2025-08-12,19:30,Independiente del Valle,Mushuc Runa,1,0,1-0,finished,5,round_of_16,thestatsapi,1.25,0.55,9,1,20,10,6,4,13,13,3,5,,
comp_1615,CONMEBOL Sudamericana,2025-08-12,19:30,América de Cali,Fluminense,1,2,1-2,finished,5,round_of_16,thestatsapi,1.38,0.64,12,3,22,11,4,3,11,6,1,1,,
comp_1615,CONMEBOL Sudamericana,2025-08-12,17:00,Once Caldas,Huracán,1,0,1-0,finished,5,round_of_16,thestatsapi,1.44,0.36,6,3,11,6,7,2,16,15,0,0,,
comp_1615,CONMEBOL Sudamericana,2025-07-24,19:30,Atlético Mineiro,Atlético Bucaramanga,0,1,0-1,finished,,round_of_16,thestatsapi,1.61,0.31,9,2,18,7,6,2,9,11,5,3,,
comp_1615,CONMEBOL Sudamericana,2025-07-24,17:00,Guaraní,Universidad de Chile,2,1,2-1,finished,,round_of_16,thestatsapi,1.27,0.7,7,4,18,11,5,5,12,13,1,0,,
comp_1615,CONMEBOL Sudamericana,2025-07-23,19:30,Once Caldas,San Antonio Bulo-Bulo,4,0,4-0,finished,,round_of_16,thestatsapi,2.35,0.83,6,2,20,14,9,4,9,8,0,2,,
comp_1615,CONMEBOL Sudamericana,2025-07-23,19:30,Grêmio,Alianza Lima,1,1,1-1,finished,,round_of_16,thestatsapi,0.74,0.56,10,2,15,5,4,2,5,13,3,5,,
comp_1615,CONMEBOL Sudamericana,2025-07-23,17:00,Palestino,Bolívar,0,3,0-3,finished,,round_of_16,thestatsapi,2.43,1.95,7,2,21,8,6,4,11,18,2,2,,
comp_1615,CONMEBOL Sudamericana,2025-07-22,19:30,Vasco da Gama,Independiente del Valle,1,1,1-1,finished,,round_of_16,thestatsapi,1.72,0.16,6,4,17,6,5,2,12,17,4,1,,
comp_1615,CONMEBOL Sudamericana,2025-07-22,19:30,América de Cali,Bahia,2,0,2-0,finished,,round_of_16,thestatsapi,1.11,0.62,2,2,10,8,4,0,16,11,3,2,,
comp_1615,CONMEBOL Sudamericana,2025-07-22,17:00,Cerro Largo,Central Córdoba,0,3,0-3,finished,,round_of_16,thestatsapi,0.17,2.05,4,4,2,15,0,8,9,13,1,4,,
comp_7938,Danish Superliga,2026-05-21,11:30,Brøndby IF,FC København,1,1,1-1,finished,29,final,thestatsapi,1.02,1.59,8,9,10,22,3,8,22,15,1,9,,
comp_7938,Danish Superliga,2026-05-17,11:00,Sønderjyske Fodbold,FC Nordsjælland,1,4,1-4,finished,32,,thestatsapi,1.99,2.9,3,4,12,15,4,7,11,11,3,0,,
comp_7938,Danish Superliga,2026-05-17,11:00,FC Midtjylland,Brøndby IF,2,3,2-3,finished,32,,thestatsapi,1.95,2.09,5,1,18,12,8,5,21,10,3,2,,
comp_7938,Danish Superliga,2026-05-17,11:00,AGF,Viborg FF,6,2,6-2,finished,32,,thestatsapi,2.7,2.09,2,2,16,23,9,9,11,18,2,2,,
comp_7938,Danish Superliga,2026-05-17,07:00,FC København,Randers FC,5,0,5-0,finished,32,,thestatsapi,2.21,0.22,6,5,19,5,10,1,8,3,1,0,,
comp_7938,Danish Superliga,2026-05-17,07:00,FC Fredericia,Silkeborg IF,4,1,4-1,finished,32,,thestatsapi,2.78,1.46,4,6,27,9,11,3,6,3,1,1,,
comp_7938,Danish Superliga,2026-05-17,07:00,Odense Boldklub,Vejle,0,1,0-1,finished,32,,thestatsapi,1.23,1.03,8,4,17,5,7,1,13,10,1,2,,
comp_7938,Danish Superliga,2026-05-11,12:00,Randers FC,Odense Boldklub,2,2,2-2,finished,31,,thestatsapi,1.99,0.94,8,3,19,8,6,5,9,15,1,0,,
comp_7938,Danish Superliga,2026-05-10,11:00,Brøndby IF,AGF,0,2,0-2,finished,31,,thestatsapi,0.58,0.59,5,4,12,4,5,4,14,12,4,2,,
comp_7938,Danish Superliga,2026-05-10,09:00,Silkeborg IF,FC København,0,4,0-4,finished,31,,thestatsapi,1.13,2.9,2,5,7,16,4,9,6,7,1,0,,
comp_7938,Danish Superliga,2026-05-10,07:00,Vejle,FC Fredericia,2,0,2-0,finished,31,,thestatsapi,2.5,0.85,2,7,16,12,7,3,11,11,3,3,,
comp_7938,Danish Superliga,2026-05-10,07:00,FC Nordsjælland,FC Midtjylland,0,0,0-0,finished,31,,thestatsapi,2.4,0.73,9,3,20,12,9,2,13,6,1,3,,
comp_7938,Danish Superliga,2026-05-08,12:00,Viborg FF,Sønderjyske Fodbold,0,1,0-1,finished,31,,thestatsapi,1.35,1.4,8,0,18,5,4,3,6,14,0,1,,
comp_7938,Danish Superliga,2026-05-04,12:00,FC Midtjylland,Viborg FF,3,3,3-3,finished,30,,thestatsapi,1.37,1.53,8,0,13,10,7,6,17,12,2,1,,
comp_7938,Danish Superliga,2026-05-03,11:00,AGF,Sønderjyske Fodbold,2,1,2-1,finished,30,,thestatsapi,1.64,0.87,9,5,19,11,8,7,9,11,2,0,,
comp_7938,Danish Superliga,2026-05-03,09:00,FC Fredericia,FC København,3,3,3-3,finished,30,,thestatsapi,3.01,2.39,6,4,16,19,6,5,14,19,1,4,,
comp_7938,Danish Superliga,2026-05-03,07:00,Randers FC,Vejle,1,0,1-0,finished,30,,thestatsapi,1.94,0.7,3,6,10,14,2,3,6,14,0,2,,
comp_7938,Danish Superliga,2026-05-03,07:00,Odense Boldklub,Silkeborg IF,2,3,2-3,finished,30,,thestatsapi,3.79,1.7,8,3,16,12,5,6,9,7,0,0,,
comp_7938,Danish Superliga,2026-05-01,12:00,Brøndby IF,FC Nordsjælland,1,1,1-1,finished,30,,thestatsapi,1.49,0.91,5,2,16,11,3,4,22,12,3,1,,
comp_7938,Danish Superliga,2026-04-27,12:00,FC København,Vejle,3,0,3-0,finished,29,final,thestatsapi,2.7,0.16,10,4,27,5,4,0,12,6,1,1,,
comp_7938,Danish Superliga,2026-04-26,13:00,AGF,FC Midtjylland,0,0,0-0,finished,29,final,thestatsapi,1.27,1.76,6,3,13,11,2,2,10,18,0,3,,
comp_7938,Danish Superliga,2026-04-26,11:00,Viborg FF,FC Nordsjælland,1,0,1-0,finished,29,final,thestatsapi,2.42,0.72,6,5,18,14,8,5,6,16,2,2,,
comp_7938,Danish Superliga,2026-04-26,09:00,Sønderjyske Fodbold,Brøndby IF,3,0,3-0,finished,29,final,thestatsapi,1.34,1.84,4,6,14,22,8,3,14,12,2,1,,
comp_7938,Danish Superliga,2026-04-26,07:00,Silkeborg IF,Randers FC,2,0,2-0,finished,29,final,thestatsapi,1.35,2.43,3,5,12,18,7,8,7,15,1,2,,
comp_7938,Danish Superliga,2026-04-26,07:00,FC Fredericia,Odense Boldklub,0,2,0-2,finished,29,final,thestatsapi,1.81,1.31,4,3,22,14,5,3,13,12,2,1,,
comp_7938,Danish Superliga,2026-04-23,13:00,Sønderjyske Fodbold,FC Midtjylland,1,2,1-2,finished,28,semi_final,thestatsapi,1.02,1.68,3,8,8,16,4,4,14,16,1,4,,
comp_7938,Danish Superliga,2026-04-23,11:00,Randers FC,FC Fredericia,2,2,2-2,finished,28,semi_final,thestatsapi,1.45,0.77,6,8,11,7,4,2,9,10,1,2,,
comp_7938,Danish Superliga,2026-04-23,11:00,FC Nordsjælland,AGF,1,1,1-1,finished,28,semi_final,thestatsapi,2.45,1.13,7,3,20,12,11,5,18,3,2,0,,
comp_7938,Danish Superliga,2026-04-22,13:00,Viborg FF,Brøndby IF,0,1,0-1,finished,28,semi_final,thestatsapi,1.53,2.4,4,3,7,17,3,8,7,8,1,5,,
comp_7938,Danish Superliga,2026-04-22,11:00,FC København,Odense Boldklub,2,1,2-1,finished,28,semi_final,thestatsapi,2.43,1.46,6,11,20,14,6,2,7,11,0,0,,
comp_7938,Danish Superliga,2026-04-22,11:00,Vejle,Silkeborg IF,1,2,1-2,finished,28,semi_final,thestatsapi,1.15,1.23,3,4,15,10,5,6,9,10,4,2,,
comp_7938,Danish Superliga,2026-04-20,12:00,FC Midtjylland,AGF,2,1,2-1,finished,27,quarter_final,thestatsapi,0.53,2.13,3,5,12,15,2,6,14,20,2,2,,
comp_7938,Danish Superliga,2026-04-19,11:00,Vejle,FC København,1,4,1-4,finished,27,quarter_final,thestatsapi,1.18,2.42,3,6,11,17,3,8,13,12,3,0,,
comp_7938,Danish Superliga,2026-04-19,09:00,FC Nordsjælland,Viborg FF,2,1,2-1,finished,27,quarter_final,thestatsapi,2.12,1.48,6,4,18,12,5,6,9,10,2,3,,
comp_7938,Danish Superliga,2026-04-19,07:00,Silkeborg IF,FC Fredericia,2,2,2-2,finished,27,quarter_final,thestatsapi,2.16,1.4,5,4,12,15,5,6,6,14,1,0,,
comp_7938,Danish Superliga,2026-04-19,07:00,Odense Boldklub,Randers FC,3,1,3-1,finished,27,quarter_final,thestatsapi,1.45,1.27,6,8,10,14,6,6,15,6,0,0,,
comp_7938,Danish Superliga,2026-04-17,12:00,Brøndby IF,Sønderjyske Fodbold,6,0,6-0,finished,27,quarter_final,thestatsapi,4.83,0.54,5,5,22,7,9,1,17,14,1,3,,
comp_7938,Danish Superliga,2026-04-13,12:00,FC Fredericia,Vejle,2,2,2-2,finished,26,,thestatsapi,1.81,1.19,9,5,18,12,7,6,10,11,3,1,,
comp_7938,Danish Superliga,2026-04-12,11:00,Randers FC,FC København,1,2,1-2,finished,26,,thestatsapi,1.33,1.04,5,2,14,11,6,6,11,12,2,3,,
comp_7938,Danish Superliga,2026-04-12,09:00,Brøndby IF,FC Midtjylland,1,2,1-2,finished,26,,thestatsapi,1.59,1.76,3,9,13,12,5,5,20,15,2,4,,
comp_7938,Danish Superliga,2026-04-12,07:00,Silkeborg IF,Odense Boldklub,3,1,3-1,finished,26,,thestatsapi,2.74,2.97,4,3,19,14,9,8,9,7,1,2,,
comp_7938,Danish Superliga,2026-04-12,07:00,Sønderjyske Fodbold,Viborg FF,0,2,0-2,finished,26,,thestatsapi,1.58,1.46,6,4,14,17,1,4,13,14,2,3,,
comp_7938,Danish Superliga,2026-04-10,12:00,AGF,FC Nordsjælland,1,1,1-1,finished,26,,thestatsapi,2.46,0.31,5,1,25,8,8,2,10,16,0,6,,
comp_7938,Danish Superliga,2026-04-07,12:00,FC Nordsjælland,Brøndby IF,2,1,2-1,finished,25,,thestatsapi,1.89,1.02,5,6,13,8,7,3,11,12,2,2,,
comp_7938,Danish Superliga,2026-04-06,11:00,Viborg FF,AGF,1,2,1-2,finished,25,,thestatsapi,0.67,3.21,4,2,11,13,4,5,10,12,2,1,,
comp_7938,Danish Superliga,2026-04-06,09:00,Odense Boldklub,FC Fredericia,1,0,1-0,finished,25,,thestatsapi,1.53,0.84,8,6,16,11,2,1,7,13,1,2,,
comp_7938,Danish Superliga,2026-04-06,07:00,Vejle,Randers FC,1,1,1-1,finished,25,,thestatsapi,1.32,0.94,3,3,7,13,3,6,13,12,3,1,,
comp_7938,Danish Superliga,2026-04-05,11:00,FC København,Silkeborg IF,7,0,7-0,finished,25,,thestatsapi,2.91,0.16,11,3,29,4,13,1,8,3,1,1,,
comp_7938,Danish Superliga,2026-04-04,11:00,FC Midtjylland,Sønderjyske Fodbold,2,2,2-2,finished,25,,thestatsapi,1.94,2,9,5,18,7,4,4,15,15,2,3,,
comp_7938,Danish Superliga,2026-03-22,14:00,Viborg FF,FC Midtjylland,1,1,1-1,finished,24,,thestatsapi,0.61,1.72,5,6,9,17,2,4,13,20,2,2,,
comp_7938,Danish Superliga,2026-03-22,12:00,AGF,Brøndby IF,0,0,0-0,finished,24,,thestatsapi,0.58,0.56,7,5,15,11,6,2,14,18,2,5,,
comp_7938,Danish Superliga,2026-03-22,10:00,FC København,FC Fredericia,1,2,1-2,finished,24,,thestatsapi,4.66,1.26,14,3,33,8,11,3,12,13,1,2,,
comp_7938,Danish Superliga,2026-03-22,08:00,Randers FC,Silkeborg IF,0,3,0-3,finished,24,,thestatsapi,0.87,1.18,4,3,13,12,3,4,12,12,2,0,,
comp_7938,Danish Superliga,2026-03-22,08:00,FC Nordsjælland,Sønderjyske Fodbold,2,0,2-0,finished,24,,thestatsapi,1.31,0.74,6,2,17,14,6,5,11,8,1,1,,
comp_7938,Danish Superliga,2026-03-20,13:00,Vejle,Odense Boldklub,1,1,1-1,finished,24,,thestatsapi,0.25,0.91,2,7,6,11,1,3,13,7,0,1,,
comp_7938,Danish Superliga,2026-03-16,13:00,Silkeborg IF,Vejle,1,1,1-1,finished,23,,thestatsapi,1.32,1.37,7,4,21,12,8,5,6,7,2,2,,
comp_7938,Danish Superliga,2026-03-15,12:00,Brøndby IF,Viborg FF,0,1,0-1,finished,23,,thestatsapi,0.79,3.01,5,10,14,27,1,5,11,11,0,3,,
comp_7938,Danish Superliga,2026-03-15,10:00,Sønderjyske Fodbold,AGF,1,1,1-1,finished,23,,thestatsapi,1,1.9,5,6,12,20,2,4,14,11,2,3,,
comp_7938,Danish Superliga,2026-03-15,08:00,Odense Boldklub,FC København,2,1,2-1,finished,23,,thestatsapi,1.95,0.78,9,4,9,10,6,3,10,10,1,0,,
comp_7938,Danish Superliga,2026-03-15,08:00,FC Midtjylland,FC Nordsjælland,0,1,0-1,finished,23,,thestatsapi,0.87,0.66,5,2,9,9,4,3,13,13,4,3,,
comp_7938,Danish Superliga,2026-03-13,13:00,FC Fredericia,Randers FC,0,3,0-3,finished,23,,thestatsapi,0.62,1.24,3,6,10,12,3,3,11,19,2,1,,
comp_7938,Danish Superliga,2026-03-01,11:00,Viborg FF,FC Nordsjælland,2,1,2-1,finished,22,,thestatsapi,2.06,1.47,4,2,23,15,7,4,8,17,2,1,,
comp_7938,Danish Superliga,2026-03-01,11:00,Sønderjyske Fodbold,Odense Boldklub,1,0,1-0,finished,22,,thestatsapi,1.46,0.7,6,8,15,13,3,2,12,9,0,1,,
comp_7938,Danish Superliga,2026-03-01,11:00,FC Midtjylland,Brøndby IF,0,0,0-0,finished,22,,thestatsapi,1.24,0.79,6,2,13,9,4,4,16,20,2,4,,
comp_7938,Danish Superliga,2026-03-01,11:00,Vejle,AGF,1,2,1-2,finished,22,,thestatsapi,0.82,0.68,2,4,11,8,5,6,18,13,1,1,,
comp_7938,Danish Superliga,2026-03-01,11:00,FC Fredericia,Silkeborg IF,2,1,2-1,finished,22,,thestatsapi,1.31,0.89,9,1,22,13,9,5,10,7,0,1,,
comp_7938,Danish Superliga,2026-03-01,11:00,FC København,Randers FC,1,2,1-2,finished,22,,thestatsapi,2.48,2.04,6,6,18,13,4,5,12,10,1,2,,
comp_7938,Danish Superliga,2026-02-23,13:00,Brøndby IF,Sønderjyske Fodbold,0,0,0-0,finished,21,,thestatsapi,0.76,1.43,5,6,15,17,2,4,17,13,2,4,,
comp_7938,Danish Superliga,2026-02-22,12:00,AGF,Viborg FF,5,2,5-2,finished,21,,thestatsapi,1.7,1.68,6,1,15,11,9,4,14,13,2,2,,
comp_7938,Danish Superliga,2026-02-22,10:00,Silkeborg IF,FC Midtjylland,0,4,0-4,finished,21,,thestatsapi,0.83,1.56,6,6,8,17,1,9,8,11,3,1,,
comp_7938,Danish Superliga,2026-02-22,08:00,Randers FC,FC Fredericia,1,2,1-2,finished,21,,thestatsapi,1.78,1.84,14,3,27,17,6,6,6,12,0,2,,
comp_7938,Danish Superliga,2026-02-21,08:00,Odense Boldklub,FC København,2,2,2-2,finished,21,,thestatsapi,1.9,1.67,4,4,19,13,9,6,10,19,2,3,,
comp_7938,Danish Superliga,2026-02-20,13:00,FC Nordsjælland,Vejle,3,3,3-3,finished,21,,thestatsapi,2.36,1.35,5,3,11,16,7,6,7,12,0,1,,
comp_7938,Danish Superliga,2026-02-16,13:00,Sønderjyske Fodbold,Silkeborg IF,2,1,2-1,finished,20,,thestatsapi,2.01,0.53,3,3,16,9,6,3,9,10,1,4,,
comp_7938,Danish Superliga,2026-02-15,12:00,Viborg FF,Brøndby IF,1,0,1-0,finished,20,,thestatsapi,0.7,0.54,3,3,14,8,6,2,18,10,4,1,,
comp_7938,Danish Superliga,2026-02-15,10:00,Odense Boldklub,FC Midtjylland,1,4,1-4,finished,20,,thestatsapi,2.3,3.05,4,6,11,18,6,10,10,10,2,2,,
comp_7938,Danish Superliga,2026-02-15,08:00,FC Fredericia,AGF,1,1,1-1,finished,20,,thestatsapi,0.97,1.91,4,11,9,19,1,5,19,12,3,0,,
comp_7938,Danish Superliga,2026-02-14,11:00,FC København,FC Nordsjælland,1,2,1-2,finished,20,,thestatsapi,1.04,1.88,4,6,15,14,6,5,16,13,3,2,,
comp_7938,Danish Superliga,2026-02-13,13:00,Randers FC,Vejle,2,0,2-0,finished,20,,thestatsapi,1.73,1.07,2,7,7,14,4,3,11,10,0,2,,
comp_7938,Danish Superliga,2026-02-09,15:00,AGF,Odense Boldklub,2,1,2-1,finished,19,,thestatsapi,2.16,0.26,9,1,17,4,9,3,7,17,2,3,,
comp_7938,Danish Superliga,2026-02-09,13:00,Vejle,FC Fredericia,2,3,2-3,finished,19,,thestatsapi,2.89,2.61,10,4,21,8,8,6,13,8,2,2,,
comp_7938,Danish Superliga,2026-02-08,12:00,Brøndby IF,Randers FC,0,0,0-0,finished,19,,thestatsapi,,,5,8,11,12,2,4,10,14,1,2,,
comp_7938,Danish Superliga,2026-02-08,10:00,FC Midtjylland,FC København,2,1,2-1,finished,19,,thestatsapi,,,4,7,10,15,4,3,18,19,0,2,,
comp_7938,Danish Superliga,2026-02-08,08:00,Silkeborg IF,Viborg FF,0,1,0-1,finished,19,,thestatsapi,,,4,11,11,15,1,5,10,11,1,1,,
comp_7938,Danish Superliga,2026-02-08,08:00,FC Nordsjælland,Sønderjyske Fodbold,2,1,2-1,finished,19,,thestatsapi,,,5,2,13,11,3,2,15,11,2,1,,
comp_7938,Danish Superliga,2025-12-08,13:00,Vejle,Brøndby IF,2,1,2-1,finished,18,,thestatsapi,1.49,1.21,1,5,7,11,2,2,17,12,5,5,,
comp_7938,Danish Superliga,2025-12-07,12:00,FC København,Sønderjyske Fodbold,0,2,0-2,finished,18,,thestatsapi,2.14,1.37,8,4,20,9,5,6,8,10,2,2,,
comp_7938,Danish Superliga,2025-12-07,10:00,Randers FC,AGF,1,2,1-2,finished,18,,thestatsapi,1.96,0.88,3,4,15,12,4,5,17,13,3,1,,
comp_7938,Danish Superliga,2025-12-07,08:00,Viborg FF,FC Midtjylland,3,3,3-3,finished,18,,thestatsapi,1.15,1.73,2,9,10,19,3,5,16,14,2,4,,
comp_7938,Danish Superliga,2025-12-07,08:00,FC Nordsjælland,Silkeborg IF,5,0,5-0,finished,18,,thestatsapi,3.28,1.45,7,4,17,12,10,3,11,6,4,1,,
comp_7938,Danish Superliga,2025-12-05,13:00,FC Fredericia,Odense Boldklub,1,3,1-3,finished,18,,thestatsapi,1.09,1.87,7,6,10,12,3,6,9,6,1,1,,
comp_7938,Danish Superliga,2025-12-01,13:00,Brøndby IF,FC Fredericia,1,3,1-3,finished,17,,thestatsapi,2.18,1.41,8,3,20,11,4,5,11,8,0,1,,
comp_7938,Danish Superliga,2025-11-30,12:00,Odense Boldklub,Vejle,3,0,3-0,finished,17,,thestatsapi,1.91,0.83,4,5,10,12,6,5,10,12,0,2,,
comp_7938,Danish Superliga,2025-11-30,10:00,FC Midtjylland,FC Nordsjælland,6,0,6-0,finished,17,,thestatsapi,3.28,0.31,6,1,15,4,9,0,12,12,0,2,,
comp_7938,Danish Superliga,2025-11-30,08:00,Silkeborg IF,Randers FC,0,0,0-0,finished,17,,thestatsapi,1.12,2.27,9,6,18,14,4,4,10,12,2,2,,
comp_7938,Danish Superliga,2025-11-30,08:00,AGF,FC København,2,0,2-0,finished,17,,thestatsapi,1.17,1.33,8,6,11,10,4,3,14,16,2,4,,
comp_7938,Danish Superliga,2025-11-28,13:00,Sønderjyske Fodbold,Viborg FF,2,2,2-2,finished,17,,thestatsapi,1.81,2.38,2,8,9,15,4,4,11,9,2,1,,
comp_7938,Danish Superliga,2025-11-24,13:00,Randers FC,Odense Boldklub,0,0,0-0,finished,16,,thestatsapi,1.38,1.35,11,6,16,14,4,3,7,9,2,2,,
comp_7938,Danish Superliga,2025-11-23,12:00,Sønderjyske Fodbold,FC Midtjylland,2,1,2-1,finished,16,,thestatsapi,1.51,0.94,7,7,12,8,5,2,9,12,1,6,,
comp_7938,Danish Superliga,2025-11-23,10:00,FC Nordsjælland,FC Fredericia,5,0,5-0,finished,16,,thestatsapi,2.61,0.25,10,1,26,4,12,1,9,8,1,1,,
comp_7938,Danish Superliga,2025-11-23,08:00,Viborg FF,Vejle,5,2,5-2,finished,16,,thestatsapi,1.84,1.3,5,5,10,11,6,2,8,17,1,2,,
comp_7938,Danish Superliga,2025-11-23,06:00,FC København,Brøndby IF,1,0,1-0,finished,16,,thestatsapi,1.99,0.8,6,4,19,11,6,4,16,14,1,2,,
comp_7938,Danish Superliga,2025-11-21,13:00,Silkeborg IF,AGF,0,2,0-2,finished,16,,thestatsapi,0.68,2.36,5,4,7,16,4,4,6,11,0,0,,
comp_7938,Danish Superliga,2025-11-09,14:00,Brøndby IF,FC Nordsjælland,2,0,2-0,finished,15,,thestatsapi,2.7,1.44,3,7,14,10,7,6,12,10,1,2,,
comp_7938,Danish Superliga,2025-11-09,12:00,AGF,Sønderjyske Fodbold,2,3,2-3,finished,15,,thestatsapi,3.66,2.35,6,6,21,10,8,6,6,17,1,1,,
comp_7938,Danish Superliga,2025-11-09,10:00,Randers FC,FC Midtjylland,0,2,0-2,finished,15,,thestatsapi,1.55,1.32,7,4,15,9,8,5,9,16,2,2,,
comp_7938,Danish Superliga,2025-11-09,08:00,Vejle,FC København,2,0,2-0,finished,15,,thestatsapi,1.16,1.17,4,6,11,14,6,3,9,8,0,1,,
comp_7938,Danish Superliga,2025-11-09,08:00,FC Fredericia,Viborg FF,0,3,0-3,finished,15,,thestatsapi,0.24,1.56,1,8,11,21,2,6,14,14,2,1,,
comp_7938,Danish Superliga,2025-11-07,13:00,Odense Boldklub,Silkeborg IF,1,1,1-1,finished,15,,thestatsapi,2.56,0.96,11,1,16,5,11,2,17,9,1,0,,
comp_7938,Danish Superliga,2025-11-03,13:00,FC Midtjylland,AGF,1,1,1-1,finished,14,,thestatsapi,1.12,0.44,10,5,17,12,4,4,10,16,4,3,,
comp_7938,Danish Superliga,2025-11-02,14:00,Silkeborg IF,Brøndby IF,0,2,0-2,finished,14,,thestatsapi,0.57,0.96,6,3,14,15,6,7,6,12,1,0,,
comp_7938,Danish Superliga,2025-11-02,12:00,FC Nordsjælland,Odense Boldklub,2,4,2-4,finished,14,,thestatsapi,2.19,1.84,7,0,17,11,7,7,2,5,1,1,,
comp_7938,Danish Superliga,2025-11-02,10:00,Sønderjyske Fodbold,Vejle,2,1,2-1,finished,14,,thestatsapi,2.79,0.12,10,0,29,3,10,2,5,9,0,2,,
comp_7938,Danish Superliga,2025-11-02,08:00,Viborg FF,Randers FC,3,2,3-2,finished,14,,thestatsapi,0.72,1.13,5,1,6,8,3,3,14,17,1,5,,
comp_7938,Danish Superliga,2025-11-01,12:00,FC København,FC Fredericia,3,2,3-2,finished,14,,thestatsapi,2.06,1.73,2,2,13,10,4,5,10,15,1,1,,
comp_7938,Danish Superliga,2025-10-27,13:00,Odense Boldklub,Brøndby IF,1,4,1-4,finished,13,,thestatsapi,0.89,1.09,8,3,10,11,5,7,9,5,3,0,,
comp_7938,Danish Superliga,2025-10-26,12:00,FC København,Viborg FF,0,0,0-0,finished,13,,thestatsapi,1.31,0.4,6,4,22,7,3,3,12,8,1,0,,
comp_7938,Danish Superliga,2025-10-26,10:00,Randers FC,Sønderjyske Fodbold,0,0,0-0,finished,13,,thestatsapi,0.97,0.87,4,3,8,8,3,3,5,10,0,3,,
comp_7938,Danish Superliga,2025-10-26,08:00,Vejle,Silkeborg IF,1,2,1-2,finished,13,,thestatsapi,0.9,1.33,6,10,13,14,4,7,15,5,1,0,,
comp_7938,Danish Superliga,2025-10-26,08:00,FC Fredericia,FC Midtjylland,0,4,0-4,finished,13,,thestatsapi,0.58,1.64,7,5,10,21,5,12,6,11,2,0,,
comp_7938,Danish Superliga,2025-10-24,12:00,AGF,FC Nordsjælland,1,0,1-0,finished,13,,thestatsapi,2.48,0.55,11,4,24,6,8,3,10,4,0,1,,
comp_7938,Danish Superliga,2025-10-20,12:00,Sønderjyske Fodbold,FC Fredericia,3,0,3-0,finished,12,,thestatsapi,3.13,1.1,5,9,21,10,8,0,8,9,0,0,,
comp_7938,Danish Superliga,2025-10-19,11:00,FC Midtjylland,Vejle,5,1,5-1,finished,12,,thestatsapi,1.66,0.68,5,1,16,10,8,3,10,18,0,3,,
comp_7938,Danish Superliga,2025-10-19,09:00,Brøndby IF,AGF,3,3,3-3,finished,12,,thestatsapi,0.86,1.17,1,4,9,13,6,5,0,0,0,1,,
comp_7938,Danish Superliga,2025-10-19,07:00,FC Nordsjælland,Randers FC,1,0,1-0,finished,12,,thestatsapi,1.85,1.31,6,3,14,13,7,3,10,12,3,2,,
comp_7938,Danish Superliga,2025-10-19,07:00,Viborg FF,Odense Boldklub,1,2,1-2,finished,12,,thestatsapi,1.03,2.6,9,6,10,18,2,8,0,0,0,1,,
comp_7938,Danish Superliga,2025-10-17,12:00,Silkeborg IF,FC København,3,1,3-1,finished,12,,thestatsapi,1.33,2.74,3,7,8,27,6,7,4,9,0,1,,
comp_7938,Danish Superliga,2025-10-05,13:00,FC Fredericia,Brøndby IF,0,2,0-2,finished,11,,thestatsapi,0.94,4.04,3,10,9,27,1,10,8,13,1,1,,
comp_7938,Danish Superliga,2025-10-05,11:00,FC København,FC Midtjylland,1,1,1-1,finished,11,,thestatsapi,1.84,0.44,7,2,16,10,3,3,12,10,1,2,,
comp_7938,Danish Superliga,2025-10-05,09:00,AGF,Silkeborg IF,3,1,3-1,finished,11,,thestatsapi,4.1,0.6,4,2,22,6,10,2,9,8,1,1,,
comp_7938,Danish Superliga,2025-10-05,07:00,Vejle,FC Nordsjælland,0,3,0-3,finished,11,,thestatsapi,1.71,2.36,5,6,13,16,3,5,11,3,2,0,,
comp_7938,Danish Superliga,2025-10-05,07:00,Randers FC,Viborg FF,2,1,2-1,finished,11,,thestatsapi,1.61,1.74,5,2,14,16,8,9,9,12,2,2,,
comp_7938,Danish Superliga,2025-10-03,12:00,Odense Boldklub,Sønderjyske Fodbold,1,1,1-1,finished,11,,thestatsapi,0.99,1.39,4,6,8,11,2,2,8,13,1,1,,
comp_7938,Danish Superliga,2025-09-29,12:00,FC Midtjylland,Randers FC,2,1,2-1,finished,10,,thestatsapi,0.63,1.26,10,3,12,9,4,4,16,11,2,2,,
comp_7938,Danish Superliga,2025-09-28,13:00,Brøndby IF,Odense Boldklub,5,1,5-1,finished,10,,thestatsapi,3.96,0.96,1,2,15,10,7,6,10,16,2,3,,
comp_7938,Danish Superliga,2025-09-28,11:00,FC Nordsjælland,AGF,1,2,1-2,finished,10,,thestatsapi,0.61,2.71,3,1,8,11,5,6,13,7,1,2,,
comp_7938,Danish Superliga,2025-09-28,09:00,Silkeborg IF,Vejle,1,1,1-1,finished,10,,thestatsapi,0.73,0.57,0,4,8,12,4,5,7,11,4,2,,
comp_7938,Danish Superliga,2025-09-28,07:00,Viborg FF,FC Fredericia,2,1,2-1,finished,10,,thestatsapi,1.61,1.05,8,4,21,5,6,3,6,14,0,0,,
comp_7938,Danish Superliga,2025-09-27,11:00,Sønderjyske Fodbold,FC København,1,2,1-2,finished,10,,thestatsapi,1.12,1.27,3,2,8,13,1,5,14,10,2,3,,
comp_7938,Danish Superliga,2025-09-22,12:00,Randers FC,FC Nordsjælland,3,0,3-0,finished,9,,thestatsapi,1.46,0.76,2,4,9,12,5,5,16,5,1,0,,
comp_7938,Danish Superliga,2025-09-21,11:00,AGF,Brøndby IF,1,0,1-0,finished,9,,thestatsapi,1.93,1.03,6,2,14,13,4,4,13,10,3,4,,
comp_7938,Danish Superliga,2025-09-21,09:00,FC København,Silkeborg IF,3,3,3-3,finished,9,,thestatsapi,4.2,0.89,5,1,18,7,7,5,10,6,4,0,,
comp_7938,Danish Superliga,2025-09-21,07:00,Vejle,Sønderjyske Fodbold,2,2,2-2,finished,9,,thestatsapi,1.14,1.03,5,9,11,11,3,2,12,10,4,1,,
comp_7938,Danish Superliga,2025-09-20,11:00,FC Midtjylland,Viborg FF,2,0,2-0,finished,9,,thestatsapi,2.07,0.36,5,3,14,4,10,0,16,16,4,2,,
comp_7938,Danish Superliga,2025-09-19,12:00,Odense Boldklub,FC Fredericia,3,2,3-2,finished,9,,thestatsapi,2.69,1.96,6,5,17,14,7,4,6,10,2,2,,
comp_7938,Danish Superliga,2025-09-15,12:00,FC Fredericia,Vejle,1,1,1-1,finished,8,,thestatsapi,1.74,1.84,9,4,14,18,5,6,7,10,2,2,,
comp_7938,Danish Superliga,2025-09-14,11:00,Silkeborg IF,Odense Boldklub,2,1,2-1,finished,8,,thestatsapi,0.31,1.42,2,11,6,13,3,2,11,16,1,3,,
comp_7938,Danish Superliga,2025-09-14,09:00,FC Nordsjælland,FC Midtjylland,1,0,1-0,finished,8,,thestatsapi,2.08,0.17,6,1,15,5,5,1,10,12,2,3,,
comp_7938,Danish Superliga,2025-09-14,07:00,Viborg FF,AGF,1,2,1-2,finished,8,,thestatsapi,2.54,2.2,7,4,14,14,7,5,12,11,2,3,,
comp_7938,Danish Superliga,2025-09-13,08:00,Brøndby IF,FC København,2,1,2-1,finished,8,,thestatsapi,1.53,0.51,2,1,7,10,5,3,17,19,3,1,,
comp_7938,Danish Superliga,2025-09-12,12:00,Sønderjyske Fodbold,Randers FC,0,1,0-1,finished,8,,thestatsapi,0.72,3.51,2,10,10,20,1,8,8,11,4,1,,
comp_7938,Danish Superliga,2025-08-31,13:00,Brøndby IF,FC Midtjylland,1,3,1-3,finished,7,,thestatsapi,1.44,2.78,3,4,16,21,6,7,11,13,1,3,,
comp_7938,Danish Superliga,2025-08-31,11:00,Randers FC,FC København,1,5,1-5,finished,7,,thestatsapi,0.71,2,1,5,6,14,3,9,11,12,2,1,,
comp_7938,Danish Superliga,2025-08-31,09:00,Odense Boldklub,FC Nordsjælland,1,2,1-2,finished,7,,thestatsapi,1.1,0.67,1,2,11,7,3,3,19,11,1,4,,
comp_7938,Danish Superliga,2025-08-31,07:00,Silkeborg IF,Sønderjyske Fodbold,0,2,0-2,finished,7,,thestatsapi,1.23,1.98,9,2,13,10,4,7,8,7,0,3,,
comp_7938,Danish Superliga,2025-08-31,07:00,AGF,FC Fredericia,4,1,4-1,finished,7,,thestatsapi,3.56,0.51,7,1,29,9,10,5,12,11,0,1,,
comp_7938,Danish Superliga,2025-08-29,12:00,Vejle,Viborg FF,1,2,1-2,finished,7,,thestatsapi,0.61,2.85,5,6,9,17,3,9,16,12,1,1,,
comp_7938,Danish Superliga,2025-08-25,12:00,FC Nordsjælland,Viborg FF,1,0,1-0,finished,6,,thestatsapi,0.69,0.62,3,3,10,10,3,3,13,14,2,3,,
comp_7938,Danish Superliga,2025-08-24,11:00,AGF,Vejle,1,0,1-0,finished,6,,thestatsapi,2.15,0.8,6,3,17,8,5,1,12,12,1,2,,
comp_7938,Danish Superliga,2025-08-24,09:00,Sønderjyske Fodbold,Brøndby IF,2,0,2-0,finished,6,,thestatsapi,1.13,1.52,1,11,9,23,3,3,11,10,2,3,,
comp_7938,Danish Superliga,2025-08-24,07:00,FC Midtjylland,Silkeborg IF,4,2,4-2,finished,6,,thestatsapi,1.66,0.56,6,4,21,11,12,5,11,11,2,1,,
comp_7938,Danish Superliga,2025-08-24,07:00,FC Fredericia,Randers FC,1,0,1-0,finished,6,,thestatsapi,1.2,1.36,3,11,7,18,5,3,10,8,1,3,,
comp_7938,Danish Superliga,2025-08-23,11:00,FC København,Odense Boldklub,1,1,1-1,finished,6,,thestatsapi,1.1,1.64,7,1,17,11,4,3,14,13,1,2,,
comp_7938,Danish Superliga,2025-08-18,12:00,Odense Boldklub,AGF,1,5,1-5,finished,5,,thestatsapi,2.73,2.65,9,5,16,15,6,8,16,14,3,0,,
comp_7938,Danish Superliga,2025-08-17,11:00,Randers FC,Brøndby IF,0,2,0-2,finished,5,,thestatsapi,0.44,2.31,7,3,11,20,4,7,15,5,2,1,,
comp_7938,Danish Superliga,2025-08-17,09:00,Viborg FF,Silkeborg IF,2,3,2-3,finished,5,,thestatsapi,1.65,2.88,5,6,11,17,7,10,20,5,2,1,,
comp_7938,Danish Superliga,2025-08-17,07:00,Vejle,FC Midtjylland,0,2,0-2,finished,5,,thestatsapi,0.95,1.37,2,3,16,13,8,6,16,11,2,3,,
comp_7938,Danish Superliga,2025-08-15,13:00,FC Fredericia,Sønderjyske Fodbold,3,2,3-2,finished,5,,thestatsapi,1.94,1.5,13,3,23,17,7,5,11,10,1,1,,
comp_7938,Danish Superliga,2025-08-15,11:00,FC Nordsjælland,FC København,1,3,1-3,finished,5,,thestatsapi,1.68,1.32,5,4,11,12,7,6,9,11,2,3,,
comp_7938,Danish Superliga,2025-08-11,12:00,Odense Boldklub,Randers FC,3,2,3-2,finished,4,,thestatsapi,2.45,1.46,2,2,8,8,3,2,8,15,1,4,,
comp_7938,Danish Superliga,2025-08-10,11:00,Brøndby IF,Vejle,2,1,2-1,finished,4,,thestatsapi,1.17,0.79,3,5,15,5,7,3,7,19,3,2,,
comp_7938,Danish Superliga,2025-08-10,09:00,Silkeborg IF,FC Nordsjælland,4,2,4-2,finished,4,,thestatsapi,4.55,1.24,5,4,17,15,7,6,2,18,1,4,,
comp_7938,Danish Superliga,2025-08-10,07:00,FC Midtjylland,FC Fredericia,3,3,3-3,finished,4,,thestatsapi,2.32,2.29,6,3,16,18,7,5,8,11,2,0,,
comp_7938,Danish Superliga,2025-08-08,13:00,Viborg FF,Sønderjyske Fodbold,1,0,1-0,finished,4,,thestatsapi,1.37,0.53,0,3,8,13,2,1,10,15,1,2,,
comp_7938,Danish Superliga,2025-08-08,11:00,FC København,AGF,2,3,2-3,finished,4,,thestatsapi,3.21,2.29,4,7,19,11,8,3,10,5,2,4,,
comp_7938,Danish Superliga,2025-08-03,11:00,Brøndby IF,Viborg FF,0,2,0-2,finished,3,,thestatsapi,1.87,1.95,4,1,22,11,5,4,10,15,1,3,,
comp_7938,Danish Superliga,2025-08-03,09:00,AGF,FC Midtjylland,0,0,0-0,finished,3,,thestatsapi,2.26,0.48,9,0,22,6,2,1,14,6,1,2,,
comp_7938,Danish Superliga,2025-08-03,07:00,Sønderjyske Fodbold,FC Nordsjælland,3,2,3-2,finished,3,,thestatsapi,1.55,1.37,1,6,5,18,4,8,11,14,2,1,,
comp_7938,Danish Superliga,2025-08-03,07:00,Randers FC,Silkeborg IF,1,0,1-0,finished,3,,thestatsapi,1.31,1.13,4,5,10,18,5,4,5,6,1,1,,
comp_7938,Danish Superliga,2025-08-01,13:00,Vejle,Odense Boldklub,4,0,4-0,finished,3,,thestatsapi,0.6,0.11,4,2,9,4,4,0,13,8,1,1,,
comp_7938,Danish Superliga,2025-08-01,11:00,FC Fredericia,FC København,0,2,0-2,finished,3,,thestatsapi,0.46,1.63,5,8,9,17,3,6,5,10,0,0,,
comp_7938,Danish Superliga,2025-07-28,12:00,FC Midtjylland,Sønderjyske Fodbold,6,2,6-2,finished,2,,thestatsapi,3.37,1.98,5,3,21,20,9,7,6,14,0,1,,
comp_7938,Danish Superliga,2025-07-27,11:00,FC Nordsjælland,Brøndby IF,0,1,0-1,finished,2,,thestatsapi,0.89,0.62,7,0,15,7,5,1,8,5,1,2,,
comp_7938,Danish Superliga,2025-07-27,09:00,Silkeborg IF,FC Fredericia,0,2,0-2,finished,2,,thestatsapi,1.94,1.26,10,1,18,8,5,3,8,9,0,1,,
comp_7938,Danish Superliga,2025-07-27,07:00,Odense Boldklub,Viborg FF,3,1,3-1,finished,2,,thestatsapi,1.7,0.74,5,4,13,15,6,5,15,8,2,1,,
comp_7938,Danish Superliga,2025-07-26,11:00,FC København,Vejle,2,0,2-0,finished,2,,thestatsapi,2.37,0.82,3,8,15,8,4,1,14,9,0,3,,
comp_7938,Danish Superliga,2025-07-25,12:00,AGF,Randers FC,1,2,1-2,finished,2,,thestatsapi,1.93,1.42,3,3,14,12,4,5,7,21,2,3,,
comp_1992,Eliteserien,2026-07-18,11:00,Viking FK,Sandefjord Fotball,2,1,2-1,finished,14,,thestatsapi,2.16,0.38,6,5,18,9,6,2,22,10,3,3,,
comp_1992,Eliteserien,2026-07-18,11:00,Molde FK,SK Brann,1,2,1-2,finished,14,,thestatsapi,1.36,0.71,6,4,15,9,2,2,13,15,4,1,,
comp_1992,Eliteserien,2026-07-18,09:00,IK Start,Rosenborg BK,0,3,0-3,finished,14,,thestatsapi,0.67,1.57,5,3,14,9,3,6,15,15,2,2,,
comp_1992,Eliteserien,2026-07-18,09:00,Lillestrøm SK,KFUM Oslo,2,1,2-1,finished,14,,thestatsapi,1.24,0.46,5,4,6,8,4,3,9,13,0,4,,
comp_1992,Eliteserien,2026-07-18,09:00,Kristiansund BK,Sarpsborg 08,0,0,0-0,finished,14,,thestatsapi,0.71,0.97,4,8,11,10,2,2,15,17,2,2,,
comp_1992,Eliteserien,2026-07-18,07:00,HamKam,Tromsø IL,1,4,1-4,finished,14,,thestatsapi,0.8,1.9,1,5,6,23,2,7,11,13,0,0,,
comp_1992,Eliteserien,2026-07-17,12:15,Bodø/Glimt,Fredrikstad FK,1,0,1-0,finished,14,,thestatsapi,2.24,0.12,12,0,19,2,5,0,7,14,1,4,,
comp_1992,Eliteserien,2026-07-16,12:00,Vålerenga IF,Aalesunds FK,6,1,6-1,finished,14,,thestatsapi,2.58,1.51,8,7,22,18,10,6,7,5,0,0,,
comp_1992,Eliteserien,2026-07-12,12:15,Sarpsborg 08,Viking FK,1,0,1-0,finished,13,,thestatsapi,1.31,0.86,3,4,18,12,6,3,6,9,0,2,,
comp_1992,Eliteserien,2026-07-12,10:00,Sandefjord Fotball,HamKam,2,2,2-2,finished,13,,thestatsapi,0.83,1.7,4,7,13,13,3,3,16,17,1,2,,
comp_1992,Eliteserien,2026-07-12,10:00,Rosenborg BK,Kristiansund BK,3,0,3-0,finished,13,,thestatsapi,2.27,0.63,8,7,17,13,9,2,14,22,0,1,,
comp_1992,Eliteserien,2026-07-12,10:00,SK Brann,IK Start,2,1,2-1,finished,13,,thestatsapi,1.83,1.29,4,3,15,17,4,3,9,13,1,1,,
comp_1992,Eliteserien,2026-07-12,07:30,KFUM Oslo,Bodø/Glimt,0,2,0-2,finished,13,,thestatsapi,1.02,1.76,6,4,11,14,2,6,10,9,1,0,,
comp_1992,Eliteserien,2026-07-11,11:00,Tromsø IL,Vålerenga IF,4,0,4-0,finished,13,,thestatsapi,1.95,0.77,4,7,13,17,8,3,10,10,1,1,,
comp_1992,Eliteserien,2026-07-11,09:00,Aalesunds FK,Molde FK,2,2,2-2,finished,13,,thestatsapi,0.61,1.91,2,7,9,20,4,8,18,11,1,3,,
comp_1992,Eliteserien,2026-07-11,07:00,Fredrikstad FK,Lillestrøm SK,0,2,0-2,finished,13,,thestatsapi,1.17,1.24,8,3,14,10,1,4,7,10,3,1,,
comp_1992,Eliteserien,2026-05-31,12:15,SK Brann,Sarpsborg 08,0,0,0-0,finished,11,,thestatsapi,,,,,,,,,,,,,,
comp_1992,Eliteserien,2026-05-30,09:00,Molde FK,Sandefjord Fotball,2,1,2-1,finished,11,,thestatsapi,0.99,1.24,6,10,14,16,5,4,13,11,1,3,,
comp_1992,Eliteserien,2026-05-29,12:00,Rosenborg BK,Bodø/Glimt,2,2,2-2,finished,11,,thestatsapi,1.6,1.8,0,6,9,14,3,3,16,13,2,1,,
comp_1992,Eliteserien,2026-05-29,12:00,Vålerenga IF,Kristiansund BK,3,1,3-1,finished,11,,thestatsapi,2.93,0.92,5,6,20,11,9,4,12,7,1,1,,
comp_1992,Eliteserien,2026-05-29,12:00,Aalesunds FK,HamKam,2,2,2-2,finished,11,,thestatsapi,2.4,2.09,8,4,17,15,7,6,9,10,2,0,,
comp_1992,Eliteserien,2026-05-29,12:00,KFUM Oslo,Tromsø IL,0,0,0-0,finished,11,,thestatsapi,0.36,0.84,3,5,5,13,1,3,15,9,1,1,,
comp_1992,Eliteserien,2026-05-29,12:00,Fredrikstad FK,IK Start,2,1,2-1,finished,11,,thestatsapi,1.59,0.72,2,1,15,11,5,4,15,10,1,3,,
comp_1992,Eliteserien,2026-05-29,12:00,SK Brann,Sarpsborg 08,1,2,1-2,finished,11,,thestatsapi,0.76,1.1,8,5,10,11,4,4,6,8,2,2,,
comp_1992,Eliteserien,2026-05-25,12:15,Sandefjord Fotball,Fredrikstad FK,1,1,1-1,finished,10,,thestatsapi,0.86,1.27,6,5,9,19,3,7,12,12,2,3,,
comp_1992,Eliteserien,2026-05-25,10:00,KFUM Oslo,Rosenborg BK,2,0,2-0,finished,10,,thestatsapi,2.51,0.91,9,2,18,13,11,2,16,4,2,0,,
comp_1992,Eliteserien,2026-05-25,10:00,HamKam,Lillestrøm SK,2,0,2-0,finished,10,,thestatsapi,1.29,1.59,4,9,12,18,9,4,12,9,2,0,,
comp_1992,Eliteserien,2026-05-25,10:00,Tromsø IL,Aalesunds FK,1,1,1-1,finished,10,,thestatsapi,1.59,0.9,6,9,16,15,6,3,9,10,1,2,,
comp_1992,Eliteserien,2026-05-25,10:00,Sarpsborg 08,Molde FK,2,1,2-1,finished,10,,thestatsapi,1.12,1.54,2,8,6,17,2,6,13,6,1,1,,
comp_1992,Eliteserien,2026-05-25,07:30,IK Start,Vålerenga IF,2,0,2-0,finished,10,,thestatsapi,0.97,1.09,5,7,14,15,2,1,6,12,1,0,,
comp_1992,Eliteserien,2026-05-24,11:00,Kristiansund BK,Viking FK,1,2,1-2,finished,10,,thestatsapi,0.7,1.2,4,4,16,10,1,3,11,15,3,4,,
comp_1992,Eliteserien,2026-05-24,09:00,Bodø/Glimt,SK Brann,3,1,3-1,finished,10,,thestatsapi,2.83,0.15,6,3,14,4,8,0,9,8,0,1,,
comp_1992,Eliteserien,2026-05-20,13:00,Aalesunds FK,SK Brann,2,1,2-1,finished,8,,thestatsapi,2.37,1.09,4,7,25,12,5,4,17,15,1,3,,
comp_1992,Eliteserien,2026-05-20,12:30,Lillestrøm SK,Kristiansund BK,1,2,1-2,finished,2,,thestatsapi,1.01,1.04,8,3,15,15,5,5,9,18,3,5,,
comp_1992,Eliteserien,2026-05-20,11:00,IK Start,Bodø/Glimt,1,4,1-4,finished,8,,thestatsapi,1.74,3.01,1,5,10,20,2,8,7,9,0,0,,
comp_1992,Eliteserien,2026-05-16,13:00,Vålerenga IF,Sarpsborg 08,3,2,3-2,finished,9,,thestatsapi,2.08,1.72,7,0,14,19,7,10,13,11,1,0,,
comp_1992,Eliteserien,2026-05-16,11:00,Bodø/Glimt,Tromsø IL,5,0,5-0,finished,9,,thestatsapi,3.59,0.11,4,1,19,2,10,2,12,10,0,1,,
comp_1992,Eliteserien,2026-05-16,09:00,Viking FK,IK Start,6,3,6-3,finished,9,,thestatsapi,1.59,1.55,12,2,16,9,8,5,12,13,2,3,,
comp_1992,Eliteserien,2026-05-16,09:00,Rosenborg BK,Aalesunds FK,2,3,2-3,finished,9,,thestatsapi,1.13,1.05,11,0,13,9,4,4,7,15,2,6,,
comp_1992,Eliteserien,2026-05-16,09:00,Fredrikstad FK,HamKam,2,1,2-1,finished,9,,thestatsapi,1.03,1.62,5,7,10,17,4,7,14,9,3,0,,
comp_1992,Eliteserien,2026-05-16,09:00,Molde FK,Kristiansund BK,1,0,1-0,finished,9,,thestatsapi,1.14,0.94,3,6,8,11,3,2,6,15,1,2,,
comp_1992,Eliteserien,2026-05-16,09:00,Lillestrøm SK,Sandefjord Fotball,3,1,3-1,finished,9,,thestatsapi,1.91,1.07,6,3,14,12,6,6,13,12,2,3,,
comp_1992,Eliteserien,2026-05-16,07:00,SK Brann,KFUM Oslo,2,1,2-1,finished,9,,thestatsapi,1.87,0.52,6,0,14,6,9,3,5,15,1,3,,
comp_1992,Eliteserien,2026-05-10,10:00,IK Start,Bodø/Glimt,0,0,0-0,finished,8,,thestatsapi,,,,,,,,,,,,,,
comp_1992,Eliteserien,2026-05-10,10:00,Tromsø IL,Molde FK,2,0,2-0,finished,8,,thestatsapi,1.98,1.16,5,4,18,14,6,3,11,8,2,2,,
comp_1992,Eliteserien,2026-05-10,10:00,Sandefjord Fotball,Kristiansund BK,2,0,2-0,finished,8,,thestatsapi,0.52,0.85,6,4,6,11,5,1,17,10,1,2,,
comp_1992,Eliteserien,2026-05-10,10:00,KFUM Oslo,Viking FK,0,2,0-2,finished,8,,thestatsapi,0.17,2.12,4,6,1,12,0,4,13,2,3,0,,
comp_1992,Eliteserien,2026-05-10,07:30,Rosenborg BK,Lillestrøm SK,2,0,2-0,finished,8,,thestatsapi,1.88,0.41,1,4,18,10,4,3,9,15,2,2,,
comp_1992,Eliteserien,2026-05-09,07:00,Sarpsborg 08,Fredrikstad FK,2,1,2-1,finished,8,,thestatsapi,2.11,0.77,11,3,12,6,3,2,15,20,4,4,,
comp_1992,Eliteserien,2026-05-08,12:00,HamKam,Vålerenga IF,1,0,1-0,finished,8,,thestatsapi,0.58,1.53,1,6,6,18,3,3,10,12,0,4,,
comp_1992,Eliteserien,2026-05-04,12:00,Bodø/Glimt,Molde FK,0,1,0-1,finished,7,,thestatsapi,2.72,0.99,11,1,25,4,8,3,10,12,0,3,,
comp_1992,Eliteserien,2026-05-03,12:15,Vålerenga IF,KFUM Oslo,2,2,2-2,finished,7,,thestatsapi,1.2,1.32,11,3,17,13,6,5,11,7,6,1,,
comp_1992,Eliteserien,2026-05-03,10:00,Kristiansund BK,HamKam,1,1,1-1,finished,7,,thestatsapi,1.11,0.79,4,3,10,7,5,1,6,14,2,2,,
comp_1992,Eliteserien,2026-05-03,10:00,IK Start,Tromsø IL,1,1,1-1,finished,7,,thestatsapi,0.92,0.43,3,2,13,6,3,2,13,14,3,2,,
comp_1992,Eliteserien,2026-05-03,10:00,Sandefjord Fotball,Aalesunds FK,1,0,1-0,finished,7,,thestatsapi,2.62,0.93,8,2,27,13,7,3,9,15,1,3,,
comp_1992,Eliteserien,2026-05-03,07:30,Lillestrøm SK,Sarpsborg 08,4,0,4-0,finished,7,,thestatsapi,2.37,0.81,3,3,11,10,4,1,12,13,1,2,,
comp_1992,Eliteserien,2026-05-02,11:00,SK Brann,Fredrikstad FK,3,1,3-1,finished,7,,thestatsapi,2.49,0.94,3,2,16,7,4,3,13,11,1,1,,
comp_1992,Eliteserien,2026-05-01,11:00,Viking FK,Rosenborg BK,3,0,3-0,finished,7,,thestatsapi,2.34,0.9,7,3,18,10,6,3,13,15,2,3,,
comp_1992,Eliteserien,2026-04-30,12:00,Bodø/Glimt,IK Start,5,0,5-0,finished,18,,thestatsapi,3.27,1.14,13,4,29,13,11,7,6,10,1,3,,
comp_1992,Eliteserien,2026-04-29,12:00,Tromsø IL,SK Brann,0,5,0-5,finished,17,,thestatsapi,1.23,2.74,6,2,18,13,4,7,18,12,3,1,,
comp_1992,Eliteserien,2026-04-26,12:15,Lillestrøm SK,Bodø/Glimt,0,2,0-2,finished,6,,thestatsapi,1.08,0.92,5,4,10,10,1,4,8,10,0,0,,
comp_1992,Eliteserien,2026-04-26,10:00,Aalesunds FK,Kristiansund BK,1,1,1-1,finished,6,,thestatsapi,1.47,1.08,10,8,20,11,7,5,14,10,2,3,,
comp_1992,Eliteserien,2026-04-26,10:00,KFUM Oslo,Sarpsborg 08,1,0,1-0,finished,6,,thestatsapi,1.04,1.39,1,2,10,7,4,2,19,9,2,4,,
comp_1992,Eliteserien,2026-04-26,10:00,Tromsø IL,Sandefjord Fotball,3,1,3-1,finished,6,,thestatsapi,1.7,0.7,10,6,14,13,5,3,9,13,0,0,,
comp_1992,Eliteserien,2026-04-26,10:00,HamKam,IK Start,2,1,2-1,finished,6,,thestatsapi,1.16,0.77,5,1,12,12,4,2,11,14,1,1,,
comp_1992,Eliteserien,2026-04-26,07:30,Molde FK,Vålerenga IF,5,1,5-1,finished,6,,thestatsapi,3.59,1.38,2,5,18,10,7,7,6,7,1,1,,
comp_1992,Eliteserien,2026-04-25,11:00,Rosenborg BK,SK Brann,1,1,1-1,finished,6,,thestatsapi,1.27,1.14,7,11,9,12,2,5,11,17,1,3,,
comp_1992,Eliteserien,2026-04-25,09:00,Fredrikstad FK,Viking FK,1,2,1-2,finished,6,,thestatsapi,0.85,2.46,3,6,12,16,3,5,10,11,0,2,,
comp_1992,Eliteserien,2026-04-19,12:15,IK Start,Molde FK,1,1,1-1,finished,5,,thestatsapi,0.78,1.48,2,6,12,11,6,4,18,15,1,2,,
comp_1992,Eliteserien,2026-04-19,10:00,Sarpsborg 08,Tromsø IL,0,1,0-1,finished,5,,thestatsapi,1.43,1.28,10,3,9,12,2,6,14,9,0,1,,
comp_1992,Eliteserien,2026-04-19,10:00,HamKam,KFUM Oslo,4,0,4-0,finished,5,,thestatsapi,2.62,0.77,0,3,13,12,6,2,15,12,1,0,,
comp_1992,Eliteserien,2026-04-19,10:00,Kristiansund BK,Fredrikstad FK,2,0,2-0,finished,5,,thestatsapi,2,2.91,4,8,17,17,8,5,11,13,2,1,,
comp_1992,Eliteserien,2026-04-19,07:30,Vålerenga IF,Lillestrøm SK,0,2,0-2,finished,5,,thestatsapi,1.09,1.71,13,6,18,16,3,6,10,7,3,5,,
comp_1992,Eliteserien,2026-04-18,11:00,Viking FK,SK Brann,3,2,3-2,finished,5,,thestatsapi,1.87,1.5,6,7,19,8,7,4,12,16,1,4,,
comp_1992,Eliteserien,2026-04-18,09:00,Sandefjord Fotball,Rosenborg BK,0,0,0-0,finished,5,,thestatsapi,1.13,1.33,7,11,17,17,6,7,17,12,3,1,,
comp_1992,Eliteserien,2026-04-18,07:00,Bodø/Glimt,Aalesunds FK,3,0,3-0,finished,5,,thestatsapi,3.63,0.61,11,1,22,8,9,3,9,6,0,1,,
comp_1992,Eliteserien,2026-04-15,12:00,Sarpsborg 08,Bodø/Glimt,1,1,1-1,finished,1,,thestatsapi,1.71,2.27,4,6,15,16,7,4,7,7,1,2,,
comp_1992,Eliteserien,2026-04-15,12:00,Tromsø IL,Lillestrøm SK,0,0,0-0,finished,15,,thestatsapi,2.15,1.38,6,5,12,10,6,6,19,8,1,2,,
comp_1992,Eliteserien,2026-04-12,12:15,SK Brann,Sandefjord Fotball,0,1,0-1,finished,4,,thestatsapi,2.36,0.95,11,2,22,14,4,3,6,14,1,2,,
comp_1992,Eliteserien,2026-04-12,10:00,Aalesunds FK,KFUM Oslo,2,2,2-2,finished,4,,thestatsapi,1.31,2.44,8,3,14,17,4,7,13,10,2,2,,
comp_1992,Eliteserien,2026-04-12,10:00,Molde FK,HamKam,4,1,4-1,finished,4,,thestatsapi,1.73,0.9,2,6,14,8,6,3,11,15,3,2,,
comp_1992,Eliteserien,2026-04-12,10:00,Fredrikstad FK,Vålerenga IF,1,1,1-1,finished,4,,thestatsapi,1.58,1.67,7,2,17,17,3,5,13,11,2,3,,
comp_1992,Eliteserien,2026-04-12,07:30,Rosenborg BK,Sarpsborg 08,2,1,2-1,finished,4,,thestatsapi,1.6,1.15,7,4,14,13,6,5,10,8,3,1,,
comp_1992,Eliteserien,2026-04-11,11:00,Viking FK,Bodø/Glimt,5,0,5-0,finished,4,,thestatsapi,2.42,0.6,3,7,15,6,9,1,9,10,2,1,,
comp_1992,Eliteserien,2026-04-11,09:00,Tromsø IL,Kristiansund BK,2,0,2-0,finished,4,,thestatsapi,1.82,0.74,9,0,18,7,5,2,9,12,0,2,,
comp_1992,Eliteserien,2026-04-11,07:00,Lillestrøm SK,IK Start,3,1,3-1,finished,4,,thestatsapi,1.81,0.73,3,5,12,11,5,5,8,18,2,4,,
comp_1992,Eliteserien,2026-04-07,12:00,KFUM Oslo,Sandefjord Fotball,1,2,1-2,finished,3,,thestatsapi,0.55,1.89,9,5,9,14,1,6,7,14,1,3,,
comp_1992,Eliteserien,2026-04-07,12:00,Aalesunds FK,Fredrikstad FK,2,3,2-3,finished,3,,thestatsapi,1,0.63,3,5,15,8,6,5,18,14,4,2,,
comp_1992,Eliteserien,2026-04-06,12:15,Tromsø IL,Rosenborg BK,2,0,2-0,finished,3,,thestatsapi,2.9,0.26,7,0,15,2,6,0,8,8,0,3,,
comp_1992,Eliteserien,2026-04-06,10:00,Sarpsborg 08,IK Start,1,1,1-1,finished,3,,thestatsapi,1.81,0.81,7,2,17,7,5,1,8,15,0,3,,
comp_1992,Eliteserien,2026-04-06,10:00,Molde FK,Lillestrøm SK,0,1,0-1,finished,3,,thestatsapi,1.03,1.5,6,4,12,16,3,4,22,14,1,2,,
comp_1992,Eliteserien,2026-04-06,10:00,Kristiansund BK,Bodø/Glimt,0,3,0-3,finished,3,,thestatsapi,0.32,2.17,0,6,6,14,3,8,9,6,2,1,,
comp_1992,Eliteserien,2026-04-06,10:00,HamKam,SK Brann,1,5,1-5,finished,3,,thestatsapi,1.91,3.21,7,6,15,20,5,9,11,10,1,0,,
comp_1992,Eliteserien,2026-04-06,07:30,Vålerenga IF,Viking FK,0,1,0-1,finished,3,,thestatsapi,0.57,2.62,10,5,16,18,2,6,7,14,2,4,,
comp_1992,Eliteserien,2026-03-22,11:00,Sandefjord Fotball,Sarpsborg 08,0,2,0-2,finished,2,,thestatsapi,1.13,1.83,9,6,17,8,6,6,18,7,2,1,,
comp_1992,Eliteserien,2026-03-22,11:00,Fredrikstad FK,KFUM Oslo,3,1,3-1,finished,2,,thestatsapi,1.53,1.14,5,5,14,14,8,8,7,11,0,2,,
comp_1992,Eliteserien,2026-03-22,11:00,SK Brann,Tromsø IL,1,2,1-2,finished,2,,thestatsapi,1.21,1.84,6,9,10,12,3,6,12,13,1,3,,
comp_1992,Eliteserien,2026-03-22,08:30,Rosenborg BK,Vålerenga IF,0,2,0-2,finished,2,,thestatsapi,1.02,0.76,16,6,13,10,1,6,9,20,1,2,,
comp_1992,Eliteserien,2026-03-21,12:00,Viking FK,Molde FK,4,1,4-1,finished,2,,thestatsapi,2.22,1.21,3,9,12,11,6,4,19,15,3,2,,
comp_1992,Eliteserien,2026-03-21,10:00,IK Start,Aalesunds FK,1,1,1-1,finished,2,,thestatsapi,2.9,0.96,11,2,15,11,4,3,14,13,1,3,,
comp_1992,Eliteserien,2026-03-15,13:15,Tromsø IL,Fredrikstad FK,4,0,4-0,finished,1,,thestatsapi,3.31,0.42,6,2,16,6,9,1,12,4,0,1,,
comp_1992,Eliteserien,2026-03-15,11:00,Vålerenga IF,Sandefjord Fotball,1,0,1-0,finished,1,,thestatsapi,1.17,1.78,7,7,12,18,5,4,11,7,0,1,,
comp_1992,Eliteserien,2026-03-15,11:00,KFUM Oslo,IK Start,2,0,2-0,finished,1,,thestatsapi,1.15,0.4,4,2,16,5,6,2,13,13,1,2,,
comp_1992,Eliteserien,2026-03-15,11:00,Aalesunds FK,Lillestrøm SK,1,3,1-3,finished,1,,thestatsapi,0.94,2.36,3,7,14,17,7,7,12,9,1,1,,
comp_1992,Eliteserien,2026-03-15,08:30,Kristiansund BK,SK Brann,3,2,3-2,finished,1,,thestatsapi,2.36,2,6,11,17,15,4,6,12,13,5,2,,
comp_1992,Eliteserien,2026-03-14,12:00,Molde FK,Rosenborg BK,2,0,2-0,finished,1,,thestatsapi,1.31,0.81,5,4,13,8,4,2,14,13,1,4,,
comp_1992,Eliteserien,2026-03-14,10:00,HamKam,Viking FK,2,1,2-1,finished,1,,thestatsapi,0.98,1.42,6,11,11,17,4,4,14,14,3,2,,
comp_1992,Eliteserien,2025-12-11,13:00,Aalesunds FK,Bryne FK,0,1,0-1,finished,29,final,thestatsapi,0.77,1.55,1,7,7,8,1,3,9,10,1,0,,
comp_1992,Eliteserien,2025-12-07,11:00,Bryne FK,Aalesunds FK,0,4,0-4,finished,29,final,thestatsapi,0.37,3.23,4,4,6,12,0,7,18,13,3,1,,
comp_1992,Eliteserien,2025-11-30,11:00,Rosenborg BK,Strømsgodset,6,0,6-0,finished,30,,thestatsapi,3.07,1.41,5,3,23,13,11,2,8,10,0,2,,
comp_1992,Eliteserien,2025-11-30,11:00,Sarpsborg 08,Molde FK,1,0,1-0,finished,30,,thestatsapi,0.91,3.06,4,11,8,25,4,8,5,11,0,1,,
comp_1992,Eliteserien,2025-11-30,11:00,Bodø/Glimt,Fredrikstad FK,5,0,5-0,finished,30,,thestatsapi,2.45,0.42,7,5,22,3,9,1,8,5,0,2,,
comp_1992,Eliteserien,2025-11-30,11:00,Kristiansund BK,Tromsø IL,1,3,1-3,finished,30,,thestatsapi,0.15,2.85,0,4,4,14,2,7,13,14,1,2,,
comp_1992,Eliteserien,2025-11-30,11:00,SK Brann,HamKam,3,1,3-1,finished,30,,thestatsapi,3.84,0.28,8,3,19,4,8,3,11,8,1,4,,
comp_1992,Eliteserien,2025-11-30,11:00,Sandefjord Fotball,KFUM Oslo,2,0,2-0,finished,30,,thestatsapi,1.23,0.5,3,12,12,12,3,6,16,11,2,2,,
comp_1992,Eliteserien,2025-11-30,11:00,Haugesund,Bryne FK,1,4,1-4,finished,30,,thestatsapi,0.32,2.04,2,8,6,14,2,7,6,8,0,0,,
comp_1992,Eliteserien,2025-11-30,11:00,Viking FK,Vålerenga IF,5,1,5-1,finished,30,,thestatsapi,2.27,1.27,6,3,15,10,5,4,18,13,1,3,,
comp_1992,Eliteserien,2025-11-30,08:00,Kongsvinger,Aalesunds FK,4,4,4-4,finished,3,qualifying,thestatsapi,2.2,2.77,9,4,20,22,10,10,17,26,2,3,,
comp_1992,Eliteserien,2025-11-26,12:00,Aalesunds FK,Egersund,1,1,1-1,finished,2,qualifying,thestatsapi,3.98,0.78,16,3,18,4,5,2,9,6,3,4,,
comp_1992,Eliteserien,2025-11-23,13:15,Fredrikstad FK,Viking FK,0,1,0-1,finished,29,final,thestatsapi,0.61,0.9,3,5,12,16,4,8,23,0,6,3,,
comp_1992,Eliteserien,2025-11-23,08:30,HamKam,Haugesund,5,0,5-0,finished,29,final,thestatsapi,2.72,0.86,11,5,24,10,11,2,14,7,1,0,,
comp_1992,Eliteserien,2025-11-23,08:30,Bryne FK,Sarpsborg 08,0,3,0-3,finished,29,final,thestatsapi,1.95,2.28,5,1,17,11,4,8,12,9,3,1,,
comp_1992,Eliteserien,2025-11-22,12:00,Molde FK,SK Brann,4,0,4-0,finished,29,final,thestatsapi,0.62,1.03,1,4,9,8,5,2,11,10,4,0,,
comp_1992,Eliteserien,2025-11-22,12:00,Strømsgodset,Sandefjord Fotball,2,6,2-6,finished,29,final,thestatsapi,1.73,3.76,10,7,19,24,6,15,12,18,3,0,,
comp_1992,Eliteserien,2025-11-22,10:00,Egersund,Ranheim IL,3,2,3-2,finished,1,qualifying,thestatsapi,0.91,2.31,5,9,14,19,7,8,8,11,2,2,,
comp_1992,Eliteserien,2025-11-22,10:00,Vålerenga IF,Kristiansund BK,3,3,3-3,finished,29,final,thestatsapi,2.25,1.82,5,6,13,17,5,7,13,12,2,0,,
comp_1992,Eliteserien,2025-11-22,08:00,Tromsø IL,Rosenborg BK,1,0,1-0,finished,29,final,thestatsapi,1.88,0.46,5,2,15,5,5,0,15,10,3,2,,
comp_1992,Eliteserien,2025-11-21,13:00,KFUM Oslo,Bodø/Glimt,1,2,1-2,finished,29,final,thestatsapi,0.97,1.53,0,0,0,0,0,0,0,0,0,0,,
comp_1992,Eliteserien,2025-11-09,13:15,Haugesund,Molde FK,0,2,0-2,finished,28,semi_final,thestatsapi,0.7,1.46,5,4,10,14,2,3,11,9,0,2,,
comp_1992,Eliteserien,2025-11-09,11:00,Sandefjord Fotball,Tromsø IL,1,0,1-0,finished,28,semi_final,thestatsapi,0.49,1.78,2,4,5,25,1,3,16,10,2,2,,
comp_1992,Eliteserien,2025-11-09,11:00,SK Brann,KFUM Oslo,1,1,1-1,finished,28,semi_final,thestatsapi,1.22,0.81,7,3,9,5,3,4,8,9,1,2,,
comp_1992,Eliteserien,2025-11-09,11:00,Kristiansund BK,Strømsgodset,2,1,2-1,finished,28,semi_final,thestatsapi,1.32,1.23,3,8,9,14,5,1,14,6,2,2,,
comp_1992,Eliteserien,2025-11-09,11:00,Bodø/Glimt,Bryne FK,5,0,5-0,finished,28,semi_final,thestatsapi,3.75,0.51,14,2,27,7,7,0,9,5,0,1,,
comp_1992,Eliteserien,2025-11-09,08:30,Rosenborg BK,Vålerenga IF,1,0,1-0,finished,28,semi_final,thestatsapi,2.04,0.38,11,4,21,5,5,2,10,10,2,3,,
comp_1992,Eliteserien,2025-11-08,12:00,Viking FK,HamKam,3,0,3-0,finished,28,semi_final,thestatsapi,1.78,1.5,4,4,19,12,5,3,14,15,0,4,,
comp_1992,Eliteserien,2025-11-08,08:00,Sarpsborg 08,Fredrikstad FK,0,2,0-2,finished,28,semi_final,thestatsapi,1.06,0.59,7,6,12,8,3,5,13,9,2,3,,
comp_1992,Eliteserien,2025-11-02,13:15,Tromsø IL,Sarpsborg 08,4,0,4-0,finished,27,quarter_final,thestatsapi,3.19,0.61,5,4,11,11,7,3,10,12,0,2,,
comp_1992,Eliteserien,2025-11-02,11:00,KFUM Oslo,Haugesund,1,4,1-4,finished,27,quarter_final,thestatsapi,4.73,2.57,16,1,27,11,8,8,9,7,1,3,,
comp_1992,Eliteserien,2025-11-02,11:00,HamKam,Sandefjord Fotball,3,1,3-1,finished,27,quarter_final,thestatsapi,2.47,2.08,8,10,15,18,6,7,17,13,1,2,,
comp_1992,Eliteserien,2025-11-02,11:00,Fredrikstad FK,Kristiansund BK,3,1,3-1,finished,27,quarter_final,thestatsapi,1.99,1.45,2,1,14,17,5,3,8,12,1,2,,
comp_1992,Eliteserien,2025-11-02,11:00,Bryne FK,SK Brann,2,1,2-1,finished,27,quarter_final,thestatsapi,0.98,2.43,2,5,9,13,4,5,17,15,2,2,,
comp_1992,Eliteserien,2025-11-02,08:30,Strømsgodset,Viking FK,1,2,1-2,finished,27,quarter_final,thestatsapi,1.95,1.71,7,13,14,16,6,8,11,7,2,1,,
comp_1992,Eliteserien,2025-11-01,12:00,Molde FK,Rosenborg BK,4,2,4-2,finished,27,quarter_final,thestatsapi,4.07,1.49,3,8,22,10,14,4,13,11,4,3,,
comp_1992,Eliteserien,2025-11-01,10:00,Vålerenga IF,Bodø/Glimt,3,1,3-1,finished,27,quarter_final,thestatsapi,0.77,3.24,2,12,12,24,4,7,14,10,0,1,,
comp_1992,Eliteserien,2025-10-29,15:00,Rosenborg BK,Sandefjord Fotball,1,1,1-1,finished,19,,thestatsapi,1.01,0.94,4,6,5,15,2,4,12,15,1,2,,
comp_1992,Eliteserien,2025-10-29,13:00,SK Brann,Bodø/Glimt,1,2,1-2,finished,23,,thestatsapi,1.8,0.66,2,1,13,4,4,2,17,10,4,2,,
comp_1992,Eliteserien,2025-10-26,13:15,Vålerenga IF,Strømsgodset,2,1,2-1,finished,26,,thestatsapi,2.5,0.46,16,3,23,6,7,3,9,15,0,3,,
comp_1992,Eliteserien,2025-10-26,11:00,Kristiansund BK,HamKam,1,3,1-3,finished,26,,thestatsapi,1.3,1.38,5,7,17,16,5,6,11,10,2,1,,
comp_1992,Eliteserien,2025-10-26,11:00,Haugesund,Tromsø IL,2,3,2-3,finished,26,,thestatsapi,0.95,3.21,3,5,8,16,3,5,17,20,3,2,,
comp_1992,Eliteserien,2025-10-26,11:00,Sandefjord Fotball,Fredrikstad FK,0,0,0-0,finished,26,,thestatsapi,1.13,0.77,5,3,12,8,4,5,11,6,0,0,,
comp_1992,Eliteserien,2025-10-26,11:00,Bodø/Glimt,Molde FK,4,1,4-1,finished,26,,thestatsapi,1.75,0.79,2,1,15,6,6,2,11,16,1,2,,
comp_1992,Eliteserien,2025-10-26,08:30,Rosenborg BK,SK Brann,2,3,2-3,finished,26,,thestatsapi,0.89,1.31,7,8,14,15,4,6,16,13,2,4,,
comp_1992,Eliteserien,2025-10-25,11:00,Sarpsborg 08,KFUM Oslo,2,1,2-1,finished,26,,thestatsapi,1.29,1.2,2,6,7,12,5,7,11,10,1,3,,
comp_1992,Eliteserien,2025-10-25,09:00,Viking FK,Bryne FK,5,1,5-1,finished,26,,thestatsapi,2.13,0.7,5,4,13,9,9,3,8,13,1,1,,
comp_1992,Eliteserien,2025-10-19,12:15,Strømsgodset,Fredrikstad FK,0,3,0-3,finished,25,,thestatsapi,2.78,2.07,6,4,24,16,4,9,6,8,0,1,,
comp_1992,Eliteserien,2025-10-19,10:00,Molde FK,Sandefjord Fotball,1,3,1-3,finished,25,,thestatsapi,1.77,1.43,10,4,22,12,4,7,8,13,2,3,,
comp_1992,Eliteserien,2025-10-19,10:00,KFUM Oslo,Kristiansund BK,1,1,1-1,finished,25,,thestatsapi,2.15,0.29,4,2,20,4,5,2,0,0,1,0,,
comp_1992,Eliteserien,2025-10-19,10:00,HamKam,Vålerenga IF,2,1,2-1,finished,25,,thestatsapi,0.98,1.46,6,8,15,20,7,6,13,12,3,1,,
comp_1992,Eliteserien,2025-10-19,07:30,Tromsø IL,Viking FK,1,3,1-3,finished,25,,thestatsapi,1.25,2.48,1,3,12,10,4,4,19,17,1,1,,
comp_1992,Eliteserien,2025-10-18,11:00,SK Brann,Haugesund,4,1,4-1,finished,25,,thestatsapi,2.09,1.02,8,5,20,11,9,5,0,0,1,3,,
comp_1992,Eliteserien,2025-10-18,09:00,Bryne FK,Rosenborg BK,2,2,2-2,finished,25,,thestatsapi,1.1,1.36,7,6,17,13,8,5,15,12,1,3,,
comp_1992,Eliteserien,2025-10-18,07:00,Sarpsborg 08,Bodø/Glimt,2,5,2-5,finished,25,,thestatsapi,3.97,3.59,7,12,22,22,5,10,0,7,0,0,,
comp_1992,Eliteserien,2025-10-05,12:15,Rosenborg BK,Sarpsborg 08,2,3,2-3,finished,24,,thestatsapi,3.52,1.91,11,2,18,13,8,6,10,24,0,3,,
comp_1992,Eliteserien,2025-10-05,10:00,Strømsgodset,KFUM Oslo,1,1,1-1,finished,24,,thestatsapi,0.94,1.21,3,7,11,13,4,5,14,8,1,3,,
comp_1992,Eliteserien,2025-10-05,10:00,Fredrikstad FK,HamKam,1,1,1-1,finished,24,,thestatsapi,2.23,0.99,7,8,15,20,9,5,8,12,0,1,,
comp_1992,Eliteserien,2025-10-05,10:00,Bodø/Glimt,Haugesund,2,0,2-0,finished,24,,thestatsapi,4.16,0.14,19,0,36,3,12,1,9,7,0,0,,
comp_1992,Eliteserien,2025-10-05,07:30,Viking FK,SK Brann,3,0,3-0,finished,24,,thestatsapi,1.59,0.51,6,4,13,4,7,2,10,14,1,3,,
comp_1992,Eliteserien,2025-10-04,11:00,Kristiansund BK,Molde FK,2,1,2-1,finished,24,,thestatsapi,1.08,1.27,5,7,13,16,5,7,8,10,1,2,,
comp_1992,Eliteserien,2025-10-04,09:00,Sandefjord Fotball,Bryne FK,1,0,1-0,finished,24,,thestatsapi,1.23,0.44,4,3,13,7,3,1,16,16,0,1,,
comp_1992,Eliteserien,2025-10-04,07:00,Vålerenga IF,Tromsø IL,1,0,1-0,finished,24,,thestatsapi,1.67,1.74,6,5,11,13,5,4,17,14,5,1,,
comp_1992,Eliteserien,2025-10-01,12:00,KFUM Oslo,Fredrikstad FK,2,1,2-1,finished,23,,thestatsapi,0.66,0.34,2,3,9,7,3,4,12,13,2,1,,
comp_1992,Eliteserien,2025-09-29,12:00,Haugesund,Sandefjord Fotball,2,3,2-3,finished,23,,thestatsapi,1.81,1.21,1,6,9,17,6,6,13,18,2,3,,
comp_1992,Eliteserien,2025-09-28,12:15,Molde FK,Vålerenga IF,4,1,4-1,finished,23,,thestatsapi,3.55,0.69,5,6,21,16,8,2,14,10,1,1,,
comp_1992,Eliteserien,2025-09-28,10:00,Tromsø IL,Strømsgodset,3,1,3-1,finished,23,,thestatsapi,2.15,0.91,5,6,12,7,9,2,13,5,3,1,,
comp_1992,Eliteserien,2025-09-28,10:00,HamKam,Rosenborg BK,4,0,4-0,finished,23,,thestatsapi,2.93,0.21,6,1,25,6,15,3,16,7,1,0,,
comp_1992,Eliteserien,2025-09-28,10:00,Bryne FK,Kristiansund BK,2,0,2-0,finished,23,,thestatsapi,2.08,1.56,5,5,13,12,6,3,14,10,5,1,,
comp_1992,Eliteserien,2025-09-28,07:30,SK Brann,Fredrikstad FK,1,0,1-0,finished,19,,thestatsapi,1.65,0.19,7,5,17,8,5,2,9,8,0,1,,
comp_1992,Eliteserien,2025-09-27,11:00,Sarpsborg 08,Viking FK,3,3,3-3,finished,23,,thestatsapi,1.38,1.9,5,12,10,22,5,7,17,14,1,0,,
comp_1992,Eliteserien,2025-09-21,12:15,Viking FK,Molde FK,1,0,1-0,finished,22,,thestatsapi,2.64,1.25,16,5,29,20,7,4,9,4,1,1,,
comp_1992,Eliteserien,2025-09-21,10:00,Tromsø IL,HamKam,1,0,1-0,finished,22,,thestatsapi,0.61,1.08,3,4,14,13,2,2,12,12,2,1,,
comp_1992,Eliteserien,2025-09-21,10:00,Strømsgodset,Sarpsborg 08,2,1,2-1,finished,22,,thestatsapi,2.23,1.28,8,7,12,13,4,4,11,14,1,2,,
comp_1992,Eliteserien,2025-09-21,10:00,Kristiansund BK,Haugesund,2,0,2-0,finished,22,,thestatsapi,2.6,0.69,3,1,21,5,7,3,10,12,2,1,,
comp_1992,Eliteserien,2025-09-21,07:30,Rosenborg BK,Bodø/Glimt,1,1,1-1,finished,22,,thestatsapi,0.9,2.13,8,3,17,12,2,3,17,5,3,1,,
comp_1992,Eliteserien,2025-09-20,11:00,Vålerenga IF,KFUM Oslo,1,1,1-1,finished,22,,thestatsapi,0.36,1.35,1,4,7,8,1,2,11,20,2,4,,
comp_1992,Eliteserien,2025-09-20,09:00,Sandefjord Fotball,SK Brann,0,3,0-3,finished,22,,thestatsapi,1.14,2.43,4,6,11,14,6,5,14,15,0,2,,
comp_1992,Eliteserien,2025-09-20,07:00,Fredrikstad FK,Bryne FK,1,1,1-1,finished,22,,thestatsapi,1.43,1.96,4,4,10,10,4,3,14,12,0,3,,
comp_1992,Eliteserien,2025-09-14,12:15,Haugesund,Rosenborg BK,0,3,0-3,finished,21,,thestatsapi,0.38,1.77,2,5,5,14,1,6,10,13,1,2,,
comp_1992,Eliteserien,2025-09-14,10:00,Sarpsborg 08,Sandefjord Fotball,2,1,2-1,finished,21,,thestatsapi,1.54,1.75,3,6,9,24,5,8,13,16,3,1,,
comp_1992,Eliteserien,2025-09-14,10:00,KFUM Oslo,Viking FK,2,2,2-2,finished,21,,thestatsapi,0.57,0.55,4,6,10,6,4,3,15,11,3,1,,
comp_1992,Eliteserien,2025-09-14,10:00,HamKam,Strømsgodset,1,2,1-2,finished,21,,thestatsapi,1.02,1.24,5,8,12,18,5,4,13,9,1,1,,
comp_1992,Eliteserien,2025-09-14,07:30,Bryne FK,Tromsø IL,0,2,0-2,finished,21,,thestatsapi,0.41,1.46,2,5,4,8,2,4,8,10,1,0,,
comp_1992,Eliteserien,2025-09-13,11:00,SK Brann,Vålerenga IF,3,2,3-2,finished,21,,thestatsapi,2.47,1.32,11,4,17,9,11,4,14,9,4,2,,
comp_1992,Eliteserien,2025-09-13,09:00,Molde FK,Fredrikstad FK,1,2,1-2,finished,21,,thestatsapi,2.46,2.59,14,2,30,11,7,5,13,9,3,2,,
comp_1992,Eliteserien,2025-09-12,12:00,Bodø/Glimt,Kristiansund BK,7,1,7-1,finished,21,,thestatsapi,4.86,1.14,3,1,18,9,8,4,10,10,0,1,,
comp_1992,Eliteserien,2025-08-31,12:15,Strømsgodset,Molde FK,3,1,3-1,finished,20,,thestatsapi,1.57,1.03,2,6,17,14,7,3,16,8,1,4,,
comp_1992,Eliteserien,2025-08-31,10:00,Viking FK,Rosenborg BK,2,1,2-1,finished,20,,thestatsapi,2.18,0.66,8,7,12,15,3,2,18,17,3,4,,
comp_1992,Eliteserien,2025-08-31,10:00,Tromsø IL,KFUM Oslo,2,0,2-0,finished,20,,thestatsapi,0.49,0.74,3,5,5,11,2,3,13,7,2,0,,
comp_1992,Eliteserien,2025-08-31,10:00,Sandefjord Fotball,Bodø/Glimt,1,2,1-2,finished,20,,thestatsapi,1.03,1.12,4,8,9,14,2,2,8,8,5,2,,
comp_1992,Eliteserien,2025-08-31,10:00,HamKam,Sarpsborg 08,1,3,1-3,finished,20,,thestatsapi,0.61,2.91,6,13,7,20,5,6,8,11,0,0,,
comp_1992,Eliteserien,2025-08-31,10:00,Fredrikstad FK,Haugesund,2,2,2-2,finished,20,,thestatsapi,3.14,1.38,5,0,19,12,3,3,10,8,2,1,,
comp_1992,Eliteserien,2025-08-31,07:30,Kristiansund BK,SK Brann,2,2,2-2,finished,20,,thestatsapi,1.17,1.95,2,8,8,17,3,6,13,11,4,2,,
comp_1992,Eliteserien,2025-08-30,11:00,Vålerenga IF,Bryne FK,3,2,3-2,finished,20,,thestatsapi,2.14,3.32,10,1,17,15,3,5,10,13,2,2,,
comp_1992,Eliteserien,2025-08-25,12:00,Sarpsborg 08,Kristiansund BK,0,1,0-1,finished,19,,thestatsapi,0.62,1.08,10,3,11,12,4,5,19,10,2,2,,
comp_1992,Eliteserien,2025-08-24,12:15,Molde FK,Tromsø IL,2,0,2-0,finished,19,,thestatsapi,1.8,0.65,4,9,6,12,3,2,12,19,2,2,,
comp_1992,Eliteserien,2025-08-24,10:00,Bryne FK,Strømsgodset,2,2,2-2,finished,19,,thestatsapi,2.28,1.01,11,9,20,12,7,6,15,10,2,1,,
comp_1992,Eliteserien,2025-08-24,07:30,Haugesund,Vålerenga IF,2,3,2-3,finished,19,,thestatsapi,1.06,1.48,3,1,9,15,6,7,10,14,3,2,,
comp_1992,Eliteserien,2025-08-22,12:00,KFUM Oslo,HamKam,2,2,2-2,finished,19,,thestatsapi,1.01,0.46,2,1,12,5,4,4,8,10,1,2,,
comp_1992,Eliteserien,2025-08-17,12:15,Vålerenga IF,Sarpsborg 08,4,0,4-0,finished,18,,thestatsapi,2.28,0.88,5,6,19,10,8,2,9,11,1,2,,
comp_1992,Eliteserien,2025-08-17,10:00,Kristiansund BK,Sandefjord Fotball,2,2,2-2,finished,18,,thestatsapi,1.28,2.01,8,7,16,17,7,8,13,8,2,3,,
comp_1992,Eliteserien,2025-08-17,10:00,KFUM Oslo,Molde FK,0,0,0-0,finished,18,,thestatsapi,2.16,0.09,7,2,17,3,5,0,16,9,3,2,,
comp_1992,Eliteserien,2025-08-17,10:00,HamKam,Bryne FK,1,0,1-0,finished,18,,thestatsapi,1.63,0.5,5,2,11,5,5,3,13,22,2,3,,
comp_1992,Eliteserien,2025-08-17,07:30,Tromsø IL,SK Brann,1,2,1-2,finished,18,,thestatsapi,0.83,0.64,4,4,12,10,4,2,15,10,2,3,,
comp_1992,Eliteserien,2025-08-15,12:00,Strømsgodset,Bodø/Glimt,0,5,0-5,finished,18,,thestatsapi,0.03,5.57,1,16,1,30,1,13,5,5,1,0,,
comp_1992,Eliteserien,2025-08-10,12:15,Sandefjord Fotball,Viking FK,1,2,1-2,finished,17,,thestatsapi,0.39,1.52,0,5,8,10,2,4,14,23,2,3,,
comp_1992,Eliteserien,2025-08-10,10:00,Haugesund,Sarpsborg 08,3,2,3-2,finished,17,,thestatsapi,1.38,3.13,2,11,7,30,5,6,16,11,3,1,,
comp_1992,Eliteserien,2025-08-10,10:00,Bryne FK,KFUM Oslo,0,0,0-0,finished,17,,thestatsapi,0.78,0.48,2,2,5,5,2,2,14,9,1,2,,
comp_1992,Eliteserien,2025-08-09,12:15,Bodø/Glimt,Tromsø IL,1,1,1-1,finished,17,,thestatsapi,1.59,1.09,12,3,11,5,2,3,8,7,0,1,,
comp_1992,Eliteserien,2025-08-09,09:00,Molde FK,HamKam,1,0,1-0,finished,17,,thestatsapi,2.61,1.28,10,2,23,8,8,3,10,13,0,0,,
comp_1992,Eliteserien,2025-08-03,10:00,Vålerenga IF,Sandefjord Fotball,2,1,2-1,finished,16,,thestatsapi,1.01,2.43,7,11,16,18,5,5,16,15,0,2,,
comp_1992,Eliteserien,2025-08-03,10:00,Strømsgodset,Haugesund,2,0,2-0,finished,16,,thestatsapi,2.82,0.86,5,4,22,6,11,3,10,12,1,0,,
comp_1992,Eliteserien,2025-08-03,10:00,Molde FK,Bryne FK,2,0,2-0,finished,16,,thestatsapi,1.83,0.41,13,2,17,8,6,2,9,12,2,0,,
comp_1992,Eliteserien,2025-08-03,10:00,KFUM Oslo,Rosenborg BK,4,1,4-1,finished,16,,thestatsapi,2.19,1.28,3,3,12,4,5,2,15,10,2,1,,
comp_1992,Eliteserien,2025-08-03,07:30,HamKam,Bodø/Glimt,1,3,1-3,finished,16,,thestatsapi,0.95,2.51,5,9,10,15,4,5,11,7,2,0,,
comp_1992,Eliteserien,2025-08-02,11:00,Sarpsborg 08,SK Brann,1,4,1-4,finished,16,,thestatsapi,0.87,1.8,3,14,13,31,4,11,9,12,1,0,,
comp_1992,Eliteserien,2025-08-02,09:00,Tromsø IL,Fredrikstad FK,0,0,0-0,finished,16,,thestatsapi,2.16,1.09,1,5,11,13,5,3,14,15,0,4,,
comp_1992,Eliteserien,2025-07-30,12:00,Bodø/Glimt,Strømsgodset,1,0,1-0,finished,6,,thestatsapi,2.18,0.24,8,1,19,8,5,2,4,10,0,1,,
comp_1992,Eliteserien,2025-07-27,07:30,Rosenborg BK,Tromsø IL,4,1,4-1,finished,15,,thestatsapi,1.79,0.97,4,7,11,8,5,2,12,20,2,3,,
comp_1992,Eliteserien,2025-07-27,07:30,Bryne FK,Viking FK,1,3,1-3,finished,15,,thestatsapi,1.22,1.84,2,5,13,9,5,5,15,16,3,3,,
comp_1992,Eliteserien,2025-07-26,11:00,Bodø/Glimt,Vålerenga IF,7,2,7-2,finished,15,,thestatsapi,4.33,0.49,6,1,22,5,13,2,13,9,0,0,,
comp_1992,Eliteserien,2025-07-26,09:00,Sandefjord Fotball,Sarpsborg 08,3,2,3-2,finished,15,,thestatsapi,1.57,3.52,4,5,23,13,10,7,11,10,4,4,,
comp_1992,Eliteserien,2025-07-26,09:00,Kristiansund BK,KFUM Oslo,0,5,0-5,finished,15,,thestatsapi,0.39,2.19,3,3,6,14,1,7,15,12,3,1,,
comp_1992,Eliteserien,2025-07-26,09:00,Haugesund,HamKam,0,3,0-3,finished,15,,thestatsapi,0.81,1.28,5,8,11,10,4,4,10,8,0,0,,
comp_1992,Eliteserien,2025-07-25,12:00,Fredrikstad FK,Strømsgodset,3,2,3-2,finished,15,,thestatsapi,2.37,0.89,7,1,20,12,5,4,12,9,1,1,,
comp_6981,Liga 1 Perú,2026-07-19,19:00,Alianza Lima,Sport Huancayo,2,1,2-1,finished,1,,thestatsapi,,,11,2,24,8,8,5,12,9,4,3,,
comp_6981,Liga 1 Perú,2026-07-19,11:00,Los Chankas CYC,Sport Boys,1,0,1-0,finished,1,,thestatsapi,1.36,1.04,5,5,17,6,9,1,10,14,0,1,,
comp_6981,Liga 1 Perú,2026-07-18,18:30,Cusco FC,Alianza Atlético de Sullana,4,1,4-1,finished,1,,thestatsapi,2.72,1.1,8,2,18,14,7,6,11,6,1,1,,
comp_6981,Liga 1 Perú,2026-07-18,15:30,Club Atlético Grau,Universidad Técnica de Cajamarca,3,1,3-1,finished,1,,thestatsapi,,,2,4,15,10,6,5,15,11,0,2,,
comp_6981,Liga 1 Perú,2026-07-18,13:15,Asociación Deportiva Tarma,Universitario,1,2,1-2,finished,1,,thestatsapi,0.55,1.5,2,4,14,13,4,6,8,12,1,1,,
comp_6981,Liga 1 Perú,2026-07-18,11:00,CD Moquegua,Comerciantes Unidos,2,2,2-2,finished,1,,thestatsapi,2.64,1.27,5,3,17,17,7,7,7,15,4,1,,
comp_6981,Liga 1 Perú,2026-07-17,20:00,Cienciano,Melgar,1,3,1-3,finished,1,,thestatsapi,,,2,4,14,20,5,4,5,10,1,4,,
comp_6981,Liga 1 Perú,2026-07-17,15:15,Club Sporting Cristal,Deportivo Garcilaso,1,0,1-0,finished,1,,thestatsapi,,,10,3,16,3,7,0,16,15,1,0,,
comp_6981,Liga 1 Perú,2026-07-17,13:00,FC Cajamarca,ADC Juan Pablo II,2,2,2-2,finished,1,,thestatsapi,,,1,4,15,11,5,6,15,13,5,3,,
comp_6981,Liga 1 Perú,2026-05-31,17:00,Cienciano,Club Sporting Cristal,3,2,3-2,finished,17,,thestatsapi,,,6,5,25,10,7,3,8,4,0,2,,
comp_6981,Liga 1 Perú,2026-05-31,15:15,Los Chankas CYC,Universidad Técnica de Cajamarca,2,2,2-2,finished,17,,thestatsapi,,,5,7,14,16,3,5,14,18,2,2,,
comp_6981,Liga 1 Perú,2026-05-31,13:15,FC Cajamarca,Alianza Lima,1,1,1-1,finished,17,,thestatsapi,,,2,1,8,12,2,4,10,10,0,0,,
comp_6981,Liga 1 Perú,2026-05-31,11:00,Melgar,Alianza Atlético de Sullana,3,1,3-1,finished,17,,thestatsapi,,,5,1,20,10,7,3,10,8,1,3,,
comp_6981,Liga 1 Perú,2026-05-30,20:00,Universitario,Sport Huancayo,2,1,2-1,finished,17,,thestatsapi,,,12,5,16,10,4,5,9,12,2,1,,
comp_6981,Liga 1 Perú,2026-05-30,17:30,Sport Boys,Comerciantes Unidos,1,0,1-0,finished,17,,thestatsapi,,,8,3,14,14,3,3,16,23,3,2,,
comp_6981,Liga 1 Perú,2026-05-30,15:00,Deportivo Garcilaso,ADC Juan Pablo II,4,1,4-1,finished,17,,thestatsapi,,,0,3,13,10,7,2,19,5,2,1,,
comp_6981,Liga 1 Perú,2026-05-30,11:00,Asociación Deportiva Tarma,Cusco FC,1,2,1-2,finished,17,,thestatsapi,,,12,0,21,7,10,3,12,9,2,3,,
comp_6981,Liga 1 Perú,2026-05-29,15:00,Club Atlético Grau,CD Moquegua,1,0,1-0,finished,17,,thestatsapi,,,4,4,16,8,9,1,14,11,1,3,,
comp_6981,Liga 1 Perú,2026-05-25,15:30,Comerciantes Unidos,Deportivo Garcilaso,0,0,0-0,finished,16,,thestatsapi,,,6,3,27,7,9,1,12,11,1,3,,
comp_6981,Liga 1 Perú,2026-05-24,15:30,Alianza Atlético de Sullana,FC Cajamarca,1,1,1-1,finished,16,,thestatsapi,,,7,0,24,9,8,3,11,12,2,2,,
comp_6981,Liga 1 Perú,2026-05-24,13:15,Sport Huancayo,Cienciano,2,2,2-2,finished,16,,thestatsapi,,,4,3,19,8,5,4,13,11,3,0,,
comp_6981,Liga 1 Perú,2026-05-24,11:00,Club Sporting Cristal,Asociación Deportiva Tarma,2,1,2-1,finished,16,,thestatsapi,,,12,0,26,3,6,1,6,15,2,7,,
comp_6981,Liga 1 Perú,2026-05-23,20:30,Alianza Lima,Los Chankas CYC,3,0,3-0,finished,16,,thestatsapi,,,3,1,13,14,7,3,17,10,0,2,,
comp_6981,Liga 1 Perú,2026-05-23,17:15,Cusco FC,Club Atlético Grau,1,0,1-0,finished,16,,thestatsapi,,,4,2,15,9,5,1,7,11,3,4,,
comp_6981,Liga 1 Perú,2026-05-23,15:00,Universidad Técnica de Cajamarca,Sport Boys,0,0,0-0,finished,16,,thestatsapi,,,4,4,12,18,1,4,14,11,1,2,,
comp_6981,Liga 1 Perú,2026-05-23,12:45,CD Moquegua,Universitario,0,0,0-0,finished,16,,thestatsapi,,,3,3,10,12,3,1,12,7,2,0,,
comp_6981,Liga 1 Perú,2026-05-22,15:00,ADC Juan Pablo II,Melgar,0,0,0-0,finished,16,,thestatsapi,,,,,,,,,,,,,,
comp_6981,Liga 1 Perú,2026-05-17,15:30,Los Chankas CYC,CD Moquegua,1,0,1-0,finished,15,,thestatsapi,1.27,0.51,5,6,16,14,3,2,9,11,3,2,,
comp_6981,Liga 1 Perú,2026-05-17,13:15,Deportivo Garcilaso,Universidad Técnica de Cajamarca,2,0,2-0,finished,15,,thestatsapi,1.29,0.38,1,6,12,10,5,3,11,13,2,3,,
comp_6981,Liga 1 Perú,2026-05-17,11:00,Asociación Deportiva Tarma,Comerciantes Unidos,2,0,2-0,finished,15,,thestatsapi,0.98,1.21,3,9,10,14,5,5,12,13,2,4,,
comp_6981,Liga 1 Perú,2026-05-16,20:30,Sport Boys,Cusco FC,1,0,1-0,finished,15,,thestatsapi,,,7,3,20,7,7,4,10,12,3,5,,
comp_6981,Liga 1 Perú,2026-05-16,17:45,Cienciano,Alianza Lima,0,1,0-1,finished,15,,thestatsapi,0.96,0.6,7,1,16,8,2,6,7,10,1,3,,
comp_6981,Liga 1 Perú,2026-05-16,15:15,ADC Juan Pablo II,Alianza Atlético de Sullana,0,2,0-2,finished,15,,thestatsapi,,,5,5,7,21,1,8,8,12,2,3,,
comp_6981,Liga 1 Perú,2026-05-16,13:00,Melgar,Sport Huancayo,4,1,4-1,finished,15,,thestatsapi,1.62,2.29,5,3,15,17,8,3,8,12,4,3,,
comp_6981,Liga 1 Perú,2026-05-15,20:00,Universitario,Club Atlético Grau,0,1,0-1,finished,15,,thestatsapi,1.31,0.34,8,0,15,4,3,1,8,11,2,2,,
comp_6981,Liga 1 Perú,2026-05-15,15:00,FC Cajamarca,Club Sporting Cristal,3,1,3-1,finished,15,,thestatsapi,0.98,0.63,6,3,17,12,10,8,12,9,5,4,,
comp_6981,Liga 1 Perú,2026-05-11,20:30,Sport Boys,Universitario,0,0,0-0,finished,14,,thestatsapi,1.26,0.24,3,2,17,7,5,0,15,11,3,0,,
comp_6981,Liga 1 Perú,2026-05-11,13:00,Deportivo Garcilaso,Alianza Atlético de Sullana,2,1,2-1,finished,14,,thestatsapi,1.83,0.63,7,2,14,13,7,5,10,10,3,1,,
comp_6981,Liga 1 Perú,2026-05-10,17:30,Cusco FC,Los Chankas CYC,1,1,1-1,finished,14,,thestatsapi,,,5,4,20,14,7,7,9,10,2,3,,
comp_6981,Liga 1 Perú,2026-05-10,15:15,Comerciantes Unidos,Melgar,1,1,1-1,finished,14,,thestatsapi,1.74,1.34,3,3,19,12,7,3,10,13,1,3,,
comp_6981,Liga 1 Perú,2026-05-10,13:00,Sport Huancayo,ADC Juan Pablo II,2,1,2-1,finished,14,,thestatsapi,,,8,5,17,3,7,1,13,12,1,2,,
comp_6981,Liga 1 Perú,2026-05-09,20:00,Alianza Lima,Club Sporting Cristal,1,1,1-1,finished,14,,thestatsapi,0.73,0.91,1,2,15,10,6,4,14,12,2,3,,
comp_6981,Liga 1 Perú,2026-05-09,15:15,Club Atlético Grau,Cienciano,1,2,1-2,finished,14,,thestatsapi,0.7,3.06,3,5,14,18,6,8,10,14,2,5,,
comp_6981,Liga 1 Perú,2026-05-09,13:00,CD Moquegua,Asociación Deportiva Tarma,2,2,2-2,finished,14,,thestatsapi,1.62,0.88,3,0,11,10,7,4,11,11,3,5,,
comp_6981,Liga 1 Perú,2026-05-08,15:00,Universidad Técnica de Cajamarca,FC Cajamarca,1,2,1-2,finished,14,,thestatsapi,0.93,2.09,8,3,10,9,3,4,18,16,2,3,,
comp_6981,Liga 1 Perú,2026-05-04,13:00,Los Chankas CYC,Deportivo Garcilaso,0,1,0-1,finished,13,,thestatsapi,1.31,0.52,6,4,15,8,4,3,11,16,1,4,,
comp_6981,Liga 1 Perú,2026-05-03,18:00,Melgar,Universidad Técnica de Cajamarca,2,0,2-0,finished,13,,thestatsapi,0.85,0.28,11,1,20,7,7,2,9,11,1,2,,
comp_6981,Liga 1 Perú,2026-05-03,15:30,Alianza Atlético de Sullana,Sport Huancayo,4,1,4-1,finished,13,,thestatsapi,,,4,4,14,9,7,1,10,9,2,3,,
comp_6981,Liga 1 Perú,2026-05-03,13:15,ADC Juan Pablo II,Universitario,1,4,1-4,finished,13,,thestatsapi,,,0,9,6,18,1,9,6,24,3,4,,
comp_6981,Liga 1 Perú,2026-05-03,11:00,Club Sporting Cristal,Cusco FC,2,2,2-2,finished,13,,thestatsapi,,,7,3,23,9,9,2,13,8,2,2,,
comp_6981,Liga 1 Perú,2026-05-02,20:00,Alianza Lima,CD Moquegua,2,1,2-1,finished,13,,thestatsapi,2.11,0.23,1,0,17,7,6,2,12,12,2,2,,
comp_6981,Liga 1 Perú,2026-05-02,17:30,Cienciano,Comerciantes Unidos,1,0,1-0,finished,13,,thestatsapi,0.93,0.26,4,2,18,6,3,1,11,19,4,7,,
comp_6981,Liga 1 Perú,2026-05-02,15:15,Asociación Deportiva Tarma,Club Atlético Grau,1,0,1-0,finished,13,,thestatsapi,2.33,0.93,1,6,19,12,9,3,8,11,0,0,,
comp_6981,Liga 1 Perú,2026-05-02,13:00,FC Cajamarca,Sport Boys,3,2,3-2,finished,13,,thestatsapi,,,2,4,12,20,4,7,24,12,4,2,,
comp_6981,Liga 1 Perú,2026-04-27,19:00,Deportivo Garcilaso,Melgar,1,0,1-0,finished,12,,thestatsapi,,,3,2,10,11,2,2,14,12,3,3,,
comp_6981,Liga 1 Perú,2026-04-27,15:00,Asociación Deportiva Tarma,Los Chankas CYC,4,0,4-0,finished,12,,thestatsapi,,,2,2,15,13,7,4,16,8,3,1,,
comp_6981,Liga 1 Perú,2026-04-26,18:00,Universitario,Alianza Atlético de Sullana,1,2,1-2,finished,12,,thestatsapi,2.89,1.11,4,1,17,14,1,7,11,6,1,2,,
comp_6981,Liga 1 Perú,2026-04-26,15:30,Club Atlético Grau,Alianza Lima,0,1,0-1,finished,12,,thestatsapi,0.58,0.9,1,4,8,12,2,4,15,9,1,2,,
comp_6981,Liga 1 Perú,2026-04-26,13:15,Cusco FC,Sport Huancayo,2,1,2-1,finished,12,,thestatsapi,,,3,5,11,13,5,1,11,7,2,2,,
comp_6981,Liga 1 Perú,2026-04-26,11:00,Universidad Técnica de Cajamarca,Cienciano,2,2,2-2,finished,12,,thestatsapi,0.88,3.27,3,10,11,13,4,7,17,10,3,1,,
comp_6981,Liga 1 Perú,2026-04-25,19:00,Sport Boys,ADC Juan Pablo II,1,1,1-1,finished,12,,thestatsapi,1.08,1.52,10,3,9,11,4,4,18,6,6,4,,
comp_6981,Liga 1 Perú,2026-04-25,15:30,Comerciantes Unidos,Club Sporting Cristal,1,0,1-0,finished,12,,thestatsapi,0.88,1.15,3,5,13,20,2,1,16,8,2,2,,
comp_6981,Liga 1 Perú,2026-04-25,13:00,CD Moquegua,FC Cajamarca,2,1,2-1,finished,12,,thestatsapi,,,5,3,17,11,6,4,13,9,0,1,,
comp_6981,Liga 1 Perú,2026-04-23,15:00,Los Chankas CYC,Cienciano,1,0,1-0,finished,10,,thestatsapi,1.73,1.39,4,10,12,13,5,4,10,18,1,3,,
comp_6981,Liga 1 Perú,2026-04-22,20:30,Universitario,Deportivo Garcilaso,4,1,4-1,finished,10,,thestatsapi,,,10,1,24,9,7,1,11,9,0,1,,
comp_6981,Liga 1 Perú,2026-04-22,18:00,Cusco FC,FC Cajamarca,1,0,1-0,finished,10,,thestatsapi,1.83,0.51,5,2,16,9,5,4,7,11,1,2,,
comp_6981,Liga 1 Perú,2026-04-22,15:15,Club Atlético Grau,Club Sporting Cristal,4,1,4-1,finished,10,,thestatsapi,2.03,1,8,0,21,5,7,2,15,9,4,3,,
comp_6981,Liga 1 Perú,2026-04-22,13:00,Comerciantes Unidos,Alianza Atlético de Sullana,1,0,1-0,finished,10,,thestatsapi,,,0,2,10,13,3,2,13,9,2,0,,
comp_6981,Liga 1 Perú,2026-04-19,19:30,Cienciano,CD Moquegua,2,1,2-1,finished,11,,thestatsapi,1.92,0.14,5,1,23,6,6,3,10,7,1,1,,
comp_6981,Liga 1 Perú,2026-04-19,17:15,Melgar,Universitario,2,1,2-1,finished,11,,thestatsapi,1.75,1.04,1,2,9,12,4,3,9,14,1,2,,
comp_6981,Liga 1 Perú,2026-04-19,15:00,Alianza Atlético de Sullana,Sport Boys,0,1,0-1,finished,11,,thestatsapi,1.05,0.8,5,6,11,16,4,6,18,13,3,3,,
comp_6981,Liga 1 Perú,2026-04-19,11:00,Club Sporting Cristal,Universidad Técnica de Cajamarca,3,2,3-2,finished,11,,thestatsapi,1.82,1.39,7,4,10,15,4,6,9,14,1,2,,
comp_6981,Liga 1 Perú,2026-04-18,20:00,Alianza Lima,Cusco FC,8,0,8-0,finished,11,,thestatsapi,,,4,1,28,7,13,0,12,7,1,1,,
comp_6981,Liga 1 Perú,2026-04-18,17:30,Sport Huancayo,Deportivo Garcilaso,2,1,2-1,finished,11,,thestatsapi,,,4,7,21,11,7,4,11,10,1,0,,
comp_6981,Liga 1 Perú,2026-04-18,15:15,ADC Juan Pablo II,Comerciantes Unidos,2,2,2-2,finished,11,,thestatsapi,,,6,6,10,20,7,4,11,7,2,1,,
comp_6981,Liga 1 Perú,2026-04-18,13:00,FC Cajamarca,Asociación Deportiva Tarma,2,2,2-2,finished,11,,thestatsapi,1.12,1.35,3,5,9,14,2,9,12,7,1,2,,
comp_6981,Liga 1 Perú,2026-04-17,15:00,Los Chankas CYC,Club Atlético Grau,2,0,2-0,finished,11,,thestatsapi,1.66,1.54,7,2,15,12,5,6,10,17,3,1,,
comp_6981,Liga 1 Perú,2026-04-15,15:00,Universidad Técnica de Cajamarca,Sport Huancayo,2,2,2-2,finished,10,,thestatsapi,1.09,1.23,2,1,13,9,6,6,18,19,3,2,,
comp_6981,Liga 1 Perú,2026-04-14,20:00,Sport Boys,Melgar,1,3,1-3,finished,10,,thestatsapi,2.11,3.28,6,2,13,11,4,5,8,12,2,4,,
comp_6981,Liga 1 Perú,2026-04-14,15:15,Asociación Deportiva Tarma,Alianza Lima,0,1,0-1,finished,10,,thestatsapi,0.53,0.51,3,3,16,8,1,3,11,7,2,2,,
comp_6981,Liga 1 Perú,2026-04-14,13:00,CD Moquegua,ADC Juan Pablo II,3,0,3-0,finished,10,,thestatsapi,1,1.13,3,5,5,9,3,2,18,8,3,1,,
comp_6981,Liga 1 Perú,2026-04-06,15:00,FC Cajamarca,Los Chankas CYC,0,1,0-1,finished,9,,thestatsapi,,,5,5,11,17,4,7,19,10,4,1,,
comp_6981,Liga 1 Perú,2026-04-05,15:30,ADC Juan Pablo II,Universidad Técnica de Cajamarca,2,1,2-1,finished,9,,thestatsapi,,,3,7,8,9,3,2,12,17,2,6,,
comp_6981,Liga 1 Perú,2026-04-05,13:15,Sport Huancayo,Comerciantes Unidos,1,1,1-1,finished,9,,thestatsapi,,,4,1,20,7,6,2,8,14,2,3,,
comp_6981,Liga 1 Perú,2026-04-04,20:00,Universitario,Alianza Lima,1,0,1-0,finished,9,,thestatsapi,,,3,2,10,10,5,1,17,12,3,3,,
comp_6981,Liga 1 Perú,2026-04-04,15:30,Melgar,Cusco FC,1,3,1-3,finished,9,,thestatsapi,,,5,4,13,10,1,8,9,9,1,3,,
comp_6981,Liga 1 Perú,2026-04-04,13:15,Deportivo Garcilaso,Sport Boys,3,2,3-2,finished,9,,thestatsapi,,,2,2,20,5,4,2,14,15,1,4,,
comp_6981,Liga 1 Perú,2026-04-03,18:15,Cienciano,Asociación Deportiva Tarma,3,2,3-2,finished,9,,thestatsapi,,,4,4,11,16,6,6,18,11,2,4,,
comp_6981,Liga 1 Perú,2026-04-03,15:00,Alianza Atlético de Sullana,Club Atlético Grau,2,2,2-2,finished,9,,thestatsapi,,,3,7,17,8,6,5,6,22,1,3,,
comp_6981,Liga 1 Perú,2026-04-03,11:00,Club Sporting Cristal,CD Moquegua,1,2,1-2,finished,9,,thestatsapi,,,10,2,11,11,4,5,5,14,1,3,,
comp_6981,Liga 1 Perú,2026-03-22,18:00,Sport Boys,Sport Huancayo,3,0,3-0,finished,8,,thestatsapi,1.91,0.86,7,2,14,12,4,3,26,8,1,3,,
comp_6981,Liga 1 Perú,2026-03-22,15:30,Club Atlético Grau,Deportivo Garcilaso,0,0,0-0,finished,8,,thestatsapi,0.9,2.23,7,3,17,15,5,6,18,8,3,2,,
comp_6981,Liga 1 Perú,2026-03-22,13:00,Universidad Técnica de Cajamarca,Alianza Atlético de Sullana,1,1,1-1,finished,8,,thestatsapi,1.06,1.92,3,4,9,10,4,4,15,1,3,1,,
comp_6981,Liga 1 Perú,2026-03-21,18:30,Alianza Lima,ADC Juan Pablo II,2,0,2-0,finished,8,,thestatsapi,0.88,0.01,5,1,15,2,5,0,11,14,1,3,,
comp_6981,Liga 1 Perú,2026-03-21,15:30,Los Chankas CYC,Club Sporting Cristal,3,2,3-2,finished,8,,thestatsapi,1.24,1.15,5,9,9,13,6,5,9,11,3,1,,
comp_6981,Liga 1 Perú,2026-03-21,13:15,Comerciantes Unidos,Universitario,0,0,0-0,finished,8,,thestatsapi,0.59,1.34,2,9,11,23,2,7,10,9,1,1,,
comp_6981,Liga 1 Perú,2026-03-21,11:00,CD Moquegua,Cusco FC,1,2,1-2,finished,8,,thestatsapi,1,1.6,4,3,13,11,4,7,10,11,2,3,,
comp_6981,Liga 1 Perú,2026-03-20,19:30,Cienciano,FC Cajamarca,3,0,3-0,finished,8,,thestatsapi,4.86,0.05,9,0,28,1,13,0,10,7,0,0,,
comp_6981,Liga 1 Perú,2026-03-20,15:30,Asociación Deportiva Tarma,Melgar,1,1,1-1,finished,8,,thestatsapi,1.29,0.65,3,5,17,15,7,2,16,11,2,2,,
comp_6981,Liga 1 Perú,2026-03-15,18:00,Cusco FC,Cienciano,1,2,1-2,finished,7,,thestatsapi,1,0.91,4,4,12,11,5,3,12,15,1,2,,
comp_6981,Liga 1 Perú,2026-03-15,15:30,Alianza Atlético de Sullana,CD Moquegua,3,0,3-0,finished,7,,thestatsapi,2.86,1.23,8,3,13,11,8,4,8,9,0,0,,
comp_6981,Liga 1 Perú,2026-03-15,13:15,Melgar,Club Atlético Grau,0,0,0-0,finished,7,,thestatsapi,0.67,1.36,6,5,17,12,4,4,9,15,1,0,,
comp_6981,Liga 1 Perú,2026-03-15,11:00,Club Sporting Cristal,Sport Boys,3,0,3-0,finished,7,,thestatsapi,1.88,0.74,4,3,15,15,6,5,7,5,2,1,,
comp_6981,Liga 1 Perú,2026-03-14,20:30,Universitario,Universidad Técnica de Cajamarca,2,0,2-0,finished,7,,thestatsapi,1.8,0.19,8,2,20,13,6,4,7,9,0,1,,
comp_6981,Liga 1 Perú,2026-03-14,18:00,Deportivo Garcilaso,Alianza Lima,1,1,1-1,finished,7,,thestatsapi,0.35,1.17,1,3,7,14,3,3,13,12,4,1,,
comp_6981,Liga 1 Perú,2026-03-14,15:15,ADC Juan Pablo II,Los Chankas CYC,2,3,2-3,finished,7,,thestatsapi,1.5,1.01,8,3,15,8,3,5,12,10,2,1,,
comp_6981,Liga 1 Perú,2026-03-14,13:00,Sport Huancayo,Asociación Deportiva Tarma,0,1,0-1,finished,7,,thestatsapi,0.17,0.27,5,3,4,8,1,5,6,10,0,3,,
comp_6981,Liga 1 Perú,2026-03-13,15:00,FC Cajamarca,Comerciantes Unidos,3,4,3-4,finished,7,,thestatsapi,1.12,2.37,3,6,11,14,5,7,11,10,2,4,,
comp_6981,Liga 1 Perú,2026-03-09,20:30,Alianza Lima,Melgar,3,1,3-1,finished,6,,thestatsapi,4.1,1.8,3,4,21,12,10,6,7,7,3,2,,
comp_6981,Liga 1 Perú,2026-03-09,17:30,Cienciano,Sport Boys,3,1,3-1,finished,6,,thestatsapi,2.99,0.38,3,4,13,8,6,3,10,6,2,2,,
comp_6981,Liga 1 Perú,2026-03-08,15:30,Los Chankas CYC,Universitario,3,1,3-1,finished,6,,thestatsapi,1.11,1.16,0,9,9,13,6,4,11,12,2,2,,
comp_6981,Liga 1 Perú,2026-03-08,13:15,Asociación Deportiva Tarma,ADC Juan Pablo II,2,3,2-3,finished,6,,thestatsapi,3.71,2.23,12,2,26,9,9,5,6,10,2,2,,
comp_6981,Liga 1 Perú,2026-03-07,19:00,Cusco FC,Deportivo Garcilaso,1,0,1-0,finished,6,,thestatsapi,0.55,1.11,2,1,13,13,4,6,12,11,3,1,,
comp_6981,Liga 1 Perú,2026-03-07,15:30,Club Sporting Cristal,Alianza Atlético de Sullana,3,1,3-1,finished,6,,thestatsapi,1.5,2.29,2,3,16,18,9,7,6,14,2,6,,
comp_6981,Liga 1 Perú,2026-03-07,13:15,Comerciantes Unidos,Universidad Técnica de Cajamarca,1,2,1-2,finished,6,,thestatsapi,0.38,1.13,5,7,7,15,1,6,10,12,1,3,,
comp_6981,Liga 1 Perú,2026-03-07,11:00,CD Moquegua,Sport Huancayo,2,1,2-1,finished,6,,thestatsapi,1.84,1.35,3,4,17,8,5,3,21,11,6,1,,
comp_6981,Liga 1 Perú,2026-03-06,15:30,Club Atlético Grau,FC Cajamarca,1,0,1-0,finished,6,,thestatsapi,1.95,0.49,3,1,9,8,6,1,17,11,3,1,,
comp_6981,Liga 1 Perú,2026-03-01,18:00,Universitario,FC Cajamarca,1,0,1-0,finished,5,,thestatsapi,1.52,0.29,5,2,14,7,1,3,5,9,0,0,,
comp_6981,Liga 1 Perú,2026-03-01,15:30,ADC Juan Pablo II,Cusco FC,2,1,2-1,finished,5,,thestatsapi,0.47,2.3,0,2,6,15,2,6,15,11,2,2,,
comp_6981,Liga 1 Perú,2026-03-01,13:00,Comerciantes Unidos,Club Atlético Grau,3,1,3-1,finished,5,,thestatsapi,2.31,1.19,4,8,19,14,6,6,7,15,5,3,,
comp_6981,Liga 1 Perú,2026-02-28,19:00,Sport Boys,CD Moquegua,0,0,0-0,finished,5,,thestatsapi,1.77,0.9,2,6,19,15,5,5,10,17,2,5,,
comp_6981,Liga 1 Perú,2026-02-28,13:15,Universidad Técnica de Cajamarca,Alianza Lima,0,1,0-1,finished,5,,thestatsapi,0.56,0.6,4,7,8,9,4,2,12,10,2,2,,
comp_6981,Liga 1 Perú,2026-02-28,11:00,Sport Huancayo,Club Sporting Cristal,2,1,2-1,finished,5,,thestatsapi,2.68,0.98,8,2,24,7,9,4,11,13,6,1,,
comp_6981,Liga 1 Perú,2026-02-27,20:15,Deportivo Garcilaso,Cienciano,2,3,2-3,finished,5,,thestatsapi,1.85,3.02,4,6,12,17,6,8,6,15,1,2,,
comp_6981,Liga 1 Perú,2026-02-27,17:45,Melgar,Los Chankas CYC,1,2,1-2,finished,5,,thestatsapi,0.96,1.48,5,10,13,21,2,6,8,7,1,1,,
comp_6981,Liga 1 Perú,2026-02-27,15:00,Alianza Atlético de Sullana,Asociación Deportiva Tarma,0,0,0-0,finished,5,,thestatsapi,0.67,1.02,0,3,10,11,2,4,20,13,3,1,,
comp_6981,Liga 1 Perú,2026-02-23,15:00,CD Moquegua,Deportivo Garcilaso,1,0,1-0,finished,4,,thestatsapi,0.43,0.52,3,7,6,13,2,2,16,12,3,5,,
comp_6981,Liga 1 Perú,2026-02-22,18:30,Cusco FC,Comerciantes Unidos,3,1,3-1,finished,4,,thestatsapi,4.76,1.27,2,3,20,9,5,6,12,10,3,4,,
comp_6981,Liga 1 Perú,2026-02-22,15:30,Club Atlético Grau,ADC Juan Pablo II,1,2,1-2,finished,4,,thestatsapi,1.78,1.36,7,5,12,12,4,6,13,4,1,2,,
comp_6981,Liga 1 Perú,2026-02-22,13:15,Los Chankas CYC,Sport Huancayo,3,2,3-2,finished,4,,thestatsapi,1.68,1.96,4,2,10,9,4,4,8,10,3,1,,
comp_6981,Liga 1 Perú,2026-02-22,11:00,Asociación Deportiva Tarma,Universidad Técnica de Cajamarca,2,2,2-2,finished,4,,thestatsapi,1.68,1.99,7,4,15,14,6,10,10,15,1,6,,
comp_6981,Liga 1 Perú,2026-02-21,19:00,Cienciano,Alianza Atlético de Sullana,1,1,1-1,finished,4,,thestatsapi,1.03,0.75,3,5,11,12,3,3,7,12,2,0,,
comp_6981,Liga 1 Perú,2026-02-21,16:00,Club Sporting Cristal,Universitario,2,2,2-2,finished,4,,thestatsapi,2.6,1.49,8,6,26,8,8,4,13,14,4,2,,
comp_6981,Liga 1 Perú,2026-02-21,13:00,FC Cajamarca,Melgar,3,1,3-1,finished,4,,thestatsapi,0.48,0.72,5,7,12,9,6,3,11,13,2,2,,
comp_6981,Liga 1 Perú,2026-02-20,20:00,Alianza Lima,Sport Boys,1,0,1-0,finished,4,,thestatsapi,1.77,0.16,10,2,14,7,4,1,18,12,2,3,,
comp_6981,Liga 1 Perú,2026-02-15,18:30,Melgar,CD Moquegua,4,0,4-0,finished,3,,thestatsapi,3.71,0.14,3,5,14,7,5,1,11,10,1,3,,
comp_6981,Liga 1 Perú,2026-02-15,15:15,Comerciantes Unidos,Los Chankas CYC,1,1,1-1,finished,3,,thestatsapi,0.96,1.51,4,0,11,7,5,2,7,11,3,3,,
comp_6981,Liga 1 Perú,2026-02-15,13:00,Sport Huancayo,FC Cajamarca,2,0,2-0,finished,3,,thestatsapi,1.61,0.68,5,6,10,7,2,1,14,18,2,2,,
comp_6981,Liga 1 Perú,2026-02-14,20:00,Alianza Atlético de Sullana,Alianza Lima,0,0,0-0,finished,3,,thestatsapi,0.82,0.92,1,5,10,11,4,2,15,9,4,2,,
comp_6981,Liga 1 Perú,2026-02-14,17:30,Sport Boys,Club Atlético Grau,1,0,1-0,finished,3,,thestatsapi,1.25,0.45,7,2,13,7,4,0,12,15,3,2,,
comp_6981,Liga 1 Perú,2026-02-14,15:15,ADC Juan Pablo II,Club Sporting Cristal,0,2,0-2,finished,3,,thestatsapi,1.12,3.32,1,9,11,24,4,7,8,16,3,2,,
comp_6981,Liga 1 Perú,2026-02-14,13:00,Deportivo Garcilaso,Asociación Deportiva Tarma,1,0,1-0,finished,3,,thestatsapi,1.11,0.15,5,4,10,7,3,1,16,8,5,2,,
comp_6981,Liga 1 Perú,2026-02-13,20:30,Universitario,Cienciano,2,1,2-1,finished,3,,thestatsapi,1.71,1.71,4,1,15,11,4,6,14,10,3,3,,
comp_6981,Liga 1 Perú,2026-02-13,15:00,Universidad Técnica de Cajamarca,Cusco FC,1,0,1-0,finished,3,,thestatsapi,2.33,1.2,7,7,22,13,6,4,3,6,1,2,,
comp_6981,Liga 1 Perú,2026-02-09,15:30,FC Cajamarca,Deportivo Garcilaso,1,1,1-1,finished,2,,thestatsapi,0.45,1.28,3,6,6,15,2,5,23,9,7,2,,
comp_6981,Liga 1 Perú,2026-02-08,18:00,Alianza Lima,Comerciantes Unidos,2,1,2-1,finished,2,,thestatsapi,3.26,0.38,8,2,21,6,8,1,13,7,2,3,,
comp_6981,Liga 1 Perú,2026-02-08,15:30,Cienciano,ADC Juan Pablo II,6,1,6-1,finished,2,,thestatsapi,3.88,3,4,6,19,11,11,4,16,8,2,1,,
comp_6981,Liga 1 Perú,2026-02-08,13:15,Los Chankas CYC,Alianza Atlético de Sullana,1,0,1-0,finished,2,,thestatsapi,2.66,0.62,5,3,13,11,4,5,11,12,2,2,,
comp_6981,Liga 1 Perú,2026-02-08,11:00,Club Sporting Cristal,Melgar,1,2,1-2,finished,2,,thestatsapi,1.75,1.55,8,5,21,11,5,3,10,8,2,5,,
comp_6981,Liga 1 Perú,2026-02-07,20:00,Cusco FC,Universitario,1,1,1-1,finished,2,,thestatsapi,2.31,1.1,6,2,19,12,6,5,12,10,0,4,,
comp_6981,Liga 1 Perú,2026-02-07,15:15,Club Atlético Grau,Sport Huancayo,0,0,0-0,finished,2,,thestatsapi,1.56,0.19,5,3,14,5,4,2,17,7,2,1,,
comp_6981,Liga 1 Perú,2026-02-07,13:00,Asociación Deportiva Tarma,Sport Boys,1,0,1-0,finished,2,,thestatsapi,1.65,0.29,4,5,17,12,8,2,10,11,3,2,,
comp_6981,Liga 1 Perú,2026-02-06,15:00,CD Moquegua,Universidad Técnica de Cajamarca,2,3,2-3,finished,2,,thestatsapi,1.29,3.63,1,7,7,20,2,7,12,10,2,3,,
comp_6981,Liga 1 Perú,2026-02-02,15:00,Comerciantes Unidos,CD Moquegua,1,0,1-0,finished,1,,thestatsapi,0.34,0.24,5,3,8,7,5,3,17,15,3,2,,
comp_6981,Liga 1 Perú,2026-02-01,18:00,Universitario,Asociación Deportiva Tarma,2,0,2-0,finished,1,,thestatsapi,1.42,0.08,13,3,13,3,5,1,19,12,1,5,,
comp_6981,Liga 1 Perú,2026-02-01,15:15,Alianza Atlético de Sullana,Cusco FC,1,0,1-0,finished,1,,thestatsapi,1.22,0.26,3,3,14,8,3,0,8,6,2,1,,
comp_6981,Liga 1 Perú,2026-02-01,13:00,Deportivo Garcilaso,Club Sporting Cristal,1,1,1-1,finished,1,,thestatsapi,1.16,1.05,3,3,16,14,5,6,15,11,2,3,,
comp_6981,Liga 1 Perú,2026-01-31,18:30,Melgar,Cienciano,2,0,2-0,finished,1,,thestatsapi,1.84,0.82,9,9,11,13,7,3,17,10,3,0,,
comp_6981,Liga 1 Perú,2026-01-31,15:15,ADC Juan Pablo II,FC Cajamarca,3,3,3-3,finished,1,,thestatsapi,2.01,1.75,4,4,10,12,6,4,7,15,3,5,,
comp_6981,Liga 1 Perú,2026-01-31,13:00,Sport Boys,Los Chankas CYC,1,1,1-1,finished,1,,thestatsapi,1.32,0.52,1,3,16,9,4,3,17,14,1,3,,
comp_6981,Liga 1 Perú,2026-01-30,15:15,Universidad Técnica de Cajamarca,Club Atlético Grau,2,0,2-0,finished,1,,thestatsapi,0.33,0.28,2,2,7,7,4,2,9,7,1,1,,
comp_6981,Liga 1 Perú,2026-01-30,12:00,Sport Huancayo,Alianza Lima,1,2,1-2,finished,1,,thestatsapi,,,,,,,,,,,,,,
comp_6981,Liga 1 Perú,2025-12-14,18:00,Cusco FC,Club Sporting Cristal,2,0,2-0,finished,29,final,thestatsapi,1.68,0.47,3,8,10,12,6,4,9,6,2,3,,
comp_6981,Liga 1 Perú,2025-12-10,20:00,Club Sporting Cristal,Cusco FC,1,0,1-0,finished,29,final,thestatsapi,1.63,0.43,8,1,14,6,5,2,13,12,3,3,,
comp_6981,Liga 1 Perú,2025-12-06,20:00,Alianza Lima,Club Sporting Cristal,3,3,3-3,finished,28,semi_final,thestatsapi,3.05,1.35,7,10,18,10,5,4,16,11,3,3,,
comp_6981,Liga 1 Perú,2025-12-02,20:00,Club Sporting Cristal,Alianza Lima,1,1,1-1,finished,28,semi_final,thestatsapi,1.71,1.56,5,5,10,15,3,5,14,15,1,2,,
comp_6981,Liga 1 Perú,2025-11-23,15:00,Alianza Lima,Universidad Técnica de Cajamarca,3,0,3-0,finished,19,,thestatsapi,1.5,1.13,6,3,12,7,4,6,10,12,3,3,,
comp_6981,Liga 1 Perú,2025-11-23,15:00,Cienciano,Ayacucho,2,1,2-1,finished,19,,thestatsapi,1.52,0.75,7,3,20,11,6,2,6,14,4,2,,
comp_6981,Liga 1 Perú,2025-11-23,15:00,Comerciantes Unidos,Asociación Deportiva Tarma,0,0,0-0,finished,19,,thestatsapi,0.53,2.54,2,3,12,15,3,2,15,11,2,4,,
comp_6981,Liga 1 Perú,2025-11-23,15:00,Sport Huancayo,Cusco FC,1,2,1-2,finished,19,,thestatsapi,2.07,0.23,8,0,23,2,5,2,10,9,1,2,,
comp_6981,Liga 1 Perú,2025-11-23,15:00,Alianza Universidad,ADC Juan Pablo II,3,0,3-0,finished,19,,thestatsapi,1.11,0.33,5,2,16,7,4,0,13,14,1,2,,
comp_6981,Liga 1 Perú,2025-11-22,15:30,Los Chankas CYC,Universitario,3,1,3-1,finished,19,,thestatsapi,0.98,1.18,2,6,14,7,7,3,10,10,1,0,,
comp_6981,Liga 1 Perú,2025-11-19,15:00,Club Atlético Grau,Club Sporting Cristal,1,2,1-2,finished,19,,thestatsapi,0.43,0.51,4,3,8,6,1,4,9,16,2,3,,
comp_6981,Liga 1 Perú,2025-11-16,15:00,Sport Boys,Alianza Atlético de Sullana,0,1,0-1,finished,19,,thestatsapi,1.85,2.13,1,2,14,16,2,6,11,17,3,3,,
comp_6981,Liga 1 Perú,2025-11-10,15:00,Asociación Deportiva Tarma,Los Chankas CYC,1,0,1-0,finished,18,,thestatsapi,1.99,0.28,3,9,19,9,4,2,17,11,5,3,,
comp_6981,Liga 1 Perú,2025-11-09,15:15,Alianza Atlético de Sullana,Alianza Universidad,2,1,2-1,finished,18,,thestatsapi,3.72,0.57,11,2,18,5,6,1,15,14,2,1,,
comp_6981,Liga 1 Perú,2025-11-09,13:00,Universidad Técnica de Cajamarca,Sport Huancayo,0,3,0-3,finished,18,,thestatsapi,0.82,3.08,5,1,11,17,4,12,12,4,3,2,,
comp_6981,Liga 1 Perú,2025-11-08,15:15,ADC Juan Pablo II,Club Atlético Grau,3,1,3-1,finished,18,,thestatsapi,1.87,0.69,3,3,9,9,5,2,8,15,1,2,,
comp_6981,Liga 1 Perú,2025-11-07,21:00,Universitario,Deportivo Garcilaso,0,0,0-0,finished,18,,thestatsapi,3.62,0.03,7,0,23,2,3,2,9,6,3,0,,
comp_6981,Liga 1 Perú,2025-11-07,15:15,Club Sporting Cristal,Cienciano,2,1,2-1,finished,18,,thestatsapi,0.8,0.57,5,3,9,9,6,2,16,14,1,3,,
comp_6981,Liga 1 Perú,2025-11-07,13:00,Cusco FC,Sport Boys,3,0,3-0,finished,18,,thestatsapi,2.24,0.91,7,2,16,8,5,3,9,7,0,1,,
comp_6981,Liga 1 Perú,2025-11-05,15:15,Los Chankas CYC,Alianza Lima,1,2,1-2,finished,9,,thestatsapi,1,0.76,1,2,9,7,3,4,10,15,4,3,,
comp_6981,Liga 1 Perú,2025-11-02,18:00,Sport Boys,Universidad Técnica de Cajamarca,2,2,2-2,finished,17,,thestatsapi,1.22,0.36,3,6,10,5,4,2,9,8,3,1,,
comp_6981,Liga 1 Perú,2025-11-02,18:00,Cienciano,ADC Juan Pablo II,2,1,2-1,finished,17,,thestatsapi,,,5,1,28,6,4,4,8,13,1,3,,
comp_6981,Liga 1 Perú,2025-11-02,15:30,Club Atlético Grau,Alianza Atlético de Sullana,1,1,1-1,finished,17,,thestatsapi,0.93,2.22,4,3,9,9,3,3,10,14,4,3,,
comp_6981,Liga 1 Perú,2025-11-02,13:00,Alianza Universidad,Cusco FC,2,2,2-2,finished,17,,thestatsapi,1.14,2.69,9,4,16,14,6,7,10,10,3,5,,
comp_6981,Liga 1 Perú,2025-11-01,18:00,Deportivo Garcilaso,Asociación Deportiva Tarma,1,0,1-0,finished,17,,thestatsapi,1.03,0.52,5,4,10,11,1,1,15,5,2,1,,
comp_6981,Liga 1 Perú,2025-11-01,15:15,Comerciantes Unidos,Club Sporting Cristal,1,4,1-4,finished,17,,thestatsapi,1.75,2.17,6,6,11,20,5,10,7,12,2,1,,
comp_6981,Liga 1 Perú,2025-11-01,13:00,Los Chankas CYC,Ayacucho,1,0,1-0,finished,17,,thestatsapi,0.89,0.44,4,2,10,6,5,2,8,17,2,3,,
comp_6981,Liga 1 Perú,2025-10-31,20:00,Alianza Lima,Melgar,2,2,2-2,finished,17,,thestatsapi,3.18,1.33,5,3,19,7,9,4,4,4,2,4,,
comp_6981,Liga 1 Perú,2025-10-26,18:00,Melgar,Sport Huancayo,2,0,2-0,finished,16,,thestatsapi,0.67,0.63,11,3,11,7,6,3,14,6,2,1,,
comp_6981,Liga 1 Perú,2025-10-26,15:30,Asociación Deportiva Tarma,Universitario,1,2,1-2,finished,16,,thestatsapi,1.39,0.96,6,4,18,9,5,5,6,8,0,4,,
comp_6981,Liga 1 Perú,2025-10-26,13:15,Universidad Técnica de Cajamarca,Alianza Universidad,3,2,3-2,finished,16,,thestatsapi,2.15,0.97,2,4,9,8,3,4,8,12,1,4,,
comp_6981,Liga 1 Perú,2025-10-26,11:00,Club Sporting Cristal,Los Chankas CYC,0,1,0-1,finished,16,,thestatsapi,4.07,1.17,18,2,35,9,11,3,10,19,4,4,,
comp_6981,Liga 1 Perú,2025-10-25,18:00,Cusco FC,Club Atlético Grau,1,0,1-0,finished,16,,thestatsapi,2.93,0.61,2,5,13,12,6,3,10,12,1,1,,
comp_6981,Liga 1 Perú,2025-10-25,15:15,Alianza Atlético de Sullana,Cienciano,0,1,0-1,finished,16,,thestatsapi,1.92,1.31,6,1,15,9,4,2,19,17,4,6,,
comp_6981,Liga 1 Perú,2025-10-25,13:00,Ayacucho,Deportivo Garcilaso,4,2,4-2,finished,16,,thestatsapi,2.67,0.91,2,0,19,3,9,2,19,8,5,7,,
comp_6981,Liga 1 Perú,2025-10-24,15:00,ADC Juan Pablo II,Comerciantes Unidos,0,1,0-1,finished,16,,thestatsapi,1.81,0.83,8,3,13,15,6,4,10,12,2,1,,
comp_6981,Liga 1 Perú,2025-10-23,20:00,Club Sporting Cristal,Universitario,0,1,0-1,finished,14,,thestatsapi,,,4,3,16,8,4,3,9,18,0,2,,
comp_6981,Liga 1 Perú,2025-10-20,20:15,Universitario,Ayacucho,2,1,2-1,finished,15,,thestatsapi,3.06,0.17,13,1,23,3,9,1,6,9,1,1,,
comp_6981,Liga 1 Perú,2025-10-20,18:00,Sport Boys,Melgar,1,0,1-0,finished,15,,thestatsapi,0.7,1.51,3,7,13,17,5,3,8,9,2,1,,
comp_6981,Liga 1 Perú,2025-10-20,13:15,Sport Huancayo,Alianza Lima,1,2,1-2,finished,15,,thestatsapi,0.85,2.14,9,3,21,11,6,7,8,15,2,3,,
comp_6981,Liga 1 Perú,2025-10-19,17:30,Deportivo Garcilaso,Club Sporting Cristal,0,1,0-1,finished,15,,thestatsapi,0.41,1.56,4,8,10,18,3,5,10,11,3,2,,
comp_6981,Liga 1 Perú,2025-10-19,15:00,Club Atlético Grau,Universidad Técnica de Cajamarca,0,2,0-2,finished,15,,thestatsapi,1.1,0.59,5,3,11,5,4,2,0,0,1,4,,
comp_6981,Liga 1 Perú,2025-10-18,18:00,Cienciano,Cusco FC,1,2,1-2,finished,15,,thestatsapi,1.82,1.32,4,3,15,7,7,3,0,0,2,5,,
comp_6981,Liga 1 Perú,2025-10-18,15:15,Comerciantes Unidos,Alianza Atlético de Sullana,1,0,1-0,finished,15,,thestatsapi,0.5,0.79,0,2,9,16,4,3,21,16,4,7,,
comp_6981,Liga 1 Perú,2025-10-18,13:00,Los Chankas CYC,ADC Juan Pablo II,1,0,1-0,finished,15,,thestatsapi,1.02,1.4,6,11,19,11,4,4,0,0,3,1,,
comp_6981,Liga 1 Perú,2025-10-16,20:00,Alianza Lima,Sport Boys,3,1,3-1,finished,14,,thestatsapi,2.38,0.36,4,2,28,5,6,2,0,0,1,0,,
comp_6981,Liga 1 Perú,2025-10-14,18:00,Melgar,Alianza Universidad,2,1,2-1,finished,14,,thestatsapi,1.9,1.15,6,2,22,6,7,3,15,8,0,0,,
comp_6981,Liga 1 Perú,2025-10-13,15:15,ADC Juan Pablo II,Deportivo Garcilaso,0,1,0-1,finished,14,,thestatsapi,1.48,0.57,8,2,22,8,7,4,14,16,4,2,,
comp_6981,Liga 1 Perú,2025-10-13,13:00,Universidad Técnica de Cajamarca,Cienciano,0,2,0-2,finished,14,,thestatsapi,1.24,1.75,5,4,14,17,2,7,15,7,3,1,,
comp_6981,Liga 1 Perú,2025-10-12,18:00,Cusco FC,Comerciantes Unidos,1,1,1-1,finished,14,,thestatsapi,1.73,2.1,8,7,16,14,3,5,6,10,2,4,,
comp_6981,Liga 1 Perú,2025-10-12,15:30,Alianza Atlético de Sullana,Los Chankas CYC,1,0,1-0,finished,14,,thestatsapi,0.92,0.98,11,4,14,10,4,4,21,18,4,1,,
comp_6981,Liga 1 Perú,2025-10-12,13:00,Ayacucho,Asociación Deportiva Tarma,2,2,2-2,finished,14,,thestatsapi,0.64,1.43,3,6,7,19,2,4,8,7,1,1,,
comp_6981,Liga 1 Perú,2025-10-05,18:00,Universitario,ADC Juan Pablo II,3,0,3-0,finished,13,,thestatsapi,2.12,0.16,3,3,21,3,9,0,9,8,2,2,,
comp_6981,Liga 1 Perú,2025-10-05,17:30,Deportivo Garcilaso,Alianza Atlético de Sullana,2,4,2-4,finished,13,,thestatsapi,0.99,1.26,2,5,7,13,2,6,14,15,5,3,,
comp_6981,Liga 1 Perú,2025-10-05,15:00,Club Atlético Grau,Melgar,0,0,0-0,finished,13,,thestatsapi,1,0.73,4,1,6,6,3,1,12,10,2,2,,
comp_6981,Liga 1 Perú,2025-10-05,12:00,Alianza Universidad,Alianza Lima,2,1,2-1,finished,13,,thestatsapi,1.29,0.69,0,5,9,15,2,3,18,7,7,1,,
comp_6981,Liga 1 Perú,2025-10-04,19:00,Sport Boys,Sport Huancayo,2,1,2-1,finished,13,,thestatsapi,1.35,1.4,5,8,11,16,4,4,8,13,3,3,,
comp_6981,Liga 1 Perú,2025-10-04,15:15,Asociación Deportiva Tarma,Club Sporting Cristal,3,2,3-2,finished,13,,thestatsapi,2.47,1.64,4,12,20,16,9,3,10,3,0,0,,
comp_6981,Liga 1 Perú,2025-10-04,13:00,Los Chankas CYC,Cusco FC,2,1,2-1,finished,13,,thestatsapi,2.5,1.5,8,8,22,12,8,7,15,15,6,4,,
comp_6981,Liga 1 Perú,2025-10-03,15:00,Comerciantes Unidos,Universidad Técnica de Cajamarca,2,1,2-1,finished,13,,thestatsapi,0.37,1.28,2,6,4,12,3,3,14,6,2,1,,
comp_6981,Liga 1 Perú,2025-10-02,19:30,Melgar,Cienciano,2,0,2-0,finished,12,,thestatsapi,1.53,0.95,4,4,10,15,7,4,14,12,2,4,,
comp_6981,Liga 1 Perú,2025-10-01,20:30,Alianza Lima,Club Atlético Grau,2,1,2-1,finished,12,,thestatsapi,1.71,1.18,3,9,16,18,6,3,15,9,1,2,,
comp_6981,Liga 1 Perú,2025-10-01,18:00,Alianza Atlético de Sullana,Universitario,0,2,0-2,finished,12,,thestatsapi,0.13,1.44,2,6,4,17,0,4,11,15,2,1,,
comp_6981,Liga 1 Perú,2025-09-30,19:30,Cusco FC,Deportivo Garcilaso,4,0,4-0,finished,12,,thestatsapi,1.1,0.67,2,5,12,19,6,4,8,8,2,3,,
comp_6981,Liga 1 Perú,2025-09-30,15:15,ADC Juan Pablo II,Asociación Deportiva Tarma,1,1,1-1,finished,12,,thestatsapi,1.05,0.73,4,0,9,9,3,2,10,10,2,2,,
comp_6981,Liga 1 Perú,2025-09-30,13:00,Sport Huancayo,Alianza Universidad,5,1,5-1,finished,12,,thestatsapi,2.39,1.98,3,2,13,14,9,4,18,9,2,3,,
comp_6981,Liga 1 Perú,2025-09-29,15:15,Club Sporting Cristal,Ayacucho,3,0,3-0,finished,12,,thestatsapi,2.93,0.26,6,4,17,7,8,2,9,9,1,0,,
comp_6981,Liga 1 Perú,2025-09-29,13:00,Universidad Técnica de Cajamarca,Los Chankas CYC,2,0,2-0,finished,12,,thestatsapi,2.91,0.23,2,3,19,8,9,1,13,13,0,4,,
comp_6981,Liga 1 Perú,2025-09-28,18:00,Cienciano,Alianza Lima,2,1,2-1,finished,11,,thestatsapi,0.91,0.27,2,3,20,6,9,2,16,11,5,4,,
comp_6981,Liga 1 Perú,2025-09-27,18:00,Universitario,Cusco FC,3,2,3-2,finished,11,,thestatsapi,3.17,1.25,7,4,23,7,9,5,10,11,1,2,,
comp_6981,Liga 1 Perú,2025-09-27,15:00,Comerciantes Unidos,Melgar,1,1,1-1,finished,11,,thestatsapi,1.93,1.63,2,8,18,12,4,5,8,10,2,2,,
comp_6981,Liga 1 Perú,2025-09-26,15:30,Club Atlético Grau,Sport Huancayo,3,1,3-1,finished,11,,thestatsapi,2.09,0.6,4,3,19,8,6,3,12,1,2,0,,
comp_6981,Liga 1 Perú,2025-09-26,13:15,Asociación Deportiva Tarma,Alianza Atlético de Sullana,1,0,1-0,finished,11,,thestatsapi,2.6,0.54,6,1,21,8,7,2,11,12,1,3,,
comp_6981,Liga 1 Perú,2025-09-26,11:00,Alianza Universidad,Sport Boys,2,3,2-3,finished,11,,thestatsapi,2.8,2.08,9,1,23,11,4,4,9,12,3,5,,
comp_6981,Liga 1 Perú,2025-09-25,19:00,Deportivo Garcilaso,Universidad Técnica de Cajamarca,0,0,0-0,finished,11,,thestatsapi,1.32,0.93,6,8,19,12,7,3,14,10,2,2,,
comp_6981,Liga 1 Perú,2025-09-25,15:00,Ayacucho,ADC Juan Pablo II,2,1,2-1,finished,11,,thestatsapi,3.83,0.28,8,4,30,8,12,3,15,8,3,3,,
comp_6981,Liga 1 Perú,2025-09-22,19:30,Sport Boys,Club Atlético Grau,1,1,1-1,finished,10,,thestatsapi,1.21,0.49,5,3,12,9,8,3,11,15,2,1,,
comp_6981,Liga 1 Perú,2025-09-22,19:15,Cusco FC,Asociación Deportiva Tarma,0,2,0-2,finished,10,,thestatsapi,0.71,0.94,5,3,11,10,1,5,11,8,1,2,,
comp_6981,Liga 1 Perú,2025-09-22,15:00,Alianza Atlético de Sullana,Ayacucho,3,0,3-0,finished,10,,thestatsapi,2.03,0.43,2,4,13,8,7,0,14,11,2,1,,
comp_6981,Liga 1 Perú,2025-09-21,20:00,Alianza Lima,Comerciantes Unidos,4,0,4-0,finished,10,,thestatsapi,2.35,1.17,3,2,20,9,8,4,15,11,1,2,,
comp_6981,Liga 1 Perú,2025-09-21,17:30,Sport Huancayo,Cienciano,5,2,5-2,finished,10,,thestatsapi,1.35,1.99,1,7,17,19,10,5,15,8,5,3,,
comp_6981,Liga 1 Perú,2025-09-21,15:15,ADC Juan Pablo II,Club Sporting Cristal,0,0,0-0,finished,10,,thestatsapi,0.86,0.34,5,0,15,11,3,1,11,11,3,1,,
comp_6981,Liga 1 Perú,2025-09-21,13:00,Melgar,Los Chankas CYC,6,1,6-1,finished,10,,thestatsapi,2.56,0.86,1,1,15,12,9,3,17,11,1,1,,
comp_6981,Liga 1 Perú,2025-09-20,19:00,Universidad Técnica de Cajamarca,Universitario,1,2,1-2,finished,10,,thestatsapi,0.63,3.08,2,7,7,28,3,8,11,10,3,5,,
comp_6981,Liga 1 Perú,2025-09-18,19:30,Deportivo Garcilaso,Melgar,1,1,1-1,finished,9,,thestatsapi,0.63,2.15,1,8,6,17,2,4,12,12,2,2,,
comp_6981,Liga 1 Perú,2025-09-18,15:15,Club Atlético Grau,Alianza Universidad,2,0,2-0,finished,9,,thestatsapi,0.72,1.45,3,4,12,14,3,4,22,12,1,2,,
comp_6981,Liga 1 Perú,2025-09-18,13:00,Ayacucho,Cusco FC,0,1,0-1,finished,9,,thestatsapi,1.74,0.87,5,2,13,14,4,3,13,7,3,2,,
comp_6981,Liga 1 Perú,2025-09-17,19:30,Cienciano,Sport Boys,2,2,2-2,finished,9,,thestatsapi,1.39,1,8,2,17,5,5,4,9,9,1,4,,
comp_6981,Liga 1 Perú,2025-09-17,15:15,Comerciantes Unidos,Sport Huancayo,2,0,2-0,finished,9,,thestatsapi,1.95,0.82,4,8,18,15,11,7,11,16,3,5,,
comp_6981,Liga 1 Perú,2025-09-17,13:00,Club Sporting Cristal,Alianza Atlético de Sullana,0,0,0-0,finished,9,,thestatsapi,0.88,1.32,10,6,17,16,4,1,8,12,3,2,,
comp_6981,Liga 1 Perú,2025-09-16,15:00,Asociación Deportiva Tarma,Universidad Técnica de Cajamarca,3,1,3-1,finished,9,,thestatsapi,1.77,0.59,4,3,14,12,7,3,14,12,3,3,,
comp_6981,Liga 1 Perú,2025-09-14,17:30,Cusco FC,Club Sporting Cristal,3,2,3-2,finished,8,,thestatsapi,2,1.4,6,3,19,13,6,5,4,7,2,3,,
comp_6981,Liga 1 Perú,2025-09-14,15:00,Melgar,Universitario,1,2,1-2,finished,8,,thestatsapi,0.71,1.86,2,5,9,16,3,8,10,13,1,2,,
comp_6981,Liga 1 Perú,2025-09-14,12:30,Alianza Universidad,Cienciano,0,3,0-3,finished,8,,thestatsapi,0.25,0.82,8,2,6,9,0,6,10,22,5,2,,
comp_6981,Liga 1 Perú,2025-09-13,19:00,Alianza Lima,Deportivo Garcilaso,3,4,3-4,finished,8,,thestatsapi,3.43,1.63,6,1,20,8,6,5,11,10,2,2,,
comp_6981,Liga 1 Perú,2025-09-13,15:15,Alianza Atlético de Sullana,ADC Juan Pablo II,0,1,0-1,finished,8,,thestatsapi,1.87,0.97,6,6,19,8,4,4,7,13,2,3,,
comp_6981,Liga 1 Perú,2025-09-13,13:00,Sport Boys,Comerciantes Unidos,0,1,0-1,finished,8,,thestatsapi,2.13,0.41,2,4,18,5,2,1,11,20,4,4,,
comp_6981,Liga 1 Perú,2025-09-12,15:15,Sport Huancayo,Los Chankas CYC,1,2,1-2,finished,8,,thestatsapi,2.41,1.25,7,2,19,6,7,3,9,18,1,2,,
comp_6981,Liga 1 Perú,2025-09-12,13:00,Universidad Técnica de Cajamarca,Ayacucho,0,1,0-1,finished,8,,thestatsapi,1.21,0.84,7,4,11,6,2,4,12,12,0,4,,
comp_6981,Liga 1 Perú,2025-08-31,15:00,Club Atlético Grau,Asociación Deportiva Tarma,2,0,2-0,finished,2,,thestatsapi,,,4,1,13,14,4,4,20,10,1,2,,
comp_6981,Liga 1 Perú,2025-08-30,15:00,Alianza Universidad,Los Chankas CYC,2,1,2-1,finished,6,,thestatsapi,2.45,1.38,6,4,18,11,8,3,10,17,4,4,,
comp_6981,Liga 1 Perú,2025-08-24,17:30,Universitario,Alianza Lima,0,0,0-0,finished,7,,thestatsapi,1.15,0.01,2,1,17,5,4,0,10,14,4,3,,
comp_6981,Liga 1 Perú,2025-08-24,15:15,Cienciano,Club Atlético Grau,1,0,1-0,finished,7,,thestatsapi,0.85,0.79,4,4,9,10,4,0,15,11,3,4,,
comp_6981,Liga 1 Perú,2025-08-24,13:00,Asociación Deportiva Tarma,Melgar,2,2,2-2,finished,7,,thestatsapi,1.72,2.1,1,8,7,11,2,4,13,18,4,6,,
comp_6981,Liga 1 Perú,2025-08-23,18:00,Deportivo Garcilaso,Sport Huancayo,1,1,1-1,finished,7,,thestatsapi,0.95,1.26,5,1,12,22,4,6,13,11,1,3,,
comp_6981,Liga 1 Perú,2025-08-23,15:30,Comerciantes Unidos,Alianza Universidad,1,2,1-2,finished,7,,thestatsapi,1.4,1.36,8,3,17,9,5,5,11,18,3,6,,
comp_6981,Liga 1 Perú,2025-08-23,13:15,Los Chankas CYC,Sport Boys,2,1,2-1,finished,7,,thestatsapi,1.6,1.44,6,5,12,11,3,2,12,9,2,4,,
comp_6981,Liga 1 Perú,2025-08-23,11:00,Club Sporting Cristal,Universidad Técnica de Cajamarca,2,2,2-2,finished,7,,thestatsapi,4.87,0.53,13,1,19,6,6,4,8,12,3,4,,
comp_6981,Liga 1 Perú,2025-08-22,15:15,ADC Juan Pablo II,Cusco FC,0,0,0-0,finished,7,,thestatsapi,1.59,0.12,8,3,24,3,6,2,12,11,1,4,,
comp_6981,Liga 1 Perú,2025-08-17,18:30,Cusco FC,Alianza Atlético de Sullana,1,0,1-0,finished,6,,thestatsapi,0.56,0.67,4,3,11,12,7,4,11,11,3,3,,
comp_6981,Liga 1 Perú,2025-08-17,15:00,Melgar,Ayacucho,2,1,2-1,finished,6,,thestatsapi,3.21,0.16,9,1,19,5,4,2,11,11,1,2,,
comp_6981,Liga 1 Perú,2025-08-17,12:00,Sport Huancayo,Universitario,1,1,1-1,finished,6,,thestatsapi,0.7,0.43,3,8,14,11,5,7,12,14,1,4,,
comp_6981,Liga 1 Perú,2025-08-16,20:00,Alianza Lima,Asociación Deportiva Tarma,3,1,3-1,finished,6,,thestatsapi,4.19,0.26,7,1,24,3,5,1,13,12,0,1,,
comp_6981,Liga 1 Perú,2025-08-16,17:30,Deportivo Binacional,Club Sporting Cristal,1,3,1-3,finished,6,,thestatsapi,1.68,1.54,4,5,19,14,2,9,11,10,2,2,,
comp_6981,Liga 1 Perú,2025-08-16,15:15,Universidad Técnica de Cajamarca,ADC Juan Pablo II,0,0,0-0,finished,6,,thestatsapi,1.34,0.4,7,4,18,8,6,4,10,10,3,2,,
comp_6981,Liga 1 Perú,2025-08-15,20:00,Sport Boys,Deportivo Garcilaso,0,1,0-1,finished,6,,thestatsapi,1.69,1.13,8,4,17,10,1,4,11,15,2,3,,
comp_6981,Liga 1 Perú,2025-08-15,15:00,Club Atlético Grau,Comerciantes Unidos,1,2,1-2,finished,6,,thestatsapi,1.29,1.22,3,0,14,6,5,3,12,9,1,3,,
comp_6981,Liga 1 Perú,2025-08-11,19:00,Deportivo Garcilaso,Alianza Universidad,1,1,1-1,finished,5,,thestatsapi,1.74,0.42,6,2,18,12,7,5,14,16,3,4,,
comp_6981,Liga 1 Perú,2025-08-11,15:00,Alianza Atlético de Sullana,Universidad Técnica de Cajamarca,2,0,2-0,finished,5,,thestatsapi,1.81,0.35,4,3,15,5,5,3,14,11,2,1,,
comp_6981,Liga 1 Perú,2025-08-10,15:30,ADC Juan Pablo II,Deportivo Binacional,0,0,0-0,finished,5,,thestatsapi,1.67,0.21,0,5,12,4,6,0,14,18,2,1,,
comp_6981,Liga 1 Perú,2025-08-10,13:15,Los Chankas CYC,Club Atlético Grau,3,2,3-2,finished,5,,thestatsapi,2.48,0.9,1,3,16,6,7,3,13,14,1,1,,
comp_6981,Liga 1 Perú,2025-08-10,11:00,Club Sporting Cristal,Melgar,1,0,1-0,finished,5,,thestatsapi,,,,,,,,,,,,,,
comp_6981,Liga 1 Perú,2025-08-09,18:30,Universitario,Sport Boys,1,0,1-0,finished,5,,thestatsapi,1.61,0.62,10,2,21,8,7,2,17,12,1,1,,
comp_6981,Liga 1 Perú,2025-08-09,15:15,Asociación Deportiva Tarma,Sport Huancayo,1,0,1-0,finished,5,,thestatsapi,0.92,0.28,5,3,13,6,3,0,14,6,2,3,,
comp_6981,Liga 1 Perú,2025-08-09,13:00,Ayacucho,Alianza Lima,0,1,0-1,finished,5,,thestatsapi,,,,,,,,,,,,,,
comp_6981,Liga 1 Perú,2025-08-08,15:00,Comerciantes Unidos,Cienciano,1,1,1-1,finished,5,,thestatsapi,0.6,1.36,2,7,5,18,1,4,11,9,2,2,,
comp_6981,Liga 1 Perú,2025-08-06,17:30,Deportivo Binacional,Alianza Atlético de Sullana,2,0,2-0,finished,4,,thestatsapi,2.49,0.56,5,4,16,10,7,1,9,3,1,0,,
comp_6981,Liga 1 Perú,2025-08-06,15:00,Club Atlético Grau,Deportivo Garcilaso,1,1,1-1,finished,4,,thestatsapi,1.7,2.06,3,6,16,16,5,5,18,10,1,3,,
comp_6981,Liga 1 Perú,2025-08-05,20:00,Alianza Lima,Club Sporting Cristal,0,0,0-0,finished,4,,thestatsapi,0.88,0.24,8,3,17,5,1,2,6,10,4,6,,
comp_6981,Liga 1 Perú,2025-08-05,15:00,Melgar,ADC Juan Pablo II,1,1,1-1,finished,4,,thestatsapi,1.63,0.39,11,0,21,5,5,2,11,6,3,0,,
comp_6981,Liga 1 Perú,2025-08-05,12:00,Alianza Universidad,Universitario,0,2,0-2,finished,4,,thestatsapi,0.22,2.36,5,4,6,13,2,6,11,11,0,0,,
comp_6981,Liga 1 Perú,2025-08-04,19:00,Cienciano,Los Chankas CYC,3,0,3-0,finished,4,,thestatsapi,3.48,0.27,4,3,21,7,11,2,16,17,3,2,,
comp_6981,Liga 1 Perú,2025-08-04,15:00,Sport Boys,Asociación Deportiva Tarma,1,0,1-0,finished,4,,thestatsapi,3.16,0.77,4,9,14,11,5,2,11,15,3,5,,
comp_6981,Liga 1 Perú,2025-08-04,13:00,Universidad Técnica de Cajamarca,Cusco FC,1,2,1-2,finished,4,,thestatsapi,0.67,2.6,7,8,12,15,3,5,15,14,2,5,,
comp_6981,Liga 1 Perú,2025-08-03,15:00,Sport Huancayo,Ayacucho,3,1,3-1,finished,4,,thestatsapi,3.09,0.23,5,4,17,8,8,1,8,15,4,1,,
comp_6981,Liga 1 Perú,2025-08-01,19:00,Deportivo Garcilaso,Cienciano,2,1,2-1,finished,3,,thestatsapi,1.72,0.56,3,3,17,10,4,3,13,11,5,2,,
comp_6981,Liga 1 Perú,2025-08-01,15:15,Alianza Atlético de Sullana,Melgar,0,0,0-0,finished,3,,thestatsapi,1.12,0.62,6,4,15,9,3,2,21,11,1,2,,
comp_6981,Liga 1 Perú,2025-08-01,13:00,Los Chankas CYC,Comerciantes Unidos,3,2,3-2,finished,3,,thestatsapi,2.7,1.74,9,0,16,11,4,3,8,11,2,4,,
comp_6981,Liga 1 Perú,2025-07-31,21:00,Universitario,Club Atlético Grau,3,1,3-1,finished,3,,thestatsapi,2.18,1.2,5,6,11,13,5,4,13,7,2,2,,
comp_6981,Liga 1 Perú,2025-07-31,19:00,ADC Juan Pablo II,Alianza Lima,1,2,1-2,finished,3,,thestatsapi,1.52,1.57,2,10,12,17,4,7,6,11,2,1,,
comp_6981,Liga 1 Perú,2025-07-31,15:15,Cusco FC,Deportivo Binacional,2,0,2-0,finished,3,,thestatsapi,1.66,0.89,2,5,10,7,3,1,8,11,1,4,,
comp_6981,Liga 1 Perú,2025-07-31,13:00,Asociación Deportiva Tarma,Alianza Universidad,0,3,0-3,finished,3,,thestatsapi,1.09,0.83,5,3,11,8,5,5,17,16,3,3,,
comp_6981,Liga 1 Perú,2025-07-30,15:15,Club Sporting Cristal,Sport Huancayo,5,0,5-0,finished,3,,thestatsapi,2.83,0.27,4,4,19,10,7,1,18,13,2,5,,
comp_6981,Liga 1 Perú,2025-07-30,13:00,Ayacucho,Sport Boys,0,0,0-0,finished,3,,thestatsapi,0.38,0.37,5,1,10,4,1,1,15,5,4,1,,
comp_6981,Liga 1 Perú,2025-07-27,18:00,Alianza Lima,Alianza Atlético de Sullana,1,1,1-1,finished,2,,thestatsapi,1.44,1.09,5,3,16,13,5,4,5,11,2,3,,
comp_6981,Liga 1 Perú,2025-07-27,15:15,Comerciantes Unidos,Deportivo Garcilaso,0,0,0-0,finished,2,,thestatsapi,1.68,0.7,8,4,17,5,3,3,10,9,4,4,,
comp_6981,Liga 1 Perú,2025-07-27,13:00,Melgar,Cusco FC,0,2,0-2,finished,2,,thestatsapi,1.39,2.12,7,5,18,13,3,8,14,7,3,0,,
comp_6981,Liga 1 Perú,2025-07-26,18:30,Cienciano,Universitario,1,1,1-1,finished,2,,thestatsapi,0.59,1.23,7,4,11,8,4,4,11,11,2,5,,
comp_6981,Liga 1 Perú,2025-07-26,15:30,Sport Boys,Club Sporting Cristal,0,2,0-2,finished,2,,thestatsapi,2.08,1.61,11,6,17,13,6,6,14,13,3,2,,
comp_6981,Liga 1 Perú,2025-07-26,13:00,Alianza Universidad,Ayacucho,1,2,1-2,finished,2,,thestatsapi,2.58,0.85,8,4,12,12,4,4,15,21,5,5,,
comp_6981,Liga 1 Perú,2025-07-25,18:00,Deportivo Binacional,Universidad Técnica de Cajamarca,0,0,0-0,finished,2,,thestatsapi,1.19,1.21,10,3,24,9,5,4,10,6,2,0,,
comp_6981,Liga 1 Perú,2025-07-25,15:00,Sport Huancayo,ADC Juan Pablo II,5,1,5-1,finished,2,,thestatsapi,2.28,1.05,8,7,25,10,10,3,4,6,2,1,,
comp_298265,Liga MX Apertura,2026-07-18,22:10,Querétaro FC,Club América,0,1,0-1,finished,1,,thestatsapi,0.93,1.73,2,12,10,17,2,5,14,13,6,4,,
comp_298265,Liga MX Apertura,2026-07-18,20:07,CD Guadalajara,CD Toluca,0,2,0-2,finished,1,,thestatsapi,0.96,1.82,9,2,13,14,4,9,14,13,2,2,,
comp_298265,Liga MX Apertura,2026-07-18,20:05,CF Monterrey,Santos Laguna,3,2,3-2,finished,1,,thestatsapi,1.87,2.28,5,5,19,11,13,3,14,9,0,0,,
comp_298265,Liga MX Apertura,2026-07-18,18:00,Pumas UNAM,CF Pachuca,0,3,0-3,finished,1,,thestatsapi,0.27,1.14,9,4,9,15,1,6,11,5,1,0,,
comp_298265,Liga MX Apertura,2026-07-17,22:00,FC Juárez,Club Puebla,0,1,0-1,finished,1,,thestatsapi,0.91,1.18,5,7,13,13,1,5,9,22,1,1,,
comp_298265,Liga MX Apertura,2026-07-17,20:00,Atlético San Luis,Cruz Azul,2,3,2-3,finished,1,,thestatsapi,1.31,3.14,4,4,13,20,5,10,9,10,2,1,,
comp_298265,Liga MX Apertura,2026-07-17,20:00,Club León,Atlas FC,2,3,2-3,finished,1,,thestatsapi,1.23,1.72,6,2,16,9,8,7,15,10,2,2,,
comp_298265,Liga MX Apertura,2026-07-16,22:10,Club Tijuana,Tigres UANL,3,1,3-1,finished,1,,thestatsapi,2.12,0.59,1,4,15,8,7,4,11,17,2,4,,
comp_298265,Liga MX Apertura,2026-07-16,20:00,Club Necaxa,Atlante FC,2,1,2-1,finished,1,,thestatsapi,2.39,0.6,11,5,11,12,5,3,11,16,1,2,,
comp_298265,Liga MX Apertura,2025-12-14,20:00,CD Toluca,Tigres UANL,2,1,2-1,finished,29,final,thestatsapi,2.36,0.66,11,5,30,7,12,2,17,16,4,3,,
comp_298265,Liga MX Apertura,2025-12-11,21:00,Tigres UANL,CD Toluca,1,0,1-0,finished,29,final,thestatsapi,0.72,0.54,8,0,10,6,2,1,17,14,2,2,,
comp_298265,Liga MX Apertura,2025-12-06,22:10,Tigres UANL,Cruz Azul,1,1,1-1,finished,28,semi_final,thestatsapi,1.07,1.83,7,6,10,15,1,6,17,8,0,1,,
comp_298265,Liga MX Apertura,2025-12-06,20:00,CD Toluca,CF Monterrey,3,2,3-2,finished,28,semi_final,thestatsapi,2.06,1.75,4,2,11,12,5,4,15,10,1,0,,
comp_298265,Liga MX Apertura,2025-12-03,22:10,CF Monterrey,CD Toluca,1,0,1-0,finished,28,semi_final,thestatsapi,0.42,0.69,3,7,6,15,3,5,18,12,1,3,,
comp_298265,Liga MX Apertura,2025-12-03,20:00,Cruz Azul,Tigres UANL,1,1,1-1,finished,28,semi_final,thestatsapi,1.62,1.24,6,1,19,8,5,2,16,13,3,3,,
comp_298265,Liga MX Apertura,2025-11-30,20:00,Cruz Azul,CD Guadalajara,3,2,3-2,finished,27,quarter_final,thestatsapi,1.09,2.25,5,6,9,13,3,3,11,12,4,1,,
comp_298265,Liga MX Apertura,2025-11-29,22:10,Tigres UANL,Club Tijuana,5,0,5-0,finished,27,quarter_final,thestatsapi,4.78,0.23,8,2,26,6,14,1,19,16,4,7,,
comp_298265,Liga MX Apertura,2025-11-29,20:05,CD Toluca,FC Juárez,0,0,0-0,finished,27,quarter_final,thestatsapi,2.11,0.19,7,2,24,6,4,0,15,15,1,3,,
comp_298265,Liga MX Apertura,2025-11-29,18:00,Club América,CF Monterrey,2,1,2-1,finished,27,quarter_final,thestatsapi,1,0.65,3,2,12,10,3,3,13,18,3,5,,
comp_298265,Liga MX Apertura,2025-11-27,21:07,CD Guadalajara,Cruz Azul,0,0,0-0,finished,27,quarter_final,thestatsapi,0.97,1.03,5,3,8,16,1,4,10,8,2,2,,
comp_298265,Liga MX Apertura,2025-11-27,00:00,Club Tijuana,Tigres UANL,3,0,3-0,finished,27,quarter_final,thestatsapi,0.72,1.57,3,7,9,16,6,3,13,15,1,2,,
comp_298265,Liga MX Apertura,2025-11-26,22:05,CF Monterrey,Club América,2,0,2-0,finished,27,quarter_final,thestatsapi,0.54,0.77,3,4,9,5,4,1,15,11,4,4,,
comp_298265,Liga MX Apertura,2025-11-26,20:00,FC Juárez,CD Toluca,1,2,1-2,finished,27,quarter_final,thestatsapi,0.29,4.18,4,9,6,23,1,7,16,10,4,1,,
comp_298265,Liga MX Apertura,2025-11-23,20:00,FC Juárez,CF Pachuca,2,1,2-1,finished,,,thestatsapi,0.52,1.04,0,2,9,10,5,4,16,13,4,0,,
comp_298265,Liga MX Apertura,2025-11-20,22:00,Club Tijuana,FC Juárez,3,1,3-1,finished,,,thestatsapi,2.27,0.18,4,2,18,4,7,2,11,21,2,6,,
comp_298265,Liga MX Apertura,2025-11-20,20:00,CF Pachuca,Pumas UNAM,3,1,3-1,finished,,,thestatsapi,0.7,1.2,4,7,11,13,5,5,13,8,0,2,,
comp_298265,Liga MX Apertura,2025-11-09,18:00,Santos Laguna,CF Pachuca,1,0,1-0,finished,17,,thestatsapi,1.95,0.9,6,8,18,17,8,6,12,10,3,1,,
comp_298265,Liga MX Apertura,2025-11-08,22:05,Cruz Azul,Pumas UNAM,2,3,2-3,finished,17,,thestatsapi,1.18,2.96,3,8,16,15,5,4,9,19,3,4,,
comp_298265,Liga MX Apertura,2025-11-08,20:00,CD Toluca,Club América,2,0,2-0,finished,17,,thestatsapi,1.56,0.66,4,6,14,11,4,4,16,9,1,2,,
comp_298265,Liga MX Apertura,2025-11-08,20:00,Club León,Club Puebla,1,2,1-2,finished,17,,thestatsapi,0.92,0.93,6,7,11,12,5,4,12,14,1,4,,
comp_298265,Liga MX Apertura,2025-11-08,18:07,CD Guadalajara,CF Monterrey,4,2,4-2,finished,17,,thestatsapi,1.88,0.56,6,0,21,9,7,5,12,13,4,1,,
comp_298265,Liga MX Apertura,2025-11-08,18:00,Tigres UANL,Atlético San Luis,3,1,3-1,finished,17,,thestatsapi,3.63,1.18,5,1,21,7,6,4,11,8,1,3,,
comp_298265,Liga MX Apertura,2025-11-07,22:00,Mazatlán FC,Club Necaxa,1,1,1-1,finished,17,,thestatsapi,1.3,2.85,4,14,5,22,2,5,10,23,5,3,,
comp_298265,Liga MX Apertura,2025-11-07,22:00,Club Tijuana,Atlas FC,2,0,2-0,finished,17,,thestatsapi,2.69,0.27,7,0,24,7,10,1,8,9,5,3,,
comp_298265,Liga MX Apertura,2025-11-07,20:00,FC Juárez,Querétaro FC,1,2,1-2,finished,17,,thestatsapi,1.25,1.03,6,3,15,10,7,2,9,12,2,2,,
comp_298265,Liga MX Apertura,2025-11-02,20:00,CF Pachuca,CD Guadalajara,0,1,0-1,finished,16,,thestatsapi,0.7,1.4,1,2,15,15,3,3,11,11,2,1,,
comp_298265,Liga MX Apertura,2025-11-02,18:00,Querétaro FC,Mazatlán FC,1,0,1-0,finished,16,,thestatsapi,1.52,1.21,5,4,12,8,5,3,12,8,3,2,,
comp_298265,Liga MX Apertura,2025-11-02,13:00,Pumas UNAM,Club Tijuana,4,1,4-1,finished,16,,thestatsapi,3.39,1.62,3,4,15,15,8,4,17,8,2,1,,
comp_298265,Liga MX Apertura,2025-11-01,22:10,Club América,Club León,2,0,2-0,finished,16,,thestatsapi,1.47,0.42,8,2,19,6,8,1,12,10,1,2,,
comp_298265,Liga MX Apertura,2025-11-01,20:05,CF Monterrey,Tigres UANL,1,1,1-1,finished,16,,thestatsapi,2.08,1.91,3,2,14,12,6,7,12,19,1,5,,
comp_298265,Liga MX Apertura,2025-11-01,18:00,Atlas FC,CD Toluca,0,0,0-0,finished,16,,thestatsapi,0.89,1.47,6,8,11,14,0,5,11,11,2,2,,
comp_298265,Liga MX Apertura,2025-10-31,22:05,Club Puebla,Cruz Azul,0,3,0-3,finished,16,,thestatsapi,0.38,1.07,4,7,8,13,4,7,11,11,2,0,,
comp_298265,Liga MX Apertura,2025-10-31,22:00,Atlético San Luis,FC Juárez,1,2,1-2,finished,16,,thestatsapi,0.77,1.23,6,6,13,14,3,7,7,12,2,1,,
comp_298265,Liga MX Apertura,2025-10-31,20:00,Club Necaxa,Santos Laguna,4,1,4-1,finished,16,,thestatsapi,2.45,1.49,11,7,23,11,11,5,11,6,2,3,,
comp_298265,Liga MX Apertura,2025-10-26,20:00,Atlético San Luis,Club Necaxa,3,4,3-4,finished,15,,thestatsapi,1.52,1.41,4,3,11,14,4,6,13,16,2,2,,
comp_298265,Liga MX Apertura,2025-10-26,20:00,CD Toluca,CF Pachuca,2,2,2-2,finished,15,,thestatsapi,1.27,1.6,6,3,20,16,4,6,11,11,3,4,,
comp_298265,Liga MX Apertura,2025-10-26,18:00,Santos Laguna,Querétaro FC,3,1,3-1,finished,15,,thestatsapi,2.17,1.08,2,1,11,13,6,5,12,15,2,4,,
comp_298265,Liga MX Apertura,2025-10-25,22:05,Cruz Azul,CF Monterrey,2,0,2-0,finished,15,,thestatsapi,1.46,0.61,4,3,18,9,9,2,18,4,4,1,,
comp_298265,Liga MX Apertura,2025-10-25,20:07,CD Guadalajara,Atlas FC,4,1,4-1,finished,15,,thestatsapi,2.05,0.49,5,4,14,10,5,4,11,9,0,2,,
comp_298265,Liga MX Apertura,2025-10-25,20:00,Club León,Pumas UNAM,1,1,1-1,finished,15,,thestatsapi,0.82,2.49,6,5,15,13,4,7,9,13,1,2,,
comp_298265,Liga MX Apertura,2025-10-25,18:00,Tigres UANL,Club Tijuana,2,0,2-0,finished,15,,thestatsapi,1.62,1.72,3,3,18,11,4,2,13,10,2,3,,
comp_298265,Liga MX Apertura,2025-10-24,22:00,Mazatlán FC,Club América,2,2,2-2,finished,15,,thestatsapi,0.29,2.36,2,4,4,23,3,6,12,7,3,1,,
comp_298265,Liga MX Apertura,2025-10-24,20:00,FC Juárez,Club Puebla,4,4,4-4,finished,15,,thestatsapi,1.71,1.86,4,10,15,17,8,8,11,11,2,2,,
comp_298265,Liga MX Apertura,2025-10-22,22:05,Pumas UNAM,Atlético San Luis,0,1,0-1,finished,14,,thestatsapi,0.18,1.19,1,6,6,13,0,5,8,14,2,3,,
comp_298265,Liga MX Apertura,2025-10-22,22:00,Club Tijuana,CD Toluca,0,0,0-0,finished,14,,thestatsapi,0.89,0.42,2,5,4,9,0,2,16,16,2,1,,
comp_298265,Liga MX Apertura,2025-10-22,22:00,Atlas FC,Club León,2,0,2-0,finished,14,,thestatsapi,1.45,0.14,3,6,11,6,5,0,18,10,1,4,,
comp_298265,Liga MX Apertura,2025-10-22,20:00,Querétaro FC,CD Guadalajara,1,0,1-0,finished,14,,thestatsapi,0.99,1.92,0,11,6,22,4,4,10,7,2,2,,
comp_298265,Liga MX Apertura,2025-10-22,20:00,CF Pachuca,Tigres UANL,1,2,1-2,finished,14,,thestatsapi,1.14,1.44,9,3,20,11,5,8,11,17,5,7,,
comp_298265,Liga MX Apertura,2025-10-21,22:05,CF Monterrey,FC Juárez,4,2,4-2,finished,14,,thestatsapi,2.07,1.22,5,3,15,12,7,4,12,14,1,0,,
comp_298265,Liga MX Apertura,2025-10-21,22:00,Mazatlán FC,Santos Laguna,2,2,2-2,finished,14,,thestatsapi,2.6,1.36,11,4,17,7,3,4,19,11,2,2,,
comp_298265,Liga MX Apertura,2025-10-21,20:00,Club Necaxa,Cruz Azul,1,1,1-1,finished,14,,thestatsapi,1.07,0.49,2,3,18,10,4,5,14,9,0,3,,
comp_298265,Liga MX Apertura,2025-10-21,20:00,Club América,Club Puebla,2,1,2-1,finished,14,,thestatsapi,1.5,0.31,10,3,19,6,5,2,10,15,1,4,,
comp_298265,Liga MX Apertura,2025-10-18,22:05,Cruz Azul,Club América,2,1,2-1,finished,13,,thestatsapi,1.49,0.73,0,3,16,5,5,2,0,0,2,1,,
comp_298265,Liga MX Apertura,2025-10-18,20:07,CD Guadalajara,Mazatlán FC,2,0,2-0,finished,13,,thestatsapi,1.89,0.17,5,2,13,5,5,0,13,14,1,1,,
comp_298265,Liga MX Apertura,2025-10-18,20:00,CF Monterrey,Pumas UNAM,1,1,1-1,finished,13,,thestatsapi,2.06,1.41,3,8,15,14,6,2,8,14,0,1,,
comp_298265,Liga MX Apertura,2025-10-18,18:00,CD Toluca,Querétaro FC,4,0,4-0,finished,13,,thestatsapi,2.26,0.57,3,6,15,14,7,5,0,0,1,0,,
comp_298265,Liga MX Apertura,2025-10-18,18:00,Santos Laguna,Club León,2,0,2-0,finished,13,,thestatsapi,1,1.33,4,11,10,21,5,11,12,10,3,3,,
comp_298265,Liga MX Apertura,2025-10-18,18:00,FC Juárez,CF Pachuca,2,2,2-2,finished,13,,thestatsapi,1.32,0.47,4,5,16,8,5,3,8,17,4,6,,
comp_298265,Liga MX Apertura,2025-10-17,22:00,Tigres UANL,Club Necaxa,5,3,5-3,finished,13,,thestatsapi,1.88,1.15,6,4,19,14,9,6,10,19,2,5,,
comp_298265,Liga MX Apertura,2025-10-17,22:00,Atlético San Luis,Atlas FC,2,0,2-0,finished,13,,thestatsapi,2.07,0.31,8,2,11,8,3,2,0,0,0,0,,
comp_298265,Liga MX Apertura,2025-10-17,20:00,Club Puebla,Club Tijuana,4,3,4-3,finished,13,,thestatsapi,1.77,2.49,4,3,12,13,10,3,0,0,1,2,,
comp_298265,Liga MX Apertura,2025-10-05,22:05,Club Tijuana,CF Monterrey,2,2,2-2,finished,12,,thestatsapi,1.42,1.15,3,4,10,14,5,6,10,14,2,2,,
comp_298265,Liga MX Apertura,2025-10-05,20:35,Pumas UNAM,CD Guadalajara,1,2,1-2,finished,12,,thestatsapi,1.65,1.2,6,3,14,11,3,4,7,5,0,2,,
comp_298265,Liga MX Apertura,2025-10-04,22:05,Club América,Santos Laguna,3,0,3-0,finished,12,,thestatsapi,3.65,1.05,11,3,28,5,15,2,8,8,1,2,,
comp_298265,Liga MX Apertura,2025-10-04,20:00,Tigres UANL,Cruz Azul,1,1,1-1,finished,12,,thestatsapi,1.09,1.47,3,3,12,16,4,5,15,8,4,2,,
comp_298265,Liga MX Apertura,2025-10-04,20:00,Club León,CD Toluca,2,4,2-4,finished,12,,thestatsapi,2.56,3.11,5,2,13,17,4,6,6,12,2,2,,
comp_298265,Liga MX Apertura,2025-10-04,18:00,Querétaro FC,Club Puebla,3,1,3-1,finished,12,,thestatsapi,1.62,0.89,3,6,12,12,4,4,15,19,1,2,,
comp_298265,Liga MX Apertura,2025-10-03,22:05,Atlas FC,FC Juárez,3,1,3-1,finished,12,,thestatsapi,1.56,0.66,2,10,12,14,3,5,17,17,4,3,,
comp_298265,Liga MX Apertura,2025-10-03,22:00,Mazatlán FC,Atlético San Luis,2,1,2-1,finished,12,,thestatsapi,1.41,1.24,2,6,12,15,3,3,15,14,6,3,,
comp_298265,Liga MX Apertura,2025-10-03,20:00,Club Necaxa,CF Pachuca,0,1,0-1,finished,12,,thestatsapi,1,1.03,8,4,15,15,4,1,15,6,4,3,,
comp_298265,Liga MX Apertura,2025-09-28,22:05,Club Tijuana,Cruz Azul,2,0,2-0,finished,11,,thestatsapi,0.63,1.07,1,2,13,14,6,3,14,9,3,1,,
comp_298265,Liga MX Apertura,2025-09-28,18:00,Querétaro FC,Tigres UANL,0,2,0-2,finished,11,,thestatsapi,1.29,1.99,2,10,11,20,1,8,9,10,1,1,,
comp_298265,Liga MX Apertura,2025-09-27,22:05,Club América,Pumas UNAM,4,1,4-1,finished,11,,thestatsapi,3.48,0.54,8,4,23,6,11,2,8,11,2,4,,
comp_298265,Liga MX Apertura,2025-09-27,20:00,CD Toluca,Mazatlán FC,3,1,3-1,finished,11,,thestatsapi,2.44,0.51,5,2,15,10,6,3,10,11,1,2,,
comp_298265,Liga MX Apertura,2025-09-27,20:00,CF Monterrey,Santos Laguna,1,0,1-0,finished,11,,thestatsapi,1.51,0.82,5,2,13,10,3,2,17,14,2,4,,
comp_298265,Liga MX Apertura,2025-09-27,18:00,Atlas FC,Club Necaxa,3,2,3-2,finished,11,,thestatsapi,2.55,2.52,5,1,11,13,6,7,8,11,3,5,,
comp_298265,Liga MX Apertura,2025-09-27,18:00,CF Pachuca,Atlético San Luis,2,1,2-1,finished,11,,thestatsapi,1.3,0.72,1,4,12,12,2,3,21,8,3,2,,
comp_298265,Liga MX Apertura,2025-09-27,18:00,Club Puebla,CD Guadalajara,0,2,0-2,finished,11,,thestatsapi,0.82,0.45,5,6,13,6,1,2,8,17,3,2,,
comp_298265,Liga MX Apertura,2025-09-26,20:00,FC Juárez,Club León,2,0,2-0,finished,11,,thestatsapi,1.97,0.31,3,6,18,6,4,1,14,13,2,2,,
comp_298265,Liga MX Apertura,2025-09-24,22:00,Santos Laguna,Club Tijuana,1,0,1-0,finished,10,,thestatsapi,1.46,2.06,5,6,14,15,6,1,14,16,5,4,,
comp_298265,Liga MX Apertura,2025-09-24,22:00,Atlético San Luis,Club América,0,1,0-1,finished,10,,thestatsapi,0.39,0.63,2,6,6,10,1,2,13,10,1,2,,
comp_298265,Liga MX Apertura,2025-09-24,21:00,CD Toluca,CF Monterrey,6,2,6-2,finished,10,,thestatsapi,3.36,2.43,6,2,24,16,13,7,11,4,1,1,,
comp_298265,Liga MX Apertura,2025-09-24,20:00,Tigres UANL,Atlas FC,2,0,2-0,finished,10,,thestatsapi,1.37,0.42,7,6,16,7,7,2,9,12,2,0,,
comp_298265,Liga MX Apertura,2025-09-24,19:00,Cruz Azul,Querétaro FC,2,2,2-2,finished,10,,thestatsapi,1.63,0.39,13,3,24,7,8,3,9,10,3,3,,
comp_298265,Liga MX Apertura,2025-09-23,22:05,Club León,Mazatlán FC,2,2,2-2,finished,10,,thestatsapi,3.71,1.83,5,5,19,16,6,8,10,17,1,5,,
comp_298265,Liga MX Apertura,2025-09-23,22:00,FC Juárez,Pumas UNAM,3,1,3-1,finished,10,,thestatsapi,1.23,0.71,5,2,10,6,4,1,14,14,1,3,,
comp_298265,Liga MX Apertura,2025-09-23,20:07,CD Guadalajara,Club Necaxa,3,1,3-1,finished,10,,thestatsapi,2.02,1.66,4,7,10,23,5,5,8,11,2,1,,
comp_298265,Liga MX Apertura,2025-09-23,20:00,Club Puebla,CF Pachuca,2,2,2-2,finished,10,,thestatsapi,0.32,2.19,2,4,6,16,3,8,11,9,4,2,,
comp_298265,Liga MX Apertura,2025-09-21,18:00,Santos Laguna,Atlético San Luis,1,4,1-4,finished,9,,thestatsapi,1.85,2.23,6,3,11,15,5,8,13,16,1,1,,
comp_298265,Liga MX Apertura,2025-09-20,22:05,CF Monterrey,Club América,2,2,2-2,finished,9,,thestatsapi,2.1,1,2,16,10,18,5,7,7,9,0,1,,
comp_298265,Liga MX Apertura,2025-09-20,20:07,CD Guadalajara,CD Toluca,0,3,0-3,finished,9,,thestatsapi,1.14,2.54,7,6,18,19,4,11,17,9,2,3,,
comp_298265,Liga MX Apertura,2025-09-20,20:00,Pumas UNAM,Tigres UANL,1,1,1-1,finished,9,,thestatsapi,1.76,1.48,6,2,12,7,4,4,17,9,4,2,,
comp_298265,Liga MX Apertura,2025-09-20,18:00,CF Pachuca,Querétaro FC,0,2,0-2,finished,9,,thestatsapi,1.06,1.42,11,3,14,8,4,4,13,16,4,3,,
comp_298265,Liga MX Apertura,2025-09-19,22:00,Mazatlán FC,Atlas FC,1,1,1-1,finished,9,,thestatsapi,2.55,2.01,2,3,14,12,4,3,21,10,2,4,,
comp_298265,Liga MX Apertura,2025-09-19,22:00,Club Tijuana,Club León,5,0,5-0,finished,9,,thestatsapi,3.15,0.63,4,3,19,6,8,2,16,18,0,2,,
comp_298265,Liga MX Apertura,2025-09-19,20:00,Club Necaxa,Club Puebla,1,0,1-0,finished,9,,thestatsapi,0.82,0.87,2,8,12,14,3,5,6,12,1,1,,
comp_298265,Liga MX Apertura,2025-09-19,20:00,Cruz Azul,FC Juárez,3,2,3-2,finished,9,,thestatsapi,1.42,1.42,7,4,13,17,5,2,16,9,1,2,,
comp_298265,Liga MX Apertura,2025-09-17,20:05,CD Guadalajara,Tigres UANL,0,0,0-0,finished,1,,thestatsapi,1.33,0.65,2,9,8,12,2,3,9,12,2,2,,
comp_298265,Liga MX Apertura,2025-09-14,20:00,Atlético San Luis,Club Tijuana,1,1,1-1,finished,8,,thestatsapi,1.07,1.15,3,5,10,10,3,6,12,16,2,1,,
comp_298265,Liga MX Apertura,2025-09-14,18:00,Querétaro FC,CF Monterrey,0,1,0-1,finished,8,,thestatsapi,0.14,1.54,2,4,3,15,1,6,20,16,3,4,,
comp_298265,Liga MX Apertura,2025-09-13,22:15,Club América,CD Guadalajara,1,2,1-2,finished,8,,thestatsapi,0.84,0.95,8,4,11,8,1,2,11,9,3,2,,
comp_298265,Liga MX Apertura,2025-09-13,22:00,CD Toluca,Club Puebla,3,1,3-1,finished,8,,thestatsapi,2.61,1.9,5,5,27,8,5,2,13,14,0,1,,
comp_298265,Liga MX Apertura,2025-09-13,20:00,Tigres UANL,Club León,0,0,0-0,finished,8,,thestatsapi,1.42,1.19,6,2,19,16,2,6,10,14,0,4,,
comp_298265,Liga MX Apertura,2025-09-13,20:00,Atlas FC,Santos Laguna,2,2,2-2,finished,8,,thestatsapi,0.38,1.44,4,11,7,25,3,9,18,13,4,5,,
comp_298265,Liga MX Apertura,2025-09-13,18:00,CF Pachuca,Cruz Azul,0,1,0-1,finished,8,,thestatsapi,1.79,1.01,4,5,13,6,7,1,11,11,3,1,,
comp_298265,Liga MX Apertura,2025-09-12,22:00,Mazatlán FC,Pumas UNAM,1,4,1-4,finished,8,,thestatsapi,2.3,2.9,6,1,15,14,4,5,10,16,2,5,,
comp_298265,Liga MX Apertura,2025-09-12,20:00,Club Necaxa,FC Juárez,1,1,1-1,finished,8,,thestatsapi,1.29,1.19,4,2,16,10,4,3,12,12,3,2,,
comp_298265,Liga MX Apertura,2025-08-31,22:00,Club Tijuana,Club Necaxa,3,0,3-0,finished,7,,thestatsapi,2.57,0.53,4,3,16,8,4,3,16,14,1,3,,
comp_298265,Liga MX Apertura,2025-08-31,17:00,Pumas UNAM,Atlas FC,1,0,1-0,finished,7,,thestatsapi,1.06,0.05,8,1,19,7,6,1,7,8,2,5,,
comp_298265,Liga MX Apertura,2025-08-30,22:05,Club América,CF Pachuca,2,0,2-0,finished,7,,thestatsapi,,,,,,,,,,,,,,
comp_298265,Liga MX Apertura,2025-08-30,20:05,CD Guadalajara,Cruz Azul,1,2,1-2,finished,7,,thestatsapi,2.36,0.75,7,1,19,12,5,7,17,10,5,1,,
comp_298265,Liga MX Apertura,2025-08-30,20:00,Santos Laguna,Tigres UANL,0,1,0-1,finished,7,,thestatsapi,1.16,3.37,3,5,13,24,1,9,15,13,3,4,,
comp_298265,Liga MX Apertura,2025-08-30,18:00,Club León,Querétaro FC,3,0,3-0,finished,7,,thestatsapi,0.96,0.28,4,7,14,7,5,4,14,8,3,3,,
comp_298265,Liga MX Apertura,2025-08-29,22:05,Club Puebla,CF Monterrey,1,2,1-2,finished,7,,thestatsapi,,,,,,,,,,,,,,
comp_298265,Liga MX Apertura,2025-08-29,20:00,FC Juárez,Mazatlán FC,1,0,1-0,finished,7,,thestatsapi,1.78,0.6,4,2,16,6,4,2,18,10,3,4,,
comp_298265,Liga MX Apertura,2025-08-29,20:00,Atlético San Luis,CD Toluca,1,3,1-3,finished,7,,thestatsapi,0.8,1.39,1,8,8,17,3,6,11,16,5,2,,
comp_298265,Liga MX Apertura,2025-08-24,20:05,Atlas FC,Club América,2,4,2-4,finished,6,,thestatsapi,0.59,3.14,3,3,10,13,4,5,17,18,3,4,,
comp_298265,Liga MX Apertura,2025-08-24,18:00,Pumas UNAM,Club Puebla,0,0,0-0,finished,6,,thestatsapi,1.37,0.92,4,4,16,7,1,3,17,18,2,3,,
comp_298265,Liga MX Apertura,2025-08-23,22:05,Cruz Azul,CD Toluca,0,0,0-0,finished,6,,thestatsapi,,,,,,,,,,,,,,
comp_298265,Liga MX Apertura,2025-08-23,20:00,CF Monterrey,Club Necaxa,3,0,3-0,finished,6,,thestatsapi,1.35,0.93,3,3,8,11,3,5,10,13,1,4,,
comp_298265,Liga MX Apertura,2025-08-23,20:00,Mazatlán FC,Tigres UANL,2,2,2-2,finished,6,,thestatsapi,0.56,2.02,2,15,6,32,2,10,6,9,2,3,,
comp_298265,Liga MX Apertura,2025-08-23,18:00,Club León,CF Pachuca,1,1,1-1,finished,6,,thestatsapi,1.31,3.06,2,5,10,25,4,7,14,12,5,1,,
comp_298265,Liga MX Apertura,2025-08-22,22:00,Club Tijuana,CD Guadalajara,2,0,2-0,finished,6,,thestatsapi,,,,,,,,,,,,,,
comp_298265,Liga MX Apertura,2025-08-22,20:00,FC Juárez,Santos Laguna,2,1,2-1,finished,6,,thestatsapi,1.57,0.64,6,4,16,9,3,3,11,12,4,1,,
comp_298265,Liga MX Apertura,2025-08-22,20:00,Querétaro FC,Atlético San Luis,3,2,3-2,finished,6,,thestatsapi,1.73,2.11,3,6,8,15,6,6,11,12,4,2,,
comp_298265,Liga MX Apertura,2025-08-17,19:00,CF Monterrey,Mazatlán FC,3,2,3-2,finished,5,,thestatsapi,1.81,1.08,3,4,14,10,6,5,13,9,4,1,,
comp_298265,Liga MX Apertura,2025-08-17,17:00,Querétaro FC,Atlas FC,3,3,3-3,finished,5,,thestatsapi,1.64,1.48,1,3,11,14,4,5,18,12,6,1,,
comp_298265,Liga MX Apertura,2025-08-16,22:10,CD Toluca,Pumas UNAM,1,1,1-1,finished,5,,thestatsapi,2.07,0.52,5,1,23,6,4,3,10,17,2,5,,
comp_298265,Liga MX Apertura,2025-08-16,20:00,Cruz Azul,Santos Laguna,3,2,3-2,finished,5,,thestatsapi,2.89,0.56,12,4,32,3,10,2,17,2,1,0,,
comp_298265,Liga MX Apertura,2025-08-16,20:00,Tigres UANL,Club América,1,3,1-3,finished,5,,thestatsapi,1.21,1.34,7,4,18,11,6,3,17,14,4,4,,
comp_298265,Liga MX Apertura,2025-08-16,20:00,CF Pachuca,Club Tijuana,0,2,0-2,finished,5,,thestatsapi,1.93,1.01,11,1,23,5,4,2,9,13,4,5,,
comp_298265,Liga MX Apertura,2025-08-16,18:05,CD Guadalajara,FC Juárez,1,2,1-2,finished,5,,thestatsapi,2.32,1.31,6,1,11,6,5,3,8,13,2,3,,
comp_298265,Liga MX Apertura,2025-08-15,22:05,Club Necaxa,Club León,0,1,0-1,finished,5,,thestatsapi,,,,,,,,,,,,,,
comp_298265,Liga MX Apertura,2025-08-15,20:00,Club Puebla,Atlético San Luis,0,2,0-2,finished,5,,thestatsapi,1.19,1.77,8,6,20,12,5,7,11,12,2,2,,
comp_298265,Liga MX Apertura,2025-08-11,22:05,Atlético San Luis,Cruz Azul,0,0,0-0,finished,4,,thestatsapi,,,,,,,,,,,,,,
comp_298265,Liga MX Apertura,2025-08-11,22:00,FC Juárez,CD Toluca,0,1,0-1,finished,4,,thestatsapi,,,,,,,,,,,,,,
comp_298265,Liga MX Apertura,2025-08-11,20:00,Club León,CF Monterrey,1,3,1-3,finished,4,,thestatsapi,0.9,2.5,7,6,16,17,2,7,17,11,2,2,,
comp_298265,Liga MX Apertura,2025-08-10,21:05,Santos Laguna,CD Guadalajara,1,0,1-0,finished,4,,thestatsapi,0.97,1.45,2,11,3,15,2,3,13,20,4,2,,
comp_298265,Liga MX Apertura,2025-08-10,19:00,Pumas UNAM,Club Necaxa,1,1,1-1,finished,4,,thestatsapi,2.03,0.54,7,4,22,12,5,5,9,12,3,2,,
comp_298265,Liga MX Apertura,2025-08-09,22:05,Atlas FC,CF Pachuca,0,3,0-3,finished,4,,thestatsapi,1.27,0.97,4,3,14,13,4,6,8,8,2,4,,
comp_298265,Liga MX Apertura,2025-08-09,22:00,Mazatlán FC,Club Tijuana,2,2,2-2,finished,4,,thestatsapi,2.23,1.97,8,1,14,8,4,4,7,13,1,4,,
comp_298265,Liga MX Apertura,2025-08-09,20:00,Club América,Querétaro FC,1,0,1-0,finished,4,,thestatsapi,1.69,0.24,10,4,15,5,7,2,8,15,1,4,,
comp_298265,Liga MX Apertura,2025-08-08,22:00,Tigres UANL,Club Puebla,5,0,5-0,finished,4,,thestatsapi,,,,,,,,,,,,,,
comp_298265,Liga MX Apertura,2025-07-26,22:05,Club Necaxa,Club América,1,1,1-1,finished,3,,thestatsapi,,,,,,,,,,,,,,
comp_298265,Liga MX Apertura,2025-07-26,20:00,CF Monterrey,Atlas FC,3,1,3-1,finished,3,,thestatsapi,2.95,1.03,9,4,24,7,10,1,12,12,4,3,,
comp_298265,Liga MX Apertura,2025-07-26,20:00,CD Toluca,Tigres UANL,3,4,3-4,finished,3,,thestatsapi,1.74,1.71,7,0,17,11,6,5,15,8,6,2,,
comp_298265,Liga MX Apertura,2025-07-26,20:00,Cruz Azul,Club León,4,1,4-1,finished,3,,thestatsapi,1.43,0.89,8,1,24,9,12,5,7,11,1,1,,
comp_298265,Liga MX Apertura,2025-07-26,18:05,CD Guadalajara,Atlético San Luis,4,3,4-3,finished,3,,thestatsapi,1.73,1.52,10,6,15,14,8,8,10,17,3,3,,
comp_298265,Liga MX Apertura,2025-07-26,18:00,CF Pachuca,Mazatlán FC,1,0,1-0,finished,3,,thestatsapi,1.03,0.22,8,2,16,2,3,0,10,16,1,3,,
comp_298265,Liga MX Apertura,2025-07-25,22:00,Club Tijuana,FC Juárez,0,0,0-0,finished,3,,thestatsapi,,,,,,,,,,,,,,
comp_298265,Liga MX Apertura,2025-07-25,20:00,Querétaro FC,Pumas UNAM,0,2,0-2,finished,3,,thestatsapi,0.12,0.49,4,3,7,7,1,3,21,17,3,4,,
comp_298265,Liga MX Apertura,2025-07-25,20:00,Club Puebla,Santos Laguna,1,0,1-0,finished,3,,thestatsapi,3.03,0.27,6,2,19,6,4,0,7,17,1,3,,
comp_1917,LigaPro Serie A Ecuador,2026-07-20,14:00,Mushuc Runa,Orense SC,2,1,2-1,finished,20,,thestatsapi,,,5,4,18,8,7,2,16,11,2,4,,
comp_1917,LigaPro Serie A Ecuador,2026-07-19,19:15,Independiente del Valle,Emelec,6,1,6-1,finished,20,,thestatsapi,,,6,0,21,4,8,3,7,8,2,1,,
comp_1917,LigaPro Serie A Ecuador,2026-07-19,16:45,Guayaquil City,Manta FC,1,0,1-0,finished,20,,thestatsapi,,,5,4,9,12,4,2,9,12,1,3,,
comp_1917,LigaPro Serie A Ecuador,2026-07-19,11:45,Técnico Universitario,Aucas,0,1,0-1,finished,20,,thestatsapi,,,10,6,11,7,3,3,14,19,5,4,,
comp_1917,LigaPro Serie A Ecuador,2026-07-18,19:00,Barcelona SC,Libertad,1,0,1-0,finished,20,,thestatsapi,,,5,4,19,12,5,4,20,17,2,3,,
comp_1917,LigaPro Serie A Ecuador,2026-07-18,16:30,LDU,Leones del Norte,0,1,0-1,finished,20,,thestatsapi,,,9,4,17,18,7,5,9,7,3,2,,
comp_1917,LigaPro Serie A Ecuador,2026-07-18,14:00,Deportivo Cuenca,Universidad Católica del Ecuador,0,2,0-2,finished,20,,thestatsapi,,,4,4,12,22,3,7,6,10,0,1,,
comp_1917,LigaPro Serie A Ecuador,2026-07-17,19:00,Delfín,Macará,2,1,2-1,finished,20,,thestatsapi,,,4,4,10,9,4,4,14,16,3,3,,
comp_1917,LigaPro Serie A Ecuador,2026-07-16,19:00,Orense SC,Emelec,0,2,0-2,finished,19,,thestatsapi,,,5,1,7,11,1,5,19,13,6,2,,
comp_1917,LigaPro Serie A Ecuador,2026-07-16,16:30,Aucas,Independiente del Valle,0,3,0-3,finished,19,,thestatsapi,,,2,3,11,18,6,7,9,7,4,0,,
comp_1917,LigaPro Serie A Ecuador,2026-07-15,19:30,Barcelona SC,Guayaquil City,1,1,1-1,finished,19,,thestatsapi,1.63,0.46,5,5,15,8,3,3,15,9,3,3,,
comp_1917,LigaPro Serie A Ecuador,2026-07-15,17:00,Leones del Norte,Deportivo Cuenca,1,1,1-1,finished,19,,thestatsapi,,,5,4,25,8,7,4,21,9,2,1,,
comp_1917,LigaPro Serie A Ecuador,2026-07-15,17:00,Universidad Católica del Ecuador,LDU,1,0,1-0,finished,19,,thestatsapi,1.13,1.16,2,7,9,14,3,1,6,16,1,3,,
comp_1917,LigaPro Serie A Ecuador,2026-07-15,12:00,Libertad,Técnico Universitario,1,0,1-0,finished,19,,thestatsapi,1.33,0.52,5,4,15,12,2,3,13,14,2,1,,
comp_1917,LigaPro Serie A Ecuador,2026-07-14,19:00,Manta FC,Delfín,0,1,0-1,finished,19,,thestatsapi,0.79,1.04,6,5,11,8,2,3,15,15,1,0,,
comp_1917,LigaPro Serie A Ecuador,2026-07-14,16:30,Macará,Mushuc Runa,2,1,2-1,finished,19,,thestatsapi,1.25,1.25,4,4,9,10,4,2,19,13,3,2,,
comp_1917,LigaPro Serie A Ecuador,2026-07-12,19:10,Emelec,Barcelona SC,0,0,0-0,finished,18,,thestatsapi,,,6,2,17,9,2,1,5,9,0,3,,
comp_1917,LigaPro Serie A Ecuador,2026-07-12,14:15,Deportivo Cuenca,Aucas,0,1,0-1,finished,18,,thestatsapi,0.62,1.19,5,4,11,11,2,5,11,18,4,2,,
comp_1917,LigaPro Serie A Ecuador,2026-07-12,12:00,LDU,Libertad,0,0,0-0,finished,18,,thestatsapi,2,0.28,7,4,18,6,3,3,12,13,3,2,,
comp_1917,LigaPro Serie A Ecuador,2026-07-11,18:00,Guayaquil City,Delfín,2,1,2-1,finished,18,,thestatsapi,1.39,1.05,6,4,12,12,3,5,8,14,2,3,,
comp_1917,LigaPro Serie A Ecuador,2026-07-11,14:10,Mushuc Runa,Independiente del Valle,1,4,1-4,finished,18,,thestatsapi,,,6,6,15,21,2,9,8,9,2,2,,
comp_1917,LigaPro Serie A Ecuador,2026-07-11,12:00,Manta FC,Orense SC,0,0,0-0,finished,18,,thestatsapi,1.46,1.1,4,4,9,8,1,1,21,18,2,2,,
comp_1917,LigaPro Serie A Ecuador,2026-07-10,19:15,Técnico Universitario,Macará,0,2,0-2,finished,18,,thestatsapi,,,4,4,8,11,1,2,18,11,2,1,,
comp_1917,LigaPro Serie A Ecuador,2026-07-10,17:00,Leones del Norte,Universidad Católica del Ecuador,1,0,1-0,finished,18,,thestatsapi,,,3,4,15,20,3,3,18,17,5,6,,
comp_1917,LigaPro Serie A Ecuador,2026-07-07,19:00,Aucas,Guayaquil City,1,0,1-0,finished,17,,thestatsapi,,,3,2,15,1,4,0,17,12,2,3,,
comp_1917,LigaPro Serie A Ecuador,2026-07-06,19:00,Orense SC,Técnico Universitario,1,2,1-2,finished,17,,thestatsapi,,,11,2,18,9,6,2,13,15,1,1,,
comp_1917,LigaPro Serie A Ecuador,2026-07-06,16:30,Universidad Católica del Ecuador,Mushuc Runa,2,3,2-3,finished,17,,thestatsapi,,,7,1,17,15,6,6,17,12,2,0,,
comp_1917,LigaPro Serie A Ecuador,2026-07-05,17:00,Delfín,Emelec,1,1,1-1,finished,17,,thestatsapi,,,7,6,16,12,6,3,15,15,2,2,,
comp_1917,LigaPro Serie A Ecuador,2026-07-05,13:00,Macará,LDU,1,0,1-0,finished,17,,thestatsapi,,,4,6,8,10,5,1,10,13,0,0,,
comp_1917,LigaPro Serie A Ecuador,2026-07-04,19:00,Barcelona SC,Deportivo Cuenca,2,0,2-0,finished,17,,thestatsapi,,,4,5,14,18,4,6,11,6,1,2,,
comp_1917,LigaPro Serie A Ecuador,2026-07-04,14:00,Libertad,Leones del Norte,1,3,1-3,finished,17,,thestatsapi,,,2,7,6,24,2,9,16,10,4,2,,
comp_1917,LigaPro Serie A Ecuador,2026-07-03,19:00,Independiente del Valle,Manta FC,4,0,4-0,finished,17,,thestatsapi,,,6,1,25,4,9,1,9,7,2,2,,
comp_1917,LigaPro Serie A Ecuador,2026-07-01,19:00,Delfín,Emelec,0,0,0-0,finished,17,,thestatsapi,,,,,,,,,,,,,,
comp_1917,LigaPro Serie A Ecuador,2026-07-01,17:00,LDU,Orense SC,3,0,3-0,finished,16,,thestatsapi,,,7,1,21,5,8,1,19,4,3,1,,
comp_1917,LigaPro Serie A Ecuador,2026-07-01,15:00,Libertad,Leones del Norte,0,0,0-0,finished,17,,thestatsapi,,,,,,,,,,,,,,
comp_1917,LigaPro Serie A Ecuador,2026-07-01,15:00,Barcelona SC,Deportivo Cuenca,0,0,0-0,finished,17,,thestatsapi,,,,,,,,,,,,,,
comp_1917,LigaPro Serie A Ecuador,2026-07-01,15:00,Independiente del Valle,Manta FC,0,0,0-0,finished,17,,thestatsapi,,,,,,,,,,,,,,
comp_1917,LigaPro Serie A Ecuador,2026-07-01,15:00,Aucas,Guayaquil City,0,0,0-0,finished,17,,thestatsapi,,,,,,,,,,,,,,
comp_1917,LigaPro Serie A Ecuador,2026-06-01,19:30,Técnico Universitario,Barcelona SC,1,0,1-0,finished,16,,thestatsapi,,,1,7,5,24,2,2,6,11,2,2,,
comp_1917,LigaPro Serie A Ecuador,2026-06-01,17:00,Leones del Norte,Macará,1,1,1-1,finished,16,,thestatsapi,,,4,5,13,7,3,2,14,11,2,2,,
comp_1917,LigaPro Serie A Ecuador,2026-05-31,18:10,Emelec,Universidad Católica del Ecuador,1,0,1-0,finished,16,,thestatsapi,,,2,5,10,8,3,2,15,10,1,3,,
comp_1917,LigaPro Serie A Ecuador,2026-05-31,15:30,Guayaquil City,Independiente del Valle,2,4,2-4,finished,16,,thestatsapi,,,0,4,7,17,3,12,14,8,2,3,,
comp_1917,LigaPro Serie A Ecuador,2026-05-31,13:00,Mushuc Runa,Aucas,0,0,0-0,finished,16,,thestatsapi,,,4,6,12,14,2,3,6,13,4,4,,
comp_1917,LigaPro Serie A Ecuador,2026-05-30,19:00,Deportivo Cuenca,Delfín,1,0,1-0,finished,16,,thestatsapi,,,10,2,20,8,3,2,9,16,1,5,,
comp_1917,LigaPro Serie A Ecuador,2026-05-30,16:30,LDU,Orense SC,0,0,0-0,finished,16,,thestatsapi,,,,,,,,,,,,,,
comp_1917,LigaPro Serie A Ecuador,2026-05-30,14:00,Manta FC,Libertad,2,1,2-1,finished,16,,thestatsapi,,,8,2,21,9,8,3,9,17,0,4,,
comp_1917,LigaPro Serie A Ecuador,2026-05-25,19:00,Aucas,Manta FC,3,1,3-1,finished,15,,thestatsapi,,,8,4,15,6,8,3,8,6,1,2,,
comp_1917,LigaPro Serie A Ecuador,2026-05-24,18:10,Delfín,Barcelona SC,1,2,1-2,finished,15,,thestatsapi,,,1,8,9,18,3,6,14,8,3,1,,
comp_1917,LigaPro Serie A Ecuador,2026-05-24,15:30,Emelec,Macará,2,0,2-0,finished,15,,thestatsapi,,,3,4,9,13,4,2,7,10,1,2,,
comp_1917,LigaPro Serie A Ecuador,2026-05-24,13:00,Técnico Universitario,Leones del Norte,2,1,2-1,finished,15,,thestatsapi,,,3,1,21,6,10,2,13,12,3,1,,
comp_1917,LigaPro Serie A Ecuador,2026-05-23,19:00,Deportivo Cuenca,LDU,1,1,1-1,finished,15,,thestatsapi,,,3,2,19,11,7,5,5,17,1,5,,
comp_1917,LigaPro Serie A Ecuador,2026-05-23,16:30,Orense SC,Universidad Católica del Ecuador,1,2,1-2,finished,15,,thestatsapi,,,6,5,22,12,9,4,14,11,2,3,,
comp_1917,LigaPro Serie A Ecuador,2026-05-23,14:00,Mushuc Runa,Guayaquil City,2,2,2-2,finished,15,,thestatsapi,,,10,1,23,5,7,3,10,9,2,3,,
comp_1917,LigaPro Serie A Ecuador,2026-05-18,19:00,Guayaquil City,Orense SC,0,1,0-1,finished,14,,thestatsapi,,,6,0,9,6,5,3,9,15,0,1,,
comp_1917,LigaPro Serie A Ecuador,2026-05-17,18:10,Manta FC,Emelec,0,0,0-0,finished,14,,thestatsapi,0.97,1.03,6,6,13,11,1,2,13,12,2,0,,
comp_1917,LigaPro Serie A Ecuador,2026-05-17,13:00,Leones del Norte,Mushuc Runa,3,1,3-1,finished,14,,thestatsapi,,,4,2,17,12,6,5,15,13,2,1,,
comp_1917,LigaPro Serie A Ecuador,2026-05-16,19:00,Barcelona SC,Aucas,3,0,3-0,finished,14,,thestatsapi,2.64,1.07,1,5,14,12,4,2,13,8,2,2,,
comp_1917,LigaPro Serie A Ecuador,2026-05-16,16:30,Universidad Católica del Ecuador,Delfín,2,2,2-2,finished,14,,thestatsapi,1.13,1.39,7,1,21,10,5,4,13,8,2,3,,
comp_1917,LigaPro Serie A Ecuador,2026-05-16,14:00,Macará,Independiente del Valle,0,3,0-3,finished,14,,thestatsapi,0.53,1.95,3,7,13,12,1,6,10,9,2,2,,
comp_1917,LigaPro Serie A Ecuador,2026-05-15,19:00,Libertad,Deportivo Cuenca,0,1,0-1,finished,14,,thestatsapi,0.78,0.52,5,4,7,15,1,4,11,7,1,3,,
comp_1917,LigaPro Serie A Ecuador,2026-05-15,16:30,LDU,Técnico Universitario,2,1,2-1,finished,14,,thestatsapi,2.55,0.61,13,1,24,3,1,1,12,14,2,6,,
comp_1917,LigaPro Serie A Ecuador,2026-05-11,19:00,Mushuc Runa,LDU,1,3,1-3,finished,13,,thestatsapi,1.11,1.16,5,6,17,15,1,5,12,18,3,4,,
comp_1917,LigaPro Serie A Ecuador,2026-05-10,18:10,Manta FC,Macará,0,1,0-1,finished,13,,thestatsapi,0.73,0.64,4,7,7,8,1,3,10,17,0,0,,
comp_1917,LigaPro Serie A Ecuador,2026-05-10,15:30,Emelec,Libertad,1,1,1-1,finished,13,,thestatsapi,2.87,1.08,11,1,26,9,5,5,15,14,2,2,,
comp_1917,LigaPro Serie A Ecuador,2026-05-09,19:00,Independiente del Valle,Barcelona SC,1,0,1-0,finished,13,,thestatsapi,1.32,0.42,6,3,18,11,4,2,17,7,2,3,,
comp_1917,LigaPro Serie A Ecuador,2026-05-09,16:30,Aucas,Universidad Católica del Ecuador,2,1,2-1,finished,13,,thestatsapi,1.02,0.31,5,3,14,4,6,2,17,8,1,0,,
comp_1917,LigaPro Serie A Ecuador,2026-05-09,16:00,Guayaquil City,Deportivo Cuenca,0,1,0-1,finished,13,,thestatsapi,0.72,0.67,3,2,8,14,3,5,7,12,1,2,,
comp_1917,LigaPro Serie A Ecuador,2026-05-09,13:30,Técnico Universitario,Delfín,4,0,4-0,finished,13,,thestatsapi,1.5,0.67,7,3,11,8,6,4,17,10,1,2,,
comp_1917,LigaPro Serie A Ecuador,2026-05-08,19:00,Orense SC,Leones del Norte,2,0,2-0,finished,13,,thestatsapi,3.68,0.37,7,4,19,7,10,1,23,17,4,4,,
comp_1917,LigaPro Serie A Ecuador,2026-05-03,17:00,Leones del Norte,Emelec,2,0,2-0,finished,12,,thestatsapi,2.22,0.69,3,6,10,10,3,2,10,10,3,3,,
comp_1917,LigaPro Serie A Ecuador,2026-05-03,15:30,Delfín,Mushuc Runa,1,0,1-0,finished,12,,thestatsapi,1.35,0.98,2,5,9,10,2,3,15,21,2,3,,
comp_1917,LigaPro Serie A Ecuador,2026-05-03,13:00,Macará,Orense SC,1,2,1-2,finished,12,,thestatsapi,1.45,2.48,11,2,21,8,3,4,9,13,2,4,,
comp_1917,LigaPro Serie A Ecuador,2026-05-02,19:00,Barcelona SC,Manta FC,1,1,1-1,finished,12,,thestatsapi,1.53,1.05,6,2,16,4,4,3,14,11,2,2,,
comp_1917,LigaPro Serie A Ecuador,2026-05-02,16:30,LDU,Guayaquil City,1,0,1-0,finished,12,,thestatsapi,2.81,0.93,6,2,23,8,8,1,21,4,6,1,,
comp_1917,LigaPro Serie A Ecuador,2026-05-02,14:00,Deportivo Cuenca,Técnico Universitario,2,1,2-1,finished,12,,thestatsapi,1.37,1.68,3,9,7,21,5,9,20,6,2,2,,
comp_1917,LigaPro Serie A Ecuador,2026-05-01,19:00,Libertad,Aucas,3,2,3-2,finished,12,,thestatsapi,1.02,2.24,4,5,15,20,6,8,12,14,2,2,,
comp_1917,LigaPro Serie A Ecuador,2026-05-01,16:30,Universidad Católica del Ecuador,Independiente del Valle,2,3,2-3,finished,12,,thestatsapi,1.36,0.95,11,3,16,7,6,3,10,10,2,7,,
comp_1917,LigaPro Serie A Ecuador,2026-04-27,19:00,Aucas,Delfín,1,0,1-0,finished,11,,thestatsapi,0.52,0.28,5,1,19,7,4,3,10,6,4,3,,
comp_1917,LigaPro Serie A Ecuador,2026-04-27,16:30,Manta FC,Universidad Católica del Ecuador,1,0,1-0,finished,11,,thestatsapi,1.93,0.2,7,2,11,10,3,0,26,8,5,1,,
comp_1917,LigaPro Serie A Ecuador,2026-04-26,18:10,Orense SC,Barcelona SC,1,1,1-1,finished,11,,thestatsapi,1.02,0.57,7,4,16,8,7,4,7,15,3,2,,
comp_1917,LigaPro Serie A Ecuador,2026-04-26,15:30,Guayaquil City,Técnico Universitario,1,0,1-0,finished,11,,thestatsapi,1.27,1.31,1,7,7,22,2,7,10,15,2,2,,
comp_1917,LigaPro Serie A Ecuador,2026-04-26,13:00,Macará,Libertad,3,0,3-0,finished,11,,thestatsapi,1.69,1.02,3,5,17,14,8,2,14,11,0,2,,
comp_1917,LigaPro Serie A Ecuador,2026-04-25,17:00,Emelec,LDU,1,0,1-0,finished,11,,thestatsapi,0.67,1.08,9,4,8,15,5,4,10,6,2,0,,
comp_1917,LigaPro Serie A Ecuador,2026-04-25,14:10,Independiente del Valle,Leones del Norte,2,1,2-1,finished,11,,thestatsapi,2.72,0.53,5,5,21,8,8,5,11,12,1,4,,
comp_1917,LigaPro Serie A Ecuador,2026-04-25,11:45,Mushuc Runa,Deportivo Cuenca,4,1,4-1,finished,11,,thestatsapi,1.88,1.12,3,8,16,16,7,3,12,9,2,2,,
comp_1917,LigaPro Serie A Ecuador,2026-04-23,19:00,Universidad Católica del Ecuador,Macará,4,0,4-0,finished,10,,thestatsapi,3.27,0.4,3,6,15,8,8,1,11,18,1,2,,
comp_1917,LigaPro Serie A Ecuador,2026-04-22,20:00,LDU,Aucas,0,0,0-0,finished,10,,thestatsapi,0.27,1.59,4,4,3,16,0,5,11,6,1,2,,
comp_1917,LigaPro Serie A Ecuador,2026-04-22,18:00,Barcelona SC,Mushuc Runa,2,1,2-1,finished,10,,thestatsapi,1.07,0.52,9,0,16,5,7,1,10,9,2,2,,
comp_1917,LigaPro Serie A Ecuador,2026-04-22,15:30,Deportivo Cuenca,Orense SC,1,3,1-3,finished,10,,thestatsapi,1.97,2.17,4,2,16,17,7,8,9,11,3,4,,
comp_1917,LigaPro Serie A Ecuador,2026-04-22,13:00,Delfín,Independiente del Valle,0,1,0-1,finished,10,,thestatsapi,0.37,0.59,6,3,9,11,1,2,13,13,3,0,,
comp_1917,LigaPro Serie A Ecuador,2026-04-22,11:00,Leones del Norte,Manta FC,3,0,3-0,finished,10,,thestatsapi,1.69,0.63,6,5,8,12,3,3,18,14,1,3,,
comp_1917,LigaPro Serie A Ecuador,2026-04-21,19:30,Técnico Universitario,Emelec,0,1,0-1,finished,10,,thestatsapi,0.96,1.36,8,1,24,9,7,3,11,11,3,2,,
comp_1917,LigaPro Serie A Ecuador,2026-04-21,17:00,Libertad,Guayaquil City,0,1,0-1,finished,10,,thestatsapi,0.57,1.35,5,3,12,15,1,5,14,10,0,4,,
comp_1917,LigaPro Serie A Ecuador,2026-04-19,18:10,Macará,Barcelona SC,3,1,3-1,finished,9,,thestatsapi,1.94,1.23,7,3,15,9,6,6,13,13,2,3,,
comp_1917,LigaPro Serie A Ecuador,2026-04-19,15:30,Independiente del Valle,LDU,0,2,0-2,finished,9,,thestatsapi,1.66,0.43,18,1,32,7,6,5,6,16,2,5,,
comp_1917,LigaPro Serie A Ecuador,2026-04-19,13:00,Manta FC,Deportivo Cuenca,0,1,0-1,finished,9,,thestatsapi,1.21,0.58,6,1,20,6,5,2,13,18,4,1,,
comp_1917,LigaPro Serie A Ecuador,2026-04-18,19:00,Orense SC,Delfín,0,0,0-0,finished,9,,thestatsapi,0.59,0.24,6,1,11,5,5,0,14,12,1,4,,
comp_1917,LigaPro Serie A Ecuador,2026-04-18,16:30,Universidad Católica del Ecuador,Libertad,2,0,2-0,finished,9,,thestatsapi,2.35,0.47,6,2,18,8,7,2,11,9,0,2,,
comp_1917,LigaPro Serie A Ecuador,2026-04-18,14:00,Mushuc Runa,Técnico Universitario,1,0,1-0,finished,9,,thestatsapi,0.23,0.85,7,4,9,11,5,3,14,10,7,3,,
comp_1917,LigaPro Serie A Ecuador,2026-04-17,19:30,Emelec,Guayaquil City,1,3,1-3,finished,9,,thestatsapi,3.34,2.76,2,2,17,12,5,7,14,7,5,0,,
comp_1917,LigaPro Serie A Ecuador,2026-04-17,17:00,Leones del Norte,Aucas,0,1,0-1,finished,9,,thestatsapi,0.32,0.75,5,3,10,9,0,1,10,14,3,2,,
comp_1917,LigaPro Serie A Ecuador,2026-04-12,18:10,Aucas,Emelec,2,0,2-0,finished,8,,thestatsapi,1.39,0.43,11,4,25,9,10,2,13,4,4,0,,
comp_1917,LigaPro Serie A Ecuador,2026-04-12,15:30,Guayaquil City,Macará,2,1,2-1,finished,8,,thestatsapi,1.1,1.12,4,7,5,17,3,6,10,12,1,1,,
comp_1917,LigaPro Serie A Ecuador,2026-04-12,13:00,Deportivo Cuenca,Independiente del Valle,2,3,2-3,finished,8,,thestatsapi,1.28,3.28,3,9,12,21,4,9,12,7,3,4,,
comp_1917,LigaPro Serie A Ecuador,2026-04-12,12:00,Técnico Universitario,Universidad Católica del Ecuador,0,2,0-2,finished,8,,thestatsapi,1.36,1.31,5,4,19,11,4,4,13,9,4,1,,
comp_1917,LigaPro Serie A Ecuador,2026-04-11,19:00,Orense SC,Libertad,2,1,2-1,finished,8,,thestatsapi,0.99,0.22,5,3,14,6,6,2,12,10,2,2,,
comp_1917,LigaPro Serie A Ecuador,2026-04-11,14:00,Mushuc Runa,Manta FC,1,0,1-0,finished,8,,thestatsapi,0.99,0.44,4,7,12,12,5,4,9,11,2,5,,
comp_1917,LigaPro Serie A Ecuador,2026-04-10,19:00,Barcelona SC,Leones del Norte,2,1,2-1,finished,8,,thestatsapi,2.55,0.34,10,2,24,5,12,2,11,4,1,3,,
comp_1917,LigaPro Serie A Ecuador,2026-04-10,19:00,Delfín,LDU,1,0,1-0,finished,8,,thestatsapi,0.65,0.82,2,11,12,6,4,3,14,15,5,2,,
comp_1917,LigaPro Serie A Ecuador,2026-04-08,19:00,Universidad Católica del Ecuador,Emelec,1,1,1-1,finished,1,,thestatsapi,1.52,0.61,5,3,13,3,5,2,10,12,1,1,,
comp_1917,LigaPro Serie A Ecuador,2026-04-06,19:00,Libertad,Mushuc Runa,2,2,2-2,finished,7,,thestatsapi,1.34,1.55,3,4,10,16,4,4,12,9,2,1,,
comp_1917,LigaPro Serie A Ecuador,2026-04-05,18:10,Macará,Aucas,0,1,0-1,finished,7,,thestatsapi,0.83,1.46,7,4,10,13,3,5,6,5,1,1,,
comp_1917,LigaPro Serie A Ecuador,2026-04-05,15:30,Manta FC,Técnico Universitario,0,2,0-2,finished,7,,thestatsapi,0.78,0.89,10,1,17,13,5,2,15,17,2,4,,
comp_1917,LigaPro Serie A Ecuador,2026-04-05,13:00,Leones del Norte,Delfín,1,0,1-0,finished,7,,thestatsapi,0.22,0.43,2,2,5,10,2,6,16,8,2,3,,
comp_1917,LigaPro Serie A Ecuador,2026-04-04,19:00,Emelec,Deportivo Cuenca,0,2,0-2,finished,7,,thestatsapi,1.39,2.31,4,5,13,15,3,3,10,13,2,1,,
comp_1917,LigaPro Serie A Ecuador,2026-04-04,16:30,Universidad Católica del Ecuador,Guayaquil City,4,1,4-1,finished,7,,thestatsapi,2.06,0.29,5,3,19,5,8,2,12,8,1,1,,
comp_1917,LigaPro Serie A Ecuador,2026-04-04,14:00,Independiente del Valle,Orense SC,2,0,2-0,finished,7,,thestatsapi,1.04,0.09,7,2,21,4,6,1,8,10,2,4,,
comp_1917,LigaPro Serie A Ecuador,2026-04-03,19:00,LDU,Barcelona SC,0,2,0-2,finished,7,,thestatsapi,0.97,1.52,9,2,22,8,2,5,10,11,2,5,,
comp_1917,LigaPro Serie A Ecuador,2026-03-23,19:00,Aucas,Orense SC,3,2,3-2,finished,6,,thestatsapi,1.31,1.57,3,3,16,15,6,4,12,13,5,4,,
comp_1917,LigaPro Serie A Ecuador,2026-03-23,16:30,Guayaquil City,Leones del Norte,0,0,0-0,finished,6,,thestatsapi,0.54,0.62,6,1,16,8,3,1,6,12,2,3,,
comp_1917,LigaPro Serie A Ecuador,2026-03-22,18:15,Mushuc Runa,Emelec,2,0,2-0,finished,6,,thestatsapi,,,6,3,17,8,6,1,18,9,3,0,,
comp_1917,LigaPro Serie A Ecuador,2026-03-22,15:30,Barcelona SC,Universidad Católica del Ecuador,1,1,1-1,finished,6,,thestatsapi,1.15,1.07,5,6,13,14,1,4,10,16,1,2,,
comp_1917,LigaPro Serie A Ecuador,2026-03-22,13:00,Técnico Universitario,Independiente del Valle,1,2,1-2,finished,6,,thestatsapi,0.55,2.03,3,4,13,17,4,5,18,11,4,2,,
comp_1917,LigaPro Serie A Ecuador,2026-03-21,19:00,LDU,Manta FC,1,0,1-0,finished,6,,thestatsapi,0.73,0.27,7,3,17,5,2,1,10,7,0,3,,
comp_1917,LigaPro Serie A Ecuador,2026-03-21,16:30,Deportivo Cuenca,Macará,1,1,1-1,finished,6,,thestatsapi,0.98,0.99,6,3,6,16,1,6,11,13,3,3,,
comp_1917,LigaPro Serie A Ecuador,2026-03-21,14:00,Delfín,Libertad,0,0,0-0,finished,6,,thestatsapi,1.62,0.78,9,1,21,10,6,1,14,12,1,2,,
comp_1917,LigaPro Serie A Ecuador,2026-03-19,19:00,Emelec,Independiente del Valle,2,0,2-0,finished,5,,thestatsapi,1.48,0.32,4,4,11,11,6,2,10,16,4,4,,
comp_1917,LigaPro Serie A Ecuador,2026-03-19,16:30,Orense SC,Mushuc Runa,3,2,3-2,finished,5,,thestatsapi,,,2,6,6,14,4,4,16,13,2,2,,
comp_1917,LigaPro Serie A Ecuador,2026-03-19,14:00,Aucas,Técnico Universitario,0,1,0-1,finished,5,,thestatsapi,0.37,0.29,3,3,10,6,2,3,14,9,1,2,,
comp_1917,LigaPro Serie A Ecuador,2026-03-18,19:00,Libertad,Barcelona SC,0,0,0-0,finished,5,,thestatsapi,,,4,2,15,10,5,3,17,14,4,2,,
comp_1917,LigaPro Serie A Ecuador,2026-03-18,16:30,Manta FC,Guayaquil City,0,1,0-1,finished,5,,thestatsapi,0.19,0.54,3,4,7,8,2,3,21,7,3,1,,
comp_1917,LigaPro Serie A Ecuador,2026-03-18,14:00,Macará,Delfín,1,0,1-0,finished,5,,thestatsapi,1.77,0.49,4,4,17,11,8,4,14,6,0,2,,
comp_1917,LigaPro Serie A Ecuador,2026-03-17,19:00,Leones del Norte,LDU,0,2,0-2,finished,5,,thestatsapi,0.65,2.55,2,7,8,20,3,5,11,17,2,3,,
comp_1917,LigaPro Serie A Ecuador,2026-03-17,16:30,Universidad Católica del Ecuador,Deportivo Cuenca,1,0,1-0,finished,5,,thestatsapi,1.34,0.85,5,4,18,16,6,5,10,10,2,1,,
comp_1917,LigaPro Serie A Ecuador,2026-03-15,18:15,Guayaquil City,Barcelona SC,0,0,0-0,finished,4,,thestatsapi,2.57,1.5,2,3,15,20,5,3,8,15,4,2,,
comp_1917,LigaPro Serie A Ecuador,2026-03-15,15:30,Emelec,Orense SC,2,1,2-1,finished,4,,thestatsapi,0.5,0.35,8,2,16,6,2,3,16,16,4,2,,
comp_1917,LigaPro Serie A Ecuador,2026-03-15,13:00,Mushuc Runa,Macará,0,0,0-0,finished,4,,thestatsapi,0.49,1.26,6,2,16,12,2,5,9,10,3,2,,
comp_1917,LigaPro Serie A Ecuador,2026-03-14,19:00,LDU,Universidad Católica del Ecuador,1,1,1-1,finished,4,,thestatsapi,,,5,3,17,17,5,4,10,8,1,2,,
comp_1917,LigaPro Serie A Ecuador,2026-03-14,16:30,Delfín,Manta FC,0,1,0-1,finished,4,,thestatsapi,0.38,0.19,7,3,17,3,2,2,12,14,3,7,,
comp_1917,LigaPro Serie A Ecuador,2026-03-14,14:00,Independiente del Valle,Aucas,2,2,2-2,finished,4,,thestatsapi,1.02,1.18,5,7,11,10,5,7,5,10,1,2,,
comp_1917,LigaPro Serie A Ecuador,2026-03-13,19:00,Deportivo Cuenca,Leones del Norte,1,1,1-1,finished,4,,thestatsapi,1.91,0.96,7,5,14,13,8,4,13,9,3,7,,
comp_1917,LigaPro Serie A Ecuador,2026-03-13,16:30,Técnico Universitario,Libertad,2,1,2-1,finished,4,,thestatsapi,1.06,1.21,2,8,18,7,8,3,16,15,4,3,,
comp_1917,LigaPro Serie A Ecuador,2026-03-09,19:30,Orense SC,Manta FC,1,1,1-1,finished,3,,thestatsapi,0.66,2.11,4,6,11,10,2,4,16,7,2,1,,
comp_1917,LigaPro Serie A Ecuador,2026-03-08,16:00,Universidad Católica del Ecuador,Leones del Norte,3,0,3-0,finished,3,,thestatsapi,3.28,0.44,5,2,15,10,5,2,13,8,0,2,,
comp_1917,LigaPro Serie A Ecuador,2026-03-08,13:30,Macará,Técnico Universitario,1,1,1-1,finished,3,,thestatsapi,1.05,0.4,2,7,7,13,3,2,12,13,5,5,,
comp_1917,LigaPro Serie A Ecuador,2026-03-08,11:00,Aucas,Deportivo Cuenca,0,1,0-1,finished,3,,thestatsapi,0.86,0.41,9,2,13,9,4,1,12,12,3,1,,
comp_1917,LigaPro Serie A Ecuador,2026-03-07,19:00,Libertad,LDU,2,1,2-1,finished,3,,thestatsapi,1.52,1.16,2,5,17,14,9,4,11,8,2,3,,
comp_1917,LigaPro Serie A Ecuador,2026-03-07,16:30,Independiente del Valle,Mushuc Runa,3,1,3-1,finished,3,,thestatsapi,1.74,0.5,7,3,21,7,4,4,4,12,1,4,,
comp_1917,LigaPro Serie A Ecuador,2026-03-07,16:30,Barcelona SC,Emelec,1,0,1-0,finished,3,,thestatsapi,1.76,0.51,1,4,17,9,5,2,13,10,2,3,,
comp_1917,LigaPro Serie A Ecuador,2026-03-06,19:30,Delfín,Guayaquil City,1,0,1-0,finished,3,,thestatsapi,1.6,0.71,2,5,10,6,3,2,11,9,2,2,,
comp_1917,LigaPro Serie A Ecuador,2026-03-02,19:30,Manta FC,Independiente del Valle,0,2,0-2,finished,2,,thestatsapi,0.97,1.56,0,3,6,21,0,5,17,10,2,2,,
comp_1917,LigaPro Serie A Ecuador,2026-03-01,17:00,Deportivo Cuenca,Barcelona SC,2,1,2-1,finished,2,,thestatsapi,0.74,0.56,5,4,12,12,3,3,9,18,0,2,,
comp_1917,LigaPro Serie A Ecuador,2026-03-01,14:30,Mushuc Runa,Universidad Católica del Ecuador,0,0,0-0,finished,2,,thestatsapi,1.11,0.25,8,5,16,7,2,2,11,15,2,4,,
comp_1917,LigaPro Serie A Ecuador,2026-03-01,12:00,LDU,Macará,0,2,0-2,finished,2,,thestatsapi,1.06,1.42,3,5,15,10,4,6,12,12,1,2,,
comp_1917,LigaPro Serie A Ecuador,2026-02-28,19:00,Emelec,Delfín,1,1,1-1,finished,2,,thestatsapi,0.95,1.49,6,1,11,13,5,4,11,10,5,4,,
comp_1917,LigaPro Serie A Ecuador,2026-02-28,16:30,Guayaquil City,Aucas,1,1,1-1,finished,2,,thestatsapi,0.22,2.59,3,9,3,21,2,7,11,20,3,2,,
comp_1917,LigaPro Serie A Ecuador,2026-02-28,14:00,Leones del Norte,Libertad,1,1,1-1,finished,2,,thestatsapi,1.39,0.73,3,7,20,15,6,3,10,6,2,2,,
comp_1917,LigaPro Serie A Ecuador,2026-02-27,19:30,Técnico Universitario,Orense SC,1,1,1-1,finished,2,,thestatsapi,1.18,0.74,10,6,14,12,5,3,18,15,2,5,,
comp_1917,LigaPro Serie A Ecuador,2026-02-24,13:00,Orense SC,LDU,1,2,1-2,finished,1,,thestatsapi,1.45,0.87,7,2,18,8,4,3,6,14,4,3,,
comp_1917,LigaPro Serie A Ecuador,2026-02-23,19:30,Libertad,Manta FC,1,0,1-0,finished,1,,thestatsapi,0.7,0.33,9,5,22,9,9,1,10,13,3,4,,
comp_1917,LigaPro Serie A Ecuador,2026-02-22,18:00,Independiente del Valle,Guayaquil City,2,0,2-0,finished,1,,thestatsapi,2.16,0.49,9,0,23,5,8,1,8,1,2,2,,
comp_1917,LigaPro Serie A Ecuador,2026-02-22,15:30,Delfín,Deportivo Cuenca,1,0,1-0,finished,1,,thestatsapi,2.55,0.55,4,2,16,6,5,2,15,14,1,2,,
comp_1917,LigaPro Serie A Ecuador,2026-02-22,13:00,Macará,Leones del Norte,0,0,0-0,finished,1,,thestatsapi,0.84,0.11,6,7,18,6,4,2,20,12,2,2,,
comp_1917,LigaPro Serie A Ecuador,2026-02-21,16:30,Barcelona SC,Técnico Universitario,1,0,1-0,finished,1,,thestatsapi,1.48,0.31,6,5,10,6,2,2,14,7,2,3,,
comp_1917,LigaPro Serie A Ecuador,2026-02-21,14:00,Aucas,Mushuc Runa,1,1,1-1,finished,1,,thestatsapi,1.39,1.6,7,5,7,15,3,5,15,14,4,2,,
comp_1917,LigaPro Serie A Ecuador,2025-12-21,16:30,Orense SC,Libertad,3,2,3-2,finished,10,,thestatsapi,4.13,1.67,10,4,34,9,13,5,10,14,4,2,,
comp_1917,LigaPro Serie A Ecuador,2025-12-21,16:30,LDU,Universidad Católica del Ecuador,2,0,2-0,finished,10,,thestatsapi,1.08,0.31,4,4,14,9,3,5,19,5,2,1,,
comp_1917,LigaPro Serie A Ecuador,2025-12-21,16:30,Independiente del Valle,Barcelona SC,1,0,1-0,finished,10,,thestatsapi,1.47,0.61,7,5,18,11,3,2,14,9,3,4,,
comp_1917,LigaPro Serie A Ecuador,2025-12-20,16:30,Aucas,Macará,0,2,0-2,finished,10,,thestatsapi,0.7,1.19,6,2,12,12,6,2,9,10,2,2,,
comp_1917,LigaPro Serie A Ecuador,2025-12-20,16:30,Deportivo Cuenca,Emelec,5,1,5-1,finished,10,,thestatsapi,2.61,0.24,5,3,22,5,10,2,7,8,0,2,,
comp_1917,LigaPro Serie A Ecuador,2025-12-15,19:00,Emelec,El Nacional,5,0,5-0,finished,9,,thestatsapi,2.32,1.48,2,10,16,19,7,5,11,10,0,1,,
comp_1917,LigaPro Serie A Ecuador,2025-12-14,16:30,Universidad Católica del Ecuador,Independiente del Valle,0,1,0-1,finished,9,,thestatsapi,0.96,1.54,1,4,9,18,1,4,12,7,1,0,,
comp_1917,LigaPro Serie A Ecuador,2025-12-14,16:30,Libertad,LDU,2,1,2-1,finished,9,,thestatsapi,2.5,1.43,5,5,13,15,4,8,13,10,2,1,,
comp_1917,LigaPro Serie A Ecuador,2025-12-14,16:30,Barcelona SC,Orense SC,2,1,2-1,finished,9,,thestatsapi,2.07,1.36,3,4,9,14,3,1,11,13,4,2,,
comp_1917,LigaPro Serie A Ecuador,2025-12-13,15:30,Delfín,Aucas,0,1,0-1,finished,9,,thestatsapi,0.69,0.59,1,5,6,7,1,2,0,0,4,3,,
comp_1917,LigaPro Serie A Ecuador,2025-12-13,15:30,Macará,Deportivo Cuenca,0,1,0-1,finished,9,,thestatsapi,0.74,0.24,4,2,13,7,5,1,12,15,2,4,,
comp_1917,LigaPro Serie A Ecuador,2025-12-10,17:00,Independiente del Valle,LDU,0,0,0-0,finished,3,,thestatsapi,1.74,0.75,8,3,20,10,4,3,11,15,4,3,,
comp_1917,LigaPro Serie A Ecuador,2025-12-08,19:00,Emelec,Macará,0,2,0-2,finished,8,,thestatsapi,0.89,1.79,18,0,18,11,3,5,10,13,3,4,,
comp_1917,LigaPro Serie A Ecuador,2025-12-07,16:30,Barcelona SC,Universidad Católica del Ecuador,1,1,1-1,finished,8,,thestatsapi,2.74,0.63,4,3,15,10,5,4,10,11,3,3,,
comp_1917,LigaPro Serie A Ecuador,2025-12-07,14:00,El Nacional,Aucas,3,1,3-1,finished,8,,thestatsapi,2.36,2.18,0,8,11,16,5,7,9,14,3,2,,
comp_1917,LigaPro Serie A Ecuador,2025-12-06,17:00,Orense SC,LDU,2,1,2-1,finished,8,,thestatsapi,1.1,1.5,2,7,12,16,3,7,10,20,2,3,,
comp_1917,LigaPro Serie A Ecuador,2025-12-06,17:00,Independiente del Valle,Libertad,1,1,1-1,finished,8,,thestatsapi,1.66,0.65,13,3,20,8,5,1,12,12,2,4,,
comp_1917,LigaPro Serie A Ecuador,2025-12-05,19:00,Deportivo Cuenca,Delfín,0,0,0-0,finished,8,,thestatsapi,1.38,0.59,8,4,19,7,3,4,11,11,0,3,,
comp_1917,LigaPro Serie A Ecuador,2025-11-30,18:00,Delfín,Emelec,0,1,0-1,finished,7,,thestatsapi,0.7,0.62,2,7,10,9,4,4,13,22,2,2,,
comp_1917,LigaPro Serie A Ecuador,2025-11-30,15:30,Macará,El Nacional,2,0,2-0,finished,7,,thestatsapi,2.22,0.84,8,7,20,10,8,3,14,12,2,4,,
comp_1917,LigaPro Serie A Ecuador,2025-11-30,13:00,Aucas,Deportivo Cuenca,2,1,2-1,finished,7,,thestatsapi,2.23,0.51,5,3,15,6,8,2,9,10,5,4,,
comp_1917,LigaPro Serie A Ecuador,2025-11-29,19:00,Libertad,Barcelona SC,1,1,1-1,finished,7,,thestatsapi,1.99,1.2,9,3,21,8,7,3,15,5,3,1,,
comp_1917,LigaPro Serie A Ecuador,2025-11-29,16:30,Universidad Católica del Ecuador,Orense SC,0,0,0-0,finished,7,,thestatsapi,0.25,0.03,8,1,8,2,0,0,15,7,0,1,,
comp_1917,LigaPro Serie A Ecuador,2025-11-29,14:00,Técnico Universitario,Manta FC,2,3,2-3,finished,6,,thestatsapi,1.78,0.93,5,1,19,5,8,5,7,9,3,2,,
comp_1917,LigaPro Serie A Ecuador,2025-11-29,14:00,Vinotinto Fútbol Club,Mushuc Runa,0,0,0-0,finished,6,,thestatsapi,0.48,0.37,7,5,9,5,2,2,16,14,2,0,,
comp_1917,LigaPro Serie A Ecuador,2025-11-28,19:00,LDU,Independiente del Valle,2,1,2-1,finished,7,,thestatsapi,1.48,0.58,4,4,19,9,6,2,9,10,5,5,,
comp_1917,LigaPro Serie A Ecuador,2025-11-23,18:00,Independiente del Valle,Orense SC,0,0,0-0,finished,6,,thestatsapi,1.85,0.49,10,1,20,7,5,1,11,13,3,3,,
comp_1917,LigaPro Serie A Ecuador,2025-11-23,15:30,Barcelona SC,LDU,2,2,2-2,finished,6,,thestatsapi,3.64,0.73,9,0,22,5,9,4,6,11,3,3,,
comp_1917,LigaPro Serie A Ecuador,2025-11-23,13:00,Macará,Delfín,3,0,3-0,finished,6,,thestatsapi,1.45,0.85,6,2,14,8,8,2,7,7,0,1,,
comp_1917,LigaPro Serie A Ecuador,2025-11-22,19:00,Emelec,Aucas,0,2,0-2,finished,6,,thestatsapi,1.08,1.19,8,3,20,12,3,3,12,15,0,1,,
comp_1917,LigaPro Serie A Ecuador,2025-11-22,14:00,Mushuc Runa,Técnico Universitario,1,0,1-0,finished,5,,thestatsapi,0.91,0.36,5,8,9,5,5,2,10,13,5,4,,
comp_1917,LigaPro Serie A Ecuador,2025-11-22,14:00,Manta FC,Vinotinto Fútbol Club,3,1,3-1,finished,5,,thestatsapi,1.55,1.27,1,10,15,11,4,4,15,10,3,3,,
comp_1917,LigaPro Serie A Ecuador,2025-11-21,19:00,Deportivo Cuenca,El Nacional,5,0,5-0,finished,6,,thestatsapi,2.48,0.16,4,3,14,8,6,2,14,10,1,3,,
comp_1917,LigaPro Serie A Ecuador,2025-11-21,16:30,Universidad Católica del Ecuador,Libertad,1,1,1-1,finished,6,,thestatsapi,2.14,1.2,8,4,17,10,6,4,14,10,3,4,,
comp_1917,LigaPro Serie A Ecuador,2025-11-10,19:00,Aucas,Delfín,8,0,8-0,finished,5,,thestatsapi,2.77,0.13,2,2,16,7,11,2,15,6,2,1,,
comp_1917,LigaPro Serie A Ecuador,2025-11-09,18:00,Orense SC,Barcelona SC,1,2,1-2,finished,5,,thestatsapi,1.96,2.42,10,3,17,9,7,4,11,19,4,3,,
comp_1917,LigaPro Serie A Ecuador,2025-11-09,15:30,El Nacional,Emelec,2,1,2-1,finished,5,,thestatsapi,2.18,1.82,2,5,16,14,9,4,12,8,0,1,,
comp_1917,LigaPro Serie A Ecuador,2025-11-09,13:00,Técnico Universitario,Vinotinto Fútbol Club,1,1,1-1,finished,4,,thestatsapi,0.29,1.02,4,2,8,7,2,2,11,13,1,0,,
comp_1917,LigaPro Serie A Ecuador,2025-11-08,19:00,LDU,Libertad,3,1,3-1,finished,5,,thestatsapi,1.72,1.95,7,2,19,10,8,4,14,6,0,1,,
comp_1917,LigaPro Serie A Ecuador,2025-11-08,16:30,Independiente del Valle,Universidad Católica del Ecuador,0,2,0-2,finished,5,,thestatsapi,1.41,2.29,4,4,14,10,3,3,8,15,1,3,,
comp_1917,LigaPro Serie A Ecuador,2025-11-08,14:00,Manta FC,Mushuc Runa,3,0,3-0,finished,4,,thestatsapi,1.87,0.69,1,6,10,8,4,3,17,9,2,2,,
comp_1917,LigaPro Serie A Ecuador,2025-11-07,19:00,Deportivo Cuenca,Macará,0,2,0-2,finished,5,,thestatsapi,1.51,1.02,14,1,21,7,6,4,9,15,2,6,,
comp_1917,LigaPro Serie A Ecuador,2025-11-04,19:00,LDU,Orense SC,4,0,4-0,finished,4,,thestatsapi,1.95,0.59,6,1,25,7,12,1,18,3,3,2,,
comp_1917,LigaPro Serie A Ecuador,2025-11-03,19:00,Libertad,Independiente del Valle,1,3,1-3,finished,4,,thestatsapi,1.36,4.46,4,12,13,30,1,12,4,7,0,2,,
comp_1917,LigaPro Serie A Ecuador,2025-11-02,18:00,Universidad Católica del Ecuador,Barcelona SC,1,1,1-1,finished,4,,thestatsapi,2.43,1.82,9,5,20,11,3,3,12,13,5,2,,
comp_1917,LigaPro Serie A Ecuador,2025-11-02,15:30,Macará,Emelec,3,0,3-0,finished,4,,thestatsapi,3,0.64,3,5,20,5,8,1,12,9,1,2,,
comp_1917,LigaPro Serie A Ecuador,2025-11-02,13:00,Vinotinto Fútbol Club,Manta FC,2,0,2-0,finished,3,,thestatsapi,2.33,0.26,6,3,20,5,5,2,9,9,2,2,,
comp_1917,LigaPro Serie A Ecuador,2025-11-01,16:30,Aucas,El Nacional,3,3,3-3,finished,4,,thestatsapi,1.91,1.11,3,8,15,14,5,5,12,10,2,1,,
comp_1917,LigaPro Serie A Ecuador,2025-11-01,14:00,Técnico Universitario,Mushuc Runa,0,0,0-0,finished,3,,thestatsapi,0.51,0.34,8,6,13,9,1,1,16,10,2,3,,
comp_1917,LigaPro Serie A Ecuador,2025-10-31,19:00,Delfín,Deportivo Cuenca,2,0,2-0,finished,4,,thestatsapi,0.87,0.77,1,9,11,14,3,3,21,17,5,3,,
comp_1917,LigaPro Serie A Ecuador,2025-10-26,18:00,Emelec,Delfín,1,0,1-0,finished,3,,thestatsapi,0.47,0.3,6,1,12,12,3,2,14,11,2,2,,
comp_1917,LigaPro Serie A Ecuador,2025-10-26,15:30,El Nacional,Macará,2,0,2-0,finished,3,,thestatsapi,2.53,2.22,3,4,18,22,4,4,10,9,4,2,,
comp_1917,LigaPro Serie A Ecuador,2025-10-26,13:00,Vinotinto Fútbol Club,Técnico Universitario,1,2,1-2,finished,2,,thestatsapi,1.63,1.9,1,3,19,16,6,3,13,10,1,2,,
comp_1917,LigaPro Serie A Ecuador,2025-10-25,19:01,Deportivo Cuenca,Aucas,1,2,1-2,finished,3,,thestatsapi,1.5,0.37,8,3,13,7,3,4,10,10,3,3,,
comp_1917,LigaPro Serie A Ecuador,2025-10-25,16:30,Barcelona SC,Libertad,1,0,1-0,finished,3,,thestatsapi,1.53,0.44,2,5,13,5,5,1,13,8,2,0,,
comp_1917,LigaPro Serie A Ecuador,2025-10-25,14:00,Mushuc Runa,Manta FC,1,1,1-1,finished,2,,thestatsapi,2.3,1.1,5,2,21,7,6,2,14,16,4,8,,
comp_1917,LigaPro Serie A Ecuador,2025-10-24,19:00,Orense SC,Universidad Católica del Ecuador,2,1,2-1,finished,3,,thestatsapi,1.42,1.73,4,6,13,16,6,9,8,13,3,5,,
comp_1917,LigaPro Serie A Ecuador,2025-10-20,19:00,El Nacional,Deportivo Cuenca,0,2,0-2,finished,2,,thestatsapi,0.76,0.81,6,4,17,11,8,4,10,12,1,0,,
comp_1917,LigaPro Serie A Ecuador,2025-10-19,18:00,Libertad,Universidad Católica del Ecuador,1,1,1-1,finished,2,,thestatsapi,0.77,2.72,1,6,13,14,5,6,8,10,5,3,,
comp_1917,LigaPro Serie A Ecuador,2025-10-19,15:30,Aucas,Emelec,0,0,0-0,finished,2,,thestatsapi,0.41,0.87,2,5,14,8,5,2,15,6,0,0,,
comp_1917,LigaPro Serie A Ecuador,2025-10-19,13:00,Manta FC,Técnico Universitario,2,0,2-0,finished,1,,thestatsapi,0.45,0.07,5,1,8,5,4,1,16,16,2,3,,
comp_1917,LigaPro Serie A Ecuador,2025-10-18,18:00,Delfín,Macará,0,4,0-4,finished,2,,thestatsapi,1.15,1.15,6,4,13,14,3,10,10,9,3,1,,
comp_1917,LigaPro Serie A Ecuador,2025-10-18,15:30,Mushuc Runa,Vinotinto Fútbol Club,2,1,2-1,finished,1,,thestatsapi,1.4,1.1,9,4,9,14,3,5,6,12,1,3,,
comp_1917,LigaPro Serie A Ecuador,2025-10-17,20:15,LDU,Barcelona SC,3,0,3-0,finished,2,,thestatsapi,2.6,0.74,6,3,20,11,6,0,19,8,1,1,,
comp_1917,LigaPro Serie A Ecuador,2025-10-17,18:00,Orense SC,Independiente del Valle,1,2,1-2,finished,2,,thestatsapi,1.53,1.26,5,4,16,10,3,5,13,20,6,3,,
comp_1917,LigaPro Serie A Ecuador,2025-10-05,17:30,Barcelona SC,Independiente del Valle,0,3,0-3,finished,1,,thestatsapi,0.95,2.18,8,3,14,13,3,5,13,10,4,1,,
comp_1917,LigaPro Serie A Ecuador,2025-10-05,14:30,Libertad,Orense SC,2,0,2-0,finished,1,,thestatsapi,3.97,1.35,4,7,20,13,5,5,17,13,2,0,,
comp_1917,LigaPro Serie A Ecuador,2025-10-05,12:00,Macará,Aucas,3,2,3-2,finished,1,,thestatsapi,2.56,0.79,4,3,21,9,11,3,10,10,4,5,,
comp_1917,LigaPro Serie A Ecuador,2025-10-04,19:00,Universidad Católica del Ecuador,LDU,2,2,2-2,finished,1,,thestatsapi,1.42,1.4,7,0,14,13,4,5,13,15,4,2,,
comp_1917,LigaPro Serie A Ecuador,2025-10-04,16:30,Emelec,Deportivo Cuenca,3,1,3-1,finished,1,,thestatsapi,1.88,0.7,1,7,8,12,4,4,14,7,3,2,,
comp_1917,LigaPro Serie A Ecuador,2025-10-04,14:00,Delfín,El Nacional,2,2,2-2,finished,1,,thestatsapi,1.75,2.61,11,3,18,16,8,6,10,15,1,4,,
comp_1917,LigaPro Serie A Ecuador,2025-09-28,16:00,Universidad Católica del Ecuador,Deportivo Cuenca,2,1,2-1,finished,30,,thestatsapi,2.9,0.93,5,5,16,10,7,3,12,8,2,1,,
comp_1917,LigaPro Serie A Ecuador,2025-09-28,16:00,Independiente del Valle,Delfín,0,0,0-0,finished,30,,thestatsapi,1.39,0.43,9,6,15,7,4,1,7,8,1,2,,
comp_1917,LigaPro Serie A Ecuador,2025-09-28,16:00,Libertad,Vinotinto Fútbol Club,1,0,1-0,finished,30,,thestatsapi,1.43,0.79,7,3,18,9,6,3,13,5,2,2,,
comp_1917,LigaPro Serie A Ecuador,2025-09-28,16:00,Técnico Universitario,LDU,1,3,1-3,finished,30,,thestatsapi,1.38,1.16,7,3,19,10,2,6,6,16,1,3,,
comp_1917,LigaPro Serie A Ecuador,2025-09-28,16:00,Orense SC,Emelec,0,0,0-0,finished,30,,thestatsapi,1.61,0.32,4,3,13,5,3,1,14,16,3,1,,
comp_1917,LigaPro Serie A Ecuador,2025-09-27,19:00,Barcelona SC,Aucas,1,1,1-1,finished,30,,thestatsapi,1.14,0.89,10,6,11,15,3,7,4,9,1,1,,
comp_1917,LigaPro Serie A Ecuador,2025-09-27,16:30,El Nacional,Mushuc Runa,0,5,0-5,finished,30,,thestatsapi,0.33,1.62,3,6,5,13,1,8,9,13,0,2,,
comp_1917,LigaPro Serie A Ecuador,2025-09-27,14:00,Manta FC,Macará,1,3,1-3,finished,30,,thestatsapi,1.59,1.19,13,2,15,10,4,4,24,13,1,0,,
comp_1917,LigaPro Serie A Ecuador,2025-09-21,16:00,Macará,Libertad,1,1,1-1,finished,29,final,thestatsapi,1.2,0.74,6,12,15,11,5,5,13,10,1,1,,
comp_1917,LigaPro Serie A Ecuador,2025-09-21,16:00,Aucas,Orense SC,0,0,0-0,finished,29,final,thestatsapi,0.9,0.55,6,4,8,11,4,1,10,10,1,2,,
comp_1917,LigaPro Serie A Ecuador,2025-09-21,16:00,Emelec,El Nacional,4,0,4-0,finished,29,final,thestatsapi,2.29,0.75,6,2,13,14,6,5,20,10,1,1,,
comp_1917,LigaPro Serie A Ecuador,2025-09-21,16:00,LDU,Universidad Católica del Ecuador,2,4,2-4,finished,29,final,thestatsapi,2.65,1.69,10,10,21,13,6,5,12,7,4,3,,
comp_1917,LigaPro Serie A Ecuador,2025-09-21,16:00,Deportivo Cuenca,Barcelona SC,0,1,0-1,finished,29,final,thestatsapi,0.86,0.53,16,3,19,7,4,3,5,7,3,7,,
comp_1917,LigaPro Serie A Ecuador,2025-09-20,16:30,Vinotinto Fútbol Club,Manta FC,4,1,4-1,finished,29,final,thestatsapi,1.86,0.94,4,7,14,9,6,3,9,11,1,3,,
comp_1917,LigaPro Serie A Ecuador,2025-09-20,16:30,Delfín,Técnico Universitario,0,1,0-1,finished,29,final,thestatsapi,0.72,0.4,2,4,8,10,1,3,9,19,1,5,,
comp_1917,LigaPro Serie A Ecuador,2025-09-20,14:00,Mushuc Runa,Independiente del Valle,2,2,2-2,finished,29,final,thestatsapi,1.54,1.95,2,4,11,8,5,5,11,14,2,3,,
comp_1917,LigaPro Serie A Ecuador,2025-09-15,19:00,Manta FC,Aucas,1,1,1-1,finished,28,semi_final,thestatsapi,0.91,1.89,12,11,9,15,2,5,18,8,2,2,,
comp_1917,LigaPro Serie A Ecuador,2025-09-14,17:30,Emelec,Barcelona SC,0,4,0-4,finished,28,semi_final,thestatsapi,0.13,2.32,7,1,5,8,3,5,11,12,2,5,,
comp_1917,LigaPro Serie A Ecuador,2025-09-14,14:00,Técnico Universitario,Deportivo Cuenca,0,2,0-2,finished,28,semi_final,thestatsapi,1.15,1.45,2,4,11,20,3,9,8,17,3,2,,
comp_1917,LigaPro Serie A Ecuador,2025-09-14,11:45,El Nacional,Macará,0,2,0-2,finished,28,semi_final,thestatsapi,1.86,1.65,8,5,12,18,4,8,10,9,0,2,,
comp_1917,LigaPro Serie A Ecuador,2025-09-13,19:00,Orense SC,Mushuc Runa,3,1,3-1,finished,28,semi_final,thestatsapi,1,0.23,0,7,9,3,3,1,14,14,2,2,,
comp_1917,LigaPro Serie A Ecuador,2025-09-13,16:30,Universidad Católica del Ecuador,Delfín,1,1,1-1,finished,28,semi_final,thestatsapi,1.07,0.39,6,0,14,6,5,4,14,4,1,2,,
comp_1917,LigaPro Serie A Ecuador,2025-09-13,14:00,Independiente del Valle,Vinotinto Fútbol Club,3,1,3-1,finished,28,semi_final,thestatsapi,2.83,1.63,16,0,23,6,11,4,9,7,3,2,,
comp_1917,LigaPro Serie A Ecuador,2025-09-12,19:00,Libertad,LDU,0,1,0-1,finished,28,semi_final,thestatsapi,1.51,1.54,5,6,13,8,4,3,11,11,1,2,,
comp_1917,LigaPro Serie A Ecuador,2025-09-01,19:00,Delfín,Libertad,0,0,0-0,finished,27,quarter_final,thestatsapi,0.92,0.18,7,3,14,4,3,0,13,11,2,1,,
comp_1917,LigaPro Serie A Ecuador,2025-08-31,18:00,Barcelona SC,Universidad Católica del Ecuador,2,3,2-3,finished,27,quarter_final,thestatsapi,1.02,1.08,4,10,11,18,4,5,13,7,2,1,,
comp_1917,LigaPro Serie A Ecuador,2025-08-31,15:30,Deportivo Cuenca,Orense SC,1,1,1-1,finished,27,quarter_final,thestatsapi,0.81,0.05,8,2,16,4,4,1,11,18,2,5,,
comp_1917,LigaPro Serie A Ecuador,2025-08-30,19:00,Aucas,Emelec,1,2,1-2,finished,27,quarter_final,thestatsapi,2.11,0.9,9,2,30,9,6,5,6,10,0,2,,
comp_1917,LigaPro Serie A Ecuador,2025-08-30,16:30,Mushuc Runa,Manta FC,2,0,2-0,finished,27,quarter_final,thestatsapi,1.38,0.45,6,1,15,7,7,1,9,13,0,2,,
comp_1917,LigaPro Serie A Ecuador,2025-08-30,16:30,LDU,Macará,1,1,1-1,finished,27,quarter_final,thestatsapi,1.77,0.66,5,7,14,16,6,5,14,10,2,3,,
comp_1917,LigaPro Serie A Ecuador,2025-08-30,14:00,Independiente del Valle,Técnico Universitario,4,0,4-0,finished,27,quarter_final,thestatsapi,2.33,0.58,10,3,17,6,10,1,14,9,2,6,,
comp_1917,LigaPro Serie A Ecuador,2025-08-29,19:00,Vinotinto Fútbol Club,El Nacional,0,1,0-1,finished,27,quarter_final,thestatsapi,0.58,0.35,4,6,9,14,2,5,8,9,1,2,,
comp_1917,LigaPro Serie A Ecuador,2025-08-25,19:00,Orense SC,Delfín,3,1,3-1,finished,26,,thestatsapi,1.54,1.05,10,1,14,7,7,3,17,13,1,0,,
comp_1917,LigaPro Serie A Ecuador,2025-08-24,18:00,Universidad Católica del Ecuador,Técnico Universitario,2,0,2-0,finished,26,,thestatsapi,1.38,0.49,4,0,11,15,4,5,15,11,0,2,,
comp_1917,LigaPro Serie A Ecuador,2025-08-24,15:30,Emelec,Independiente del Valle,0,1,0-1,finished,26,,thestatsapi,0.76,0.66,5,5,15,10,3,3,11,7,2,2,,
comp_1917,LigaPro Serie A Ecuador,2025-08-24,13:00,El Nacional,LDU,1,0,1-0,finished,26,,thestatsapi,2.17,1.98,4,13,12,27,3,5,8,15,3,5,,
comp_1917,LigaPro Serie A Ecuador,2025-08-23,19:00,Vinotinto Fútbol Club,Barcelona SC,0,1,0-1,finished,26,,thestatsapi,1.01,1.13,6,5,11,12,5,5,11,11,0,1,,
comp_1917,LigaPro Serie A Ecuador,2025-08-23,16:30,Manta FC,Deportivo Cuenca,0,1,0-1,finished,26,,thestatsapi,2.48,1.24,5,6,17,14,5,4,10,7,1,3,,
comp_1917,LigaPro Serie A Ecuador,2025-08-23,14:00,Macará,Mushuc Runa,2,1,2-1,finished,26,,thestatsapi,1.05,1.08,3,3,8,11,3,2,14,12,4,2,,
comp_1917,LigaPro Serie A Ecuador,2025-08-22,19:00,Libertad,Aucas,3,2,3-2,finished,26,,thestatsapi,2.13,0.85,3,10,10,18,4,6,12,10,2,4,,
comp_1917,LigaPro Serie A Ecuador,2025-08-18,19:00,Deportivo Cuenca,Vinotinto Fútbol Club,2,0,2-0,finished,25,,thestatsapi,1.71,0.76,4,3,14,6,4,0,14,8,1,2,,
comp_1917,LigaPro Serie A Ecuador,2025-08-17,18:00,Barcelona SC,Macará,0,2,0-2,finished,25,,thestatsapi,1.47,1.02,8,3,16,12,5,4,5,13,1,0,,
comp_1917,LigaPro Serie A Ecuador,2025-08-17,15:30,Técnico Universitario,Emelec,0,1,0-1,finished,25,,thestatsapi,0.76,0.96,3,3,14,8,5,2,12,13,3,4,,
comp_1917,LigaPro Serie A Ecuador,2025-08-17,13:00,LDU,Manta FC,1,1,1-1,finished,25,,thestatsapi,1.53,0.7,10,3,20,7,9,4,10,8,1,4,,
comp_1917,LigaPro Serie A Ecuador,2025-08-16,19:00,Independiente del Valle,Orense SC,2,1,2-1,finished,25,,thestatsapi,1.14,0.64,5,3,15,7,8,2,16,4,1,2,,
comp_1917,LigaPro Serie A Ecuador,2025-08-16,16:30,Universidad Católica del Ecuador,Libertad,1,1,1-1,finished,25,,thestatsapi,1.53,0.67,8,3,16,15,3,4,10,4,2,1,,
comp_1917,LigaPro Serie A Ecuador,2025-08-16,14:00,Mushuc Runa,Aucas,1,0,1-0,finished,25,,thestatsapi,0.45,2.83,1,9,10,16,4,4,11,11,1,1,,
comp_1917,LigaPro Serie A Ecuador,2025-08-15,19:00,Delfín,El Nacional,0,3,0-3,finished,25,,thestatsapi,1.23,2.12,9,4,18,11,7,6,12,23,3,5,,
comp_1917,LigaPro Serie A Ecuador,2025-08-11,16:00,Emelec,Deportivo Cuenca,1,1,1-1,finished,24,,thestatsapi,1.72,1.11,3,6,13,15,2,4,11,12,4,4,,
comp_1917,LigaPro Serie A Ecuador,2025-08-10,18:00,El Nacional,Barcelona SC,1,2,1-2,finished,24,,thestatsapi,0.86,1.55,1,3,15,13,3,6,15,8,1,0,,
comp_1917,LigaPro Serie A Ecuador,2025-08-10,15:30,Macará,Delfín,0,0,0-0,finished,24,,thestatsapi,1.14,0.19,5,1,16,5,4,1,12,15,1,1,,
comp_1917,LigaPro Serie A Ecuador,2025-08-10,13:00,Vinotinto Fútbol Club,Técnico Universitario,0,1,0-1,finished,24,,thestatsapi,1.08,3.06,9,4,11,18,3,8,8,15,1,3,,
comp_1917,LigaPro Serie A Ecuador,2025-08-09,19:00,Manta FC,Independiente del Valle,0,0,0-0,finished,24,,thestatsapi,0.33,0.86,1,10,9,16,2,4,14,9,2,3,,
comp_1917,LigaPro Serie A Ecuador,2025-08-09,16:30,Aucas,LDU,1,0,1-0,finished,24,,thestatsapi,0.88,1.06,4,6,11,17,5,5,8,10,2,5,,
comp_1917,LigaPro Serie A Ecuador,2025-08-09,14:00,Mushuc Runa,Libertad,1,2,1-2,finished,24,,thestatsapi,2.12,1.12,7,1,21,6,7,2,9,12,2,1,,
comp_1917,LigaPro Serie A Ecuador,2025-08-08,19:00,Orense SC,Universidad Católica del Ecuador,1,1,1-1,finished,24,,thestatsapi,0.49,1.71,4,5,6,12,2,4,12,16,2,5,,
comp_1917,LigaPro Serie A Ecuador,2025-08-04,19:00,Delfín,Vinotinto Fútbol Club,3,3,3-3,finished,23,,thestatsapi,2.9,1.15,5,7,19,6,8,3,14,12,1,3,,
comp_1917,LigaPro Serie A Ecuador,2025-08-03,18:00,Libertad,Emelec,1,2,1-2,finished,23,,thestatsapi,1.39,1.49,9,2,14,12,5,3,8,11,2,2,,
comp_1917,LigaPro Serie A Ecuador,2025-08-03,15:30,Técnico Universitario,Manta FC,3,1,3-1,finished,23,,thestatsapi,3.73,1.02,7,4,24,5,8,3,19,5,2,3,,
comp_1917,LigaPro Serie A Ecuador,2025-08-03,13:15,Universidad Católica del Ecuador,Aucas,6,2,6-2,finished,23,,thestatsapi,2.36,1.26,3,7,19,13,8,6,5,9,2,4,,
comp_1917,LigaPro Serie A Ecuador,2025-08-03,11:00,LDU,Mushuc Runa,2,1,2-1,finished,23,,thestatsapi,2.65,0.34,10,1,26,4,7,2,11,8,2,0,,
comp_1917,LigaPro Serie A Ecuador,2025-08-02,19:00,Independiente del Valle,El Nacional,1,0,1-0,finished,23,,thestatsapi,0.81,0.44,6,4,9,11,2,2,9,10,2,3,,
comp_1917,LigaPro Serie A Ecuador,2025-08-02,16:30,Barcelona SC,Orense SC,2,0,2-0,finished,23,,thestatsapi,2.24,0.65,5,4,16,7,6,3,11,12,1,1,,
comp_1917,LigaPro Serie A Ecuador,2025-08-01,19:00,Deportivo Cuenca,Macará,1,1,1-1,finished,23,,thestatsapi,1.56,1.23,4,0,19,11,6,2,9,20,0,4,,
comp_1917,LigaPro Serie A Ecuador,2025-07-27,18:00,Deportivo Cuenca,Independiente del Valle,0,3,0-3,finished,22,,thestatsapi,0.05,2.47,1,1,2,19,0,12,7,6,0,0,,
comp_1917,LigaPro Serie A Ecuador,2025-07-27,15:30,Macará,Universidad Católica del Ecuador,1,4,1-4,finished,22,,thestatsapi,0.91,2.49,6,4,15,19,6,10,13,15,2,1,,
comp_1917,LigaPro Serie A Ecuador,2025-07-27,13:00,Mushuc Runa,Técnico Universitario,0,1,0-1,finished,22,,thestatsapi,0.52,1.56,7,2,11,14,4,4,11,16,2,3,,
comp_1917,LigaPro Serie A Ecuador,2025-07-26,19:00,Vinotinto Fútbol Club,Orense SC,0,1,0-1,finished,22,,thestatsapi,3.02,0.49,7,2,20,4,8,1,9,11,2,1,,
comp_1917,LigaPro Serie A Ecuador,2025-07-26,16:30,Manta FC,Emelec,2,4,2-4,finished,22,,thestatsapi,1.84,2.22,3,5,18,15,7,6,11,21,5,2,,
comp_1917,LigaPro Serie A Ecuador,2025-07-26,14:00,Aucas,Delfín,2,1,2-1,finished,22,,thestatsapi,1.59,0.85,4,3,15,7,6,3,15,4,2,2,,
comp_1917,LigaPro Serie A Ecuador,2025-07-25,19:00,El Nacional,Libertad,2,2,2-2,finished,22,,thestatsapi,0.78,1.58,7,5,19,19,7,3,8,9,0,0,,
comp_1917,LigaPro Serie A Ecuador,2025-07-24,19:00,Barcelona SC,LDU,0,1,0-1,finished,22,,thestatsapi,0.6,0.77,3,1,8,10,4,5,11,24,1,4,,
comp_1917,LigaPro Serie A Ecuador,2025-07-21,19:00,Libertad,Manta FC,1,0,1-0,finished,21,,thestatsapi,1.31,0.07,6,3,13,5,3,1,12,7,3,1,,
comp_6387,Scottish Premiership,2026-05-25,14:00,St. Mirren,Partick Thistle,1,0,1-0,finished,29,final,thestatsapi,,,0,0,0,0,0,0,0,0,2,3,,
comp_6387,Scottish Premiership,2026-05-21,14:00,Partick Thistle,St. Mirren,1,1,1-1,finished,29,final,thestatsapi,,,0,0,0,0,0,0,0,0,1,1,,
comp_6387,Scottish Premiership,2026-05-17,08:00,St. Mirren,Dundee United,1,1,1-1,finished,38,,thestatsapi,1,0.36,10,2,17,6,8,3,10,10,0,2,,
comp_6387,Scottish Premiership,2026-05-17,08:00,Livingston,Kilmarnock,1,4,1-4,finished,38,,thestatsapi,0.69,2.08,6,1,9,14,4,4,10,10,1,2,,
comp_6387,Scottish Premiership,2026-05-17,08:00,Dundee FC,Aberdeen,3,2,3-2,finished,38,,thestatsapi,1.78,1.29,7,2,11,9,6,2,14,9,0,0,,
comp_6387,Scottish Premiership,2026-05-16,06:30,Hibernian,Motherwell,0,1,0-1,finished,38,,thestatsapi,0.7,1.07,7,4,11,14,1,6,14,13,5,5,,
comp_6387,Scottish Premiership,2026-05-16,06:30,Falkirk FC,Rangers,2,5,2-5,finished,38,,thestatsapi,2.26,2.67,7,4,8,15,3,7,11,9,3,0,,
comp_6387,Scottish Premiership,2026-05-16,06:30,Celtic,Heart of Midlothian,3,1,3-1,finished,38,,thestatsapi,2.82,0.96,9,6,14,12,5,2,10,9,6,3,,
comp_6387,Scottish Premiership,2026-05-15,13:45,Partick Thistle,Dunfermline Athletic,2,1,2-1,finished,28,semi_final,thestatsapi,,,,,,,,,,,,,,
comp_6387,Scottish Premiership,2026-05-13,14:00,Motherwell,Celtic,2,3,2-3,finished,37,,thestatsapi,1.21,1.37,4,3,15,10,5,3,9,15,2,3,,
comp_6387,Scottish Premiership,2026-05-13,14:00,Rangers,Hibernian,1,2,1-2,finished,37,,thestatsapi,1.45,1.54,9,3,21,8,7,4,14,12,2,2,,
comp_6387,Scottish Premiership,2026-05-13,14:00,Heart of Midlothian,Falkirk FC,3,0,3-0,finished,37,,thestatsapi,0.59,0.3,5,5,12,4,4,1,6,17,1,3,,
comp_6387,Scottish Premiership,2026-05-12,13:45,Dunfermline Athletic,Partick Thistle,1,1,1-1,finished,28,semi_final,thestatsapi,,,,,,,,,,,,,,
comp_6387,Scottish Premiership,2026-05-12,13:45,Kilmarnock,Dundee FC,3,1,3-1,finished,37,,thestatsapi,3.38,0.43,6,2,19,7,8,2,13,18,4,3,,
comp_6387,Scottish Premiership,2026-05-12,13:45,Dundee United,Livingston,0,0,0-0,finished,37,,thestatsapi,1.42,0.89,7,8,15,14,5,3,14,12,2,4,,
comp_6387,Scottish Premiership,2026-05-12,13:45,Aberdeen,St. Mirren,0,2,0-2,finished,37,,thestatsapi,0.52,1.46,6,1,8,9,1,5,14,11,1,2,,
comp_6387,Scottish Premiership,2026-05-10,06:00,Celtic,Rangers,3,1,3-1,finished,36,,thestatsapi,1.04,0.91,1,7,9,9,4,3,25,13,6,2,,
comp_6387,Scottish Premiership,2026-05-09,14:00,Motherwell,Heart of Midlothian,1,1,1-1,finished,36,,thestatsapi,0.45,1.09,2,6,8,11,1,5,9,14,1,3,,
comp_6387,Scottish Premiership,2026-05-09,09:00,Dundee FC,Livingston,3,0,3-0,finished,36,,thestatsapi,1.98,1.52,7,5,16,10,4,3,3,5,1,1,,
comp_6387,Scottish Premiership,2026-05-09,09:00,Aberdeen,Dundee United,2,0,2-0,finished,36,,thestatsapi,1.78,0.46,4,2,15,7,5,1,12,16,1,5,,
comp_6387,Scottish Premiership,2026-05-09,09:00,St. Mirren,Kilmarnock,0,3,0-3,finished,36,,thestatsapi,0.78,1.15,1,4,12,10,2,4,11,11,3,1,,
comp_6387,Scottish Premiership,2026-05-09,09:00,Falkirk FC,Hibernian,1,3,1-3,finished,36,,thestatsapi,0.48,1.07,6,5,8,10,1,4,10,13,0,1,,
comp_6387,Scottish Premiership,2026-05-08,13:30,Arbroath,Dunfermline Athletic,0,0,0-0,finished,27,quarter_final,thestatsapi,,,,,,,,,,,,,,
comp_6387,Scottish Premiership,2026-05-05,13:45,Dunfermline Athletic,Arbroath,1,0,1-0,finished,27,quarter_final,thestatsapi,,,,,,,,,,,,,,
comp_6387,Scottish Premiership,2026-05-04,11:30,Heart of Midlothian,Rangers,2,1,2-1,finished,35,,thestatsapi,0.75,0.82,2,6,11,13,5,3,8,12,1,2,,
comp_6387,Scottish Premiership,2026-05-03,06:00,Hibernian,Celtic,1,2,1-2,finished,35,,thestatsapi,0.38,2.78,0,13,4,27,1,6,7,11,3,3,,
comp_6387,Scottish Premiership,2026-05-02,09:00,Kilmarnock,Dundee United,3,0,3-0,finished,35,,thestatsapi,1.98,1.82,4,8,11,19,8,5,13,10,0,1,,
comp_6387,Scottish Premiership,2026-05-02,09:00,Dundee FC,St. Mirren,1,0,1-0,finished,35,,thestatsapi,0.54,0.6,5,6,10,11,5,6,9,12,1,2,,
comp_6387,Scottish Premiership,2026-05-02,09:00,Falkirk FC,Motherwell,1,0,1-0,finished,35,,thestatsapi,1.88,1.06,2,5,18,14,5,3,12,13,4,5,,
comp_6387,Scottish Premiership,2026-05-01,13:45,Livingston,Aberdeen,2,2,2-2,finished,35,,thestatsapi,1.56,0.7,6,3,16,7,5,2,10,15,3,1,,
comp_6387,Scottish Premiership,2026-04-26,10:30,Hibernian,Heart of Midlothian,1,2,1-2,finished,34,,thestatsapi,0.52,1.83,0,11,4,23,1,6,8,17,5,3,,
comp_6387,Scottish Premiership,2026-04-26,09:00,Rangers,Motherwell,2,3,2-3,finished,34,,thestatsapi,2.21,0.57,7,5,16,9,6,5,15,10,1,2,,
comp_6387,Scottish Premiership,2026-04-26,08:00,Dundee United,Dundee FC,3,0,3-0,finished,34,,thestatsapi,2.18,0.85,2,4,18,10,5,4,22,7,1,0,,
comp_6387,Scottish Premiership,2026-04-25,11:30,Celtic,Falkirk FC,3,1,3-1,finished,34,,thestatsapi,1.2,0.81,9,7,14,11,7,3,16,10,2,3,,
comp_6387,Scottish Premiership,2026-04-25,09:00,St. Mirren,Livingston,0,2,0-2,finished,34,,thestatsapi,1.35,0.79,8,7,17,4,4,2,13,10,2,2,,
comp_6387,Scottish Premiership,2026-04-25,09:00,Aberdeen,Kilmarnock,1,0,1-0,finished,34,,thestatsapi,0.47,0.54,6,5,10,11,4,3,16,16,1,4,,
comp_6387,Scottish Premiership,2026-04-12,06:00,Falkirk FC,Rangers,3,6,3-6,finished,33,,thestatsapi,1.67,3.72,2,1,7,20,3,9,16,13,3,4,,
comp_6387,Scottish Premiership,2026-04-11,09:00,Kilmarnock,Dundee FC,2,2,2-2,finished,33,,thestatsapi,1.23,1.28,4,2,13,8,3,6,24,7,4,2,,
comp_6387,Scottish Premiership,2026-04-11,09:00,Heart of Midlothian,Motherwell,3,1,3-1,finished,33,,thestatsapi,1.74,2.01,6,4,12,12,5,3,7,14,1,2,,
comp_6387,Scottish Premiership,2026-04-11,09:00,Dundee United,Livingston,3,2,3-2,finished,33,,thestatsapi,1.87,1.87,4,3,15,14,5,6,7,9,0,0,,
comp_6387,Scottish Premiership,2026-04-11,09:00,Aberdeen,Hibernian,2,0,2-0,finished,33,,thestatsapi,1.97,0.16,3,3,17,4,5,1,18,9,2,2,,
comp_6387,Scottish Premiership,2026-04-11,09:00,Celtic,St. Mirren,1,0,1-0,finished,33,,thestatsapi,0.92,0.28,3,7,7,5,4,1,12,14,0,2,,
comp_6387,Scottish Premiership,2026-04-05,10:30,Dundee FC,Celtic,1,2,1-2,finished,32,,thestatsapi,1.42,3.8,1,4,8,17,3,8,7,13,0,2,,
comp_6387,Scottish Premiership,2026-04-05,08:00,Livingston,Heart of Midlothian,2,2,2-2,finished,32,,thestatsapi,1.97,1.86,5,5,15,19,3,6,10,10,2,1,,
comp_6387,Scottish Premiership,2026-04-04,09:00,Rangers,Dundee United,4,2,4-2,finished,32,,thestatsapi,3.2,1.34,10,1,21,13,10,4,9,12,1,2,,
comp_6387,Scottish Premiership,2026-04-04,09:00,St. Mirren,Aberdeen,2,0,2-0,finished,32,,thestatsapi,0.72,0.59,8,5,11,7,4,0,8,15,1,3,,
comp_6387,Scottish Premiership,2026-04-04,09:00,Motherwell,Falkirk FC,2,3,2-3,finished,32,,thestatsapi,1.31,1.92,6,2,14,12,7,5,15,15,2,3,,
comp_6387,Scottish Premiership,2026-04-04,09:00,Hibernian,Kilmarnock,3,0,3-0,finished,32,,thestatsapi,2.14,0.56,3,9,5,11,3,2,9,15,1,3,,
comp_6387,Scottish Premiership,2026-03-22,07:30,Dundee United,Celtic,2,0,2-0,finished,31,,thestatsapi,1.51,1.09,7,6,19,13,8,3,7,8,2,2,,
comp_6387,Scottish Premiership,2026-03-21,12:45,Rangers,Aberdeen,4,1,4-1,finished,31,,thestatsapi,1.64,0.54,2,4,18,6,7,1,15,17,0,4,,
comp_6387,Scottish Premiership,2026-03-21,10:00,Motherwell,Hibernian,0,0,0-0,finished,31,,thestatsapi,0.45,0.41,2,4,7,7,3,1,7,9,3,4,,
comp_6387,Scottish Premiership,2026-03-21,10:00,Kilmarnock,Livingston,2,0,2-0,finished,31,,thestatsapi,1.87,0.84,3,4,17,10,4,1,14,7,0,1,,
comp_6387,Scottish Premiership,2026-03-21,10:00,Heart of Midlothian,Dundee FC,1,0,1-0,finished,31,,thestatsapi,1.08,0.54,4,7,15,8,6,1,12,11,3,2,,
comp_6387,Scottish Premiership,2026-03-21,10:00,Falkirk FC,St. Mirren,1,2,1-2,finished,31,,thestatsapi,1.34,0.91,7,4,11,11,2,4,15,14,1,2,,
comp_6387,Scottish Premiership,2026-03-15,09:00,Dundee FC,Dundee United,2,2,2-2,finished,30,,thestatsapi,1.32,2.87,4,7,6,20,1,10,5,13,1,4,,
comp_6387,Scottish Premiership,2026-03-15,07:00,St. Mirren,Rangers,0,1,0-1,finished,30,,thestatsapi,0.24,2.36,1,11,6,17,1,7,7,11,0,1,,
comp_6387,Scottish Premiership,2026-03-14,15:00,Kilmarnock,Heart of Midlothian,1,0,1-0,finished,30,,thestatsapi,1.12,0.8,2,9,11,15,4,3,13,14,2,2,,
comp_6387,Scottish Premiership,2026-03-14,10:00,Hibernian,Livingston,0,0,0-0,finished,30,,thestatsapi,1.85,0.11,12,0,22,6,5,2,6,7,2,1,,
comp_6387,Scottish Premiership,2026-03-14,10:00,Celtic,Motherwell,3,1,3-1,finished,30,,thestatsapi,2.14,0.52,2,3,13,12,6,3,10,10,4,2,,
comp_6387,Scottish Premiership,2026-03-14,10:00,Aberdeen,Falkirk FC,1,1,1-1,finished,30,,thestatsapi,1.4,0.56,4,10,9,7,3,3,17,6,1,0,,
comp_6387,Scottish Premiership,2026-03-07,10:00,Dundee FC,Motherwell,2,1,2-1,finished,25,,thestatsapi,1.23,1.38,3,1,9,21,2,9,12,19,4,2,,
comp_6387,Scottish Premiership,2026-03-04,15:00,Aberdeen,Celtic,1,2,1-2,finished,25,,thestatsapi,1.42,1.85,6,6,8,18,2,4,13,12,2,2,,
comp_6387,Scottish Premiership,2026-03-03,14:45,Dundee United,St. Mirren,2,1,2-1,finished,23,,thestatsapi,1.53,1.12,8,4,18,9,4,2,12,13,2,1,,
comp_6387,Scottish Premiership,2026-03-01,07:00,Rangers,Celtic,2,2,2-2,finished,29,final,thestatsapi,1.5,2.24,6,7,12,17,3,7,8,11,2,1,,
comp_6387,Scottish Premiership,2026-02-28,10:00,Livingston,St. Mirren,1,1,1-1,finished,29,final,thestatsapi,0.75,1.08,7,2,10,12,3,2,11,17,1,2,,
comp_6387,Scottish Premiership,2026-02-28,10:00,Motherwell,Dundee United,2,0,2-0,finished,29,final,thestatsapi,1.78,0.34,5,3,16,7,5,3,7,13,2,3,,
comp_6387,Scottish Premiership,2026-02-28,10:00,Heart of Midlothian,Aberdeen,1,0,1-0,finished,29,final,thestatsapi,1.69,0.36,7,4,21,5,7,0,7,16,3,5,,
comp_6387,Scottish Premiership,2026-02-28,10:00,Falkirk FC,Kilmarnock,5,1,5-1,finished,29,final,thestatsapi,3.22,0.31,3,2,20,6,10,3,9,15,3,2,,
comp_6387,Scottish Premiership,2026-02-28,10:00,Dundee FC,Hibernian,3,3,3-3,finished,29,final,thestatsapi,0.81,2.01,6,6,10,13,4,6,8,9,1,4,,
comp_6387,Scottish Premiership,2026-02-24,14:45,Dundee United,Aberdeen,0,0,0-0,finished,26,,thestatsapi,1.31,1.49,4,6,15,12,2,2,13,6,0,0,,
comp_6387,Scottish Premiership,2026-02-22,10:00,Livingston,Rangers,2,2,2-2,finished,28,semi_final,thestatsapi,0.3,3.63,3,15,5,31,3,14,18,15,3,2,,
comp_6387,Scottish Premiership,2026-02-22,10:00,Celtic,Hibernian,1,2,1-2,finished,28,semi_final,thestatsapi,1.86,0.63,11,1,21,8,3,4,8,7,2,1,,
comp_6387,Scottish Premiership,2026-02-21,14:30,St. Mirren,Motherwell,0,5,0-5,finished,28,semi_final,thestatsapi,0.72,2.05,4,7,11,17,5,6,17,6,4,0,,
comp_6387,Scottish Premiership,2026-02-21,10:00,Heart of Midlothian,Falkirk FC,1,0,1-0,finished,28,semi_final,thestatsapi,1.13,0.44,8,4,17,8,4,2,9,10,1,3,,
comp_6387,Scottish Premiership,2026-02-21,10:00,Dundee United,Kilmarnock,1,1,1-1,finished,28,semi_final,thestatsapi,1.95,0.56,6,3,12,8,4,2,9,9,1,3,,
comp_6387,Scottish Premiership,2026-02-21,10:00,Aberdeen,Dundee FC,2,3,2-3,finished,28,semi_final,thestatsapi,0.62,3.5,2,9,11,23,4,7,13,10,3,2,,
comp_6387,Scottish Premiership,2026-02-15,11:30,Rangers,Heart of Midlothian,4,2,4-2,finished,27,quarter_final,thestatsapi,2.41,0.35,7,3,19,7,4,3,17,13,4,3,,
comp_6387,Scottish Premiership,2026-02-15,09:30,Motherwell,Aberdeen,2,0,2-0,finished,27,quarter_final,thestatsapi,2.1,0.68,4,2,18,10,8,2,15,18,1,6,,
comp_6387,Scottish Premiership,2026-02-15,09:00,Kilmarnock,Celtic,2,3,2-3,finished,27,quarter_final,thestatsapi,0.94,2.89,6,7,17,24,7,10,7,8,1,3,,
comp_6387,Scottish Premiership,2026-02-14,10:00,Hibernian,St. Mirren,2,0,2-0,finished,27,quarter_final,thestatsapi,0.89,0.3,6,8,13,7,6,2,10,16,0,3,,
comp_6387,Scottish Premiership,2026-02-14,10:00,Falkirk FC,Dundee United,2,3,2-3,finished,27,quarter_final,thestatsapi,0.69,1.06,4,5,10,14,4,5,8,19,1,3,,
comp_6387,Scottish Premiership,2026-02-14,10:00,Dundee FC,Livingston,2,2,2-2,finished,27,quarter_final,thestatsapi,1.02,1.44,10,2,16,16,7,3,8,12,2,2,,
comp_6387,Scottish Premiership,2026-02-11,15:00,Motherwell,Rangers,1,1,1-1,finished,26,,thestatsapi,1.39,1.36,6,3,19,10,5,4,18,17,2,5,,
comp_6387,Scottish Premiership,2026-02-11,14:45,Kilmarnock,St. Mirren,4,3,4-3,finished,26,,thestatsapi,2.7,1.88,9,4,20,15,7,7,10,19,1,3,,
comp_6387,Scottish Premiership,2026-02-11,14:45,Falkirk FC,Dundee FC,1,0,1-0,finished,26,,thestatsapi,1.01,1.41,4,4,16,15,3,4,14,4,3,1,,
comp_6387,Scottish Premiership,2026-02-11,14:45,Celtic,Livingston,2,1,2-1,finished,26,,thestatsapi,3.34,1.05,10,3,29,4,12,2,12,7,2,4,,
comp_6387,Scottish Premiership,2026-02-10,15:00,Heart of Midlothian,Hibernian,1,0,1-0,finished,26,,thestatsapi,0.66,0.41,4,8,11,5,2,1,10,18,0,3,,
comp_6387,Scottish Premiership,2026-02-04,14:45,Livingston,Falkirk FC,1,2,1-2,finished,25,,thestatsapi,0.67,2.24,6,4,10,16,3,3,16,14,3,4,,
comp_6387,Scottish Premiership,2026-02-04,14:45,Hibernian,Dundee United,3,2,3-2,finished,25,,thestatsapi,2.54,1.73,4,6,20,16,3,4,8,11,2,0,,
comp_6387,Scottish Premiership,2026-02-04,14:45,Rangers,Kilmarnock,5,1,5-1,finished,25,,thestatsapi,2.84,1.35,10,1,28,8,11,2,10,7,1,1,,
comp_6387,Scottish Premiership,2026-02-03,15:00,St. Mirren,Heart of Midlothian,1,0,1-0,finished,25,,thestatsapi,2.12,0.25,7,2,21,5,5,2,19,8,1,1,,
comp_6387,Scottish Premiership,2026-02-01,10:00,Celtic,Falkirk FC,2,0,2-0,finished,24,,thestatsapi,0.66,1.07,9,4,10,14,5,4,7,5,0,2,,
comp_6387,Scottish Premiership,2026-02-01,09:00,Hibernian,Rangers,0,0,0-0,finished,24,,thestatsapi,1.88,0.58,9,8,17,11,6,2,13,5,3,2,,
comp_6387,Scottish Premiership,2026-01-31,15:00,Dundee United,Heart of Midlothian,0,3,0-3,finished,24,,thestatsapi,0.18,4.24,0,6,3,22,2,12,12,11,3,1,,
comp_6387,Scottish Premiership,2026-01-31,10:00,St. Mirren,Dundee FC,0,0,0-0,finished,24,,thestatsapi,1,0.82,5,6,10,11,2,2,12,10,0,0,,
comp_6387,Scottish Premiership,2026-01-31,10:00,Livingston,Motherwell,0,2,0-2,finished,24,,thestatsapi,0.24,1.62,7,7,4,14,1,6,11,13,1,0,,
comp_6387,Scottish Premiership,2026-01-31,10:00,Kilmarnock,Aberdeen,3,0,3-0,finished,24,,thestatsapi,2.45,0.66,7,3,19,8,9,4,16,10,3,3,,
comp_6387,Scottish Premiership,2026-01-25,10:00,Rangers,Dundee FC,3,0,3-0,finished,23,,thestatsapi,2.51,0.24,7,1,19,4,8,1,14,12,1,1,,
comp_6387,Scottish Premiership,2026-01-25,10:00,Heart of Midlothian,Celtic,2,2,2-2,finished,23,,thestatsapi,1.66,1.32,2,2,16,9,8,3,13,22,3,6,,
comp_6387,Scottish Premiership,2026-01-24,10:00,Motherwell,Kilmarnock,4,0,4-0,finished,23,,thestatsapi,2.71,0.49,2,1,22,7,11,1,14,18,0,2,,
comp_6387,Scottish Premiership,2026-01-24,10:00,Falkirk FC,Hibernian,4,1,4-1,finished,23,,thestatsapi,3.64,0.73,7,4,17,10,5,4,14,14,2,2,,
comp_6387,Scottish Premiership,2026-01-24,10:00,Aberdeen,Livingston,6,2,6-2,finished,23,,thestatsapi,3.08,1.74,8,2,17,7,7,4,16,13,4,2,,
comp_6387,Scottish Premiership,2026-01-20,14:45,Livingston,St. Mirren,1,1,1-1,finished,11,,thestatsapi,1.32,1.41,3,4,11,11,4,5,12,14,3,3,,
comp_6387,Scottish Premiership,2026-01-14,14:45,Heart of Midlothian,St. Mirren,2,0,2-0,finished,17,,thestatsapi,2.11,0.98,3,5,14,14,7,2,7,12,0,1,,
comp_6387,Scottish Premiership,2026-01-14,14:45,Falkirk FC,Celtic,0,1,0-1,finished,17,,thestatsapi,1.72,0.62,3,4,11,8,6,2,8,10,0,1,,
comp_6387,Scottish Premiership,2026-01-11,11:30,Aberdeen,Rangers,0,2,0-2,finished,22,,thestatsapi,0.47,1.93,6,6,7,18,5,9,15,12,2,3,,
comp_6387,Scottish Premiership,2026-01-11,09:00,Dundee FC,Heart of Midlothian,0,1,0-1,finished,22,,thestatsapi,1.55,0.24,6,4,17,7,5,2,13,14,2,0,,
comp_6387,Scottish Premiership,2026-01-10,10:00,Livingston,Kilmarnock,1,1,1-1,finished,22,,thestatsapi,1.32,2.03,7,5,12,9,5,4,12,16,4,1,,
comp_6387,Scottish Premiership,2026-01-10,10:00,St. Mirren,Falkirk FC,0,2,0-2,finished,22,,thestatsapi,0.7,0.67,4,8,9,11,3,3,11,8,2,1,,
comp_6387,Scottish Premiership,2026-01-10,10:00,Hibernian,Motherwell,1,1,1-1,finished,22,,thestatsapi,1.57,1.38,4,4,14,14,4,5,13,13,2,5,,
comp_6387,Scottish Premiership,2026-01-10,10:00,Celtic,Dundee United,4,0,4-0,finished,22,,thestatsapi,2.44,0.33,11,3,22,3,8,0,12,5,1,0,,
comp_6387,Scottish Premiership,2026-01-06,15:00,Rangers,Aberdeen,2,0,2-0,finished,11,,thestatsapi,1.81,1.05,7,4,22,9,8,3,11,12,0,2,,
comp_6387,Scottish Premiership,2026-01-03,10:00,Falkirk FC,Aberdeen,1,0,1-0,finished,21,,thestatsapi,2.11,0.63,5,4,21,7,7,0,9,21,2,4,,
comp_6387,Scottish Premiership,2026-01-03,10:00,Motherwell,St. Mirren,2,0,2-0,finished,21,,thestatsapi,1.76,0.52,9,8,15,9,8,2,10,13,0,4,,
comp_6387,Scottish Premiership,2026-01-03,10:00,Kilmarnock,Hibernian,1,3,1-3,finished,21,,thestatsapi,0.7,2.65,5,3,8,15,1,9,13,13,3,3,,
comp_6387,Scottish Premiership,2026-01-03,10:00,Heart of Midlothian,Livingston,1,0,1-0,finished,21,,thestatsapi,2.14,0.61,7,3,17,10,3,2,5,15,0,3,,
comp_6387,Scottish Premiership,2026-01-03,10:00,Dundee United,Dundee FC,0,1,0-1,finished,21,,thestatsapi,1.78,2.52,8,2,22,16,5,3,12,7,2,1,,
comp_6387,Scottish Premiership,2026-01-03,07:30,Celtic,Rangers,1,3,1-3,finished,21,,thestatsapi,1.73,1.4,8,5,21,9,9,4,13,13,0,3,,
comp_6387,Scottish Premiership,2025-12-30,15:00,Motherwell,Celtic,2,0,2-0,finished,20,,thestatsapi,1.41,0.66,1,3,11,8,6,3,7,14,0,4,,
comp_6387,Scottish Premiership,2025-12-30,14:45,Rangers,St. Mirren,2,1,2-1,finished,20,,thestatsapi,1.89,1.68,5,4,16,10,5,4,8,14,1,2,,
comp_6387,Scottish Premiership,2025-12-30,14:45,Hibernian,Aberdeen,2,0,2-0,finished,20,,thestatsapi,1.65,0.54,4,5,20,8,5,2,8,14,1,2,,
comp_6387,Scottish Premiership,2025-12-30,14:45,Livingston,Dundee United,1,3,1-3,finished,20,,thestatsapi,0.45,3.24,2,7,10,22,6,10,11,11,4,0,,
comp_6387,Scottish Premiership,2025-12-30,14:45,Dundee FC,Kilmarnock,2,1,2-1,finished,20,,thestatsapi,2.23,1.27,7,5,26,8,6,4,12,17,2,4,,
comp_6387,Scottish Premiership,2025-12-27,12:45,Aberdeen,Dundee United,1,1,1-1,finished,19,,thestatsapi,1.48,0.99,9,5,14,13,6,3,8,18,2,3,,
comp_6387,Scottish Premiership,2025-12-27,10:00,Rangers,Motherwell,1,0,1-0,finished,19,,thestatsapi,3.67,0.62,5,1,28,12,13,5,15,11,3,1,,
comp_6387,Scottish Premiership,2025-12-27,10:00,Dundee FC,Falkirk FC,1,0,1-0,finished,19,,thestatsapi,1.52,1,1,9,10,23,4,1,11,20,3,2,,
comp_6387,Scottish Premiership,2025-12-27,10:00,St. Mirren,Kilmarnock,0,0,0-0,finished,19,,thestatsapi,1.96,0.52,11,4,19,11,7,3,9,8,1,0,,
comp_6387,Scottish Premiership,2025-12-27,10:00,Livingston,Celtic,2,4,2-4,finished,19,,thestatsapi,0.88,2.7,11,4,13,18,3,7,14,6,1,0,,
comp_6387,Scottish Premiership,2025-12-27,07:30,Hibernian,Heart of Midlothian,3,2,3-2,finished,19,,thestatsapi,0.88,1.91,3,8,12,16,7,7,18,10,1,0,,
comp_6387,Scottish Premiership,2025-12-21,10:00,Celtic,Aberdeen,3,1,3-1,finished,18,,thestatsapi,4.87,0.91,8,4,31,10,10,2,12,13,1,2,,
comp_6387,Scottish Premiership,2025-12-21,08:30,Heart of Midlothian,Rangers,2,1,2-1,finished,18,,thestatsapi,1.5,0.94,6,10,14,11,5,2,12,10,2,1,,
comp_6387,Scottish Premiership,2025-12-20,10:00,Motherwell,Dundee FC,1,0,1-0,finished,18,,thestatsapi,1.64,0.12,2,3,16,5,7,2,12,13,1,2,,
comp_6387,Scottish Premiership,2025-12-20,10:00,St. Mirren,Livingston,1,0,1-0,finished,18,,thestatsapi,1.89,0.06,7,4,16,5,4,1,9,13,0,1,,
comp_6387,Scottish Premiership,2025-12-20,10:00,Dundee United,Hibernian,1,1,1-1,finished,18,,thestatsapi,0.82,1.26,5,7,12,23,2,5,10,7,2,2,,
comp_6387,Scottish Premiership,2025-12-20,10:00,Kilmarnock,Falkirk FC,0,1,0-1,finished,18,,thestatsapi,0.87,1.46,2,2,15,10,3,4,11,12,2,1,,
comp_6387,Scottish Premiership,2025-12-17,15:00,Dundee United,Celtic,2,1,2-1,finished,11,,thestatsapi,1.45,3.2,7,6,16,17,7,2,10,3,2,1,,
comp_6387,Scottish Premiership,2025-12-15,14:45,Rangers,Hibernian,1,0,1-0,finished,17,,thestatsapi,1.84,0.53,5,5,19,8,8,3,17,14,1,3,,
comp_6387,Scottish Premiership,2025-12-14,10:00,Aberdeen,Kilmarnock,2,1,2-1,finished,17,,thestatsapi,3.53,1.02,9,3,21,8,8,5,10,14,2,5,,
comp_6387,Scottish Premiership,2025-12-13,15:00,Falkirk FC,Heart of Midlothian,0,2,0-2,finished,20,,thestatsapi,1.03,1.5,3,7,6,13,1,5,11,9,2,2,,
comp_6387,Scottish Premiership,2025-12-13,10:00,Livingston,Dundee FC,2,2,2-2,finished,17,,thestatsapi,0.69,1.01,7,0,15,6,6,3,23,13,2,2,,
comp_6387,Scottish Premiership,2025-12-13,10:00,Dundee United,Motherwell,0,0,0-0,finished,17,,thestatsapi,0.52,0.99,1,4,9,13,1,3,19,13,3,3,,
comp_6387,Scottish Premiership,2025-12-07,10:00,Celtic,Heart of Midlothian,1,2,1-2,finished,16,,thestatsapi,1.86,0.5,5,3,15,8,5,3,9,11,1,3,,
comp_6387,Scottish Premiership,2025-12-06,15:00,Kilmarnock,Rangers,0,3,0-3,finished,16,,thestatsapi,0.66,0.75,7,2,15,11,3,6,17,11,2,2,,
comp_6387,Scottish Premiership,2025-12-06,10:00,St. Mirren,Dundee United,2,0,2-0,finished,16,,thestatsapi,2.01,0.53,3,2,13,13,5,3,14,5,2,2,,
comp_6387,Scottish Premiership,2025-12-06,10:00,Motherwell,Livingston,3,0,3-0,finished,16,,thestatsapi,2.74,1.14,4,5,14,12,7,1,9,19,1,3,,
comp_6387,Scottish Premiership,2025-12-06,10:00,Hibernian,Falkirk FC,3,0,3-0,finished,16,,thestatsapi,2.06,1.15,10,4,10,8,5,4,13,9,1,4,,
comp_6387,Scottish Premiership,2025-12-06,10:00,Dundee FC,Aberdeen,1,3,1-3,finished,16,,thestatsapi,1.12,1.84,6,4,15,20,2,8,8,13,2,1,,
comp_6387,Scottish Premiership,2025-12-03,14:45,Heart of Midlothian,Kilmarnock,1,1,1-1,finished,15,,thestatsapi,2.19,1.75,9,1,17,11,3,5,4,11,1,2,,
comp_6387,Scottish Premiership,2025-12-03,14:45,Celtic,Dundee FC,1,0,1-0,finished,15,,thestatsapi,1.89,0.18,6,0,17,4,6,3,13,4,3,0,,
comp_6387,Scottish Premiership,2025-12-03,14:45,Falkirk FC,Motherwell,0,0,0-0,finished,15,,thestatsapi,0.57,0.47,6,3,14,7,1,1,13,15,2,0,,
comp_6387,Scottish Premiership,2025-12-03,14:45,Dundee United,Rangers,2,2,2-2,finished,15,,thestatsapi,1.38,4.39,8,9,13,32,6,10,13,6,3,3,,
comp_6387,Scottish Premiership,2025-12-03,14:45,Aberdeen,St. Mirren,3,3,3-3,finished,15,,thestatsapi,2.12,1.83,8,6,18,15,8,4,11,16,0,1,,
comp_6387,Scottish Premiership,2025-11-30,10:00,Livingston,Aberdeen,0,1,0-1,finished,14,,thestatsapi,0.75,1.12,7,4,15,14,3,4,12,15,1,1,,
comp_6387,Scottish Premiership,2025-11-30,09:00,Rangers,Falkirk FC,0,0,0-0,finished,14,,thestatsapi,1.07,0.14,4,5,14,5,4,2,11,17,0,3,,
comp_6387,Scottish Premiership,2025-11-30,07:00,Hibernian,Celtic,1,2,1-2,finished,14,,thestatsapi,1.66,0.9,4,3,9,6,4,2,9,18,3,3,,
comp_6387,Scottish Premiership,2025-11-29,12:45,Kilmarnock,Dundee United,1,1,1-1,finished,14,,thestatsapi,1.83,1.49,3,3,11,11,3,3,16,15,3,2,,
comp_6387,Scottish Premiership,2025-11-29,10:00,Motherwell,Heart of Midlothian,0,0,0-0,finished,14,,thestatsapi,0.66,0.41,3,4,9,9,5,1,4,14,2,4,,
comp_6387,Scottish Premiership,2025-11-29,10:00,Dundee FC,St. Mirren,3,1,3-1,finished,14,,thestatsapi,0.65,1.25,1,11,8,19,4,3,6,14,0,2,,
comp_6387,Scottish Premiership,2025-11-25,14:45,Motherwell,Hibernian,2,0,2-0,finished,11,,thestatsapi,2.14,0.77,0,2,16,2,5,1,13,17,0,1,,
comp_6387,Scottish Premiership,2025-11-23,10:00,Aberdeen,Heart of Midlothian,1,0,1-0,finished,13,,thestatsapi,0.63,2.81,6,3,6,16,2,4,20,15,3,4,,
comp_6387,Scottish Premiership,2025-11-22,15:00,St. Mirren,Celtic,0,1,0-1,finished,13,,thestatsapi,1.53,0.88,2,4,13,16,2,2,10,8,2,1,,
comp_6387,Scottish Premiership,2025-11-22,10:00,Rangers,Livingston,2,1,2-1,finished,13,,thestatsapi,1.16,1.48,2,1,9,9,2,2,12,16,2,4,,
comp_6387,Scottish Premiership,2025-11-22,10:00,Hibernian,Dundee FC,2,0,2-0,finished,13,,thestatsapi,2.31,1.46,8,3,17,7,5,4,9,11,2,1,,
comp_6387,Scottish Premiership,2025-11-22,10:00,Kilmarnock,Motherwell,1,3,1-3,finished,13,,thestatsapi,1.29,1.72,3,3,18,12,6,5,15,12,1,5,,
comp_6387,Scottish Premiership,2025-11-22,10:00,Dundee United,Falkirk FC,0,3,0-3,finished,13,,thestatsapi,1.6,1.97,5,5,13,16,5,4,23,9,3,3,,
comp_6387,Scottish Premiership,2025-11-09,11:00,Celtic,Kilmarnock,4,0,4-0,finished,12,,thestatsapi,3,0.65,8,7,21,3,7,1,14,4,2,2,,
comp_6387,Scottish Premiership,2025-11-09,10:00,Heart of Midlothian,Dundee United,1,1,1-1,finished,12,,thestatsapi,0.68,0.46,4,3,11,7,2,3,18,15,2,4,,
comp_6387,Scottish Premiership,2025-11-09,10:00,Dundee FC,Rangers,0,3,0-3,finished,12,,thestatsapi,0.53,1.26,4,6,10,15,5,10,11,11,0,1,,
comp_6387,Scottish Premiership,2025-11-09,10:00,Aberdeen,Motherwell,1,1,1-1,finished,12,,thestatsapi,0.33,1.3,4,6,6,10,2,3,15,12,3,1,,
comp_6387,Scottish Premiership,2025-11-08,12:45,St. Mirren,Hibernian,0,3,0-3,finished,12,,thestatsapi,0.6,1.3,5,6,9,15,4,5,13,12,4,1,,
comp_6387,Scottish Premiership,2025-11-08,10:00,Falkirk FC,Livingston,1,1,1-1,finished,12,,thestatsapi,1.56,1,6,1,12,11,2,5,19,14,3,2,,
comp_6387,Scottish Premiership,2025-11-01,10:00,Livingston,Hibernian,2,2,2-2,finished,15,,thestatsapi,2.69,0.78,6,1,10,7,5,5,16,13,2,1,,
comp_6387,Scottish Premiership,2025-11-01,10:00,Falkirk FC,Kilmarnock,3,1,3-1,finished,11,,thestatsapi,1.86,0.65,2,6,12,9,7,5,15,14,0,1,,
comp_6387,Scottish Premiership,2025-11-01,10:00,Heart of Midlothian,Dundee FC,4,0,4-0,finished,11,,thestatsapi,2.73,0.27,6,2,17,5,10,0,8,17,0,2,,
comp_6387,Scottish Premiership,2025-10-29,14:45,Motherwell,Dundee United,2,0,2-0,finished,10,,thestatsapi,1.08,0.48,4,2,10,9,5,1,9,21,1,2,,
comp_6387,Scottish Premiership,2025-10-29,14:45,Hibernian,Rangers,0,1,0-1,finished,10,,thestatsapi,2.01,0.52,5,4,7,7,4,3,14,16,2,3,,
comp_6387,Scottish Premiership,2025-10-29,14:45,Kilmarnock,Aberdeen,0,1,0-1,finished,10,,thestatsapi,1.36,0.61,7,2,14,6,4,3,12,17,4,6,,
comp_6387,Scottish Premiership,2025-10-29,14:45,St. Mirren,Heart of Midlothian,2,2,2-2,finished,10,,thestatsapi,1.01,1.57,6,7,12,20,6,8,9,11,2,2,,
comp_6387,Scottish Premiership,2025-10-29,14:45,Celtic,Falkirk FC,4,0,4-0,finished,10,,thestatsapi,4.18,0.5,6,3,26,8,11,4,14,12,1,2,,
comp_6387,Scottish Premiership,2025-10-26,10:00,Rangers,Kilmarnock,3,1,3-1,finished,9,,thestatsapi,0.95,0.69,9,2,14,7,6,3,9,13,1,2,,
comp_6387,Scottish Premiership,2025-10-26,09:30,Aberdeen,Hibernian,1,2,1-2,finished,9,,thestatsapi,1.64,3.1,6,3,17,19,5,7,13,11,0,2,,
comp_6387,Scottish Premiership,2025-10-26,07:00,Heart of Midlothian,Celtic,3,1,3-1,finished,9,,thestatsapi,2.04,1.21,5,9,12,8,7,2,11,10,4,1,,
comp_6387,Scottish Premiership,2025-10-25,09:00,Livingston,Motherwell,1,2,1-2,finished,9,,thestatsapi,2.86,2.26,0,3,11,15,4,2,18,11,2,2,,
comp_6387,Scottish Premiership,2025-10-25,09:00,Falkirk FC,Dundee FC,2,1,2-1,finished,9,,thestatsapi,1.36,1.37,5,3,12,13,5,3,11,12,2,2,,
comp_6387,Scottish Premiership,2025-10-25,09:00,Dundee United,St. Mirren,3,1,3-1,finished,9,,thestatsapi,2.47,1.36,4,12,13,23,5,3,7,10,1,1,,
comp_6387,Scottish Premiership,2025-10-19,06:00,Dundee FC,Celtic,2,0,2-0,finished,8,,thestatsapi,1.3,2.7,2,12,10,23,2,3,0,0,2,2,,
comp_6387,Scottish Premiership,2025-10-18,11:45,Kilmarnock,Heart of Midlothian,0,3,0-3,finished,8,,thestatsapi,0.26,2.85,4,5,7,19,2,5,16,12,2,2,,
comp_6387,Scottish Premiership,2025-10-18,09:00,Rangers,Dundee United,2,2,2-2,finished,8,,thestatsapi,1.62,1.34,7,2,29,10,8,4,12,14,0,4,,
comp_6387,Scottish Premiership,2025-10-18,09:00,St. Mirren,Aberdeen,0,1,0-1,finished,8,,thestatsapi,0.48,1.83,5,2,9,17,1,4,11,13,2,4,,
comp_6387,Scottish Premiership,2025-10-18,09:00,Motherwell,Falkirk FC,1,2,1-2,finished,8,,thestatsapi,0.94,1.52,6,4,15,9,5,5,14,19,1,5,,
comp_6387,Scottish Premiership,2025-10-18,09:00,Hibernian,Livingston,4,0,4-0,finished,8,,thestatsapi,2.92,0.43,7,10,23,8,12,2,0,0,1,2,,
comp_6387,Scottish Premiership,2025-10-05,09:00,Falkirk FC,Rangers,1,1,1-1,finished,7,,thestatsapi,1.32,1.09,7,6,16,11,4,2,15,16,1,4,,
comp_6387,Scottish Premiership,2025-10-05,09:00,Aberdeen,Dundee FC,4,0,4-0,finished,7,,thestatsapi,2.95,0.35,11,2,20,8,9,2,15,7,1,0,,
comp_6387,Scottish Premiership,2025-10-05,09:00,Celtic,Motherwell,3,2,3-2,finished,7,,thestatsapi,2.62,1.39,10,0,16,5,9,3,17,11,2,0,,
comp_6387,Scottish Premiership,2025-10-04,11:45,Heart of Midlothian,Hibernian,1,0,1-0,finished,7,,thestatsapi,0.8,0.43,4,2,11,5,3,1,10,10,2,1,,
comp_6387,Scottish Premiership,2025-10-04,09:00,Kilmarnock,St. Mirren,2,0,2-0,finished,7,,thestatsapi,1.96,0.43,4,9,9,7,5,0,8,21,1,2,,
comp_6387,Scottish Premiership,2025-10-04,09:00,Dundee United,Livingston,1,1,1-1,finished,7,,thestatsapi,2.13,1.26,4,5,19,7,6,4,16,11,1,1,,
comp_6387,Scottish Premiership,2025-09-28,09:00,Livingston,Rangers,1,2,1-2,finished,6,,thestatsapi,0.74,2.38,4,8,9,15,3,7,18,11,4,1,,
comp_6387,Scottish Premiership,2025-09-27,11:45,Motherwell,Aberdeen,2,0,2-0,finished,6,,thestatsapi,2.03,1,3,4,10,10,3,4,10,18,0,3,,
comp_6387,Scottish Premiership,2025-09-27,09:00,St. Mirren,Dundee FC,1,0,1-0,finished,6,,thestatsapi,0.74,0.62,5,5,10,11,4,4,12,7,3,2,,
comp_6387,Scottish Premiership,2025-09-27,09:00,Heart of Midlothian,Falkirk FC,3,0,3-0,finished,6,,thestatsapi,1.94,0.67,9,5,20,10,10,3,7,11,0,1,,
comp_6387,Scottish Premiership,2025-09-27,09:00,Dundee United,Kilmarnock,0,2,0-2,finished,6,,thestatsapi,2.21,1.49,9,6,18,17,7,7,8,12,4,2,,
comp_6387,Scottish Premiership,2025-09-27,09:00,Celtic,Hibernian,0,0,0-0,finished,6,,thestatsapi,2.35,0.78,7,2,26,4,6,1,16,1,2,1,,
comp_6387,Scottish Premiership,2025-09-23,13:45,Falkirk FC,Hibernian,2,2,2-2,finished,3,,thestatsapi,1.18,2.43,5,5,7,16,6,8,11,13,2,2,,
comp_6387,Scottish Premiership,2025-09-23,13:45,Dundee United,Aberdeen,2,0,2-0,finished,3,,thestatsapi,1.33,1.33,11,3,15,16,5,2,11,11,2,1,,
comp_6387,Scottish Premiership,2025-09-20,09:00,Dundee FC,Livingston,3,2,3-2,finished,10,,thestatsapi,2.74,1.51,8,3,11,10,4,6,10,12,1,3,,
comp_6387,Scottish Premiership,2025-09-14,09:00,Kilmarnock,Celtic,1,2,1-2,finished,5,,thestatsapi,1.32,2.83,6,7,12,21,2,6,10,10,2,3,,
comp_6387,Scottish Premiership,2025-09-13,11:45,Hibernian,Dundee United,3,3,3-3,finished,5,,thestatsapi,3.05,1.78,6,4,27,13,12,9,11,20,2,4,,
comp_6387,Scottish Premiership,2025-09-13,09:00,Rangers,Heart of Midlothian,0,2,0-2,finished,5,,thestatsapi,1.1,1.77,9,2,14,12,5,5,13,9,2,1,,
comp_6387,Scottish Premiership,2025-09-13,09:00,Dundee FC,Motherwell,1,1,1-1,finished,5,,thestatsapi,0.82,2.28,2,6,7,16,4,4,7,12,1,1,,
comp_6387,Scottish Premiership,2025-09-13,09:00,Falkirk FC,St. Mirren,1,2,1-2,finished,5,,thestatsapi,0.7,1.57,4,2,10,13,2,5,6,13,1,2,,
comp_6387,Scottish Premiership,2025-09-13,09:00,Aberdeen,Livingston,0,0,0-0,finished,5,,thestatsapi,1.22,0.56,6,6,16,6,2,2,14,17,4,3,,
comp_6387,Scottish Premiership,2025-08-31,09:00,Aberdeen,Falkirk FC,0,1,0-1,finished,4,,thestatsapi,0.96,1.26,5,6,12,19,4,9,16,13,3,5,,
comp_6387,Scottish Premiership,2025-08-31,09:00,Hibernian,St. Mirren,1,1,1-1,finished,4,,thestatsapi,2.42,0.84,10,7,17,10,5,4,7,7,1,1,,
comp_6387,Scottish Premiership,2025-08-31,08:00,Dundee FC,Dundee United,0,2,0-2,finished,4,,thestatsapi,0.12,0.91,3,2,5,10,1,5,8,10,0,1,,
comp_6387,Scottish Premiership,2025-08-31,06:00,Rangers,Celtic,0,0,0-0,finished,4,,thestatsapi,0.15,0.19,8,1,4,5,0,2,17,17,3,0,,
comp_6387,Scottish Premiership,2025-08-30,09:00,Motherwell,Kilmarnock,2,2,2-2,finished,4,,thestatsapi,1.68,1.2,9,0,15,7,4,5,17,18,2,5,,
comp_6387,Scottish Premiership,2025-08-30,09:00,Livingston,Heart of Midlothian,1,2,1-2,finished,4,,thestatsapi,0.5,1.33,5,9,6,14,2,3,16,16,7,2,,
comp_6387,Scottish Premiership,2025-08-24,06:00,St. Mirren,Rangers,1,1,1-1,finished,3,,thestatsapi,1.01,1.56,6,6,13,13,4,6,17,8,3,3,,
comp_6387,Scottish Premiership,2025-08-23,09:00,Kilmarnock,Dundee FC,0,0,0-0,finished,3,,thestatsapi,1.11,0.26,7,3,12,6,5,1,17,13,3,3,,
comp_6387,Scottish Premiership,2025-08-23,09:00,Celtic,Livingston,3,0,3-0,finished,3,,thestatsapi,3,0.24,10,4,19,6,9,2,12,8,0,1,,
comp_6387,Scottish Premiership,2025-08-23,09:00,Heart of Midlothian,Motherwell,3,3,3-3,finished,3,,thestatsapi,2.18,1.52,9,3,19,9,9,3,14,19,3,2,,
comp_6387,Scottish Premiership,2025-08-10,09:00,Hibernian,Kilmarnock,2,2,2-2,finished,2,,thestatsapi,1.77,0.94,4,7,12,10,6,2,10,15,1,2,,
comp_6387,Scottish Premiership,2025-08-10,09:00,Dundee United,Heart of Midlothian,2,3,2-3,finished,2,,thestatsapi,0.71,1.87,2,9,13,16,5,8,14,11,3,4,,
comp_6387,Scottish Premiership,2025-08-10,06:30,Aberdeen,Celtic,0,2,0-2,finished,2,,thestatsapi,0.55,1.16,1,6,6,13,2,4,15,11,2,3,,
comp_6387,Scottish Premiership,2025-08-09,11:45,Rangers,Dundee FC,1,1,1-1,finished,2,,thestatsapi,1.97,0.34,7,4,20,7,5,2,13,4,2,1,,
comp_6387,Scottish Premiership,2025-08-09,09:00,Livingston,Falkirk FC,3,1,3-1,finished,2,,thestatsapi,1.59,0.79,4,5,8,8,5,3,23,15,4,2,,
comp_6387,Scottish Premiership,2025-08-09,09:00,St. Mirren,Motherwell,0,0,0-0,finished,2,,thestatsapi,1.31,0.53,7,4,9,7,4,3,16,4,5,1,,
comp_6387,Scottish Premiership,2025-08-04,14:00,Heart of Midlothian,Aberdeen,2,0,2-0,finished,1,,thestatsapi,1.02,1.4,3,3,13,11,3,1,19,18,3,2,,
comp_6387,Scottish Premiership,2025-08-03,10:30,Celtic,St. Mirren,1,0,1-0,finished,1,,thestatsapi,1.4,0.27,12,1,14,4,6,2,10,6,2,1,,
comp_6387,Scottish Premiership,2025-08-03,09:00,Dundee FC,Hibernian,1,2,1-2,finished,1,,thestatsapi,0.13,1.42,3,11,2,15,1,5,6,8,3,1,,
comp_6387,Scottish Premiership,2025-08-03,08:00,Falkirk FC,Dundee United,2,2,2-2,finished,1,,thestatsapi,2.02,1.19,2,4,14,11,4,5,9,13,1,5,,
comp_6387,Scottish Premiership,2025-08-02,11:30,Motherwell,Rangers,1,1,1-1,finished,1,,thestatsapi,2.13,0.83,1,12,17,15,5,5,11,13,1,4,,
comp_6387,Scottish Premiership,2025-08-02,09:00,Kilmarnock,Livingston,2,2,2-2,finished,1,,thestatsapi,0.91,1.83,3,5,8,15,2,6,11,14,2,2,,
comp_3498,UEFA Champions League,2026-07-15,14:00,KF Egnatia,FC Petrocub Hîncesti,6,1,6-1,finished,1,qualifying,thestatsapi,,,,,,,,,,,,,,
comp_3498,UEFA Champions League,2026-07-15,14:00,FK Sutjeska Nikšić,Kairat Almaty,0,2,0-2,finished,1,qualifying,thestatsapi,,,,,,,,,,,,,,
comp_3498,UEFA Champions League,2026-07-15,13:15,Atert Bissen,Klaksvíkar Ítróttarfelag,1,2,1-2,finished,1,qualifying,thestatsapi,,,,,,,,,,,,,,
comp_3498,UEFA Champions League,2026-07-15,12:30,Universitatea Craiova,ML Vitebsk,1,0,1-0,finished,1,qualifying,thestatsapi,,,,,,,,,,,,,,
comp_3498,UEFA Champions League,2026-07-14,14:00,Larne FC,SP Tre Fiori,2,1,2-1,finished,1,qualifying,thestatsapi,,,,,,,,,,,,,,
comp_3498,UEFA Champions League,2026-07-14,14:00,Shamrock Rovers,Floriana FC,5,1,5-1,finished,1,qualifying,thestatsapi,,,,,,,,,,,,,,
comp_3498,UEFA Champions League,2026-07-14,13:00,FC Drita,FK Kauno Žalgiris,2,3,2-3,finished,1,qualifying,thestatsapi,,,,,,,,,,,,,,
comp_3498,UEFA Champions League,2026-07-14,12:30,The New Saints,Sabah FK,1,2,1-2,finished,1,qualifying,thestatsapi,,,,,,,,,,,,,,
comp_3498,UEFA Champions League,2026-07-14,12:30,Levski Sofia,FK Borac Banja Luka,4,0,4-0,finished,1,qualifying,thestatsapi,,,,,,,,,,,,,,
comp_3498,UEFA Champions League,2026-07-14,12:00,Riga FC,FC Ararat-Armenia,3,2,3-2,finished,1,qualifying,thestatsapi,,,,,,,,,,,,,,
comp_3498,UEFA Champions League,2026-07-14,12:00,ETO FC Győr,Víkingur Reykjavík,2,2,2-2,finished,1,qualifying,thestatsapi,,,5,4,12,10,2,2,9,9,6,2,,
comp_3498,UEFA Champions League,2026-07-14,11:00,Inter Club d'Escaldes,Lincoln Red Imps,1,1,1-1,finished,1,qualifying,thestatsapi,,,,,,,,,,,,,,
comp_3498,UEFA Champions League,2026-07-14,11:00,FC Iberia 1999,Flora Tallinn,2,2,2-2,finished,1,qualifying,thestatsapi,,,,,,,,,,,,,,
comp_3498,UEFA Champions League,2026-07-14,10:00,KuPS,FK Vardar Skopje,0,2,0-2,finished,1,qualifying,thestatsapi,,,,,,,,,,,,,,
comp_3498,UEFA Champions League,2026-07-08,12:00,FC Petrocub Hîncesti,KF Egnatia,1,1,1-1,finished,1,qualifying,thestatsapi,,,,,,,,,,,,,,
comp_3498,UEFA Champions League,2026-07-08,12:00,ML Vitebsk,Universitatea Craiova,1,4,1-4,finished,1,qualifying,thestatsapi,,,,,,,,,,,,,,
comp_3498,UEFA Champions League,2026-07-08,11:00,Flora Tallinn,FC Iberia 1999,2,3,2-3,finished,1,qualifying,thestatsapi,,,,,,,,,,,,,,
comp_3498,UEFA Champions League,2026-07-08,10:00,Kairat Almaty,FK Sutjeska Nikšić,2,1,2-1,finished,1,qualifying,thestatsapi,,,,,,,,,,,,,,
comp_3498,UEFA Champions League,2026-07-07,14:00,Víkingur Reykjavík,ETO FC Győr,1,0,1-0,finished,1,qualifying,thestatsapi,,,,,,,,,,,,,,
comp_3498,UEFA Champions League,2026-07-07,13:45,Klaksvíkar Ítróttarfelag,Atert Bissen,2,1,2-1,finished,1,qualifying,thestatsapi,,,,,,,,,,,,,,
comp_3498,UEFA Champions League,2026-07-07,13:30,FK Borac Banja Luka,Levski Sofia,1,1,1-1,finished,1,qualifying,thestatsapi,,,,,,,,,,,,,,
comp_3498,UEFA Champions League,2026-07-07,13:30,SP Tre Fiori,Larne FC,0,1,0-1,finished,1,qualifying,thestatsapi,,,,,,,,,,,,,,
comp_3498,UEFA Champions League,2026-07-07,12:30,Floriana FC,Shamrock Rovers,2,0,2-0,finished,1,qualifying,thestatsapi,,,,,,,,,,,,,,
comp_3498,UEFA Champions League,2026-07-07,12:00,FK Vardar Skopje,KuPS,0,2,0-2,finished,1,qualifying,thestatsapi,,,,,,,,,,,,,,
comp_3498,UEFA Champions League,2026-07-07,11:00,FK Kauno Žalgiris,FC Drita,1,1,1-1,finished,1,qualifying,thestatsapi,,,,,,,,,,,,,,
comp_3498,UEFA Champions League,2026-07-07,11:00,FC Ararat-Armenia,Riga FC,2,0,2-0,finished,1,qualifying,thestatsapi,,,,,,,,,,,,,,
comp_3498,UEFA Champions League,2026-07-07,11:00,Sabah FK,The New Saints,2,0,2-0,finished,1,qualifying,thestatsapi,,,,,,,,,,,,,,
comp_3498,UEFA Champions League,2026-07-07,11:00,Lincoln Red Imps,Inter Club d'Escaldes,3,1,3-1,finished,1,qualifying,thestatsapi,,,,,,,,,,,,,,
comp_3498,UEFA Champions League,2026-05-30,11:00,Paris Saint-Germain,Arsenal,1,1,1-1,finished,29,final,thestatsapi,1.72,0.51,11,3,21,7,4,1,11,17,2,4,,
comp_3498,UEFA Champions League,2026-05-06,14:00,FC Bayern München,Paris Saint-Germain,1,1,1-1,finished,28,semi_final,thestatsapi,1.41,1.06,1,8,18,15,6,7,11,12,3,3,,
comp_3498,UEFA Champions League,2026-05-05,14:00,Arsenal,Atlético Madrid,1,0,1-0,finished,28,semi_final,thestatsapi,1.56,0.99,5,2,13,9,2,2,10,13,1,2,,
comp_3498,UEFA Champions League,2026-04-29,14:00,Atlético Madrid,Arsenal,1,1,1-1,finished,28,semi_final,thestatsapi,2.21,1.51,6,1,18,11,4,2,7,11,1,0,,
comp_3498,UEFA Champions League,2026-04-28,14:00,Paris Saint-Germain,FC Bayern München,5,4,5-4,finished,28,semi_final,thestatsapi,1.9,3.06,2,5,12,10,5,8,14,4,3,0,,
comp_3498,UEFA Champions League,2026-04-15,14:00,Arsenal,Sporting,0,0,0-0,finished,27,quarter_final,thestatsapi,0.64,0.29,8,3,15,8,1,1,7,11,0,1,,
comp_3498,UEFA Champions League,2026-04-15,14:00,FC Bayern München,Real Madrid,4,3,4-3,finished,27,quarter_final,thestatsapi,2.14,2.25,9,2,21,12,9,5,10,12,1,7,,
comp_3498,UEFA Champions League,2026-04-14,14:00,Atlético Madrid,Barcelona,1,2,1-2,finished,27,quarter_final,thestatsapi,1.77,2.22,2,4,15,15,5,8,15,8,0,1,,
comp_3498,UEFA Champions League,2026-04-14,14:00,Liverpool,Paris Saint-Germain,0,2,0-2,finished,27,quarter_final,thestatsapi,1.97,1.09,8,2,21,12,5,6,9,10,2,0,,
comp_3498,UEFA Champions League,2026-04-08,14:00,Barcelona,Atlético Madrid,0,2,0-2,finished,27,quarter_final,thestatsapi,1.1,0.44,7,1,18,5,7,3,6,17,2,3,,
comp_3498,UEFA Champions League,2026-04-08,14:00,Paris Saint-Germain,Liverpool,2,0,2-0,finished,27,quarter_final,thestatsapi,2.35,0.17,3,1,18,3,6,0,8,12,0,2,,
comp_3498,UEFA Champions League,2026-04-07,14:00,Sporting,Arsenal,0,1,0-1,finished,27,quarter_final,thestatsapi,0.71,1.33,3,4,11,8,5,4,11,10,1,0,,
comp_3498,UEFA Champions League,2026-04-07,14:00,Real Madrid,FC Bayern München,1,2,1-2,finished,27,quarter_final,thestatsapi,2.2,2.92,8,11,20,20,9,8,12,12,1,4,,
comp_3498,UEFA Champions League,2026-03-18,15:00,FC Bayern München,Atalanta,4,1,4-1,finished,5,round_of_16,thestatsapi,3.61,2.3,6,3,25,14,8,8,8,4,0,0,,
comp_3498,UEFA Champions League,2026-03-18,15:00,Tottenham Hotspur,Atlético Madrid,3,2,3-2,finished,5,round_of_16,thestatsapi,2.45,1.04,7,7,18,18,11,6,16,8,4,3,,
comp_3498,UEFA Champions League,2026-03-18,15:00,Liverpool,Galatasaray,4,0,4-0,finished,5,round_of_16,thestatsapi,5.02,0.18,6,2,32,4,16,1,15,7,0,0,,
comp_3498,UEFA Champions League,2026-03-18,12:45,Barcelona,Newcastle United,7,2,7-2,finished,5,round_of_16,thestatsapi,4.29,1.52,6,2,18,8,13,5,9,13,1,3,,
comp_3498,UEFA Champions League,2026-03-17,15:00,Arsenal,Bayer 04 Leverkusen,2,0,2-0,finished,5,round_of_16,thestatsapi,1.75,0.52,10,8,21,9,12,2,4,8,0,1,,
comp_3498,UEFA Champions League,2026-03-17,15:00,Chelsea,Paris Saint-Germain,0,3,0-3,finished,5,round_of_16,thestatsapi,1.03,1.09,9,3,18,8,9,5,8,10,0,0,,
comp_3498,UEFA Champions League,2026-03-17,15:00,Manchester City,Real Madrid,1,2,1-2,finished,5,round_of_16,thestatsapi,1.91,2.93,9,6,22,14,8,7,6,7,1,2,,
comp_3498,UEFA Champions League,2026-03-17,12:45,Sporting,Bodø/Glimt,3,0,3-0,finished,5,round_of_16,thestatsapi,3.35,0.54,16,4,38,9,14,3,17,11,3,4,,
comp_3498,UEFA Champions League,2026-03-11,15:00,Paris Saint-Germain,Chelsea,5,2,5-2,finished,5,round_of_16,thestatsapi,0.87,1.53,2,3,9,9,8,4,14,7,1,0,,
comp_3498,UEFA Champions League,2026-03-11,15:00,Bodø/Glimt,Sporting,3,0,3-0,finished,5,round_of_16,thestatsapi,2.46,0.51,4,5,10,9,5,2,15,11,2,1,,
comp_3498,UEFA Champions League,2026-03-11,15:00,Real Madrid,Manchester City,3,0,3-0,finished,5,round_of_16,thestatsapi,2.59,0.56,1,10,12,8,7,4,11,13,0,2,,
comp_3498,UEFA Champions League,2026-03-11,12:45,Bayer 04 Leverkusen,Arsenal,1,1,1-1,finished,5,round_of_16,thestatsapi,0.88,1.65,2,3,10,6,3,2,9,10,4,3,,
comp_3498,UEFA Champions League,2026-03-10,15:00,Atalanta,FC Bayern München,1,6,1-6,finished,5,round_of_16,thestatsapi,1.68,4.58,2,7,11,25,3,13,11,11,1,3,,
comp_3498,UEFA Champions League,2026-03-10,15:00,Atlético Madrid,Tottenham Hotspur,5,2,5-2,finished,5,round_of_16,thestatsapi,3.12,1.41,4,2,11,11,7,5,15,12,0,5,,
comp_3498,UEFA Champions League,2026-03-10,15:00,Newcastle United,Barcelona,1,1,1-1,finished,5,round_of_16,thestatsapi,1.37,1.42,9,4,16,9,4,2,14,9,2,1,,
comp_3498,UEFA Champions League,2026-03-10,12:45,Galatasaray,Liverpool,1,0,1-0,finished,5,round_of_16,thestatsapi,1.45,1.3,7,4,15,15,4,6,11,18,1,4,,
comp_3498,UEFA Champions League,2026-02-25,15:00,Juventus,Galatasaray,3,0,3-0,finished,,round_of_16,thestatsapi,5.06,2.01,9,4,28,16,9,8,17,14,3,4,,
comp_3498,UEFA Champions League,2026-02-25,15:00,Real Madrid,Benfica,2,1,2-1,finished,,round_of_16,thestatsapi,1.11,1.98,4,7,14,12,4,4,16,10,2,2,,
comp_3498,UEFA Champions League,2026-02-25,15:00,Paris Saint-Germain,AS Monaco,2,2,2-2,finished,,round_of_16,thestatsapi,2.13,1.33,8,4,21,10,6,4,8,12,1,5,,
comp_3498,UEFA Champions League,2026-02-25,12:45,Atalanta,Borussia Dortmund,4,1,4-1,finished,,round_of_16,thestatsapi,2.61,0.93,5,1,15,7,9,4,17,10,1,5,,
comp_3498,UEFA Champions League,2026-02-24,15:00,Bayer 04 Leverkusen,Olympiacos FC,0,0,0-0,finished,,round_of_16,thestatsapi,0.69,0.21,4,5,7,7,1,1,6,8,0,1,,
comp_3498,UEFA Champions League,2026-02-24,15:00,Inter,Bodø/Glimt,1,2,1-2,finished,,round_of_16,thestatsapi,2.15,1.74,16,1,30,7,7,5,11,9,0,1,,
comp_3498,UEFA Champions League,2026-02-24,15:00,Newcastle United,Qarabağ,3,2,3-2,finished,,round_of_16,thestatsapi,2.78,1.3,9,6,19,13,8,6,10,4,0,1,,
comp_3498,UEFA Champions League,2026-02-24,12:45,Atlético Madrid,Club Brugge KV,4,1,4-1,finished,,round_of_16,thestatsapi,2.32,1.85,2,7,14,11,5,6,5,8,1,2,,
comp_3498,UEFA Champions League,2026-02-18,15:00,Bodø/Glimt,Inter,3,1,3-1,finished,,round_of_16,thestatsapi,1.17,1.35,3,3,8,15,6,4,12,6,1,1,,
comp_3498,UEFA Champions League,2026-02-18,15:00,Club Brugge KV,Atlético Madrid,3,3,3-3,finished,,round_of_16,thestatsapi,2.22,2.36,4,6,17,13,10,4,5,8,1,2,,
comp_3498,UEFA Champions League,2026-02-18,15:00,Olympiacos FC,Bayer 04 Leverkusen,0,2,0-2,finished,,round_of_16,thestatsapi,0.87,1.95,3,3,13,8,1,5,7,9,1,1,,
comp_3498,UEFA Champions League,2026-02-18,12:45,Qarabağ,Newcastle United,1,6,1-6,finished,,round_of_16,thestatsapi,0.46,5.56,8,6,8,22,2,14,10,10,0,1,,
comp_3498,UEFA Champions League,2026-02-17,15:15,Borussia Dortmund,Atalanta,2,0,2-0,finished,,round_of_16,thestatsapi,2.09,0.46,3,2,9,7,2,3,11,13,2,3,,
comp_3498,UEFA Champions League,2026-02-17,15:00,Benfica,Real Madrid,0,1,0-1,finished,,round_of_16,thestatsapi,0.41,1.11,3,6,10,16,3,7,6,9,2,2,,
comp_3498,UEFA Champions League,2026-02-17,15:00,AS Monaco,Paris Saint-Germain,2,3,2-3,finished,,round_of_16,thestatsapi,1.19,2.51,1,8,7,30,4,10,11,4,2,0,,
comp_3498,UEFA Champions League,2026-02-17,12:45,Galatasaray,Juventus,5,2,5-2,finished,,round_of_16,thestatsapi,2.96,1.13,5,5,22,7,9,3,8,18,1,3,,
comp_3498,UEFA Champions League,2026-01-28,15:00,Pafos FC,SK Slavia Praha,4,1,4-1,finished,8,,thestatsapi,1.46,1.62,8,2,17,13,8,3,11,16,2,1,,
comp_3498,UEFA Champions League,2026-01-28,15:00,Royale Union Saint-Gilloise,Atalanta,1,0,1-0,finished,8,,thestatsapi,1,0.87,0,6,8,13,4,2,10,11,2,3,,
comp_3498,UEFA Champions League,2026-01-28,15:00,AS Monaco,Juventus,0,0,0-0,finished,8,,thestatsapi,0.5,0.17,6,0,11,5,5,0,13,19,2,2,,
comp_3498,UEFA Champions League,2026-01-28,15:00,Athletic Club,Sporting,2,3,2-3,finished,8,,thestatsapi,0.59,1.49,6,7,9,9,2,6,22,8,4,5,,
comp_3498,UEFA Champions League,2026-01-28,15:00,Napoli,Chelsea,2,3,2-3,finished,8,,thestatsapi,0.98,2.01,4,1,8,11,5,5,15,15,2,1,,
comp_3498,UEFA Champions League,2026-01-28,15:00,PSV Eindhoven,FC Bayern München,1,2,1-2,finished,8,,thestatsapi,0.69,1.82,5,6,13,17,7,8,11,10,5,2,,
comp_3498,UEFA Champions League,2026-01-28,15:00,AFC Ajax,Olympiacos FC,1,2,1-2,finished,8,,thestatsapi,1.84,0.54,5,4,11,11,4,3,11,8,0,2,,
comp_3498,UEFA Champions League,2026-01-28,15:00,Atlético Madrid,Bodø/Glimt,1,2,1-2,finished,8,,thestatsapi,2.04,1.88,12,1,27,11,8,7,9,4,2,2,,
comp_3498,UEFA Champions League,2026-01-28,15:00,Eintracht Frankfurt,Tottenham Hotspur,0,2,0-2,finished,8,,thestatsapi,0.86,1.71,0,5,4,15,1,6,12,8,0,2,,
comp_3498,UEFA Champions League,2026-01-28,15:00,Club Brugge KV,Olympique de Marseille,3,0,3-0,finished,8,,thestatsapi,1.67,0.99,4,10,11,18,5,9,10,9,1,2,,
comp_3498,UEFA Champions League,2026-01-28,15:00,Benfica,Real Madrid,4,2,4-2,finished,8,,thestatsapi,2.99,1.5,6,5,22,16,12,6,11,15,2,7,,
comp_3498,UEFA Champions League,2026-01-28,15:00,Arsenal,Kairat Almaty,3,2,3-2,finished,8,,thestatsapi,4.06,1.11,11,0,25,4,11,2,14,10,1,1,,
comp_3498,UEFA Champions League,2026-01-28,15:00,Bayer 04 Leverkusen,Villarreal,3,0,3-0,finished,8,,thestatsapi,2.03,0.25,4,1,15,5,7,2,7,15,0,3,,
comp_3498,UEFA Champions League,2026-01-28,15:00,Manchester City,Galatasaray,2,0,2-0,finished,8,,thestatsapi,1.64,0.22,4,4,10,4,5,4,8,10,0,1,,
comp_3498,UEFA Champions League,2026-01-28,15:00,Paris Saint-Germain,Newcastle United,1,1,1-1,finished,8,,thestatsapi,2.58,1,5,1,25,10,7,4,8,8,0,1,,
comp_3498,UEFA Champions League,2026-01-28,15:00,Barcelona,FC København,4,1,4-1,finished,8,,thestatsapi,3.05,1.06,10,1,28,6,13,1,12,11,1,4,,
comp_3498,UEFA Champions League,2026-01-28,15:00,Liverpool,Qarabağ,6,0,6-0,finished,8,,thestatsapi,5.6,0.22,14,1,38,5,12,1,13,3,0,1,,
comp_3498,UEFA Champions League,2026-01-28,15:00,Borussia Dortmund,Inter,0,2,0-2,finished,8,,thestatsapi,0.94,0.94,5,3,9,12,1,5,12,14,1,2,,
comp_3498,UEFA Champions League,2026-01-21,15:00,Newcastle United,PSV Eindhoven,3,0,3-0,finished,7,,thestatsapi,2.52,0.34,3,1,11,6,4,1,4,11,2,4,,
comp_3498,UEFA Champions League,2026-01-21,15:00,SK Slavia Praha,Barcelona,2,4,2-4,finished,7,,thestatsapi,1.01,1.42,5,4,12,20,2,12,9,11,0,1,,
comp_3498,UEFA Champions League,2026-01-21,15:00,Olympique de Marseille,Liverpool,0,3,0-3,finished,7,,thestatsapi,0.88,1.49,7,4,15,11,4,3,8,12,1,0,,
comp_3498,UEFA Champions League,2026-01-21,15:00,Juventus,Benfica,2,0,2-0,finished,7,,thestatsapi,1.36,1.38,4,7,12,16,4,3,14,10,2,0,,
comp_3498,UEFA Champions League,2026-01-21,15:00,Atalanta,Athletic Club,2,3,2-3,finished,7,,thestatsapi,1.99,1.74,5,2,14,4,4,3,8,16,1,2,,
comp_3498,UEFA Champions League,2026-01-21,15:00,Chelsea,Pafos FC,1,0,1-0,finished,7,,thestatsapi,1.68,0.15,15,2,21,4,7,2,6,10,2,3,,
comp_3498,UEFA Champions League,2026-01-21,15:00,FC Bayern München,Royale Union Saint-Gilloise,2,0,2-0,finished,7,,thestatsapi,3.14,0.88,4,1,14,5,4,1,9,8,3,1,,
comp_3498,UEFA Champions League,2026-01-21,12:45,Galatasaray,Atlético Madrid,1,1,1-1,finished,7,,thestatsapi,0.5,1.43,4,7,7,15,2,5,11,11,3,4,,
comp_3498,UEFA Champions League,2026-01-21,12:45,Qarabağ,Eintracht Frankfurt,3,2,3-2,finished,7,,thestatsapi,1.78,1.21,7,1,11,8,5,5,8,12,1,2,,
comp_3498,UEFA Champions League,2026-01-20,15:00,FC København,Napoli,1,1,1-1,finished,7,,thestatsapi,1.38,1.46,1,11,5,19,4,5,13,15,2,2,,
comp_3498,UEFA Champions League,2026-01-20,15:00,Olympiacos FC,Bayer 04 Leverkusen,2,0,2-0,finished,7,,thestatsapi,1.13,2.37,2,8,6,17,2,6,13,9,2,1,,
comp_3498,UEFA Champions League,2026-01-20,15:00,Sporting,Paris Saint-Germain,2,1,2-1,finished,7,,thestatsapi,0.82,1.25,2,10,10,28,4,6,10,11,3,1,,
comp_3498,UEFA Champions League,2026-01-20,15:00,Tottenham Hotspur,Borussia Dortmund,2,0,2-0,finished,7,,thestatsapi,2.23,0.38,4,2,16,6,5,1,14,12,1,1,,
comp_3498,UEFA Champions League,2026-01-20,15:00,Villarreal,AFC Ajax,1,2,1-2,finished,7,,thestatsapi,1.35,0.91,7,5,19,15,8,5,11,10,3,2,,
comp_3498,UEFA Champions League,2026-01-20,15:00,Inter,Arsenal,1,3,1-3,finished,7,,thestatsapi,1.33,2.12,4,7,18,17,4,6,9,17,2,2,,
comp_3498,UEFA Champions League,2026-01-20,15:00,Real Madrid,AS Monaco,6,1,6-1,finished,7,,thestatsapi,3.94,1.55,10,6,25,20,5,6,9,11,1,1,,
comp_3498,UEFA Champions League,2026-01-20,12:45,Bodø/Glimt,Manchester City,3,1,3-1,finished,7,,thestatsapi,1.35,1.16,2,9,8,16,5,5,6,9,0,3,,
comp_3498,UEFA Champions League,2026-01-20,10:30,Kairat Almaty,Club Brugge KV,1,4,1-4,finished,7,,thestatsapi,0.25,2.23,1,3,8,17,2,6,9,12,2,0,,
comp_3498,UEFA Champions League,2025-12-10,15:00,Athletic Club,Paris Saint-Germain,0,0,0-0,finished,6,,thestatsapi,0.56,2.05,4,6,9,18,1,5,21,4,3,1,,
comp_3498,UEFA Champions League,2025-12-10,15:00,Juventus,Pafos FC,2,0,2-0,finished,6,,thestatsapi,2.65,1.19,13,4,25,12,5,3,8,9,1,1,,
comp_3498,UEFA Champions League,2025-12-10,15:00,Club Brugge KV,Arsenal,0,3,0-3,finished,6,,thestatsapi,1.06,2.97,1,5,18,20,7,11,10,9,0,2,,
comp_3498,UEFA Champions League,2025-12-10,15:00,Benfica,Napoli,2,0,2-0,finished,6,,thestatsapi,2.22,0.64,2,6,13,9,5,2,11,21,1,2,,
comp_3498,UEFA Champions League,2025-12-10,15:00,Bayer 04 Leverkusen,Newcastle United,2,2,2-2,finished,6,,thestatsapi,1.27,2.07,9,6,17,13,7,5,9,11,2,2,,
comp_3498,UEFA Champions League,2025-12-10,15:00,Borussia Dortmund,Bodø/Glimt,2,2,2-2,finished,6,,thestatsapi,2.89,1.38,10,4,22,7,9,3,5,6,1,0,,
comp_3498,UEFA Champions League,2025-12-10,15:00,Real Madrid,Manchester City,1,2,1-2,finished,6,,thestatsapi,1.5,2.6,3,3,16,12,1,8,14,17,3,3,,
comp_3498,UEFA Champions League,2025-12-10,12:45,Qarabağ,AFC Ajax,2,4,2-4,finished,6,,thestatsapi,1.1,1.6,4,6,17,20,6,8,3,14,0,1,,
comp_3498,UEFA Champions League,2025-12-10,12:45,Villarreal,FC København,2,3,2-3,finished,6,,thestatsapi,1.94,1.5,6,4,19,8,5,4,14,15,3,2,,
comp_3498,UEFA Champions League,2025-12-09,15:00,Royale Union Saint-Gilloise,Olympique de Marseille,2,3,2-3,finished,6,,thestatsapi,0.66,1.46,2,3,8,10,6,5,10,10,4,1,,
comp_3498,UEFA Champions League,2025-12-09,15:00,AS Monaco,Galatasaray,1,0,1-0,finished,6,,thestatsapi,3.37,1.34,7,3,19,13,5,2,12,15,1,2,,
comp_3498,UEFA Champions League,2025-12-09,15:00,PSV Eindhoven,Atlético Madrid,2,3,2-3,finished,6,,thestatsapi,2.67,2.23,9,5,13,15,3,9,11,15,4,3,,
comp_3498,UEFA Champions League,2025-12-09,15:00,Tottenham Hotspur,SK Slavia Praha,3,0,3-0,finished,6,,thestatsapi,2.56,1,8,3,16,12,10,5,12,13,2,4,,
comp_3498,UEFA Champions League,2025-12-09,15:00,Atalanta,Chelsea,2,1,2-1,finished,6,,thestatsapi,1.72,1.37,2,5,14,10,4,5,6,14,0,1,,
comp_3498,UEFA Champions League,2025-12-09,15:00,Barcelona,Eintracht Frankfurt,2,1,2-1,finished,6,,thestatsapi,1.52,0.76,5,0,19,6,7,4,10,11,2,1,,
comp_3498,UEFA Champions League,2025-12-09,15:00,Inter,Liverpool,0,1,0-1,finished,6,,thestatsapi,0.44,1.42,6,3,9,12,2,5,14,11,3,2,,
comp_3498,UEFA Champions League,2025-12-09,12:45,FC Bayern München,Sporting,3,1,3-1,finished,6,,thestatsapi,2.16,0.28,4,3,23,4,9,0,11,5,2,1,,
comp_3498,UEFA Champions League,2025-12-09,10:30,Kairat Almaty,Olympiacos FC,0,1,0-1,finished,6,,thestatsapi,0.2,2.28,1,8,5,20,1,8,12,14,1,2,,
comp_3498,UEFA Champions League,2025-11-26,15:00,Olympiacos FC,Real Madrid,3,4,3-4,finished,5,,thestatsapi,1.69,1.68,3,5,18,15,8,7,12,7,1,2,,
comp_3498,UEFA Champions League,2025-11-26,15:00,Sporting,Club Brugge KV,3,0,3-0,finished,5,,thestatsapi,1.75,0.81,3,5,19,8,9,1,8,14,1,3,,
comp_3498,UEFA Champions League,2025-11-26,15:00,Atlético Madrid,Inter,2,1,2-1,finished,5,,thestatsapi,0.99,1.36,7,6,15,17,6,6,12,8,0,1,,
comp_3498,UEFA Champions League,2025-11-26,15:00,Eintracht Frankfurt,Atalanta,0,3,0-3,finished,5,,thestatsapi,0.96,2.84,5,6,9,21,3,7,7,7,0,0,,
comp_3498,UEFA Champions League,2025-11-26,15:00,Arsenal,FC Bayern München,3,1,3-1,finished,5,,thestatsapi,2.72,0.69,6,1,12,8,8,2,16,13,2,2,,
comp_3498,UEFA Champions League,2025-11-26,15:00,Paris Saint-Germain,Tottenham Hotspur,5,3,5-3,finished,5,,thestatsapi,1.76,2.06,5,5,15,11,6,5,10,16,0,1,,
comp_3498,UEFA Champions League,2025-11-26,15:00,Liverpool,PSV Eindhoven,1,4,1-4,finished,5,,thestatsapi,2.5,2.17,11,4,27,9,10,6,9,9,1,0,,
comp_3498,UEFA Champions League,2025-11-26,12:45,FC København,Kairat Almaty,3,2,3-2,finished,5,,thestatsapi,3.27,1.88,5,0,18,13,9,4,19,10,2,4,,
comp_3498,UEFA Champions League,2025-11-26,12:45,Pafos FC,AS Monaco,2,2,2-2,finished,5,,thestatsapi,1.18,1.52,5,3,17,14,4,6,14,9,2,3,,
comp_3498,UEFA Champions League,2025-11-25,15:00,Napoli,Qarabağ,2,0,2-0,finished,5,,thestatsapi,3.45,0.49,6,4,17,11,8,3,18,6,2,2,,
comp_3498,UEFA Champions League,2025-11-25,15:00,SK Slavia Praha,Athletic Club,0,0,0-0,finished,5,,thestatsapi,0.71,1.15,2,5,8,12,3,4,21,22,2,3,,
comp_3498,UEFA Champions League,2025-11-25,15:00,Bodø/Glimt,Juventus,2,3,2-3,finished,5,,thestatsapi,1.75,3.44,6,8,18,23,6,16,6,17,0,4,,
comp_3498,UEFA Champions League,2025-11-25,15:00,Olympique de Marseille,Newcastle United,2,1,2-1,finished,5,,thestatsapi,2,1.46,11,5,18,20,7,9,18,0,5,3,,
comp_3498,UEFA Champions League,2025-11-25,15:00,Manchester City,Bayer 04 Leverkusen,0,2,0-2,finished,5,,thestatsapi,1.78,0.51,9,3,19,7,7,2,4,8,0,2,,
comp_3498,UEFA Champions League,2025-11-25,15:00,Borussia Dortmund,Villarreal,4,0,4-0,finished,5,,thestatsapi,3.62,0.79,3,2,13,10,8,2,17,12,1,0,,
comp_3498,UEFA Champions League,2025-11-25,15:00,Chelsea,Barcelona,3,0,3-0,finished,5,,thestatsapi,1.89,0.79,4,0,15,5,6,2,18,12,1,2,,
comp_3498,UEFA Champions League,2025-11-25,12:45,Galatasaray,Royale Union Saint-Gilloise,0,1,0-1,finished,5,,thestatsapi,1.31,1.67,4,5,15,16,3,5,9,17,5,2,,
comp_3498,UEFA Champions League,2025-11-25,12:45,AFC Ajax,Benfica,0,2,0-2,finished,5,,thestatsapi,0.96,1.17,10,4,7,11,3,4,15,8,1,1,,
comp_3498,UEFA Champions League,2025-11-05,15:00,Newcastle United,Athletic Club,2,0,2-0,finished,4,,thestatsapi,1.2,0.58,2,5,8,12,4,5,11,13,0,2,,
comp_3498,UEFA Champions League,2025-11-05,15:00,AFC Ajax,Galatasaray,0,3,0-3,finished,4,,thestatsapi,0.9,2.54,3,2,8,14,2,7,12,15,4,0,,
comp_3498,UEFA Champions League,2025-11-05,15:00,Olympique de Marseille,Atalanta,0,1,0-1,finished,4,,thestatsapi,0.87,1.25,6,3,15,8,4,3,13,17,2,3,,
comp_3498,UEFA Champions League,2025-11-05,15:00,Club Brugge KV,Barcelona,3,3,3-3,finished,4,,thestatsapi,2.14,2.4,0,3,10,23,6,6,11,6,2,3,,
comp_3498,UEFA Champions League,2025-11-05,15:00,Benfica,Bayer 04 Leverkusen,0,1,0-1,finished,4,,thestatsapi,1.42,0.74,6,0,21,7,6,3,7,9,2,3,,
comp_3498,UEFA Champions League,2025-11-05,15:00,Manchester City,Borussia Dortmund,4,1,4-1,finished,4,,thestatsapi,1.98,1.02,4,4,18,12,11,4,11,17,2,1,,
comp_3498,UEFA Champions League,2025-11-05,15:00,Inter,Kairat Almaty,2,1,2-1,finished,4,,thestatsapi,2.12,0.15,9,3,23,7,9,3,9,16,1,1,,
comp_3498,UEFA Champions League,2025-11-05,12:45,Pafos FC,Villarreal,1,0,1-0,finished,4,,thestatsapi,0.75,1.77,2,3,5,18,2,5,12,13,1,2,,
comp_3498,UEFA Champions League,2025-11-05,12:45,Qarabağ,Chelsea,2,2,2-2,finished,4,,thestatsapi,1.63,1.26,2,8,9,16,3,4,9,19,2,3,,
comp_3498,UEFA Champions League,2025-11-04,15:00,Olympiacos FC,PSV Eindhoven,1,1,1-1,finished,4,,thestatsapi,0.92,0.35,3,6,18,10,4,2,7,9,1,1,,
comp_3498,UEFA Champions League,2025-11-04,15:00,Bodø/Glimt,AS Monaco,0,1,0-1,finished,4,,thestatsapi,1.67,1.18,4,4,17,9,4,2,14,16,1,3,,
comp_3498,UEFA Champions League,2025-11-04,15:00,Tottenham Hotspur,FC København,4,0,4-0,finished,4,,thestatsapi,3.32,0.35,3,6,14,12,6,4,10,11,1,3,,
comp_3498,UEFA Champions League,2025-11-04,15:00,Atlético Madrid,Royale Union Saint-Gilloise,3,1,3-1,finished,4,,thestatsapi,2.3,1.11,9,1,14,8,6,3,10,13,1,3,,
comp_3498,UEFA Champions League,2025-11-04,15:00,Juventus,Sporting,1,1,1-1,finished,4,,thestatsapi,1.53,0.21,6,0,18,4,9,1,15,14,2,3,,
comp_3498,UEFA Champions League,2025-11-04,15:00,Paris Saint-Germain,FC Bayern München,1,2,1-2,finished,4,,thestatsapi,2.01,1.45,9,1,25,9,9,5,7,9,1,3,,
comp_3498,UEFA Champions League,2025-11-04,15:00,Liverpool,Real Madrid,1,0,1-0,finished,4,,thestatsapi,2.58,0.45,4,2,17,8,9,2,16,11,1,4,,
comp_3498,UEFA Champions League,2025-11-04,12:45,Napoli,Eintracht Frankfurt,0,0,0-0,finished,4,,thestatsapi,1.85,0.36,5,3,18,7,3,3,12,10,2,1,,
comp_3498,UEFA Champions League,2025-11-04,12:45,SK Slavia Praha,Arsenal,0,3,0-3,finished,4,,thestatsapi,0.46,1.78,4,7,9,14,1,8,31,0,3,4,,
comp_3498,UEFA Champions League,2025-10-22,14:00,AS Monaco,Tottenham Hotspur,0,0,0-0,finished,3,,thestatsapi,2.45,0.88,5,4,23,11,8,2,25,0,0,1,,
comp_3498,UEFA Champions League,2025-10-22,14:00,Sporting,Olympique de Marseille,2,1,2-1,finished,3,,thestatsapi,1.11,0.54,3,1,14,10,7,3,11,16,2,4,,
comp_3498,UEFA Champions League,2025-10-22,14:00,Eintracht Frankfurt,Liverpool,1,5,1-5,finished,3,,thestatsapi,0.23,3.26,2,10,4,18,1,14,4,5,2,0,,
comp_3498,UEFA Champions League,2025-10-22,14:00,Atalanta,SK Slavia Praha,0,0,0-0,finished,3,,thestatsapi,2.59,0.73,6,3,22,16,5,4,8,15,3,2,,
comp_3498,UEFA Champions League,2025-10-22,14:00,Real Madrid,Juventus,1,0,1-0,finished,3,,thestatsapi,2.69,0.59,13,7,28,13,10,4,10,18,1,0,,
comp_3498,UEFA Champions League,2025-10-22,14:00,Chelsea,AFC Ajax,5,1,5-1,finished,3,,thestatsapi,3.65,1.05,11,0,22,2,10,1,15,6,2,1,,
comp_3498,UEFA Champions League,2025-10-22,14:00,FC Bayern München,Club Brugge KV,4,0,4-0,finished,3,,thestatsapi,4.2,0.25,9,1,26,5,13,2,14,3,1,0,,
comp_3498,UEFA Champions League,2025-10-22,11:45,Galatasaray,Bodø/Glimt,3,1,3-1,finished,3,,thestatsapi,3.87,1.41,7,4,23,8,11,2,10,7,1,1,,
comp_3498,UEFA Champions League,2025-10-22,11:45,Athletic Club,Qarabağ,3,1,3-1,finished,3,,thestatsapi,3.47,0.52,8,3,21,9,5,4,14,5,0,0,,
comp_3498,UEFA Champions League,2025-10-21,14:00,FC København,Borussia Dortmund,2,4,2-4,finished,3,,thestatsapi,0.73,1.68,4,7,11,9,4,5,10,7,2,1,,
comp_3498,UEFA Champions League,2025-10-21,14:00,Newcastle United,Benfica,3,0,3-0,finished,3,,thestatsapi,2.81,0.33,12,8,19,7,10,2,16,7,1,1,,
comp_3498,UEFA Champions League,2025-10-21,14:00,Royale Union Saint-Gilloise,Inter,0,4,0-4,finished,3,,thestatsapi,0.95,4.54,3,4,15,21,6,7,15,6,1,1,,
comp_3498,UEFA Champions League,2025-10-21,14:00,PSV Eindhoven,Napoli,6,2,6-2,finished,3,,thestatsapi,2.82,1.24,4,8,19,10,8,2,11,9,4,1,,
comp_3498,UEFA Champions League,2025-10-21,14:00,Villarreal,Manchester City,0,2,0-2,finished,3,,thestatsapi,1.38,1.5,1,3,11,10,2,6,17,15,4,2,,
comp_3498,UEFA Champions League,2025-10-21,14:00,Arsenal,Atlético Madrid,4,0,4-0,finished,3,,thestatsapi,2.24,0.67,3,4,19,11,8,1,14,10,1,2,,
comp_3498,UEFA Champions League,2025-10-21,14:00,Bayer 04 Leverkusen,Paris Saint-Germain,2,7,2-7,finished,3,,thestatsapi,2.48,2.81,3,4,6,24,3,8,8,6,2,1,,
comp_3498,UEFA Champions League,2025-10-21,11:45,Kairat Almaty,Pafos FC,0,0,0-0,finished,3,,thestatsapi,1.54,1.84,6,4,22,9,2,6,11,9,3,1,,
comp_3498,UEFA Champions League,2025-10-21,11:45,Barcelona,Olympiacos FC,6,1,6-1,finished,3,,thestatsapi,2.48,1,7,2,14,5,7,2,7,10,1,4,,
comp_3498,UEFA Champions League,2025-10-01,14:00,AS Monaco,Manchester City,2,2,2-2,finished,2,,thestatsapi,1.45,1.54,7,3,8,18,3,6,9,13,1,5,,
comp_3498,UEFA Champions League,2025-10-01,14:00,Napoli,Sporting,2,1,2-1,finished,2,,thestatsapi,0.88,1.35,7,2,12,8,3,4,16,9,0,0,,
comp_3498,UEFA Champions League,2025-10-01,14:00,Villarreal,Juventus,2,2,2-2,finished,2,,thestatsapi,1.72,1.6,4,3,17,13,6,4,7,19,1,3,,
comp_3498,UEFA Champions League,2025-10-01,14:00,Arsenal,Olympiacos FC,2,0,2-0,finished,2,,thestatsapi,2.9,0.5,3,5,16,10,5,3,14,17,3,1,,
comp_3498,UEFA Champions League,2025-10-01,14:00,Bayer 04 Leverkusen,PSV Eindhoven,1,1,1-1,finished,2,,thestatsapi,1.84,0.48,7,4,14,6,4,1,8,11,0,2,,
comp_3498,UEFA Champions League,2025-10-01,14:00,Barcelona,Paris Saint-Germain,1,2,1-2,finished,2,,thestatsapi,1.27,1.64,4,9,12,15,3,7,12,14,4,2,,
comp_3498,UEFA Champions League,2025-10-01,14:00,Borussia Dortmund,Athletic Club,4,1,4-1,finished,2,,thestatsapi,1.08,0.96,4,0,13,6,8,3,14,15,1,2,,
comp_3498,UEFA Champions League,2025-10-01,11:45,Royale Union Saint-Gilloise,Newcastle United,0,4,0-4,finished,2,,thestatsapi,0.88,2.76,7,5,17,13,6,6,15,8,4,1,,
comp_3498,UEFA Champions League,2025-10-01,11:45,Qarabağ,FC København,2,0,2-0,finished,2,,thestatsapi,1.91,0.98,4,7,10,12,6,4,10,20,3,1,,
comp_3498,UEFA Champions League,2025-09-30,14:00,Pafos FC,FC Bayern München,1,5,1-5,finished,2,,thestatsapi,0.39,4.54,2,6,6,26,2,15,11,9,1,0,,
comp_3498,UEFA Champions League,2025-09-30,14:00,Galatasaray,Liverpool,1,0,1-0,finished,2,,thestatsapi,1.34,1.81,3,7,9,16,4,4,12,14,5,3,,
comp_3498,UEFA Champions League,2025-09-30,14:00,Bodø/Glimt,Tottenham Hotspur,2,2,2-2,finished,2,,thestatsapi,2.52,1.46,4,5,18,8,4,3,11,7,2,2,,
comp_3498,UEFA Champions League,2025-09-30,14:00,Olympique de Marseille,AFC Ajax,4,0,4-0,finished,2,,thestatsapi,1.13,0.8,0,7,9,13,6,2,18,12,2,3,,
comp_3498,UEFA Champions League,2025-09-30,14:00,Atlético Madrid,Eintracht Frankfurt,5,1,5-1,finished,2,,thestatsapi,4.44,0.59,5,2,18,6,12,2,11,6,1,1,,
comp_3498,UEFA Champions League,2025-09-30,14:00,Inter,SK Slavia Praha,3,0,3-0,finished,2,,thestatsapi,3.99,0.11,5,0,21,3,6,1,13,17,2,1,,
comp_3498,UEFA Champions League,2025-09-30,14:00,Chelsea,Benfica,1,0,1-0,finished,2,,thestatsapi,0.93,0.85,3,5,8,9,3,3,13,14,4,5,,
comp_3498,UEFA Champions League,2025-09-30,11:45,Kairat Almaty,Real Madrid,0,5,0-5,finished,2,,thestatsapi,0.43,3.54,3,6,11,20,4,12,6,9,2,0,,
comp_3498,UEFA Champions League,2025-09-30,11:45,Atalanta,Club Brugge KV,2,1,2-1,finished,2,,thestatsapi,2.96,0.86,7,1,20,7,3,2,8,10,2,0,,
comp_3498,UEFA Champions League,2025-09-18,14:00,Newcastle United,Barcelona,1,2,1-2,finished,1,,thestatsapi,1.46,1.31,6,4,10,19,6,5,11,12,2,4,,
comp_3498,UEFA Champions League,2025-09-18,14:00,Sporting,Kairat Almaty,4,1,4-1,finished,1,,thestatsapi,4.25,0.7,8,3,21,9,8,4,14,11,4,2,,
comp_3498,UEFA Champions League,2025-09-18,14:00,Eintracht Frankfurt,Galatasaray,5,1,5-1,finished,1,,thestatsapi,1.21,1.09,4,3,11,14,5,5,10,13,1,0,,
comp_3498,UEFA Champions League,2025-09-18,14:00,Manchester City,Napoli,2,0,2-0,finished,1,,thestatsapi,2.18,0.17,9,2,23,1,8,1,3,4,0,1,,
comp_3498,UEFA Champions League,2025-09-18,11:45,FC København,Bayer 04 Leverkusen,2,2,2-2,finished,1,,thestatsapi,1.89,1.21,4,5,12,15,7,4,14,13,3,2,,
comp_3498,UEFA Champions League,2025-09-18,11:45,Club Brugge KV,AS Monaco,4,1,4-1,finished,1,,thestatsapi,3.15,1.45,4,5,26,13,10,5,11,9,2,2,,
comp_3498,UEFA Champions League,2025-09-17,14:00,AFC Ajax,Inter,0,2,0-2,finished,1,,thestatsapi,1.26,1.24,3,5,7,14,2,4,15,17,1,2,,
comp_3498,UEFA Champions League,2025-09-17,14:00,Paris Saint-Germain,Atalanta,4,0,4-0,finished,1,,thestatsapi,3.48,0.55,6,1,22,7,13,2,5,11,0,1,,
comp_3498,UEFA Champions League,2025-09-17,14:00,Liverpool,Atlético Madrid,3,2,3-2,finished,1,,thestatsapi,2.6,0.61,7,6,20,10,6,4,7,9,1,2,,
comp_3498,UEFA Champions League,2025-09-17,14:00,FC Bayern München,Chelsea,3,1,3-1,finished,1,,thestatsapi,2.07,0.73,6,2,16,9,5,3,12,7,3,1,,
comp_3498,UEFA Champions League,2025-09-17,11:45,SK Slavia Praha,Bodø/Glimt,2,2,2-2,finished,1,,thestatsapi,3.98,2.52,8,4,26,11,11,10,13,11,2,3,,
comp_3498,UEFA Champions League,2025-09-17,11:45,Olympiacos FC,Pafos FC,0,0,0-0,finished,1,,thestatsapi,1.52,0.3,9,0,18,6,3,1,15,14,3,3,,
comp_3498,UEFA Champions League,2025-09-16,14:00,Tottenham Hotspur,Villarreal,1,0,1-0,finished,1,,thestatsapi,0.54,0.48,3,3,9,10,1,0,14,13,4,3,,
comp_3498,UEFA Champions League,2025-09-16,14:00,Juventus,Borussia Dortmund,4,4,4-4,finished,1,,thestatsapi,1.92,1.71,4,2,19,10,7,5,13,8,0,1,,
comp_3498,UEFA Champions League,2025-09-16,14:00,Benfica,Qarabağ,2,3,2-3,finished,1,,thestatsapi,1.38,1.52,8,3,14,10,3,5,11,6,0,0,,
comp_3498,UEFA Champions League,2025-09-16,14:00,Real Madrid,Olympique de Marseille,2,1,2-1,finished,1,,thestatsapi,3.65,0.73,9,4,28,15,15,5,9,14,3,2,,
comp_3498,UEFA Champions League,2025-09-16,11:45,Athletic Club,Arsenal,0,2,0-2,finished,1,,thestatsapi,0.35,1.28,2,2,11,11,2,6,18,15,1,3,,
comp_3498,UEFA Champions League,2025-09-16,11:45,PSV Eindhoven,Royale Union Saint-Gilloise,1,3,1-3,finished,1,,thestatsapi,2.52,3.34,7,7,10,18,3,8,9,9,0,0,,
comp_3498,UEFA Champions League,2025-08-27,14:00,Club Brugge KV,Rangers,6,0,6-0,finished,,round_of_16,thestatsapi,,,10,1,32,3,16,1,4,6,1,1,,
comp_3498,UEFA Champions League,2025-08-27,14:00,FC København,Basel,2,0,2-0,finished,,round_of_16,thestatsapi,,,3,6,11,20,7,5,25,15,1,0,,
comp_3498,UEFA Champions League,2025-08-27,14:00,Benfica,Fenerbahçe,1,0,1-0,finished,,round_of_16,thestatsapi,,,4,1,15,6,3,0,11,20,2,4,,
comp_3498,UEFA Champions League,2025-08-27,11:45,Qarabağ,Ferencváros TC,2,3,2-3,finished,,round_of_16,thestatsapi,,,1,2,10,17,2,6,14,21,3,3,,
comp_3498,UEFA Champions League,2025-08-26,14:00,Pafos FC,FK Crvena zvezda,1,1,1-1,finished,,round_of_16,thestatsapi,,,3,3,11,12,5,3,17,17,3,3,,
comp_3498,UEFA Champions League,2025-08-26,14:00,SK Sturm Graz,Bodø/Glimt,2,1,2-1,finished,,round_of_16,thestatsapi,,,3,8,18,10,8,5,12,13,2,1,,
comp_3498,UEFA Champions League,2025-08-26,11:45,Kairat Almaty,Celtic,0,0,0-0,finished,,round_of_16,thestatsapi,,,5,7,12,11,4,5,12,19,0,1,,
comp_3498,UEFA Champions League,2025-08-20,14:00,Fenerbahçe,Benfica,0,0,0-0,finished,,round_of_16,thestatsapi,,,4,4,13,9,6,3,16,18,3,5,,
comp_3498,UEFA Champions League,2025-08-20,14:00,Basel,FC København,1,1,1-1,finished,,round_of_16,thestatsapi,,,2,3,11,11,6,4,11,12,5,3,,
comp_3498,UEFA Champions League,2025-08-20,14:00,Bodø/Glimt,SK Sturm Graz,5,0,5-0,finished,,round_of_16,thestatsapi,,,5,1,17,8,6,1,12,12,1,2,,
comp_3498,UEFA Champions League,2025-08-20,14:00,Celtic,Kairat Almaty,0,0,0-0,finished,,round_of_16,thestatsapi,,,15,3,11,8,3,0,12,9,2,3,,
comp_3498,UEFA Champions League,2025-08-19,14:00,Rangers,Club Brugge KV,1,3,1-3,finished,,round_of_16,thestatsapi,,,9,9,15,10,1,7,11,9,3,1,,
comp_3498,UEFA Champions League,2025-08-19,14:00,FK Crvena zvezda,Pafos FC,1,2,1-2,finished,,round_of_16,thestatsapi,,,13,4,25,14,6,3,9,17,1,1,,
comp_3498,UEFA Champions League,2025-08-19,14:00,Ferencváros TC,Qarabağ,1,3,1-3,finished,,round_of_16,thestatsapi,,,4,3,12,11,4,4,20,8,2,1,,
comp_3498,UEFA Champions League,2025-08-12,14:00,FK Crvena zvezda,Lech Poznań,1,1,1-1,finished,3,qualifying,thestatsapi,,,,,,,,,,,,,,
comp_3498,UEFA Champions League,2025-08-12,14:00,Benfica,Nice,2,0,2-0,finished,3,qualifying,thestatsapi,,,6,6,21,9,5,0,9,13,1,2,,
comp_3498,UEFA Champions League,2025-08-12,13:15,ŠK Slovan Bratislava,Kairat Almaty,1,0,1-0,finished,3,qualifying,thestatsapi,,,6,5,16,14,2,6,29,23,7,4,,
comp_3498,UEFA Champions League,2025-08-12,13:15,Ferencváros TC,Ludogorets,3,0,3-0,finished,3,qualifying,thestatsapi,,,5,4,15,11,6,4,15,14,3,4,,
comp_3498,UEFA Champions League,2025-08-12,12:30,Club Brugge KV,Red Bull Salzburg,3,2,3-2,finished,3,qualifying,thestatsapi,,,8,3,23,12,9,3,7,4,1,0,,
comp_3498,UEFA Champions League,2025-08-12,12:00,Viktoria Plzeň,Rangers,2,1,2-1,finished,3,qualifying,thestatsapi,,,6,3,27,9,10,2,15,11,1,2,,
comp_3498,UEFA Champions League,2025-08-12,12:00,Pafos FC,Dynamo Kyiv,2,0,2-0,finished,3,qualifying,thestatsapi,,,,,,,,,,,,,,
comp_3498,UEFA Champions League,2025-08-12,12:00,FC København,Malmö FF,5,0,5-0,finished,3,qualifying,thestatsapi,,,2,1,12,7,8,3,15,6,0,2,,
comp_3498,UEFA Champions League,2025-08-12,12:00,Fenerbahçe,Feyenoord,5,2,5-2,finished,3,qualifying,thestatsapi,,,5,7,14,16,8,8,18,14,2,2,,
comp_3498,UEFA Champions League,2025-08-12,11:00,Qarabağ,KF Shkëndija,5,1,5-1,finished,3,qualifying,thestatsapi,,,,,,,,,,,,,,
comp_3498,UEFA Champions League,2025-08-06,14:00,Feyenoord,Fenerbahçe,2,1,2-1,finished,3,qualifying,thestatsapi,,,3,5,13,8,3,2,16,15,3,0,,
comp_3498,UEFA Champions League,2025-08-06,14:00,Nice,Benfica,0,2,0-2,finished,3,qualifying,thestatsapi,,,4,5,12,14,2,6,9,14,3,1,,
comp_3498,UEFA Champions League,2025-08-06,13:30,Lech Poznań,FK Crvena zvezda,1,3,1-3,finished,3,qualifying,thestatsapi,,,4,4,11,12,4,6,13,11,1,1,,
comp_3498,UEFA Champions League,2025-08-06,12:30,Ludogorets,Ferencváros TC,0,0,0-0,finished,3,qualifying,thestatsapi,,,2,9,10,17,0,2,12,14,1,3,,
comp_3498,UEFA Champions League,2025-08-06,12:00,Red Bull Salzburg,Club Brugge KV,0,1,0-1,finished,3,qualifying,thestatsapi,,,6,6,20,12,5,5,6,3,1,1,,
comp_3498,UEFA Champions League,2025-08-06,10:00,Kairat Almaty,ŠK Slovan Bratislava,1,0,1-0,finished,3,qualifying,thestatsapi,,,,,,,,,,,,,,
comp_3498,UEFA Champions League,2025-08-05,13:45,Rangers,Viktoria Plzeň,3,0,3-0,finished,3,qualifying,thestatsapi,,,,,,,,,,,,,,
comp_3498,UEFA Champions League,2025-08-05,13:00,KF Shkëndija,Qarabağ,0,1,0-1,finished,3,qualifying,thestatsapi,,,,,,,,,,,,,,
comp_3498,UEFA Champions League,2025-08-05,13:00,Dynamo Kyiv,Pafos FC,0,1,0-1,finished,3,qualifying,thestatsapi,,,,,,,,,,,,,,
comp_3498,UEFA Champions League,2025-08-05,12:00,Malmö FF,FC København,0,0,0-0,finished,3,qualifying,thestatsapi,,,0,7,4,10,0,1,7,16,1,2,,
comp_3498,UEFA Champions League,2025-07-30,14:00,Servette FC,Viktoria Plzeň,1,3,1-3,finished,2,qualifying,thestatsapi,,,8,4,17,14,5,8,11,11,4,1,,
comp_3498,UEFA Champions League,2025-07-30,13:45,Red Bull Salzburg,SK Brann,1,1,1-1,finished,2,qualifying,thestatsapi,,,2,2,11,10,4,5,19,11,5,6,,
comp_3498,UEFA Champions League,2025-07-30,13:30,Breidablik Kópavogur,Lech Poznań,0,1,0-1,finished,2,qualifying,thestatsapi,,,,,,,,,,,,,,
comp_3498,UEFA Champions League,2025-07-30,13:00,Ferencváros TC,FC Noah,4,3,4-3,finished,2,qualifying,thestatsapi,,,3,1,15,10,6,7,15,14,2,4,,
comp_3498,UEFA Champions League,2025-07-30,13:00,Panathinaikos,Rangers,1,1,1-1,finished,2,qualifying,thestatsapi,,,9,5,20,10,6,3,11,13,1,2,,
comp_3498,UEFA Champions League,2025-07-30,13:00,Maccabi Tel Aviv,Pafos FC,0,1,0-1,finished,2,qualifying,thestatsapi,,,,,,,,,,,,,,
comp_3498,UEFA Champions League,2025-07-30,12:30,FCSB,KF Shkëndija,1,2,1-2,finished,2,qualifying,thestatsapi,,,,,,,,,,,,,,
comp_3498,UEFA Champions League,2025-07-30,12:30,Ludogorets,HNK Rijeka,1,1,1-1,finished,2,qualifying,thestatsapi,,,,,,,,,,,,,,
comp_3498,UEFA Champions League,2025-07-30,12:00,Malmö FF,RFS,1,0,1-0,finished,2,qualifying,thestatsapi,,,,,,,,,,,,,,
comp_3498,UEFA Champions League,2025-07-30,11:00,Qarabağ,Shelbourne,1,0,1-0,finished,2,qualifying,thestatsapi,,,,,,,,,,,,,,
comp_3498,UEFA Champions League,2025-07-29,14:00,HŠK Zrinjski Mostar,ŠK Slovan Bratislava,2,2,2-2,finished,2,qualifying,thestatsapi,,,,,,,,,,,,,,
comp_3498,UEFA Champions League,2025-07-29,14:00,FK Crvena zvezda,Lincoln Red Imps,5,1,5-1,finished,2,qualifying,thestatsapi,,,,,,,,,,,,,,
comp_3498,UEFA Champions League,2025-07-29,13:00,FC Drita,FC København,0,1,0-1,finished,2,qualifying,thestatsapi,,,3,5,9,9,2,4,13,19,0,3,,
comp_3498,UEFA Champions League,2025-07-29,13:00,Dynamo Kyiv,Ħamrun Spartans FC,3,0,3-0,finished,2,qualifying,thestatsapi,,,,,,,,,,,,,,
comp_3498,UEFA Champions League,2025-07-29,10:00,Kairat Almaty,KuPS,3,0,3-0,finished,2,qualifying,thestatsapi,,,,,,,,,,,,,,
comp_3498,UEFA Champions League,2025-07-23,13:45,Shelbourne,Qarabağ,0,3,0-3,finished,2,qualifying,thestatsapi,,,,,,,,,,,,,,
comp_3498,UEFA Champions League,2025-07-23,12:00,SK Brann,Red Bull Salzburg,1,4,1-4,finished,2,qualifying,thestatsapi,,,1,7,8,22,2,10,10,18,4,1,,
comp_3498,UEFA Champions League,2025-07-22,13:45,HNK Rijeka,Ludogorets,0,0,0-0,finished,2,qualifying,thestatsapi,,,,,,,,,,,,,,
comp_3498,UEFA Champions League,2025-07-22,13:45,Rangers,Panathinaikos,2,0,2-0,finished,2,qualifying,thestatsapi,,,3,6,16,14,5,4,10,12,2,2,,
comp_3498,UEFA Champions League,2025-07-22,13:30,Lech Poznań,Breidablik Kópavogur,7,1,7-1,finished,2,qualifying,thestatsapi,,,,,,,,,,,,,,
comp_3498,UEFA Champions League,2025-07-22,13:15,ŠK Slovan Bratislava,HŠK Zrinjski Mostar,4,0,4-0,finished,2,qualifying,thestatsapi,,,,,,,,,,,,,,
comp_3498,UEFA Champions League,2025-07-22,13:00,KF Shkëndija,FCSB,1,0,1-0,finished,2,qualifying,thestatsapi,,,,,,,,,,,,,,
comp_3498,UEFA Champions League,2025-07-22,12:00,RFS,Malmö FF,1,4,1-4,finished,2,qualifying,thestatsapi,,,0,0,0,0,0,0,0,0,0,0,,
comp_3498,UEFA Champions League,2025-07-22,12:00,Ħamrun Spartans FC,Dynamo Kyiv,0,3,0-3,finished,2,qualifying,thestatsapi,,,,,,,,,,,,,,
comp_3498,UEFA Champions League,2025-07-22,12:00,FC København,FC Drita,2,0,2-0,finished,2,qualifying,thestatsapi,,,6,3,16,8,5,1,9,10,1,3,,
comp_3498,UEFA Champions League,2025-07-22,12:00,Viktoria Plzeň,Servette FC,0,1,0-1,finished,2,qualifying,thestatsapi,,,9,3,25,6,9,2,5,10,0,0,,
comp_3498,UEFA Champions League,2025-07-22,12:00,Pafos FC,Maccabi Tel Aviv,1,1,1-1,finished,2,qualifying,thestatsapi,,,,,,,,,,,,,,
comp_3498,UEFA Champions League,2025-07-22,11:00,FC Noah,Ferencváros TC,1,2,1-2,finished,2,qualifying,thestatsapi,,,2,5,10,10,3,5,11,9,2,0,,
comp_3498,UEFA Champions League,2025-07-22,11:00,Lincoln Red Imps,FK Crvena zvezda,0,1,0-1,finished,2,qualifying,thestatsapi,,,,,,,,,,,,,,
comp_3498,UEFA Champions League,2025-07-22,10:00,KuPS,Kairat Almaty,2,0,2-0,finished,2,qualifying,thestatsapi,,,,,,,,,,,,,,
comp_408698,UEFA Conference League,2026-07-16,14:00,SS Virtus,FC Dila Gori,1,0,1-0,finished,1,qualifying,thestatsapi,,,,,,,,,,,,,,
comp_408698,UEFA Conference League,2026-07-16,13:45,Linfield FC,Nõmme Kalju,2,2,2-2,finished,1,qualifying,thestatsapi,,,,,,,,,,,,,,
comp_408698,UEFA Conference League,2026-07-16,13:45,FK Mornar Bar,Atlètic Club Escaldes,1,2,1-2,finished,1,qualifying,thestatsapi,,,,,,,,,,,,,,
comp_408698,UEFA Conference League,2026-07-16,13:00,KF Ballkani,Connah's Quay Nomads,3,2,3-2,finished,1,qualifying,thestatsapi,,,,,,,,,,,,,,
comp_408698,UEFA Conference League,2026-07-16,13:00,FK Sileks Kratovo,Dinamo Minsk,0,1,0-1,finished,1,qualifying,thestatsapi,,,,,,,,,,,,,,
comp_408698,UEFA Conference League,2026-07-16,13:00,KF Shkëndija,Europa FC,1,0,1-0,finished,1,qualifying,thestatsapi,,,,,,,,,,,,,,
comp_408698,UEFA Conference League,2026-07-16,12:30,Ħamrun Spartans FC,NSÍ Runavík,1,2,1-2,finished,1,qualifying,thestatsapi,,,,,,,,,,,,,,
comp_408698,UEFA Conference League,2026-07-16,12:00,FK Žalgiris,OFK Petrovac,2,1,2-1,finished,1,qualifying,thestatsapi,,,,,,,,,,,,,,
comp_408698,UEFA Conference League,2026-07-16,12:00,FC Milsami Orhei,FK Velež Mostar,0,1,0-1,finished,1,qualifying,thestatsapi,,,,,,,,,,,,,,
comp_408698,UEFA Conference League,2026-07-16,12:00,Dinamo Tbilisi,US Mondorf-Les-Bains,0,1,0-1,finished,1,qualifying,thestatsapi,,,,,,,,,,,,,,
comp_408698,UEFA Conference League,2026-07-16,12:00,BATE Borisov,AF Elbasani,0,0,0-0,finished,1,qualifying,thestatsapi,,,,,,,,,,,,,,
comp_408698,UEFA Conference League,2026-07-16,12:00,FC Santa Coloma,Penybont,3,0,3-0,finished,1,qualifying,thestatsapi,,,,,,,,,,,,,,
comp_408698,UEFA Conference League,2026-07-16,12:00,Víkingur Gøta,Stjarnan Garðabær,2,2,2-2,finished,1,qualifying,thestatsapi,,,,,,,,,,,,,,
comp_408698,UEFA Conference League,2026-07-16,11:30,FCI Levadia Tallinn,Caernarfon Town,5,0,5-0,finished,1,qualifying,thestatsapi,,,,,,,,,,,,,,
comp_408698,UEFA Conference League,2026-07-16,11:30,RFS,Glentoran FC,2,0,2-0,finished,1,qualifying,thestatsapi,,,,,,,,,,,,,,
comp_408698,UEFA Conference League,2026-07-16,11:00,Pyunik Yerevan,Marsaxlokk FC,1,0,1-0,finished,1,qualifying,thestatsapi,,,,,,,,,,,,,,
comp_408698,UEFA Conference League,2026-07-16,11:00,St Joseph's FC,Bohemian FC,0,0,0-0,finished,1,qualifying,thestatsapi,,,,,,,,,,,,,,
comp_408698,UEFA Conference League,2026-07-16,11:00,FC Torpedo Kutaisi,Zirə FK,0,3,0-3,finished,1,qualifying,thestatsapi,,,,,,,,,,,,,,
comp_408698,UEFA Conference League,2026-07-16,11:00,Ilves,Differdange FC 03,3,1,3-1,finished,1,qualifying,thestatsapi,,,,,,,,,,,,,,
comp_408698,UEFA Conference League,2026-07-16,11:00,Paide Linnameeskond,FC Hegelmann,3,0,3-0,finished,1,qualifying,thestatsapi,,,,,,,,,,,,,,
comp_408698,UEFA Conference League,2026-07-16,10:00,Yelimay Semey,FC Alashkert,1,1,1-1,finished,1,qualifying,thestatsapi,,,,,,,,,,,,,,
comp_408698,UEFA Conference League,2026-07-16,10:00,Astana,Dinamo City,1,2,1-2,finished,1,qualifying,thestatsapi,,,,,,,,,,,,,,
comp_408698,UEFA Conference League,2026-07-16,10:00,Inter Turku,FK Sarajevo,2,1,2-1,finished,1,qualifying,thestatsapi,,,,,,,,,,,,,,
comp_408698,UEFA Conference League,2026-07-15,13:30,FK Dečić Tuzi,FK Liepaja,1,2,1-2,finished,1,qualifying,thestatsapi,,,,,,,,,,,,,,
comp_408698,UEFA Conference League,2026-07-15,09:30,FC Malisheva,KF Vllaznia,5,0,5-0,finished,1,qualifying,thestatsapi,,,,,,,,,,,,,,
comp_408698,UEFA Conference League,2026-07-14,14:00,La Fiorita,Una Strassen,0,2,0-2,finished,1,qualifying,thestatsapi,,,,,,,,,,,,,,
comp_408698,UEFA Conference League,2026-07-09,14:00,Stjarnan Garðabær,Víkingur Gøta,3,1,3-1,finished,1,qualifying,thestatsapi,,,,,,,,,,,,,,
comp_408698,UEFA Conference League,2026-07-09,14:00,FK Sarajevo,Inter Turku,1,1,1-1,finished,1,qualifying,thestatsapi,,,,,,,,,,,,,,
comp_408698,UEFA Conference League,2026-07-09,14:00,Dinamo City,Astana,0,1,0-1,finished,1,qualifying,thestatsapi,,,,,,,,,,,,,,
comp_408698,UEFA Conference League,2026-07-09,13:45,OFK Petrovac,FK Žalgiris,1,3,1-3,finished,1,qualifying,thestatsapi,,,,,,,,,,,,,,
comp_408698,UEFA Conference League,2026-07-09,13:45,NSÍ Runavík,Ħamrun Spartans FC,1,1,1-1,finished,1,qualifying,thestatsapi,,,,,,,,,,,,,,
comp_408698,UEFA Conference League,2026-07-09,13:45,Penybont,FC Santa Coloma,0,1,0-1,finished,1,qualifying,thestatsapi,,,,,,,,,,,,,,
comp_408698,UEFA Conference League,2026-07-09,13:30,Glentoran FC,RFS,1,2,1-2,finished,1,qualifying,thestatsapi,,,,,,,,,,,,,,
comp_408698,UEFA Conference League,2026-07-09,13:00,KF Vllaznia,FC Malisheva,2,1,2-1,finished,1,qualifying,thestatsapi,,,,,,,,,,,,,,
comp_408698,UEFA Conference League,2026-07-09,12:30,Europa FC,KF Shkëndija,0,5,0-5,finished,1,qualifying,thestatsapi,,,,,,,,,,,,,,
comp_408698,UEFA Conference League,2026-07-09,12:30,Caernarfon Town,FCI Levadia Tallinn,0,5,0-5,finished,1,qualifying,thestatsapi,,,,,,,,,,,,,,
comp_408698,UEFA Conference League,2026-07-09,12:15,US Mondorf-Les-Bains,Dinamo Tbilisi,1,2,1-2,finished,1,qualifying,thestatsapi,,,,,,,,,,,,,,
comp_408698,UEFA Conference League,2026-07-09,12:00,Marsaxlokk FC,Pyunik Yerevan,0,3,0-3,finished,1,qualifying,thestatsapi,,,,,,,,,,,,,,
comp_408698,UEFA Conference League,2026-07-09,12:00,Dinamo Minsk,FK Sileks Kratovo,0,1,0-1,finished,1,qualifying,thestatsapi,,,,,,,,,,,,,,
comp_408698,UEFA Conference League,2026-07-09,12:00,FK Velež Mostar,FC Milsami Orhei,1,1,1-1,finished,1,qualifying,thestatsapi,,,,,,,,,,,,,,
comp_408698,UEFA Conference League,2026-07-09,12:00,Bohemian FC,St Joseph's FC,2,0,2-0,finished,1,qualifying,thestatsapi,,,,,,,,,,,,,,
comp_408698,UEFA Conference League,2026-07-09,11:00,FK Liepaja,FK Dečić Tuzi,1,0,1-0,finished,1,qualifying,thestatsapi,,,,,,,,,,,,,,
comp_408698,UEFA Conference League,2026-07-09,11:00,FC Alashkert,Yelimay Semey,1,1,1-1,finished,1,qualifying,thestatsapi,,,,,,,,,,,,,,
comp_408698,UEFA Conference League,2026-07-09,11:00,FC Hegelmann,Paide Linnameeskond,1,1,1-1,finished,1,qualifying,thestatsapi,,,,,,,,,,,,,,
comp_408698,UEFA Conference League,2026-07-09,11:00,Nõmme Kalju,Linfield FC,1,0,1-0,finished,1,qualifying,thestatsapi,,,,,,,,,,,,,,
comp_408698,UEFA Conference League,2026-07-09,11:00,FC Dila Gori,SS Virtus,3,1,3-1,finished,1,qualifying,thestatsapi,,,,,,,,,,,,,,
comp_408698,UEFA Conference League,2026-07-09,09:00,Atlètic Club Escaldes,FK Mornar Bar,2,1,2-1,finished,1,qualifying,thestatsapi,,,,,,,,,,,,,,
comp_408698,UEFA Conference League,2026-07-08,12:30,Differdange FC 03,Ilves,0,0,0-0,finished,1,qualifying,thestatsapi,,,,,,,,,,,,,,
comp_408698,UEFA Conference League,2026-07-08,12:30,Connah's Quay Nomads,KF Ballkani,0,0,0-0,finished,1,qualifying,thestatsapi,,,,,,,,,,,,,,
comp_408698,UEFA Conference League,2026-07-08,11:00,Zirə FK,FC Torpedo Kutaisi,3,0,3-0,finished,1,qualifying,thestatsapi,,,,,,,,,,,,,,
comp_408698,UEFA Conference League,2026-07-07,13:00,AF Elbasani,BATE Borisov,1,1,1-1,finished,1,qualifying,thestatsapi,,,,,,,,,,,,,,
comp_408698,UEFA Conference League,2026-07-07,12:15,Una Strassen,La Fiorita,1,0,1-0,finished,1,qualifying,thestatsapi,,,,,,,,,,,,,,
comp_408698,UEFA Conference League,2026-05-27,14:00,Crystal Palace,Rayo Vallecano,1,0,1-0,finished,29,final,thestatsapi,2.57,0.52,4,1,11,10,3,1,16,15,3,6,,
comp_408698,UEFA Conference League,2026-05-07,14:00,RC Strasbourg,Rayo Vallecano,0,1,0-1,finished,28,semi_final,thestatsapi,1.48,1.69,5,6,11,22,3,8,7,19,2,3,,
comp_408698,UEFA Conference League,2026-05-07,14:00,Crystal Palace,Shakhtar Donetsk,2,1,2-1,finished,28,semi_final,thestatsapi,1.37,1.04,1,5,11,17,5,6,8,10,0,1,,
comp_408698,UEFA Conference League,2026-04-30,14:00,Rayo Vallecano,RC Strasbourg,1,0,1-0,finished,28,semi_final,thestatsapi,1.29,0.21,5,1,24,5,8,0,15,14,4,5,,
comp_408698,UEFA Conference League,2026-04-30,14:00,Shakhtar Donetsk,Crystal Palace,1,3,1-3,finished,28,semi_final,thestatsapi,1.06,2.31,13,1,15,10,1,7,7,13,3,2,,
comp_408698,UEFA Conference League,2026-04-16,14:00,RC Strasbourg,1. FSV Mainz 05,4,0,4-0,finished,27,quarter_final,thestatsapi,2.89,0.24,5,4,10,7,7,1,11,12,5,4,,
comp_408698,UEFA Conference League,2026-04-16,14:00,AEK Athens,Rayo Vallecano,3,1,3-1,finished,27,quarter_final,thestatsapi,2.78,1.9,8,2,21,10,9,4,15,17,2,3,,
comp_408698,UEFA Conference League,2026-04-16,14:00,Fiorentina,Crystal Palace,2,1,2-1,finished,27,quarter_final,thestatsapi,1.9,1.43,6,1,16,9,6,3,14,14,5,3,,
comp_408698,UEFA Conference League,2026-04-16,11:45,AZ Alkmaar,Shakhtar Donetsk,2,2,2-2,finished,27,quarter_final,thestatsapi,0.85,1.51,3,3,8,14,3,6,19,17,4,4,,
comp_408698,UEFA Conference League,2026-04-09,14:00,1. FSV Mainz 05,RC Strasbourg,2,0,2-0,finished,27,quarter_final,thestatsapi,1.61,1,8,4,18,9,6,2,16,10,2,2,,
comp_408698,UEFA Conference League,2026-04-09,14:00,Crystal Palace,Fiorentina,3,0,3-0,finished,27,quarter_final,thestatsapi,3.05,0.45,3,1,17,8,6,2,16,11,1,2,,
comp_408698,UEFA Conference League,2026-04-09,14:00,Shakhtar Donetsk,AZ Alkmaar,3,0,3-0,finished,27,quarter_final,thestatsapi,0.78,0.49,4,7,12,9,6,3,11,7,1,2,,
comp_408698,UEFA Conference League,2026-04-09,11:45,Rayo Vallecano,AEK Athens,3,0,3-0,finished,27,quarter_final,thestatsapi,2.31,1.11,1,8,10,11,4,2,15,15,1,3,,
comp_408698,UEFA Conference League,2026-03-19,15:00,RC Strasbourg,HNK Rijeka,1,1,1-1,finished,5,round_of_16,thestatsapi,1.11,1.11,4,8,15,18,4,2,9,15,0,3,,
comp_408698,UEFA Conference League,2026-03-19,15:00,AC Sparta Praha,AZ Alkmaar,0,4,0-4,finished,5,round_of_16,thestatsapi,0.72,1.97,5,7,6,16,1,5,8,11,2,2,,
comp_408698,UEFA Conference League,2026-03-19,15:00,Rayo Vallecano,Samsunspor,0,1,0-1,finished,5,round_of_16,thestatsapi,1.26,0.93,13,1,19,9,6,2,16,8,2,6,,
comp_408698,UEFA Conference League,2026-03-19,15:00,Shakhtar Donetsk,Lech Poznań,1,2,1-2,finished,5,round_of_16,thestatsapi,0.43,2.22,4,5,10,15,1,7,10,7,2,1,,
comp_408698,UEFA Conference League,2026-03-19,12:45,Raków Częstochowa,Fiorentina,1,2,1-2,finished,5,round_of_16,thestatsapi,0.76,1.74,2,5,13,21,1,7,10,11,2,3,,
comp_408698,UEFA Conference League,2026-03-19,12:45,AEK Athens,NK Celje,0,2,0-2,finished,5,round_of_16,thestatsapi,0.98,1.21,11,1,14,6,5,3,10,13,1,1,,
comp_408698,UEFA Conference League,2026-03-19,12:45,1. FSV Mainz 05,SK Sigma Olomouc,2,0,2-0,finished,5,round_of_16,thestatsapi,1.53,0.47,5,1,18,6,6,1,14,15,2,5,,
comp_408698,UEFA Conference League,2026-03-19,12:45,AEK Larnaca,Crystal Palace,1,1,1-1,finished,5,round_of_16,thestatsapi,0.28,3.18,1,10,6,29,3,7,7,21,3,3,,
comp_408698,UEFA Conference League,2026-03-12,15:00,Fiorentina,Raków Częstochowa,2,1,2-1,finished,5,round_of_16,thestatsapi,1.77,0.78,8,3,18,7,6,3,12,14,3,3,,
comp_408698,UEFA Conference League,2026-03-12,15:00,NK Celje,AEK Athens,0,4,0-4,finished,5,round_of_16,thestatsapi,0.28,2.81,8,5,8,20,1,11,14,10,2,2,,
comp_408698,UEFA Conference League,2026-03-12,15:00,SK Sigma Olomouc,1. FSV Mainz 05,0,0,0-0,finished,5,round_of_16,thestatsapi,0.34,0.86,1,2,8,5,1,2,9,13,1,1,,
comp_408698,UEFA Conference League,2026-03-12,15:00,Crystal Palace,AEK Larnaca,0,0,0-0,finished,5,round_of_16,thestatsapi,1.72,0.23,6,3,13,2,4,0,11,7,1,0,,
comp_408698,UEFA Conference League,2026-03-12,12:45,HNK Rijeka,RC Strasbourg,1,2,1-2,finished,5,round_of_16,thestatsapi,1.39,2.5,9,3,19,13,8,6,16,15,2,3,,
comp_408698,UEFA Conference League,2026-03-12,12:45,AZ Alkmaar,AC Sparta Praha,2,1,2-1,finished,5,round_of_16,thestatsapi,4.04,0.97,8,2,27,6,7,3,11,15,1,3,,
comp_408698,UEFA Conference League,2026-03-12,12:45,Samsunspor,Rayo Vallecano,1,3,1-3,finished,5,round_of_16,thestatsapi,0.58,0.55,2,2,11,8,5,5,13,10,4,2,,
comp_408698,UEFA Conference League,2026-03-12,12:45,Lech Poznań,Shakhtar Donetsk,1,3,1-3,finished,5,round_of_16,thestatsapi,1.45,1.27,0,1,8,16,3,7,11,8,2,4,,
comp_408698,UEFA Conference League,2026-02-26,15:00,Crystal Palace,HŠK Zrinjski Mostar,2,0,2-0,finished,,round_of_16,thestatsapi,2.36,0.33,5,3,14,4,5,0,12,10,3,3,,
comp_408698,UEFA Conference League,2026-02-26,15:00,AZ Alkmaar,FC Noah,4,0,4-0,finished,,round_of_16,thestatsapi,1.53,0.13,7,1,16,4,7,1,19,8,3,1,,
comp_408698,UEFA Conference League,2026-02-26,15:00,Lech Poznań,KuPS,1,0,1-0,finished,,round_of_16,thestatsapi,1.59,0.67,6,1,16,9,5,1,10,11,2,0,,
comp_408698,UEFA Conference League,2026-02-26,15:00,FC Lausanne-Sport,SK Sigma Olomouc,1,2,1-2,finished,,round_of_16,thestatsapi,1.04,1.14,7,5,13,7,3,3,11,17,1,3,,
comp_408698,UEFA Conference League,2026-02-26,12:45,HNK Rijeka,Omonia Nicosia,3,1,3-1,finished,,round_of_16,thestatsapi,1.11,1.46,1,7,13,15,5,6,9,12,1,4,,
comp_408698,UEFA Conference League,2026-02-26,12:45,Fiorentina,Jagiellonia Białystok,0,3,0-3,finished,,round_of_16,thestatsapi,1.39,2.46,6,3,22,15,8,10,20,22,3,6,,
comp_408698,UEFA Conference League,2026-02-26,12:45,NK Celje,FC Drita,3,2,3-2,finished,,round_of_16,thestatsapi,2.81,1.54,4,5,13,17,9,7,18,22,3,4,,
comp_408698,UEFA Conference League,2026-02-26,12:45,Samsunspor,KF Shkëndija,4,0,4-0,finished,,round_of_16,thestatsapi,3.69,0.37,6,1,17,7,9,0,18,15,0,3,,
comp_408698,UEFA Conference League,2026-02-19,15:00,Omonia Nicosia,HNK Rijeka,0,1,0-1,finished,,round_of_16,thestatsapi,1.83,0.56,7,2,14,9,4,4,11,20,4,4,,
comp_408698,UEFA Conference League,2026-02-19,15:00,Jagiellonia Białystok,Fiorentina,0,3,0-3,finished,,round_of_16,thestatsapi,0.76,2.38,3,4,11,13,0,6,19,15,1,3,,
comp_408698,UEFA Conference League,2026-02-19,15:00,FC Drita,NK Celje,2,3,2-3,finished,,round_of_16,thestatsapi,1.7,2.03,7,3,18,13,5,6,17,12,2,3,,
comp_408698,UEFA Conference League,2026-02-19,15:00,KF Shkëndija,Samsunspor,0,1,0-1,finished,,round_of_16,thestatsapi,0.24,2.55,0,2,3,17,1,7,10,16,0,3,,
comp_408698,UEFA Conference League,2026-02-19,12:45,FC Noah,AZ Alkmaar,1,0,1-0,finished,,round_of_16,thestatsapi,1.04,0.66,1,5,13,9,4,3,10,15,2,1,,
comp_408698,UEFA Conference League,2026-02-19,12:45,KuPS,Lech Poznań,0,2,0-2,finished,,round_of_16,thestatsapi,0.06,3.23,1,8,1,28,0,12,9,7,1,1,,
comp_408698,UEFA Conference League,2026-02-19,12:45,SK Sigma Olomouc,FC Lausanne-Sport,1,1,1-1,finished,,round_of_16,thestatsapi,2.67,0.46,8,3,21,9,6,2,14,10,2,3,,
comp_408698,UEFA Conference League,2026-02-19,12:45,HŠK Zrinjski Mostar,Crystal Palace,1,1,1-1,finished,,round_of_16,thestatsapi,1.24,0.8,0,3,5,11,3,5,9,11,2,1,,
comp_408698,UEFA Conference League,2025-12-18,15:00,FC Lausanne-Sport,Fiorentina,1,0,1-0,finished,6,,thestatsapi,1.42,0.58,6,7,17,11,5,4,11,15,1,2,,
comp_408698,UEFA Conference League,2025-12-18,15:00,AEK Larnaca,KF Shkëndija,1,0,1-0,finished,6,,thestatsapi,2.36,0.19,5,4,17,3,3,1,5,6,1,2,,
comp_408698,UEFA Conference League,2025-12-18,15:00,SK Sigma Olomouc,Lech Poznań,1,2,1-2,finished,6,,thestatsapi,0.99,2.56,4,0,18,7,2,4,5,2,2,1,,
comp_408698,UEFA Conference League,2025-12-18,15:00,AEK Athens,Universitatea Craiova,3,2,3-2,finished,6,,thestatsapi,3.41,1.34,7,4,19,15,5,5,8,18,3,5,,
comp_408698,UEFA Conference League,2025-12-18,15:00,HŠK Zrinjski Mostar,SK Rapid Wien,1,1,1-1,finished,6,,thestatsapi,1.35,0.51,6,2,19,9,5,4,14,17,1,2,,
comp_408698,UEFA Conference League,2025-12-18,15:00,NK Celje,Shelbourne,0,0,0-0,finished,6,,thestatsapi,1.87,0.96,8,5,23,13,7,4,10,12,2,6,,
comp_408698,UEFA Conference League,2025-12-18,15:00,RC Strasbourg,Breidablik Kópavogur,3,1,3-1,finished,6,,thestatsapi,3.56,0.71,8,3,22,9,11,2,4,12,0,2,,
comp_408698,UEFA Conference League,2025-12-18,15:00,1. FSV Mainz 05,Samsunspor,2,0,2-0,finished,6,,thestatsapi,1.7,0.73,5,3,13,7,5,2,10,10,0,3,,
comp_408698,UEFA Conference League,2025-12-18,15:00,Omonia Nicosia,Raków Częstochowa,0,1,0-1,finished,6,,thestatsapi,0.83,1.6,1,1,13,11,2,6,5,11,4,1,,
comp_408698,UEFA Conference League,2025-12-18,15:00,Shamrock Rovers,Ħamrun Spartans FC,3,1,3-1,finished,6,,thestatsapi,5.14,0.76,7,4,26,10,14,3,4,8,4,1,,
comp_408698,UEFA Conference League,2025-12-18,15:00,Rayo Vallecano,FC Drita,3,0,3-0,finished,6,,thestatsapi,0.87,0.42,3,4,17,8,5,2,9,11,1,1,,
comp_408698,UEFA Conference League,2025-12-18,15:00,Crystal Palace,KuPS,2,2,2-2,finished,6,,thestatsapi,1.57,0.26,10,1,14,3,6,2,10,14,3,0,,
comp_408698,UEFA Conference League,2025-12-18,15:00,AC Sparta Praha,Aberdeen,3,0,3-0,finished,6,,thestatsapi,1.09,0.1,6,1,13,3,6,0,13,8,0,2,,
comp_408698,UEFA Conference League,2025-12-18,15:00,Dynamo Kyiv,FC Noah,2,0,2-0,finished,6,,thestatsapi,1.36,0.61,5,4,7,8,4,2,14,5,3,2,,
comp_408698,UEFA Conference League,2025-12-18,15:00,Legia Warszawa,Lincoln Red Imps,4,1,4-1,finished,6,,thestatsapi,3.28,0.63,10,1,31,4,9,2,6,1,1,1,,
comp_408698,UEFA Conference League,2025-12-18,15:00,ŠK Slovan Bratislava,BK Häcken,1,0,1-0,finished,6,,thestatsapi,1.85,0.95,8,7,17,17,10,1,4,11,1,3,,
comp_408698,UEFA Conference League,2025-12-18,15:00,Shakhtar Donetsk,HNK Rijeka,0,0,0-0,finished,6,,thestatsapi,0.43,0.43,2,2,9,4,5,1,10,10,1,3,,
comp_408698,UEFA Conference League,2025-12-18,15:00,AZ Alkmaar,Jagiellonia Białystok,0,0,0-0,finished,6,,thestatsapi,1.18,0.12,8,5,14,4,2,1,13,11,4,1,,
comp_408698,UEFA Conference League,2025-12-11,15:00,Ħamrun Spartans FC,Shakhtar Donetsk,0,2,0-2,finished,5,,thestatsapi,0.23,2.79,3,4,5,18,2,9,10,8,2,3,,
comp_408698,UEFA Conference League,2025-12-11,15:00,Shelbourne,Crystal Palace,0,3,0-3,finished,5,,thestatsapi,0.4,3.89,2,9,5,28,1,10,8,15,2,0,,
comp_408698,UEFA Conference League,2025-12-11,15:00,Raków Częstochowa,HŠK Zrinjski Mostar,1,0,1-0,finished,5,,thestatsapi,1.66,0.78,7,3,13,14,3,7,10,16,0,3,,
comp_408698,UEFA Conference League,2025-12-11,15:00,Aberdeen,RC Strasbourg,0,1,0-1,finished,5,,thestatsapi,0.88,2.55,9,7,11,9,2,6,18,11,2,5,,
comp_408698,UEFA Conference League,2025-12-11,15:00,KuPS,FC Lausanne-Sport,0,0,0-0,finished,5,,thestatsapi,0.63,1.77,4,4,14,21,1,2,11,8,0,2,,
comp_408698,UEFA Conference League,2025-12-11,15:00,Lincoln Red Imps,SK Sigma Olomouc,2,1,2-1,finished,5,,thestatsapi,0.52,2.13,1,3,9,19,3,3,17,22,3,2,,
comp_408698,UEFA Conference League,2025-12-11,15:00,HNK Rijeka,NK Celje,3,0,3-0,finished,5,,thestatsapi,1.9,1.68,5,2,21,8,10,3,14,11,2,1,,
comp_408698,UEFA Conference League,2025-12-11,15:00,Lech Poznań,1. FSV Mainz 05,1,1,1-1,finished,5,,thestatsapi,2.89,1.23,2,5,20,13,8,5,14,12,2,4,,
comp_408698,UEFA Conference League,2025-12-11,15:00,SK Rapid Wien,Omonia Nicosia,0,1,0-1,finished,5,,thestatsapi,1.52,0.26,3,1,16,4,7,2,24,14,2,2,,
comp_408698,UEFA Conference League,2025-12-11,12:45,FC Noah,Legia Warszawa,2,1,2-1,finished,5,,thestatsapi,1.32,2.05,6,5,21,11,5,3,11,15,1,1,,
comp_408698,UEFA Conference League,2025-12-11,12:45,Universitatea Craiova,AC Sparta Praha,1,2,1-2,finished,5,,thestatsapi,1.05,1.55,0,8,7,15,4,3,11,13,1,3,,
comp_408698,UEFA Conference League,2025-12-11,12:45,BK Häcken,AEK Larnaca,1,1,1-1,finished,5,,thestatsapi,1.11,0.8,3,4,18,8,4,4,11,13,1,4,,
comp_408698,UEFA Conference League,2025-12-11,12:45,KF Shkëndija,ŠK Slovan Bratislava,2,0,2-0,finished,5,,thestatsapi,1.36,0.22,2,4,11,8,5,0,12,16,4,2,,
comp_408698,UEFA Conference League,2025-12-11,12:45,Samsunspor,AEK Athens,1,2,1-2,finished,5,,thestatsapi,0.75,0.6,7,4,17,13,4,3,8,9,1,4,,
comp_408698,UEFA Conference League,2025-12-11,12:45,Breidablik Kópavogur,Shamrock Rovers,3,1,3-1,finished,5,,thestatsapi,1.5,0.35,5,5,10,7,4,2,17,9,2,0,,
comp_408698,UEFA Conference League,2025-12-11,12:45,FC Drita,AZ Alkmaar,0,3,0-3,finished,5,,thestatsapi,0.18,2.85,4,6,6,25,1,9,10,11,3,2,,
comp_408698,UEFA Conference League,2025-12-11,12:45,Jagiellonia Białystok,Rayo Vallecano,1,2,1-2,finished,5,,thestatsapi,1.16,1.4,2,8,12,11,2,3,18,22,2,4,,
comp_408698,UEFA Conference League,2025-12-11,12:45,Fiorentina,Dynamo Kyiv,2,1,2-1,finished,5,,thestatsapi,2.88,0.57,5,5,20,9,8,2,13,10,3,3,,
comp_408698,UEFA Conference League,2025-11-27,15:00,Breidablik Kópavogur,Samsunspor,2,2,2-2,finished,4,,thestatsapi,0.94,1.06,5,7,12,18,4,6,7,12,1,0,,
comp_408698,UEFA Conference League,2025-11-27,15:00,FC Drita,KF Shkëndija,1,0,1-0,finished,4,,thestatsapi,0.59,0.71,2,10,5,19,2,3,16,15,2,4,,
comp_408698,UEFA Conference League,2025-11-27,15:00,Aberdeen,FC Noah,1,1,1-1,finished,4,,thestatsapi,0.92,0.68,1,7,9,10,3,3,11,13,4,1,,
comp_408698,UEFA Conference League,2025-11-27,15:00,HNK Rijeka,AEK Larnaca,0,0,0-0,finished,4,,thestatsapi,1.07,0.38,7,1,23,6,5,1,19,14,1,7,,
comp_408698,UEFA Conference League,2025-11-27,15:00,Jagiellonia Białystok,KuPS,1,0,1-0,finished,4,,thestatsapi,1.26,0.72,7,5,17,6,9,0,9,6,1,1,,
comp_408698,UEFA Conference League,2025-11-27,15:00,RC Strasbourg,Crystal Palace,2,1,2-1,finished,4,,thestatsapi,2.37,2.08,4,5,13,16,6,4,5,13,1,2,,
comp_408698,UEFA Conference League,2025-11-27,15:00,Shamrock Rovers,Shakhtar Donetsk,1,2,1-2,finished,4,,thestatsapi,0.56,1.84,4,8,6,19,3,8,7,7,1,0,,
comp_408698,UEFA Conference League,2025-11-27,15:00,Legia Warszawa,AC Sparta Praha,0,1,0-1,finished,4,,thestatsapi,0.84,0.56,3,10,12,13,5,2,14,8,4,1,,
comp_408698,UEFA Conference League,2025-11-27,15:00,Fiorentina,AEK Athens,0,1,0-1,finished,4,,thestatsapi,1.21,1.75,7,3,11,12,3,4,12,16,3,2,,
comp_408698,UEFA Conference League,2025-11-27,12:45,Ħamrun Spartans FC,Lincoln Red Imps,3,1,3-1,finished,4,,thestatsapi,2.25,1.11,8,1,22,10,11,4,24,11,6,4,,
comp_408698,UEFA Conference League,2025-11-27,12:45,Universitatea Craiova,1. FSV Mainz 05,1,0,1-0,finished,4,,thestatsapi,1.1,0.38,1,6,8,9,2,1,17,18,4,2,,
comp_408698,UEFA Conference League,2025-11-27,12:45,Raków Częstochowa,SK Rapid Wien,4,1,4-1,finished,4,,thestatsapi,2.19,0.62,8,2,15,10,5,3,11,12,1,2,,
comp_408698,UEFA Conference League,2025-11-27,12:45,SK Sigma Olomouc,NK Celje,2,1,2-1,finished,4,,thestatsapi,1.74,1.73,3,5,21,11,7,4,28,8,2,2,,
comp_408698,UEFA Conference League,2025-11-27,12:45,HŠK Zrinjski Mostar,BK Häcken,2,1,2-1,finished,4,,thestatsapi,1.37,1.52,3,7,12,14,6,3,10,8,2,3,,
comp_408698,UEFA Conference League,2025-11-27,12:45,Omonia Nicosia,Dynamo Kyiv,2,0,2-0,finished,4,,thestatsapi,3.03,0.88,4,8,11,13,5,4,6,13,2,5,,
comp_408698,UEFA Conference League,2025-11-27,12:45,Lech Poznań,FC Lausanne-Sport,2,0,2-0,finished,4,,thestatsapi,1.27,1.17,3,7,6,17,3,5,9,12,1,3,,
comp_408698,UEFA Conference League,2025-11-27,12:45,ŠK Slovan Bratislava,Rayo Vallecano,2,1,2-1,finished,4,,thestatsapi,0.97,1.97,10,5,9,23,3,6,13,17,5,5,,
comp_408698,UEFA Conference League,2025-11-27,12:45,AZ Alkmaar,Shelbourne,2,0,2-0,finished,4,,thestatsapi,1.8,0.27,8,6,22,5,9,2,6,18,2,4,,
comp_408698,UEFA Conference League,2025-11-06,15:00,Shelbourne,FC Drita,0,1,0-1,finished,3,,thestatsapi,1.06,1.31,6,3,10,20,2,5,13,7,1,0,,
comp_408698,UEFA Conference League,2025-11-06,15:00,BK Häcken,RC Strasbourg,1,2,1-2,finished,3,,thestatsapi,1.61,0.94,6,3,17,9,5,6,9,7,2,1,,
comp_408698,UEFA Conference League,2025-11-06,15:00,FC Lausanne-Sport,Omonia Nicosia,1,1,1-1,finished,3,,thestatsapi,1.77,1.24,6,4,20,7,6,3,10,12,2,3,,
comp_408698,UEFA Conference League,2025-11-06,15:00,KF Shkëndija,Jagiellonia Białystok,1,1,1-1,finished,3,,thestatsapi,0.56,0.39,2,4,7,8,3,3,16,23,3,3,,
comp_408698,UEFA Conference League,2025-11-06,15:00,Lincoln Red Imps,HNK Rijeka,1,1,1-1,finished,3,,thestatsapi,2.17,0.69,4,2,12,10,5,5,11,16,3,3,,
comp_408698,UEFA Conference League,2025-11-06,15:00,Rayo Vallecano,Lech Poznań,3,2,3-2,finished,3,,thestatsapi,3.24,0.37,7,6,29,9,6,3,8,1,4,1,,
comp_408698,UEFA Conference League,2025-11-06,15:00,Crystal Palace,AZ Alkmaar,3,1,3-1,finished,3,,thestatsapi,3.82,1.18,2,1,21,9,7,4,14,14,2,2,,
comp_408698,UEFA Conference League,2025-11-06,15:00,Dynamo Kyiv,HŠK Zrinjski Mostar,6,0,6-0,finished,3,,thestatsapi,2.28,0.32,4,6,10,10,7,3,11,8,0,1,,
comp_408698,UEFA Conference League,2025-11-06,15:00,SK Rapid Wien,Universitatea Craiova,0,1,0-1,finished,3,,thestatsapi,0.83,1.76,3,3,10,17,1,8,12,20,5,3,,
comp_408698,UEFA Conference League,2025-11-06,12:45,FC Noah,SK Sigma Olomouc,1,2,1-2,finished,3,,thestatsapi,0.29,1.91,0,4,5,17,2,3,20,18,3,2,,
comp_408698,UEFA Conference League,2025-11-06,12:45,AEK Larnaca,Aberdeen,0,0,0-0,finished,3,,thestatsapi,0.56,0.83,5,5,11,5,2,0,6,8,1,0,,
comp_408698,UEFA Conference League,2025-11-06,12:45,Samsunspor,Ħamrun Spartans FC,3,0,3-0,finished,3,,thestatsapi,2.69,0.26,3,1,15,4,8,1,15,14,0,1,,
comp_408698,UEFA Conference League,2025-11-06,12:45,AEK Athens,Shamrock Rovers,1,1,1-1,finished,3,,thestatsapi,3.2,0.79,10,0,30,1,8,1,8,11,2,4,,
comp_408698,UEFA Conference League,2025-11-06,12:45,KuPS,ŠK Slovan Bratislava,3,1,3-1,finished,3,,thestatsapi,1.08,0.96,6,0,16,7,6,2,10,12,1,3,,
comp_408698,UEFA Conference League,2025-11-06,12:45,NK Celje,Legia Warszawa,2,1,2-1,finished,3,,thestatsapi,0.75,1.65,3,6,11,17,5,9,10,14,1,3,,
comp_408698,UEFA Conference League,2025-11-06,12:45,1. FSV Mainz 05,Fiorentina,2,1,2-1,finished,3,,thestatsapi,1.97,1.76,3,2,13,12,4,4,19,12,3,3,,
comp_408698,UEFA Conference League,2025-11-06,12:45,AC Sparta Praha,Raków Częstochowa,0,0,0-0,finished,3,,thestatsapi,0.82,0.32,7,2,11,6,5,1,13,8,0,1,,
comp_408698,UEFA Conference League,2025-11-06,12:45,Shakhtar Donetsk,Breidablik Kópavogur,2,0,2-0,finished,3,,thestatsapi,1.21,0.45,8,2,16,5,4,0,7,8,0,2,,
comp_408698,UEFA Conference League,2025-10-24,09:00,HNK Rijeka,AC Sparta Praha,1,0,1-0,finished,2,,thestatsapi,0.6,0.72,4,3,8,10,2,3,8,16,2,5,,
comp_408698,UEFA Conference League,2025-10-23,14:00,Ħamrun Spartans FC,FC Lausanne-Sport,0,1,0-1,finished,2,,thestatsapi,1.83,1.03,6,4,15,10,1,5,13,17,3,4,,
comp_408698,UEFA Conference League,2025-10-23,14:00,Universitatea Craiova,FC Noah,1,1,1-1,finished,2,,thestatsapi,0.64,1.37,2,4,6,16,2,4,23,8,2,1,,
comp_408698,UEFA Conference League,2025-10-23,14:00,Samsunspor,Dynamo Kyiv,3,0,3-0,finished,2,,thestatsapi,2.5,0.73,4,6,14,5,5,0,6,10,0,2,,
comp_408698,UEFA Conference League,2025-10-23,14:00,SK Sigma Olomouc,Raków Częstochowa,1,1,1-1,finished,2,,thestatsapi,0.28,1.19,3,2,8,14,1,6,14,9,3,3,,
comp_408698,UEFA Conference League,2025-10-23,14:00,Lincoln Red Imps,Lech Poznań,2,1,2-1,finished,2,,thestatsapi,1.03,2.89,4,6,12,20,3,5,15,17,2,1,,
comp_408698,UEFA Conference League,2025-10-23,14:00,1. FSV Mainz 05,HŠK Zrinjski Mostar,1,0,1-0,finished,2,,thestatsapi,2.62,0.05,7,2,15,2,4,0,13,13,1,4,,
comp_408698,UEFA Conference League,2025-10-23,14:00,Shamrock Rovers,NK Celje,0,2,0-2,finished,2,,thestatsapi,0.83,2.08,4,3,11,14,3,4,14,14,3,2,,
comp_408698,UEFA Conference League,2025-10-23,14:00,Crystal Palace,AEK Larnaca,0,1,0-1,finished,2,,thestatsapi,1.66,0.17,8,2,15,4,1,2,16,16,2,2,,
comp_408698,UEFA Conference League,2025-10-23,11:45,BK Häcken,Rayo Vallecano,2,2,2-2,finished,2,,thestatsapi,1.97,1.66,10,5,10,11,4,4,11,13,5,5,,
comp_408698,UEFA Conference League,2025-10-23,11:45,KF Shkëndija,Shelbourne,1,0,1-0,finished,2,,thestatsapi,0.46,0.51,4,1,13,9,1,2,14,16,3,2,,
comp_408698,UEFA Conference League,2025-10-23,11:45,Breidablik Kópavogur,KuPS,0,0,0-0,finished,2,,thestatsapi,1.86,1.05,10,6,16,8,3,2,6,11,1,0,,
comp_408698,UEFA Conference League,2025-10-23,11:45,FC Drita,Omonia Nicosia,1,1,1-1,finished,2,,thestatsapi,0.24,1.15,2,8,4,14,2,5,15,20,3,4,,
comp_408698,UEFA Conference League,2025-10-23,11:45,AEK Athens,Aberdeen,6,0,6-0,finished,2,,thestatsapi,5.13,0.45,5,2,27,8,10,2,11,13,1,1,,
comp_408698,UEFA Conference League,2025-10-23,11:45,RC Strasbourg,Jagiellonia Białystok,1,1,1-1,finished,2,,thestatsapi,2.57,0.85,8,0,25,3,7,2,15,9,3,4,,
comp_408698,UEFA Conference League,2025-10-23,11:45,SK Rapid Wien,Fiorentina,0,3,0-3,finished,2,,thestatsapi,0.66,1.64,2,5,13,17,3,7,15,14,2,1,,
comp_408698,UEFA Conference League,2025-10-23,11:45,Shakhtar Donetsk,Legia Warszawa,1,2,1-2,finished,2,,thestatsapi,0.49,0.97,3,3,11,11,3,3,9,8,3,1,,
comp_408698,UEFA Conference League,2025-10-23,11:45,AZ Alkmaar,ŠK Slovan Bratislava,1,0,1-0,finished,2,,thestatsapi,3.34,0.17,12,0,30,3,11,1,16,12,1,4,,
comp_408698,UEFA Conference League,2025-10-02,14:00,Shelbourne,BK Häcken,0,0,0-0,finished,1,,thestatsapi,0.32,0.71,3,5,7,10,1,3,10,8,1,2,,
comp_408698,UEFA Conference League,2025-10-02,14:00,Raków Częstochowa,Universitatea Craiova,2,0,2-0,finished,1,,thestatsapi,1.53,0.14,10,1,22,4,10,0,7,16,1,2,,
comp_408698,UEFA Conference League,2025-10-02,14:00,AEK Larnaca,AZ Alkmaar,4,0,4-0,finished,1,,thestatsapi,2.72,0.48,6,2,22,6,10,2,13,8,2,3,,
comp_408698,UEFA Conference League,2025-10-02,14:00,Aberdeen,Shakhtar Donetsk,2,3,2-3,finished,1,,thestatsapi,1.62,0.96,4,6,11,11,5,4,12,9,4,4,,
comp_408698,UEFA Conference League,2025-10-02,14:00,NK Celje,AEK Athens,3,1,3-1,finished,1,,thestatsapi,2.94,1.1,0,0,0,0,0,0,0,0,0,0,,
comp_408698,UEFA Conference League,2025-10-02,14:00,AC Sparta Praha,Shamrock Rovers,4,1,4-1,finished,1,,thestatsapi,3.45,0.08,7,2,19,2,8,1,10,11,3,4,,
comp_408698,UEFA Conference League,2025-10-02,14:00,Legia Warszawa,Samsunspor,0,1,0-1,finished,1,,thestatsapi,1.12,0.76,8,2,19,6,2,2,7,10,3,4,,
comp_408698,UEFA Conference League,2025-10-02,14:00,ŠK Slovan Bratislava,RC Strasbourg,1,2,1-2,finished,1,,thestatsapi,1.61,0.9,5,1,22,5,6,4,9,10,1,3,,
comp_408698,UEFA Conference League,2025-10-02,14:00,Fiorentina,SK Sigma Olomouc,2,0,2-0,finished,1,,thestatsapi,1.56,0.2,8,0,14,7,4,4,19,18,3,1,,
comp_408698,UEFA Conference League,2025-10-02,11:45,FC Noah,HNK Rijeka,1,0,1-0,finished,1,,thestatsapi,1.18,0.15,1,1,15,2,3,1,15,16,2,3,,
comp_408698,UEFA Conference League,2025-10-02,11:45,FC Lausanne-Sport,Breidablik Kópavogur,3,0,3-0,finished,1,,thestatsapi,1.93,0.97,2,7,16,13,8,2,12,6,1,1,,
comp_408698,UEFA Conference League,2025-10-02,11:45,KuPS,FC Drita,1,1,1-1,finished,1,,thestatsapi,0.64,0.9,1,2,6,12,3,4,16,10,4,0,,
comp_408698,UEFA Conference League,2025-10-02,11:45,HŠK Zrinjski Mostar,Lincoln Red Imps,5,0,5-0,finished,1,,thestatsapi,3.37,0.46,4,4,24,8,10,0,16,11,3,2,,
comp_408698,UEFA Conference League,2025-10-02,11:45,Jagiellonia Białystok,Ħamrun Spartans FC,1,0,1-0,finished,1,,thestatsapi,1.56,0.58,7,5,19,8,7,3,16,11,2,2,,
comp_408698,UEFA Conference League,2025-10-02,11:45,Omonia Nicosia,1. FSV Mainz 05,0,1,0-1,finished,1,,thestatsapi,0.24,1.54,4,8,8,17,3,2,8,9,1,1,,
comp_408698,UEFA Conference League,2025-10-02,11:45,Lech Poznań,SK Rapid Wien,4,1,4-1,finished,1,,thestatsapi,2.61,0.61,2,4,18,9,9,2,9,18,3,1,,
comp_408698,UEFA Conference League,2025-10-02,11:45,Rayo Vallecano,KF Shkëndija,2,0,2-0,finished,1,,thestatsapi,1.68,0.01,12,0,20,1,10,1,20,6,1,2,,
comp_408698,UEFA Conference League,2025-10-02,11:45,Dynamo Kyiv,Crystal Palace,0,2,0-2,finished,1,,thestatsapi,0.53,1.96,3,4,9,14,1,7,7,14,1,3,,
comp_408698,UEFA Conference League,2025-08-28,14:00,Legia Warszawa,Hibernian,2,3,2-3,finished,,round_of_16,thestatsapi,,,5,8,11,24,7,11,16,15,6,6,,
comp_408698,UEFA Conference League,2025-08-28,14:00,1. FSV Mainz 05,Rosenborg BK,4,1,4-1,finished,,round_of_16,thestatsapi,,,9,2,22,5,8,2,12,7,1,1,,
comp_408698,UEFA Conference League,2025-08-28,14:00,Shamrock Rovers,Santa Clara,0,0,0-0,finished,,round_of_16,thestatsapi,,,,,,,,,,,,,,
comp_408698,UEFA Conference League,2025-08-28,14:00,SS Virtus,Breidablik Kópavogur,1,3,1-3,finished,,round_of_16,thestatsapi,,,,,,,,,,,,,,
comp_408698,UEFA Conference League,2025-08-28,14:00,Servette FC,Shakhtar Donetsk,1,1,1-1,finished,,round_of_16,thestatsapi,,,3,6,12,23,3,7,13,11,5,3,,
comp_408698,UEFA Conference League,2025-08-28,13:45,Dinamo City,Jagiellonia Białystok,1,1,1-1,finished,,round_of_16,thestatsapi,,,,,,,,,,,,,,
comp_408698,UEFA Conference League,2025-08-28,13:45,Linfield FC,Shelbourne,0,2,0-2,finished,,round_of_16,thestatsapi,,,,,,,,,,,,,,
comp_408698,UEFA Conference League,2025-08-28,13:00,Fiorentina,Polissya Zhytomyr,3,2,3-2,finished,,round_of_16,thestatsapi,,,6,1,14,5,6,5,3,15,0,2,,
comp_408698,UEFA Conference League,2025-08-28,13:00,Arda Kardzhali,Raków Częstochowa,1,2,1-2,finished,,round_of_16,thestatsapi,,,3,2,8,12,3,7,15,15,4,3,,
comp_408698,UEFA Conference League,2025-08-28,13:00,Baník Ostrava,NK Celje,0,2,0-2,finished,,round_of_16,thestatsapi,,,,,,,,,,,,,,
comp_408698,UEFA Conference League,2025-08-28,13:00,AEK Athens,RSC Anderlecht,2,0,2-0,finished,,round_of_16,thestatsapi,,,7,4,19,13,6,4,5,22,1,5,,
comp_408698,UEFA Conference League,2025-08-28,13:00,Differdange FC 03,FC Drita,0,1,0-1,finished,,round_of_16,thestatsapi,,,,,,,,,,,,,,
comp_408698,UEFA Conference League,2025-08-28,13:00,Rayo Vallecano,Neman Grodno,4,0,4-0,finished,,round_of_16,thestatsapi,,,7,0,14,3,7,0,5,12,1,2,,
comp_408698,UEFA Conference League,2025-08-28,13:00,Brøndby IF,RC Strasbourg,2,3,2-3,finished,,round_of_16,thestatsapi,,,5,3,17,9,3,4,15,15,5,6,,
comp_408698,UEFA Conference League,2025-08-28,12:30,Universitatea Craiova,Başakşehir FK,3,1,3-1,finished,,round_of_16,thestatsapi,,,4,5,14,10,6,3,15,17,3,6,,
comp_408698,UEFA Conference League,2025-08-28,12:30,AZ Alkmaar,Levski Sofia,4,1,4-1,finished,,round_of_16,thestatsapi,,,3,4,13,7,8,4,5,14,1,3,,
comp_408698,UEFA Conference League,2025-08-28,12:30,CFR 1907 Cluj,BK Häcken,1,0,1-0,finished,,round_of_16,thestatsapi,,,,,,,,,,,,,,
comp_408698,UEFA Conference League,2025-08-28,12:00,Beşiktaş,FC Lausanne-Sport,0,1,0-1,finished,,round_of_16,thestatsapi,,,4,8,12,19,3,8,12,19,4,2,,
comp_408698,UEFA Conference League,2025-08-28,12:00,SK Rapid Wien,ETO FC Győr,2,0,2-0,finished,,round_of_16,thestatsapi,,,4,7,22,9,7,2,10,6,2,3,,
comp_408698,UEFA Conference League,2025-08-28,12:00,RFS,Ħamrun Spartans FC,2,2,2-2,finished,,round_of_16,thestatsapi,,,,,,,,,,,,,,
comp_408698,UEFA Conference League,2025-08-28,11:00,Fredrikstad FK,Crystal Palace,0,0,0-0,finished,,round_of_16,thestatsapi,,,2,3,7,10,1,4,7,7,3,2,,
comp_408698,UEFA Conference League,2025-08-28,11:00,Omonia Nicosia,Wolfsberger AC,1,0,1-0,finished,,round_of_16,thestatsapi,,,9,5,15,23,6,6,11,19,1,3,,
comp_408698,UEFA Conference League,2025-08-28,11:00,FC Noah,NK Olimpija Ljubljana,3,2,3-2,finished,,round_of_16,thestatsapi,,,,,,,,,,,,,,
comp_408698,UEFA Conference League,2025-08-27,11:45,Riga FC,AC Sparta Praha,1,0,1-0,finished,,round_of_16,thestatsapi,,,,,,,,,,,,,,
comp_408698,UEFA Conference League,2025-08-21,14:00,Hibernian,Legia Warszawa,1,2,1-2,finished,,round_of_16,thestatsapi,,,5,3,11,13,2,4,8,14,4,3,,
comp_408698,UEFA Conference League,2025-08-21,14:00,Raków Częstochowa,Arda Kardzhali,1,0,1-0,finished,,round_of_16,thestatsapi,,,1,0,14,7,7,2,14,8,0,0,,
comp_408698,UEFA Conference League,2025-08-21,14:00,Santa Clara,Shamrock Rovers,1,2,1-2,finished,,round_of_16,thestatsapi,,,,,,,,,,,,,,
comp_408698,UEFA Conference League,2025-08-21,14:00,Crystal Palace,Fredrikstad FK,1,0,1-0,finished,,round_of_16,thestatsapi,,,7,3,25,5,5,0,4,11,0,2,,
comp_408698,UEFA Conference League,2025-08-21,13:45,Shelbourne,Linfield FC,3,1,3-1,finished,,round_of_16,thestatsapi,,,,,,,,,,,,,,
comp_408698,UEFA Conference League,2025-08-21,13:15,Jagiellonia Białystok,Dinamo City,3,0,3-0,finished,,round_of_16,thestatsapi,,,,,,,,,,,,,,
comp_408698,UEFA Conference League,2025-08-21,13:15,FC Lausanne-Sport,Beşiktaş,1,1,1-1,finished,,round_of_16,thestatsapi,,,6,2,21,9,6,2,14,9,0,3,,
comp_408698,UEFA Conference League,2025-08-21,13:00,NK Celje,Baník Ostrava,1,0,1-0,finished,,round_of_16,thestatsapi,,,,,,,,,,,,,,
comp_408698,UEFA Conference League,2025-08-21,13:00,Shakhtar Donetsk,Servette FC,1,1,1-1,finished,,round_of_16,thestatsapi,,,14,4,23,2,6,2,8,12,1,1,,
comp_408698,UEFA Conference League,2025-08-21,13:00,Polissya Zhytomyr,Fiorentina,0,3,0-3,finished,,round_of_16,thestatsapi,,,5,3,20,15,3,3,8,5,1,1,,
comp_408698,UEFA Conference League,2025-08-21,13:00,Levski Sofia,AZ Alkmaar,0,2,0-2,finished,,round_of_16,thestatsapi,,,9,2,14,12,2,5,10,14,2,3,,
comp_408698,UEFA Conference League,2025-08-21,13:00,Breidablik Kópavogur,SS Virtus,2,1,2-1,finished,,round_of_16,thestatsapi,,,,,,,,,,,,,,
comp_408698,UEFA Conference League,2025-08-21,13:00,FC Drita,Differdange FC 03,2,1,2-1,finished,,round_of_16,thestatsapi,,,,,,,,,,,,,,
comp_408698,UEFA Conference League,2025-08-21,13:00,AC Sparta Praha,Riga FC,2,0,2-0,finished,,round_of_16,thestatsapi,,,,,,,,,,,,,,
comp_408698,UEFA Conference League,2025-08-21,13:00,NK Olimpija Ljubljana,FC Noah,1,4,1-4,finished,,round_of_16,thestatsapi,,,,,,,,,,,,,,
comp_408698,UEFA Conference League,2025-08-21,13:00,Neman Grodno,Rayo Vallecano,0,1,0-1,finished,,round_of_16,thestatsapi,,,3,10,6,18,4,6,13,12,2,0,,
comp_408698,UEFA Conference League,2025-08-21,13:00,RSC Anderlecht,AEK Athens,1,1,1-1,finished,,round_of_16,thestatsapi,,,7,0,20,11,10,5,20,8,2,3,,
comp_408698,UEFA Conference League,2025-08-21,13:00,RC Strasbourg,Brøndby IF,0,0,0-0,finished,,round_of_16,thestatsapi,,,9,4,20,6,8,0,9,9,1,2,,
comp_408698,UEFA Conference League,2025-08-21,12:45,Başakşehir FK,Universitatea Craiova,1,2,1-2,finished,,round_of_16,thestatsapi,,,7,6,14,15,3,5,8,16,2,4,,
comp_408698,UEFA Conference League,2025-08-21,12:00,Wolfsberger AC,Omonia Nicosia,2,1,2-1,finished,,round_of_16,thestatsapi,,,7,5,18,15,6,6,13,9,2,2,,
comp_408698,UEFA Conference League,2025-08-21,12:00,BK Häcken,CFR 1907 Cluj,7,2,7-2,finished,,round_of_16,thestatsapi,,,8,3,18,10,9,6,9,9,0,1,,
comp_408698,UEFA Conference League,2025-08-21,12:00,Ħamrun Spartans FC,RFS,1,0,1-0,finished,,round_of_16,thestatsapi,,,,,,,,,,,,,,
comp_408698,UEFA Conference League,2025-08-21,12:00,ETO FC Győr,SK Rapid Wien,2,1,2-1,finished,,round_of_16,thestatsapi,,,4,10,12,19,4,8,10,13,0,2,,
comp_408698,UEFA Conference League,2025-08-21,11:00,Rosenborg BK,1. FSV Mainz 05,2,1,2-1,finished,,round_of_16,thestatsapi,,,5,5,13,13,8,4,7,10,0,2,,
comp_408698,UEFA Conference League,2025-08-14,14:00,Austria Wien,Baník Ostrava,1,1,1-1,finished,3,qualifying,thestatsapi,,,,,,,,,,,,,,
comp_408698,UEFA Conference League,2025-08-14,14:00,SS Virtus,FC Milsami Orhei,3,0,3-0,finished,3,qualifying,thestatsapi,,,,,,,,,,,,,,
comp_408698,UEFA Conference League,2025-08-14,14:00,KF Egnatia,NK Olimpija Ljubljana,2,2,2-2,finished,3,qualifying,thestatsapi,,,,,,,,,,,,,,
comp_408698,UEFA Conference League,2025-08-14,14:00,Hibernian,FK Partizan,1,3,1-3,finished,3,qualifying,thestatsapi,,,,,,,,,,,,,,
comp_408698,UEFA Conference League,2025-08-14,14:00,Shamrock Rovers,KF Ballkani,4,0,4-0,finished,3,qualifying,thestatsapi,,,,,,,,,,,,,,
comp_408698,UEFA Conference League,2025-08-14,14:00,Santa Clara,Larne FC,0,0,0-0,finished,3,qualifying,thestatsapi,,,,,,,,,,,,,,
comp_408698,UEFA Conference League,2025-08-14,13:45,Dinamo City,HNK Hajduk Split,1,0,1-0,finished,3,qualifying,thestatsapi,,,,,,,,,,,,,,
comp_408698,UEFA Conference League,2025-08-14,13:45,Dundee United,SK Rapid Wien,2,2,2-2,finished,3,qualifying,thestatsapi,,,3,11,17,21,6,7,9,15,2,5,,
comp_408698,UEFA Conference League,2025-08-14,13:45,Linfield FC,Víkingur Gøta,2,0,2-0,finished,3,qualifying,thestatsapi,,,,,,,,,,,,,,
comp_408698,UEFA Conference League,2025-08-14,13:30,FC Spartak Trnava,Universitatea Craiova,4,1,4-1,finished,3,qualifying,thestatsapi,,,10,6,26,16,9,6,23,23,2,3,,
comp_408698,UEFA Conference League,2025-08-14,13:15,Jagiellonia Białystok,Silkeborg IF,2,2,2-2,finished,3,qualifying,thestatsapi,,,5,1,15,11,6,4,8,9,2,1,,
comp_408698,UEFA Conference League,2025-08-14,13:00,Maccabi Haifa,Raków Częstochowa,0,2,0-2,finished,3,qualifying,thestatsapi,,,3,4,7,15,4,6,21,11,6,1,,
comp_408698,UEFA Conference League,2025-08-14,13:00,Beşiktaş,St. Patrick's Athletic,3,2,3-2,finished,3,qualifying,thestatsapi,,,1,1,16,5,7,2,11,9,1,1,,
comp_408698,UEFA Conference League,2025-08-14,13:00,AEK Athens,Aris Limassol,1,1,1-1,finished,3,qualifying,thestatsapi,,,,,,,,,,,,,,
comp_408698,UEFA Conference League,2025-08-14,13:00,NK Celje,FC Lugano,2,4,2-4,finished,3,qualifying,thestatsapi,,,2,2,22,15,5,6,17,14,1,3,,
comp_408698,UEFA Conference League,2025-08-14,13:00,Neman Grodno,Klaksvíkar Ítróttarfelag,2,0,2-0,finished,3,qualifying,thestatsapi,,,,,,,,,,,,,,
comp_408698,UEFA Conference League,2025-08-14,12:30,Brøndby IF,Víkingur Reykjavík,4,0,4-0,finished,3,qualifying,thestatsapi,,,3,2,13,4,7,1,14,13,3,2,,
comp_408698,UEFA Conference League,2025-08-14,12:30,Beitar Jerusalem,Riga FC,3,1,3-1,finished,3,qualifying,thestatsapi,,,,,,,,,,,,,,
comp_408698,UEFA Conference League,2025-08-14,12:30,FC Vaduz,AZ Alkmaar,0,1,0-1,finished,3,qualifying,thestatsapi,,,6,1,22,5,5,1,14,10,5,3,,
comp_408698,UEFA Conference League,2025-08-14,12:30,Arda Kardzhali,FK Kauno Žalgiris,2,0,2-0,finished,3,qualifying,thestatsapi,,,,,,,,,,,,,,
comp_408698,UEFA Conference League,2025-08-14,12:00,Hammarby IF,Rosenborg BK,0,1,0-1,finished,3,qualifying,thestatsapi,,,,,,,,,,,,,,
comp_408698,UEFA Conference League,2025-08-14,12:00,Paksi FC,Polissya Zhytomyr,2,1,2-1,finished,3,qualifying,thestatsapi,,,13,5,15,21,4,9,9,11,2,3,,
comp_408698,UEFA Conference League,2025-08-14,12:00,Omonia Nicosia,Araz Naxçıvan PFK,5,0,5-0,finished,3,qualifying,thestatsapi,,,,,,,,,,,,,,
comp_408698,UEFA Conference League,2025-08-14,12:00,Sheriff Tiraspol,RSC Anderlecht,1,1,1-1,finished,3,qualifying,thestatsapi,,,,,,,,,,,,,,
comp_408698,UEFA Conference League,2025-08-14,12:00,ETO FC Győr,AIK,2,0,2-0,finished,3,qualifying,thestatsapi,,,7,8,17,12,5,6,11,15,4,2,,
comp_408698,UEFA Conference League,2025-08-14,11:30,FCI Levadia Tallinn,Differdange FC 03,0,1,0-1,finished,3,qualifying,thestatsapi,,,,,,,,,,,,,,
comp_408698,UEFA Conference League,2025-08-14,11:00,FC Ararat-Armenia,AC Sparta Praha,1,2,1-2,finished,3,qualifying,thestatsapi,,,,,,,,,,,,,,
comp_408698,UEFA Conference League,2025-08-14,11:00,Sabah FK,Levski Sofia,0,2,0-2,finished,3,qualifying,thestatsapi,,,,,,,,,,,,,,
comp_408698,UEFA Conference League,2025-08-14,09:00,Astana,FC Lausanne-Sport,0,2,0-2,finished,3,qualifying,thestatsapi,,,6,4,14,24,5,7,18,9,5,1,,
comp_408698,UEFA Conference League,2025-08-13,11:00,Başakşehir FK,Viking FK,1,1,1-1,finished,3,qualifying,thestatsapi,,,2,3,8,13,3,4,14,15,5,2,,
comp_408698,UEFA Conference League,2025-08-07,14:00,Raków Częstochowa,Maccabi Haifa,0,1,0-1,finished,3,qualifying,thestatsapi,,,8,2,14,6,4,5,6,20,0,6,,
comp_408698,UEFA Conference League,2025-08-07,14:00,HNK Hajduk Split,Dinamo City,2,1,2-1,finished,3,qualifying,thestatsapi,,,,,,,,,,,,,,
comp_408698,UEFA Conference League,2025-08-07,14:00,FK Partizan,Hibernian,0,2,0-2,finished,3,qualifying,thestatsapi,,,,,,,,,,,,,,
comp_408698,UEFA Conference League,2025-08-07,14:00,Larne FC,Santa Clara,0,3,0-3,finished,3,qualifying,thestatsapi,,,,,,,,,,,,,,
comp_408698,UEFA Conference League,2025-08-07,14:00,SK Rapid Wien,Dundee United,2,2,2-2,finished,3,qualifying,thestatsapi,,,10,3,21,7,7,3,5,3,1,0,,
comp_408698,UEFA Conference League,2025-08-07,13:45,Víkingur Reykjavík,Brøndby IF,3,0,3-0,finished,3,qualifying,thestatsapi,,,5,6,13,14,4,5,11,16,1,2,,
comp_408698,UEFA Conference League,2025-08-07,13:45,St. Patrick's Athletic,Beşiktaş,1,4,1-4,finished,3,qualifying,thestatsapi,,,2,3,4,16,3,8,5,15,1,1,,
comp_408698,UEFA Conference League,2025-08-07,13:30,KF Ballkani,Shamrock Rovers,1,0,1-0,finished,3,qualifying,thestatsapi,,,,,,,,,,,,,,
comp_408698,UEFA Conference League,2025-08-07,13:30,Universitatea Craiova,FC Spartak Trnava,3,0,3-0,finished,3,qualifying,thestatsapi,,,3,3,18,6,8,1,12,11,1,1,,
comp_408698,UEFA Conference League,2025-08-07,13:30,FC Lugano,NK Celje,0,5,0-5,finished,3,qualifying,thestatsapi,,,2,2,15,16,4,10,14,12,2,0,,
comp_408698,UEFA Conference League,2025-08-07,13:15,FC Lausanne-Sport,Astana,3,1,3-1,finished,3,qualifying,thestatsapi,,,3,5,15,13,6,4,10,16,2,2,,
comp_408698,UEFA Conference League,2025-08-07,13:00,AC Sparta Praha,FC Ararat-Armenia,4,1,4-1,finished,3,qualifying,thestatsapi,,,,,,,,,,,,,,
comp_408698,UEFA Conference League,2025-08-07,13:00,Differdange FC 03,FCI Levadia Tallinn,2,3,2-3,finished,3,qualifying,thestatsapi,,,,,,,,,,,,,,
comp_408698,UEFA Conference League,2025-08-07,13:00,Levski Sofia,Sabah FK,1,0,1-0,finished,3,qualifying,thestatsapi,,,,,,,,,,,,,,
comp_408698,UEFA Conference League,2025-08-07,13:00,Polissya Zhytomyr,Paksi FC,3,0,3-0,finished,3,qualifying,thestatsapi,,,5,6,14,10,8,2,12,11,2,1,,
comp_408698,UEFA Conference League,2025-08-07,13:00,RSC Anderlecht,Sheriff Tiraspol,3,0,3-0,finished,3,qualifying,thestatsapi,,,6,5,12,6,6,2,15,9,2,1,,
comp_408698,UEFA Conference League,2025-08-07,13:00,AZ Alkmaar,FC Vaduz,3,0,3-0,finished,3,qualifying,thestatsapi,,,6,2,14,7,8,0,15,10,3,1,,
comp_408698,UEFA Conference League,2025-08-07,13:00,NK Olimpija Ljubljana,KF Egnatia,0,0,0-0,finished,3,qualifying,thestatsapi,,,,,,,,,,,,,,
comp_408698,UEFA Conference League,2025-08-07,13:00,Víkingur Gøta,Linfield FC,2,1,2-1,finished,3,qualifying,thestatsapi,,,,,,,,,,,,,,
comp_408698,UEFA Conference League,2025-08-07,12:00,Riga FC,Beitar Jerusalem,3,0,3-0,finished,3,qualifying,thestatsapi,,,,,,,,,,,,,,
comp_408698,UEFA Conference League,2025-08-07,12:00,Silkeborg IF,Jagiellonia Białystok,0,1,0-1,finished,3,qualifying,thestatsapi,,,7,6,11,12,4,4,15,12,2,3,,
comp_408698,UEFA Conference League,2025-08-07,12:00,AIK,ETO FC Győr,2,1,2-1,finished,3,qualifying,thestatsapi,,,5,6,16,17,7,4,12,8,1,0,,
comp_408698,UEFA Conference League,2025-08-07,12:00,Viking FK,Başakşehir FK,1,3,1-3,finished,3,qualifying,thestatsapi,,,10,2,16,8,4,3,15,6,1,1,,
comp_408698,UEFA Conference League,2025-08-07,11:30,Baník Ostrava,Austria Wien,4,3,4-3,finished,3,qualifying,thestatsapi,,,4,9,19,19,7,7,5,12,1,3,,
comp_408698,UEFA Conference League,2025-08-07,11:00,FK Kauno Žalgiris,Arda Kardzhali,0,1,0-1,finished,3,qualifying,thestatsapi,,,,,,,,,,,,,,
comp_408698,UEFA Conference League,2025-08-07,11:00,Rosenborg BK,Hammarby IF,0,0,0-0,finished,3,qualifying,thestatsapi,,,,,,,,,,,,,,
comp_408698,UEFA Conference League,2025-08-07,11:00,Aris Limassol,AEK Athens,2,2,2-2,finished,3,qualifying,thestatsapi,,,,,,,,,,,,,,
comp_408698,UEFA Conference League,2025-08-07,11:00,Araz Naxçıvan PFK,Omonia Nicosia,0,4,0-4,finished,3,qualifying,thestatsapi,,,,,,,,,,,,,,
comp_408698,UEFA Conference League,2025-08-07,11:00,FC Milsami Orhei,SS Virtus,3,2,3-2,finished,3,qualifying,thestatsapi,,,,,,,,,,,,,,
comp_408698,UEFA Conference League,2025-08-05,13:45,Klaksvíkar Ítróttarfelag,Neman Grodno,2,0,2-0,finished,3,qualifying,thestatsapi,,,,,,,,,,,,,,
comp_408698,UEFA Conference League,2025-07-31,14:00,Shamrock Rovers,St Joseph's FC,0,0,0-0,finished,2,qualifying,thestatsapi,,,,,,,,,,,,,,
comp_408698,UEFA Conference League,2025-07-31,14:00,KF Egnatia,Dinamo Minsk,1,0,1-0,finished,2,qualifying,thestatsapi,,,,,,,,,,,,,,
comp_408698,UEFA Conference League,2025-07-31,14:00,HNK Hajduk Split,Zirə FK,1,1,1-1,finished,2,qualifying,thestatsapi,,,2,3,0,0,2,2,12,17,2,3,,
comp_408698,UEFA Conference League,2025-07-31,14:00,FK Partizan,Oleksandria,4,0,4-0,finished,2,qualifying,thestatsapi,,,,,,,,,,,,,,
comp_408698,UEFA Conference League,2025-07-31,13:45,Víkingur Reykjavík,KF Vllaznia,3,2,3-2,finished,2,qualifying,thestatsapi,,,,,,,,,,,,,,
comp_408698,UEFA Conference League,2025-07-31,13:45,Dinamo City,Atlètic Club Escaldes,1,1,1-1,finished,2,qualifying,thestatsapi,,,,,,,,,,,,,,
comp_408698,UEFA Conference League,2025-07-31,13:45,Linfield FC,FK Žalgiris,2,0,2-0,finished,2,qualifying,thestatsapi,,,,,,,,,,,,,,
comp_408698,UEFA Conference League,2025-07-31,13:45,Floriana FC,KF Ballkani,1,1,1-1,finished,2,qualifying,thestatsapi,,,,,,,,,,,,,,
comp_408698,UEFA Conference League,2025-07-31,13:45,Klaksvíkar Ítróttarfelag,FK Radnički 1923,1,0,1-0,finished,2,qualifying,thestatsapi,,,,,,,,,,,,,,
comp_408698,UEFA Conference League,2025-07-31,13:45,Dungannon Swifts,FC Vaduz,0,1,0-1,finished,2,qualifying,thestatsapi,,,3,13,9,35,2,11,10,22,1,3,,
comp_408698,UEFA Conference League,2025-07-31,13:30,Valur Reykjavík,FK Kauno Žalgiris,1,2,1-2,finished,2,qualifying,thestatsapi,,,,,,,,,,,,,,
comp_408698,UEFA Conference League,2025-07-31,13:30,SK Rapid Wien,FK Dečić Tuzi,4,2,4-2,finished,2,qualifying,thestatsapi,,,6,5,26,11,7,3,6,8,0,1,,
comp_408698,UEFA Conference League,2025-07-31,13:30,MŠK Žilina,Raków Częstochowa,1,3,1-3,finished,2,qualifying,thestatsapi,,,,,,,,,,,,,,
comp_408698,UEFA Conference League,2025-07-31,13:15,FC Lausanne-Sport,FK Vardar Skopje,5,0,5-0,finished,2,qualifying,thestatsapi,,,4,3,16,8,9,3,12,13,2,1,,
comp_408698,UEFA Conference League,2025-07-31,13:15,Aris Thessaloniki,Araz Naxçıvan PFK,2,2,2-2,finished,2,qualifying,thestatsapi,,,,,,,,,,,,,,
comp_408698,UEFA Conference League,2025-07-31,13:15,Jagiellonia Białystok,FK Novi Pazar,3,1,3-1,finished,2,qualifying,thestatsapi,,,,,,,,,,,,,,
comp_408698,UEFA Conference League,2025-07-31,13:00,FC Koper,Viking FK,3,5,3-5,finished,2,qualifying,thestatsapi,,,,,,,,,,,,,,
comp_408698,UEFA Conference League,2025-07-31,13:00,Neman Grodno,FC Košice,1,1,1-1,finished,2,qualifying,thestatsapi,,,,,,,,,,,,,,
comp_408698,UEFA Conference League,2025-07-31,13:00,NK Maribor,Paksi FC,1,1,1-1,finished,2,qualifying,thestatsapi,,,,,,,,,,,,,,
comp_408698,UEFA Conference League,2025-07-31,13:00,Maccabi Haifa,Torpedo-BelAZ Zhodino,3,0,3-0,finished,2,qualifying,thestatsapi,,,,,,,,,,,,,,
comp_408698,UEFA Conference League,2025-07-31,13:00,AC Sparta Praha,FK Aktobe,4,0,4-0,finished,2,qualifying,thestatsapi,,,,,,,,,,,,,,
comp_408698,UEFA Conference League,2025-07-31,13:00,FC Prishtina,Larne FC,1,1,1-1,finished,2,qualifying,thestatsapi,,,,,,,,,,,,,,
comp_408698,UEFA Conference League,2025-07-31,13:00,Puskás Akadémia,Aris Limassol,0,2,0-2,finished,2,qualifying,thestatsapi,,,4,7,6,21,1,8,11,18,4,1,,
comp_408698,UEFA Conference League,2025-07-31,13:00,RC Sporting Charleroi,Hammarby IF,1,1,1-1,finished,2,qualifying,thestatsapi,,,,,,,,,,,,,,
comp_408698,UEFA Conference League,2025-07-31,13:00,Santa Clara,NK Varaždin,2,0,2-0,finished,2,qualifying,thestatsapi,,,11,3,0,0,6,3,19,17,2,4,,
comp_408698,UEFA Conference League,2025-07-31,13:00,Hapoel Be'er Sheva,AEK Athens,0,0,0-0,finished,2,qualifying,thestatsapi,,,,,,,,,,,,,,
comp_408698,UEFA Conference League,2025-07-31,13:00,KA Akureyri,Silkeborg IF,2,2,2-2,finished,2,qualifying,thestatsapi,,,5,5,21,22,7,7,16,19,3,1,,
comp_408698,UEFA Conference League,2025-07-31,12:45,Başakşehir FK,Cherno More Varna,4,0,4-0,finished,2,qualifying,thestatsapi,,,4,8,13,10,6,4,7,10,0,3,,
comp_408698,UEFA Conference League,2025-07-31,12:30,Beitar Jerusalem,FK Sutjeska Nikšić,5,2,5-2,finished,2,qualifying,thestatsapi,,,,,,,,,,,,,,
comp_408698,UEFA Conference League,2025-07-31,12:30,Brøndby IF,HB Tórshavn,1,0,1-0,finished,2,qualifying,thestatsapi,,,12,1,28,10,5,2,9,12,0,2,,
comp_408698,UEFA Conference League,2025-07-31,12:30,Universitatea Craiova,FK Sarajevo,4,0,4-0,finished,2,qualifying,thestatsapi,,,,,,,,,,,,,,
comp_408698,UEFA Conference League,2025-07-31,12:00,AIK,Paide Linnameeskond,6,0,6-0,finished,2,qualifying,thestatsapi,,,,,,,,,,,,,,
comp_408698,UEFA Conference League,2025-07-31,12:00,FC Milsami Orhei,FK Budućnost Podgorica,2,1,2-1,finished,2,qualifying,thestatsapi,,,,,,,,,,,,,,
comp_408698,UEFA Conference League,2025-07-31,12:00,FC Zimbru Chişinău,Astana,0,2,0-2,finished,2,qualifying,thestatsapi,,,,,,,,,,,,,,
comp_408698,UEFA Conference League,2025-07-31,12:00,FC Torpedo Kutaisi,Omonia Nicosia,0,4,0-4,finished,2,qualifying,thestatsapi,,,,,,,,,,,,,,
comp_408698,UEFA Conference League,2025-07-31,12:00,FC Universitatea Cluj,FC Ararat-Armenia,1,1,1-1,finished,2,qualifying,thestatsapi,,,,,,,,,,,,,,
comp_408698,UEFA Conference League,2025-07-31,12:00,Una Strassen,Dundee United,0,1,0-1,finished,2,qualifying,thestatsapi,,,,,,,,,,,,,,
comp_408698,UEFA Conference League,2025-07-31,11:45,AZ Alkmaar,Ilves,5,0,5-0,finished,2,qualifying,thestatsapi,,,9,1,28,7,16,2,15,9,3,2,,
comp_408698,UEFA Conference League,2025-07-31,11:45,Nõmme Kalju,St. Patrick's Athletic,2,1,2-1,finished,2,qualifying,thestatsapi,,,,,,,,,,,,,,
comp_408698,UEFA Conference League,2025-07-31,11:00,FC Santa Coloma,Polissya Zhytomyr,1,4,1-4,finished,2,qualifying,thestatsapi,,,,,,,,,,,,,,
comp_408698,UEFA Conference League,2025-07-31,11:00,Sabah FK,FC Petrocub Hîncesti,4,1,4-1,finished,2,qualifying,thestatsapi,,,,,,,,,,,,,,
comp_408698,UEFA Conference League,2025-07-31,11:00,ETO FC Győr,Pyunik Yerevan,3,1,3-1,finished,2,qualifying,thestatsapi,,,10,4,21,11,10,4,19,2,3,2,,
comp_408698,UEFA Conference League,2025-07-31,11:00,HJK,Arda Kardzhali,2,2,2-2,finished,2,qualifying,thestatsapi,,,,,,,,,,,,,,
comp_408698,UEFA Conference League,2025-07-31,11:00,FC Spaeri,Austria Wien,0,5,0-5,finished,2,qualifying,thestatsapi,,,1,4,3,18,0,9,9,18,4,2,,
comp_408698,UEFA Conference League,2025-07-31,11:00,FC Dila Gori,Riga FC,3,3,3-3,finished,2,qualifying,thestatsapi,,,,,,,,,,,,,,
comp_408698,UEFA Conference League,2025-07-31,11:00,FK Banga Gargždai,Rosenborg BK,0,2,0-2,finished,2,qualifying,thestatsapi,,,,,,,,,,,,,,
comp_408698,UEFA Conference League,2025-07-31,10:30,FC Spartak Trnava,Hibernians,5,1,5-1,finished,2,qualifying,thestatsapi,,,,,,,,,,,,,,
comp_408698,UEFA Conference League,2025-07-29,13:30,Inter Club d'Escaldes,NK Olimpija Ljubljana,1,1,1-1,finished,2,qualifying,thestatsapi,,,,,,,,,,,,,,
comp_408698,UEFA Conference League,2025-07-29,13:00,Differdange FC 03,The New Saints,1,0,1-0,finished,2,qualifying,thestatsapi,,,,,,,,,,,,,,
comp_408698,UEFA Conference League,2025-07-29,11:00,FC Iberia 1999,FCI Levadia Tallinn,2,1,2-1,finished,2,qualifying,thestatsapi,,,,,,,,,,,,,,
comp_408698,UEFA Conference League,2025-07-24,14:00,Larne FC,FC Prishtina,0,0,0-0,finished,2,qualifying,thestatsapi,,,,,,,,,,,,,,
comp_408698,UEFA Conference League,2025-07-24,14:00,FK Dečić Tuzi,SK Rapid Wien,0,2,0-2,finished,2,qualifying,thestatsapi,,,7,10,6,11,1,3,13,24,3,3,,
comp_408698,UEFA Conference League,2025-07-24,14:00,AIK,Paide Linnameeskond,0,2,0-2,finished,2,qualifying,thestatsapi,,,,,,,,,,,,,,
comp_408698,UEFA Conference League,2025-07-24,14:00,FK Sarajevo,Universitatea Craiova,2,1,2-1,finished,2,qualifying,thestatsapi,,,,,,,,,,,,,,
comp_408698,UEFA Conference League,2025-07-24,14:00,Raków Częstochowa,MŠK Žilina,3,0,3-0,finished,2,qualifying,thestatsapi,,,,,,,,,,,,,,
comp_408698,UEFA Conference League,2025-07-24,13:45,St. Patrick's Athletic,Nõmme Kalju,1,0,1-0,finished,2,qualifying,thestatsapi,,,,,,,,,,,,,,
comp_408698,UEFA Conference League,2025-07-24,13:45,Dinamo Minsk,KF Egnatia,0,2,0-2,finished,2,qualifying,thestatsapi,,,,,,,,,,,,,,
comp_408698,UEFA Conference League,2025-07-24,13:45,HB Tórshavn,Brøndby IF,1,1,1-1,finished,2,qualifying,thestatsapi,,,2,6,13,22,4,5,7,9,1,1,,
comp_408698,UEFA Conference League,2025-07-24,13:45,Dundee United,Una Strassen,1,0,1-0,finished,2,qualifying,thestatsapi,,,,,,,,,,,,,,
comp_408698,UEFA Conference League,2025-07-24,13:30,KF Vllaznia,Víkingur Reykjavík,2,1,2-1,finished,2,qualifying,thestatsapi,,,,,,,,,,,,,,
comp_408698,UEFA Conference League,2025-07-24,13:30,FK Vardar Skopje,FC Lausanne-Sport,2,1,2-1,finished,2,qualifying,thestatsapi,,,6,3,11,7,6,2,8,5,2,2,,
comp_408698,UEFA Conference League,2025-07-24,13:30,FK Sutjeska Nikšić,Beitar Jerusalem,1,2,1-2,finished,2,qualifying,thestatsapi,,,,,,,,,,,,,,
comp_408698,UEFA Conference League,2025-07-24,13:30,Austria Wien,FC Spaeri,2,0,2-0,finished,2,qualifying,thestatsapi,,,9,1,30,5,7,1,12,13,0,2,,
comp_408698,UEFA Conference League,2025-07-24,13:00,FC Košice,Neman Grodno,2,3,2-3,finished,2,qualifying,thestatsapi,,,,,,,,,,,,,,
comp_408698,UEFA Conference League,2025-07-24,13:00,Paksi FC,NK Maribor,1,0,1-0,finished,2,qualifying,thestatsapi,,,,,,,,,,,,,,
comp_408698,UEFA Conference League,2025-07-24,13:00,Torpedo-BelAZ Zhodino,Maccabi Haifa,1,1,1-1,finished,2,qualifying,thestatsapi,,,,,,,,,,,,,,
comp_408698,UEFA Conference League,2025-07-24,13:00,FK Radnički 1923,Klaksvíkar Ítróttarfelag,0,0,0-0,finished,2,qualifying,thestatsapi,,,,,,,,,,,,,,
comp_408698,UEFA Conference League,2025-07-24,13:00,NK Varaždin,Santa Clara,2,1,2-1,finished,2,qualifying,thestatsapi,,,,,,,,,,,,,,
comp_408698,UEFA Conference League,2025-07-24,13:00,AEK Athens,Hapoel Be'er Sheva,1,0,1-0,finished,2,qualifying,thestatsapi,,,,,,,,,,,,,,
comp_408698,UEFA Conference League,2025-07-24,12:30,FC Vaduz,Dungannon Swifts,0,1,0-1,finished,2,qualifying,thestatsapi,,,6,0,12,3,3,1,12,14,0,1,,
comp_408698,UEFA Conference League,2025-07-24,12:00,Viking FK,FC Koper,7,0,7-0,finished,2,qualifying,thestatsapi,,,,,,,,,,,,,,
comp_408698,UEFA Conference League,2025-07-24,12:00,Polissya Zhytomyr,FC Santa Coloma,1,2,1-2,finished,2,qualifying,thestatsapi,,,,,,,,,,,,,,
comp_408698,UEFA Conference League,2025-07-24,12:00,FC Petrocub Hîncesti,Sabah FK,0,2,0-2,finished,2,qualifying,thestatsapi,,,,,,,,,,,,,,
comp_408698,UEFA Conference League,2025-07-24,12:00,Cherno More Varna,Başakşehir FK,0,1,0-1,finished,2,qualifying,thestatsapi,,,,,,,,,,,,,,
comp_408698,UEFA Conference League,2025-07-24,12:00,Omonia Nicosia,FC Torpedo Kutaisi,1,0,1-0,finished,2,qualifying,thestatsapi,,,,,,,,,,,,,,
comp_408698,UEFA Conference League,2025-07-24,12:00,Hammarby IF,RC Sporting Charleroi,0,0,0-0,finished,2,qualifying,thestatsapi,,,,,,,,,,,,,,
comp_408698,UEFA Conference League,2025-07-24,12:00,FK Novi Pazar,Jagiellonia Białystok,1,2,1-2,finished,2,qualifying,thestatsapi,,,,,,,,,,,,,,
comp_408698,UEFA Conference League,2025-07-24,12:00,Riga FC,FC Dila Gori,2,1,2-1,finished,2,qualifying,thestatsapi,,,,,,,,,,,,,,
comp_408698,UEFA Conference League,2025-07-24,12:00,Oleksandria,FK Partizan,0,2,0-2,finished,2,qualifying,thestatsapi,,,,,,,,,,,,,,
comp_408698,UEFA Conference League,2025-07-24,11:00,St Joseph's FC,Shamrock Rovers,0,4,0-4,finished,2,qualifying,thestatsapi,,,,,,,,,,,,,,
comp_408698,UEFA Conference League,2025-07-24,11:00,FK Kauno Žalgiris,Valur Reykjavík,1,1,1-1,finished,2,qualifying,thestatsapi,,,,,,,,,,,,,,
comp_408698,UEFA Conference League,2025-07-24,11:00,FK Aktobe,AC Sparta Praha,2,1,2-1,finished,2,qualifying,thestatsapi,,,,,,,,,,,,,,
comp_408698,UEFA Conference League,2025-07-24,11:00,Ilves,AZ Alkmaar,4,3,4-3,finished,2,qualifying,thestatsapi,,,4,9,14,23,7,8,7,8,0,2,,
comp_408698,UEFA Conference League,2025-07-24,11:00,Pyunik Yerevan,ETO FC Győr,2,1,2-1,finished,2,qualifying,thestatsapi,,,2,7,8,13,3,2,15,9,4,0,,
comp_408698,UEFA Conference League,2025-07-24,11:00,FK Žalgiris,Linfield FC,0,0,0-0,finished,2,qualifying,thestatsapi,,,,,,,,,,,,,,
comp_408698,UEFA Conference League,2025-07-24,11:00,Arda Kardzhali,HJK,0,0,0-0,finished,2,qualifying,thestatsapi,,,,,,,,,,,,,,
comp_408698,UEFA Conference League,2025-07-24,11:00,Araz Naxçıvan PFK,Aris Thessaloniki,2,1,2-1,finished,2,qualifying,thestatsapi,,,,,,,,,,,,,,
comp_408698,UEFA Conference League,2025-07-24,11:00,Aris Limassol,Puskás Akadémia,3,2,3-2,finished,2,qualifying,thestatsapi,,,1,2,17,7,5,4,15,16,3,3,,
comp_408698,UEFA Conference League,2025-07-24,11:00,Hibernians,FC Spartak Trnava,1,2,1-2,finished,2,qualifying,thestatsapi,,,,,,,,,,,,,,
comp_408698,UEFA Conference League,2025-07-24,11:00,FC Ararat-Armenia,FC Universitatea Cluj,0,0,0-0,finished,2,qualifying,thestatsapi,,,,,,,,,,,,,,
comp_408698,UEFA Conference League,2025-07-24,11:00,Rosenborg BK,FK Banga Gargždai,5,0,5-0,finished,2,qualifying,thestatsapi,,,,,,,,,,,,,,
comp_408698,UEFA Conference League,2025-07-24,09:00,Astana,FC Zimbru Chişinău,1,1,1-1,finished,2,qualifying,thestatsapi,,,,,,,,,,,,,,
comp_408698,UEFA Conference League,2025-07-24,09:00,Atlètic Club Escaldes,Dinamo City,1,2,1-2,finished,2,qualifying,thestatsapi,,,,,,,,,,,,,,
comp_408698,UEFA Conference League,2025-07-23,14:00,FK Budućnost Podgorica,FC Milsami Orhei,0,0,0-0,finished,2,qualifying,thestatsapi,,,,,,,,,,,,,,
comp_408698,UEFA Conference League,2025-07-23,13:00,The New Saints,Differdange FC 03,0,1,0-1,finished,2,qualifying,thestatsapi,,,,,,,,,,,,,,
comp_408698,UEFA Conference League,2025-07-23,13:00,NK Olimpija Ljubljana,Inter Club d'Escaldes,4,2,4-2,finished,2,qualifying,thestatsapi,,,,,,,,,,,,,,
comp_408698,UEFA Conference League,2025-07-23,12:00,Silkeborg IF,KA Akureyri,1,1,1-1,finished,2,qualifying,thestatsapi,,,3,5,16,6,8,2,8,7,3,0,,
comp_408698,UEFA Conference League,2025-07-23,11:30,FCI Levadia Tallinn,FC Iberia 1999,1,0,1-0,finished,2,qualifying,thestatsapi,,,,,,,,,,,,,,
comp_408698,UEFA Conference League,2025-07-23,10:30,Zirə FK,HNK Hajduk Split,1,1,1-1,finished,2,qualifying,thestatsapi,,,,,,,,,,,,,,
comp_408698,UEFA Conference League,2025-07-22,13:30,KF Ballkani,Floriana FC,4,2,4-2,finished,2,qualifying,thestatsapi,,,,,,,,,,,,,,
comp_9799,MLS,2026-07-17,21:25,LA Galaxy,Los Angeles FC,0,3,0-3,finished,,,thestatsapi,0.8,1.96,9,3,10,13,2,5,13,11,3,0,,
comp_9799,MLS,2026-07-17,19:10,Nashville SC,Atlanta United,1,0,1-0,finished,,,thestatsapi,0.61,1.77,4,2,8,12,3,5,10,13,1,1,,
comp_9799,MLS,2026-07-16,21:30,Seattle Sounders FC,Portland Timbers,1,5,1-5,finished,,,thestatsapi,0.53,2.24,2,8,11,20,6,10,7,7,2,0,,
comp_9799,MLS,2026-07-16,19:30,St.Louis City,Sporting Kansas City,3,2,3-2,finished,,,thestatsapi,2.4,1.02,5,6,20,12,6,3,15,11,2,1,,
comp_9799,MLS,2026-07-16,18:30,CF Montréal,Toronto FC,0,0,0-0,finished,,,thestatsapi,0.94,0.44,9,3,14,8,3,0,13,8,1,1,,
comp_9799,MLS,2026-05-24,20:25,Los Angeles FC,Seattle Sounders FC,1,0,1-0,finished,,,thestatsapi,2.01,1.59,7,5,17,10,3,4,11,10,0,0,,
comp_9799,MLS,2026-05-24,18:00,Inter Miami CF,Philadelphia Union,6,4,6-4,finished,,,thestatsapi,5.51,3.95,4,2,17,21,10,10,18,16,6,3,,
comp_9799,MLS,2026-05-24,16:00,Columbus Crew,Atlanta United,2,0,2-0,finished,,,thestatsapi,2.06,1.14,2,3,10,16,4,2,9,13,3,3,,
comp_9799,MLS,2026-05-23,21:30,LA Galaxy,Houston Dynamo,1,1,1-1,finished,,,thestatsapi,2.59,0.81,8,2,18,10,6,5,6,9,1,3,,
comp_9799,MLS,2026-05-23,20:30,Portland Timbers,San Jose Earthquakes,1,3,1-3,finished,,,thestatsapi,1.71,0.87,4,6,15,7,7,6,10,14,1,4,,
comp_9799,MLS,2026-05-23,20:30,San Diego FC,Vancouver Whitecaps,2,4,2-4,finished,,,thestatsapi,0.73,4.53,2,4,11,21,3,12,14,15,3,3,,
comp_9799,MLS,2026-05-23,20:30,Colorado Rapids,FC Dallas,1,2,1-2,finished,,,thestatsapi,1.6,1.76,5,3,17,5,5,2,11,13,3,3,,
comp_9799,MLS,2026-05-23,19:30,Nashville SC,New York City FC,2,1,2-1,finished,,,thestatsapi,0.93,1.49,6,3,12,7,6,4,11,12,2,1,,
comp_9799,MLS,2026-05-23,19:30,Sporting Kansas City,New York Red Bulls,1,2,1-2,finished,,,thestatsapi,1.69,0.88,6,1,15,10,8,4,5,15,1,2,,
comp_9799,MLS,2026-05-23,19:30,Chicago Fire,Toronto FC,2,1,2-1,finished,,,thestatsapi,1.77,1.4,3,4,15,11,6,4,12,12,4,4,,
comp_9799,MLS,2026-05-23,18:30,FC Cincinnati,Orlando City SC,6,2,6-2,finished,,,thestatsapi,3.23,2.47,6,9,22,19,11,9,17,13,2,3,,
comp_9799,MLS,2026-05-23,18:30,DC United,CF Montréal,4,4,4-4,finished,,,thestatsapi,2.63,2.99,6,4,18,22,10,8,19,16,2,5,,
comp_9799,MLS,2026-05-23,18:30,Charlotte FC,New England Revolution,1,0,1-0,finished,,,thestatsapi,1.75,0.74,3,4,12,13,6,3,9,13,2,4,,
comp_9799,MLS,2026-05-23,15:30,Minnesota United,Real Salt Lake,1,1,1-1,finished,,,thestatsapi,0.86,0.33,6,3,11,8,1,1,6,11,0,2,,
comp_9799,MLS,2026-05-23,13:45,St.Louis City,Austin FC,3,0,3-0,finished,,,thestatsapi,1.04,0.33,2,2,16,8,6,2,19,9,1,1,,
comp_9799,MLS,2026-05-17,19:00,Nashville SC,Los Angeles FC,3,2,3-2,finished,,,thestatsapi,0.63,2.14,3,11,7,21,4,9,11,10,3,2,,
comp_9799,MLS,2026-05-17,17:00,Inter Miami CF,Portland Timbers,2,0,2-0,finished,,,thestatsapi,4,1.09,8,5,22,16,9,4,15,10,2,2,,
comp_9799,MLS,2026-05-16,21:30,San Jose Earthquakes,FC Dallas,2,3,2-3,finished,,,thestatsapi,1.96,2.75,12,4,16,16,7,9,9,17,3,3,,
comp_9799,MLS,2026-05-16,20:30,San Diego FC,FC Cincinnati,3,3,3-3,finished,,,thestatsapi,1.87,2.25,7,2,16,8,5,6,8,9,1,3,,
comp_9799,MLS,2026-05-16,20:30,Real Salt Lake,Colorado Rapids,2,1,2-1,finished,,,thestatsapi,1.55,0.44,2,6,17,8,8,4,18,8,2,3,,
comp_9799,MLS,2026-05-16,20:15,Seattle Sounders FC,LA Galaxy,0,2,0-2,finished,,,thestatsapi,1.45,2.19,5,1,15,9,5,2,3,13,1,4,,
comp_9799,MLS,2026-05-16,19:30,Houston Dynamo,Vancouver Whitecaps,1,0,1-0,finished,,,thestatsapi,1.15,0.67,4,3,14,9,7,3,16,13,1,4,,
comp_9799,MLS,2026-05-16,19:30,Austin FC,Sporting Kansas City,1,2,1-2,finished,,,thestatsapi,0.37,1.52,3,7,8,20,3,8,13,21,4,3,,
comp_9799,MLS,2026-05-16,18:30,New York Red Bulls,New York City FC,1,1,1-1,finished,,,thestatsapi,2.41,1.73,9,3,12,14,5,5,16,10,4,3,,
comp_9799,MLS,2026-05-16,18:30,New England Revolution,Minnesota United,2,1,2-1,finished,,,thestatsapi,1.75,1.81,8,11,11,12,5,6,11,12,2,1,,
comp_9799,MLS,2026-05-16,18:30,Philadelphia Union,Columbus Crew,1,1,1-1,finished,,,thestatsapi,0.92,0.42,4,4,12,5,5,1,14,12,3,1,,
comp_9799,MLS,2026-05-16,18:30,Orlando City SC,Atlanta United,1,1,1-1,finished,,,thestatsapi,1.11,1.4,4,10,7,21,3,6,8,12,2,1,,
comp_9799,MLS,2026-05-16,18:30,DC United,St.Louis City,1,1,1-1,finished,,,thestatsapi,0.8,1.12,5,8,15,16,5,3,17,11,3,5,,
comp_9799,MLS,2026-05-16,18:30,Charlotte FC,Toronto FC,3,1,3-1,finished,,,thestatsapi,2.14,1.2,7,3,18,13,6,4,8,13,2,2,,
comp_9799,MLS,2026-05-16,15:30,CF Montréal,Chicago Fire,0,2,0-2,finished,,,thestatsapi,0.96,1.08,16,3,15,11,5,4,14,13,4,3,,
comp_9799,MLS,2026-05-13,20:30,Seattle Sounders FC,San Jose Earthquakes,3,2,3-2,finished,,,thestatsapi,3.26,1.18,9,6,23,11,9,3,12,11,0,2,,
comp_9799,MLS,2026-05-13,20:30,San Diego FC,Austin FC,5,0,5-0,finished,,,thestatsapi,2.54,0.62,6,4,22,9,10,3,9,7,1,0,,
comp_9799,MLS,2026-05-13,20:30,Real Salt Lake,Houston Dynamo,3,0,3-0,finished,,,thestatsapi,0.64,0.87,4,1,9,15,2,4,8,11,0,1,,
comp_9799,MLS,2026-05-13,19:30,Sporting Kansas City,LA Galaxy,3,1,3-1,finished,,,thestatsapi,2.14,1.03,4,8,15,18,7,7,19,6,1,2,,
comp_9799,MLS,2026-05-13,19:30,St.Louis City,Los Angeles FC,2,1,2-1,finished,,,thestatsapi,1.72,1.68,2,8,8,16,2,4,13,10,3,3,,
comp_9799,MLS,2026-05-13,19:30,FC Dallas,Vancouver Whitecaps,2,3,2-3,finished,,,thestatsapi,1.35,0.67,6,6,8,16,3,6,17,12,3,4,,
comp_9799,MLS,2026-05-13,19:30,Minnesota United,Colorado Rapids,0,1,0-1,finished,,,thestatsapi,1.17,0.62,5,5,12,5,2,2,18,24,5,4,,
comp_9799,MLS,2026-05-13,18:30,Orlando City SC,Philadelphia Union,4,3,4-3,finished,,,thestatsapi,2.87,1.78,2,10,12,26,6,7,9,12,1,3,,
comp_9799,MLS,2026-05-13,18:30,New York Red Bulls,Columbus Crew,3,2,3-2,finished,,,thestatsapi,2.83,1.48,3,2,13,12,6,4,17,7,3,2,,
comp_9799,MLS,2026-05-13,18:30,CF Montréal,Portland Timbers,2,2,2-2,finished,,,thestatsapi,1.65,1.62,6,9,23,14,8,3,17,6,4,1,,
comp_9799,MLS,2026-05-13,18:30,New England Revolution,Nashville SC,0,3,0-3,finished,,,thestatsapi,0.6,0.79,6,7,8,8,2,4,8,12,2,3,,
comp_9799,MLS,2026-05-13,18:30,DC United,Chicago Fire,1,3,1-3,finished,,,thestatsapi,0.71,2.11,7,8,13,14,6,8,14,12,0,5,,
comp_9799,MLS,2026-05-13,18:30,FC Cincinnati,Inter Miami CF,3,5,3-5,finished,,,thestatsapi,1.76,2.29,1,8,10,17,3,5,19,13,2,3,,
comp_9799,MLS,2026-05-13,18:15,Charlotte FC,New York City FC,0,1,0-1,finished,,,thestatsapi,0.46,1.17,8,2,5,4,2,1,14,19,4,5,,
comp_9799,MLS,2026-05-10,20:00,Los Angeles FC,Houston Dynamo,1,4,1-4,finished,,,thestatsapi,1.29,0.83,10,3,19,12,5,6,12,12,4,3,,
comp_9799,MLS,2026-05-10,18:00,Minnesota United,Austin FC,2,2,2-2,finished,,,thestatsapi,2.55,1.45,3,4,18,12,5,5,15,11,5,2,,
comp_9799,MLS,2026-05-10,15:30,New York City FC,Columbus Crew,3,0,3-0,finished,,,thestatsapi,1.09,1.03,3,8,9,11,6,2,7,8,0,1,,
comp_9799,MLS,2026-05-09,21:30,San Jose Earthquakes,Vancouver Whitecaps,1,1,1-1,finished,,,thestatsapi,0.97,1.6,2,4,7,16,3,5,14,15,4,1,,
comp_9799,MLS,2026-05-09,21:30,Seattle Sounders FC,San Diego FC,1,1,1-1,finished,,,thestatsapi,2.53,1.86,8,2,26,15,5,5,9,8,3,2,,
comp_9799,MLS,2026-05-09,21:30,Portland Timbers,Sporting Kansas City,6,0,6-0,finished,,,thestatsapi,1.34,0.51,4,4,16,11,6,3,11,20,1,5,,
comp_9799,MLS,2026-05-09,20:30,Colorado Rapids,St.Louis City,0,1,0-1,finished,,,thestatsapi,1.2,1.87,11,1,10,10,2,1,19,18,3,5,,
comp_9799,MLS,2026-05-09,20:15,Nashville SC,DC United,2,2,2-2,finished,,,thestatsapi,2.02,1.38,8,7,16,12,7,6,9,15,3,2,,
comp_9799,MLS,2026-05-09,19:30,FC Dallas,Real Salt Lake,3,1,3-1,finished,,,thestatsapi,2.05,0.59,4,7,11,9,4,2,15,13,2,3,,
comp_9799,MLS,2026-05-09,18:30,Charlotte FC,FC Cincinnati,2,2,2-2,finished,,,thestatsapi,1.87,0.99,7,4,12,13,3,5,9,15,1,4,,
comp_9799,MLS,2026-05-09,18:30,Atlanta United,LA Galaxy,1,2,1-2,finished,,,thestatsapi,0.95,1.99,6,5,14,10,3,6,7,5,3,1,,
comp_9799,MLS,2026-05-09,18:30,New England Revolution,Philadelphia Union,2,1,2-1,finished,,,thestatsapi,1.05,1.27,9,3,10,11,2,2,8,16,0,3,,
comp_9799,MLS,2026-05-09,15:30,CF Montréal,Orlando City SC,2,0,2-0,finished,,,thestatsapi,2.15,0.62,11,3,23,8,5,3,10,16,0,2,,
comp_9799,MLS,2026-05-09,13:30,Chicago Fire,New York Red Bulls,1,3,1-3,finished,,,thestatsapi,0.78,1.49,6,3,15,9,4,4,7,10,1,3,,
comp_9799,MLS,2026-05-09,12:00,Toronto FC,Inter Miami CF,2,4,2-4,finished,,,thestatsapi,0.81,1.77,4,4,13,11,5,7,9,12,1,2,,
comp_9799,MLS,2026-05-03,16:30,Austin FC,St.Louis City,2,0,2-0,finished,,,thestatsapi,1.78,2.19,4,6,16,15,6,5,14,20,2,3,,
comp_9799,MLS,2026-05-03,14:00,New York City FC,DC United,0,2,0-2,finished,,,thestatsapi,0.55,2.65,6,3,9,19,4,7,10,17,1,4,,
comp_9799,MLS,2026-05-02,21:30,LA Galaxy,Vancouver Whitecaps,1,1,1-1,finished,,,thestatsapi,1.38,2.61,1,2,7,19,2,6,12,18,5,5,,
comp_9799,MLS,2026-05-02,20:30,San Diego FC,Los Angeles FC,2,2,2-2,finished,,,thestatsapi,1.04,0.78,2,3,8,9,3,4,12,17,3,2,,
comp_9799,MLS,2026-05-02,19:30,Houston Dynamo,Colorado Rapids,1,0,1-0,finished,,,thestatsapi,0.32,0.61,6,5,9,4,5,2,11,8,3,3,,
comp_9799,MLS,2026-05-02,19:30,Chicago Fire,FC Cincinnati,2,3,2-3,finished,,,thestatsapi,3.97,1.74,10,1,33,10,10,4,12,5,1,3,,
comp_9799,MLS,2026-05-02,18:30,Columbus Crew,Minnesota United,2,3,2-3,finished,,,thestatsapi,1.04,1.18,4,6,13,12,4,7,10,11,2,2,,
comp_9799,MLS,2026-05-02,18:30,Philadelphia Union,Nashville SC,0,0,0-0,finished,,,thestatsapi,1.64,0.5,5,2,16,8,4,1,14,11,1,1,,
comp_9799,MLS,2026-05-02,18:30,New York Red Bulls,FC Dallas,0,2,0-2,finished,,,thestatsapi,0.69,1.86,8,4,9,12,0,6,6,7,0,2,,
comp_9799,MLS,2026-05-02,18:30,New England Revolution,Charlotte FC,1,0,1-0,finished,,,thestatsapi,1.47,1.11,3,5,14,8,4,4,10,16,3,4,,
comp_9799,MLS,2026-05-02,18:30,Atlanta United,CF Montréal,3,1,3-1,finished,,,thestatsapi,1.1,0.85,3,2,18,11,5,5,13,9,4,3,,
comp_9799,MLS,2026-05-02,18:15,Inter Miami CF,Orlando City SC,3,4,3-4,finished,,,thestatsapi,3,1.91,10,2,26,13,10,9,18,5,4,3,,
comp_9799,MLS,2026-05-02,15:45,Real Salt Lake,Portland Timbers,2,0,2-0,finished,,,thestatsapi,3.54,1.05,6,2,25,11,15,2,15,12,1,2,,
comp_9799,MLS,2026-05-02,13:30,Sporting Kansas City,Seattle Sounders FC,1,1,1-1,finished,,,thestatsapi,1.29,1.81,4,9,10,26,7,9,10,7,0,2,,
comp_9799,MLS,2026-05-02,12:00,Toronto FC,San Jose Earthquakes,1,1,1-1,finished,,,thestatsapi,1.01,1.31,8,9,11,10,2,4,17,7,2,2,,
comp_9799,MLS,2026-04-26,18:00,LA Galaxy,Real Salt Lake,2,1,2-1,finished,,,thestatsapi,2.74,1.5,7,0,16,15,7,8,16,14,4,4,,
comp_9799,MLS,2026-04-25,21:30,Seattle Sounders FC,FC Dallas,2,1,2-1,finished,,,thestatsapi,1.84,0.49,4,7,9,10,6,5,5,12,1,4,,
comp_9799,MLS,2026-04-25,21:30,Vancouver Whitecaps,Colorado Rapids,3,1,3-1,finished,,,thestatsapi,3.79,1.65,8,3,20,13,8,3,24,12,1,1,,
comp_9799,MLS,2026-04-25,20:30,San Diego FC,Portland Timbers,1,2,1-2,finished,,,thestatsapi,1.43,1.13,6,6,10,11,3,5,12,10,2,1,,
comp_9799,MLS,2026-04-25,19:30,Nashville SC,Charlotte FC,4,2,4-2,finished,,,thestatsapi,1.23,1.35,6,4,13,8,7,2,13,8,2,1,,
comp_9799,MLS,2026-04-25,19:30,St.Louis City,San Jose Earthquakes,2,3,2-3,finished,,,thestatsapi,2.27,1.5,10,3,21,9,6,3,12,13,2,3,,
comp_9799,MLS,2026-04-25,19:30,Chicago Fire,Sporting Kansas City,5,0,5-0,finished,,,thestatsapi,2.72,0.36,3,2,17,6,6,1,15,16,1,0,,
comp_9799,MLS,2026-04-25,19:30,Austin FC,Houston Dynamo,2,0,2-0,finished,,,thestatsapi,0.91,0.66,3,5,12,11,4,5,14,12,4,2,,
comp_9799,MLS,2026-04-25,18:30,Inter Miami CF,New England Revolution,1,1,1-1,finished,,,thestatsapi,2.71,1.58,7,1,18,16,10,7,14,7,3,0,,
comp_9799,MLS,2026-04-25,18:30,FC Cincinnati,New York Red Bulls,2,0,2-0,finished,,,thestatsapi,2.86,1.36,4,7,15,19,5,6,9,15,1,2,,
comp_9799,MLS,2026-04-25,18:30,DC United,Orlando City SC,3,2,3-2,finished,,,thestatsapi,1.07,0.83,7,8,15,8,8,5,11,14,5,3,,
comp_9799,MLS,2026-04-25,18:30,Columbus Crew,Philadelphia Union,2,0,2-0,finished,,,thestatsapi,1.02,0.8,2,4,7,10,4,2,11,18,1,1,,
comp_9799,MLS,2026-04-25,15:45,Minnesota United,Los Angeles FC,0,1,0-1,finished,,,thestatsapi,1.91,0.8,11,2,24,7,4,7,11,9,1,3,,
comp_9799,MLS,2026-04-25,13:30,CF Montréal,New York City FC,1,0,1-0,finished,,,thestatsapi,0.99,0.43,3,1,8,5,5,2,18,15,5,4,,
comp_9799,MLS,2026-04-25,12:00,Toronto FC,Atlanta United,1,2,1-2,finished,,,thestatsapi,0.64,0.61,8,7,9,6,2,2,10,15,0,2,,
comp_9799,MLS,2026-04-22,21:30,Los Angeles FC,Colorado Rapids,0,0,0-0,finished,,,thestatsapi,0.21,0.23,4,3,5,6,1,2,17,9,2,4,,
comp_9799,MLS,2026-04-22,21:30,San Jose Earthquakes,Austin FC,5,1,5-1,finished,,,thestatsapi,5.36,0.83,13,1,37,5,16,2,16,21,3,1,,
comp_9799,MLS,2026-04-22,20:30,Real Salt Lake,Inter Miami CF,0,2,0-2,finished,,,thestatsapi,1.07,1.67,2,4,11,19,4,7,15,9,3,3,,
comp_9799,MLS,2026-04-22,19:30,Houston Dynamo,San Diego FC,1,0,1-0,finished,,,thestatsapi,0.85,1.34,1,3,11,9,3,1,10,11,2,2,,
comp_9799,MLS,2026-04-22,19:30,FC Dallas,Minnesota United,0,1,0-1,finished,,,thestatsapi,0.72,1.03,4,3,15,5,2,4,8,7,2,3,,
comp_9799,MLS,2026-04-22,18:45,Atlanta United,New England Revolution,1,2,1-2,finished,,,thestatsapi,2.57,1.08,8,3,23,7,9,4,14,10,2,2,,
comp_9799,MLS,2026-04-22,18:30,Orlando City SC,Charlotte FC,4,1,4-1,finished,,,thestatsapi,0.9,1.57,2,4,11,15,6,5,12,10,5,2,,
comp_9799,MLS,2026-04-22,18:30,Toronto FC,Philadelphia Union,3,3,3-3,finished,,,thestatsapi,1.43,0.83,2,2,12,12,4,5,12,18,4,4,,
comp_9799,MLS,2026-04-22,18:30,New York City FC,FC Cincinnati,4,4,4-4,finished,,,thestatsapi,1.8,1.66,2,4,17,12,9,6,7,9,0,3,,
comp_9799,MLS,2026-04-22,18:30,New York Red Bulls,DC United,4,4,4-4,finished,,,thestatsapi,1.56,3.56,3,3,13,14,5,5,14,13,1,2,,
comp_9799,MLS,2026-04-22,18:30,Columbus Crew,LA Galaxy,2,1,2-1,finished,,,thestatsapi,1.15,0.66,4,1,14,7,4,1,13,5,0,1,,
comp_9799,MLS,2026-04-19,18:00,Los Angeles FC,San Jose Earthquakes,1,4,1-4,finished,,,thestatsapi,1.29,2,5,3,16,12,3,5,13,10,3,3,,
comp_9799,MLS,2026-04-18,20:30,Seattle Sounders FC,St.Louis City,4,1,4-1,finished,,,thestatsapi,1.71,0.6,5,8,13,12,9,2,9,12,0,0,,
comp_9799,MLS,2026-04-18,20:30,Real Salt Lake,San Diego FC,4,2,4-2,finished,,,thestatsapi,2.63,1.3,1,8,16,9,9,5,12,13,1,1,,
comp_9799,MLS,2026-04-18,19:30,Minnesota United,Portland Timbers,2,0,2-0,finished,,,thestatsapi,2.37,1.54,3,4,17,13,7,2,16,8,2,0,,
comp_9799,MLS,2026-04-18,19:30,FC Dallas,LA Galaxy,2,2,2-2,finished,,,thestatsapi,1.9,0.85,4,3,13,9,5,4,21,11,2,0,,
comp_9799,MLS,2026-04-18,18:30,Orlando City SC,Houston Dynamo,0,1,0-1,finished,,,thestatsapi,1.11,1.54,4,3,17,18,3,5,16,9,2,2,,
comp_9799,MLS,2026-04-18,18:30,Philadelphia Union,DC United,0,0,0-0,finished,,,thestatsapi,1.32,0.66,13,1,17,6,4,0,11,11,0,3,,
comp_9799,MLS,2026-04-18,18:30,New England Revolution,Columbus Crew,2,1,2-1,finished,,,thestatsapi,1.23,0.95,3,7,10,11,3,4,8,12,1,3,,
comp_9799,MLS,2026-04-18,18:30,New York City FC,Charlotte FC,1,2,1-2,finished,,,thestatsapi,1.44,0.93,6,1,23,7,8,5,7,7,2,4,,
comp_9799,MLS,2026-04-18,18:30,FC Cincinnati,Chicago Fire,3,3,3-3,finished,,,thestatsapi,3.71,1.77,9,1,23,18,9,6,11,9,4,3,,
comp_9799,MLS,2026-04-18,18:30,Atlanta United,Nashville SC,0,2,0-2,finished,,,thestatsapi,0.62,1.73,5,7,13,17,4,8,11,6,2,0,,
comp_9799,MLS,2026-04-18,15:30,Colorado Rapids,Inter Miami CF,2,3,2-3,finished,,,thestatsapi,1.6,1.24,3,2,14,6,4,3,12,19,4,5,,
comp_9799,MLS,2026-04-18,13:30,CF Montréal,New York Red Bulls,4,1,4-1,finished,,,thestatsapi,2.87,0.56,2,7,9,8,6,1,17,12,3,3,,
comp_9799,MLS,2026-04-18,12:00,Toronto FC,Austin FC,3,3,3-3,finished,,,thestatsapi,3.05,1.49,6,5,18,12,11,6,18,11,5,2,,
comp_9799,MLS,2026-04-17,21:30,Vancouver Whitecaps,Sporting Kansas City,3,0,3-0,finished,,,thestatsapi,3.17,0.13,6,3,25,3,6,0,15,16,1,2,,
comp_9799,MLS,2026-04-12,18:00,Columbus Crew,Orlando City SC,1,1,1-1,finished,,,thestatsapi,1.54,0.61,8,1,20,5,7,1,12,9,1,4,,
comp_9799,MLS,2026-04-11,21:30,San Diego FC,Minnesota United,1,2,1-2,finished,,,thestatsapi,1.67,1.95,4,5,17,21,6,7,9,19,3,1,,
comp_9799,MLS,2026-04-11,20:30,Colorado Rapids,Houston Dynamo,6,2,6-2,finished,,,thestatsapi,2.73,2.21,2,4,16,20,8,8,14,10,1,1,,
comp_9799,MLS,2026-04-11,19:30,FC Dallas,St.Louis City,1,1,1-1,finished,,,thestatsapi,1.36,1.32,5,10,11,10,3,5,11,8,3,1,,
comp_9799,MLS,2026-04-11,19:30,Sporting Kansas City,San Jose Earthquakes,1,3,1-3,finished,,,thestatsapi,0.78,1.71,2,4,10,10,4,3,9,6,2,0,,
comp_9799,MLS,2026-04-11,19:30,Chicago Fire,Atlanta United,1,0,1-0,finished,,,thestatsapi,2.34,1.68,6,11,18,20,3,6,12,5,2,1,,
comp_9799,MLS,2026-04-11,18:30,Charlotte FC,Nashville SC,1,2,1-2,finished,,,thestatsapi,2.19,0.52,2,4,8,11,3,6,9,15,0,3,,
comp_9799,MLS,2026-04-11,18:30,Vancouver Whitecaps,New York City FC,2,0,2-0,finished,,,thestatsapi,3.3,0.6,12,5,24,10,10,2,16,8,2,0,,
comp_9799,MLS,2026-04-11,18:30,Inter Miami CF,New York Red Bulls,2,2,2-2,finished,,,thestatsapi,2.55,1.33,12,3,16,5,7,2,8,14,1,2,,
comp_9799,MLS,2026-04-11,18:30,New England Revolution,DC United,1,0,1-0,finished,,,thestatsapi,0.8,0.99,2,3,11,14,4,4,10,11,0,0,,
comp_9799,MLS,2026-04-11,15:45,Portland Timbers,Los Angeles FC,2,1,2-1,finished,,,thestatsapi,1.52,0.87,1,7,10,18,7,4,9,10,2,2,,
comp_9799,MLS,2026-04-11,13:30,Austin FC,LA Galaxy,1,2,1-2,finished,,,thestatsapi,0.72,0.73,6,5,13,12,5,7,9,9,2,4,,
comp_9799,MLS,2026-04-11,13:30,CF Montréal,Philadelphia Union,1,2,1-2,finished,,,thestatsapi,0.96,1.07,2,4,7,15,4,6,16,19,3,4,,
comp_9799,MLS,2026-04-11,12:00,Toronto FC,FC Cincinnati,1,1,1-1,finished,,,thestatsapi,0.52,0.66,7,4,10,7,3,4,14,20,2,3,,
comp_9799,MLS,2026-04-04,21:30,Vancouver Whitecaps,Portland Timbers,3,2,3-2,finished,,,thestatsapi,3.01,0.51,7,2,22,8,9,3,15,11,1,1,,
comp_9799,MLS,2026-04-04,21:30,San Jose Earthquakes,San Diego FC,3,0,3-0,finished,,,thestatsapi,3.31,0.31,7,5,24,4,10,1,17,13,3,2,,
comp_9799,MLS,2026-04-04,21:30,LA Galaxy,Minnesota United,1,2,1-2,finished,,,thestatsapi,1.99,1.42,9,0,20,9,7,4,11,13,2,3,,
comp_9799,MLS,2026-04-04,20:30,Los Angeles FC,Orlando City SC,6,0,6-0,finished,,,thestatsapi,2.44,0.72,8,7,17,12,8,6,12,14,2,3,,
comp_9799,MLS,2026-04-04,20:00,Houston Dynamo,Seattle Sounders FC,0,1,0-1,finished,,,thestatsapi,0.85,0.95,9,3,13,6,3,2,5,14,1,2,,
comp_9799,MLS,2026-04-04,19:30,Chicago Fire,Nashville SC,1,0,1-0,finished,,,thestatsapi,1.13,0.7,1,3,10,9,3,4,19,13,2,1,,
comp_9799,MLS,2026-04-04,18:45,Inter Miami CF,Austin FC,2,2,2-2,finished,,,thestatsapi,3.53,1.68,7,3,27,9,8,3,7,8,2,0,,
comp_9799,MLS,2026-04-04,18:30,New York City FC,St.Louis City,1,1,1-1,finished,,,thestatsapi,1.17,1.06,2,4,16,14,7,3,9,12,1,3,,
comp_9799,MLS,2026-04-04,18:30,New York Red Bulls,FC Cincinnati,4,2,4-2,finished,,,thestatsapi,1.8,2.17,2,6,18,17,6,6,12,11,2,2,,
comp_9799,MLS,2026-04-04,18:30,Charlotte FC,Philadelphia Union,2,1,2-1,finished,,,thestatsapi,1.46,1.41,6,7,9,17,5,3,10,22,4,4,,
comp_9799,MLS,2026-04-04,18:30,DC United,FC Dallas,0,4,0-4,finished,,,thestatsapi,0.6,1.79,6,3,11,15,4,8,15,11,2,1,,
comp_9799,MLS,2026-04-04,18:30,Atlanta United,Columbus Crew,1,3,1-3,finished,,,thestatsapi,1.24,1.52,4,8,7,16,4,7,9,9,2,1,,
comp_9799,MLS,2026-04-04,15:30,Real Salt Lake,Sporting Kansas City,3,1,3-1,finished,,,thestatsapi,2.58,0.48,7,1,22,5,7,3,15,11,1,0,,
comp_9799,MLS,2026-04-04,15:30,New England Revolution,CF Montréal,3,0,3-0,finished,,,thestatsapi,1.77,1.09,1,5,9,18,6,4,16,23,2,3,,
comp_9799,MLS,2026-04-04,12:00,Toronto FC,Colorado Rapids,3,2,3-2,finished,,,thestatsapi,1.71,0.47,7,4,17,5,5,4,16,13,3,5,,
comp_9799,MLS,2026-03-22,18:00,San Diego FC,Real Salt Lake,2,2,2-2,finished,,,thestatsapi,1.52,3.04,7,8,14,21,5,8,15,12,3,2,,
comp_9799,MLS,2026-03-22,15:45,Portland Timbers,LA Galaxy,1,1,1-1,finished,,,thestatsapi,0.43,1.76,2,9,8,22,2,7,11,14,3,1,,
comp_9799,MLS,2026-03-22,13:30,Minnesota United,Seattle Sounders FC,0,0,0-0,finished,,,thestatsapi,0.8,0.64,4,7,8,11,3,2,9,13,1,3,,
comp_9799,MLS,2026-03-22,12:00,New York City FC,Inter Miami CF,2,3,2-3,finished,,,thestatsapi,1.28,1.46,7,7,11,22,5,8,12,14,1,4,,
comp_9799,MLS,2026-03-22,12:00,FC Cincinnati,CF Montréal,4,3,4-3,finished,,,thestatsapi,1.58,2.11,2,2,15,19,8,7,20,11,4,1,,
comp_9799,MLS,2026-03-21,21:30,Vancouver Whitecaps,San Jose Earthquakes,0,1,0-1,finished,,,thestatsapi,0.98,0.66,3,5,12,6,6,3,11,12,1,3,,
comp_9799,MLS,2026-03-21,19:45,Austin FC,Los Angeles FC,0,0,0-0,finished,,,thestatsapi,1.05,1.11,5,4,10,12,1,1,11,7,3,2,,
comp_9799,MLS,2026-03-21,19:30,Sporting Kansas City,Colorado Rapids,1,4,1-4,finished,,,thestatsapi,0.74,4.31,6,4,8,17,3,9,17,21,3,3,,
comp_9799,MLS,2026-03-21,19:30,St.Louis City,New England Revolution,3,1,3-1,finished,,,thestatsapi,1.12,1.21,6,3,11,8,6,2,11,12,3,2,,
comp_9799,MLS,2026-03-21,19:30,FC Dallas,Houston Dynamo,4,3,4-3,finished,,,thestatsapi,1.36,1.75,6,8,16,10,6,4,16,14,2,4,,
comp_9799,MLS,2026-03-21,18:30,Charlotte FC,New York Red Bulls,6,1,6-1,finished,,,thestatsapi,2.55,2.61,2,8,15,23,10,8,8,7,1,1,,
comp_9799,MLS,2026-03-21,18:30,Atlanta United,DC United,0,0,0-0,finished,,,thestatsapi,0.26,0.16,3,4,7,4,3,1,7,10,1,1,,
comp_9799,MLS,2026-03-21,17:15,Nashville SC,Orlando City SC,5,0,5-0,finished,,,thestatsapi,3.21,0.58,5,5,19,9,8,1,15,5,1,2,,
comp_9799,MLS,2026-03-21,15:30,Philadelphia Union,Chicago Fire,1,2,1-2,finished,,,thestatsapi,0.85,2.52,6,2,12,11,3,4,11,15,1,3,,
comp_9799,MLS,2026-03-21,12:00,Toronto FC,Columbus Crew,2,1,2-1,finished,,,thestatsapi,0.91,0.68,10,7,12,8,7,4,9,20,1,3,,
comp_9799,MLS,2026-03-15,18:00,San Jose Earthquakes,Seattle Sounders FC,0,1,0-1,finished,,,thestatsapi,1.67,0.51,17,0,25,6,7,4,6,11,1,4,,
comp_9799,MLS,2026-03-15,15:30,Vancouver Whitecaps,Minnesota United,6,0,6-0,finished,,,thestatsapi,4.08,1.07,3,7,16,8,8,4,23,22,1,2,,
comp_9799,MLS,2026-03-15,13:30,New England Revolution,FC Cincinnati,6,1,6-1,finished,,,thestatsapi,1.71,1.01,1,3,16,15,10,9,15,14,3,2,,
comp_9799,MLS,2026-03-14,21:30,Los Angeles FC,St.Louis City,2,0,2-0,finished,,,thestatsapi,0.81,1.23,5,9,16,18,5,4,12,9,0,0,,
comp_9799,MLS,2026-03-14,20:30,Real Salt Lake,Austin FC,2,1,2-1,finished,,,thestatsapi,1.72,0.58,7,4,23,10,8,3,12,10,1,4,,
comp_9799,MLS,2026-03-14,20:30,LA Galaxy,Sporting Kansas City,1,2,1-2,finished,,,thestatsapi,2.09,0.73,10,3,18,7,5,4,7,12,1,1,,
comp_9799,MLS,2026-03-14,19:30,Houston Dynamo,Portland Timbers,3,2,3-2,finished,,,thestatsapi,1.21,2.14,10,6,19,17,6,9,12,9,2,4,,
comp_9799,MLS,2026-03-14,19:30,FC Dallas,San Diego FC,3,3,3-3,finished,,,thestatsapi,2.74,2.04,3,0,13,5,8,4,16,12,3,2,,
comp_9799,MLS,2026-03-14,19:30,Chicago Fire,DC United,1,2,1-2,finished,,,thestatsapi,1.93,1.59,4,5,15,13,2,4,12,11,3,1,,
comp_9799,MLS,2026-03-14,18:30,Orlando City SC,CF Montréal,2,1,2-1,finished,,,thestatsapi,2.34,1.13,4,10,15,18,6,5,12,15,1,0,,
comp_9799,MLS,2026-03-14,18:30,Charlotte FC,Inter Miami CF,0,0,0-0,finished,,,thestatsapi,1.01,0.99,3,5,11,10,5,3,12,16,3,2,,
comp_9799,MLS,2026-03-14,18:30,New York City FC,Colorado Rapids,3,1,3-1,finished,,,thestatsapi,1.76,0.95,4,4,13,8,8,2,13,25,2,2,,
comp_9799,MLS,2026-03-14,17:15,Columbus Crew,Nashville SC,0,1,0-1,finished,,,thestatsapi,0.23,1.1,6,3,8,8,2,4,4,12,1,5,,
comp_9799,MLS,2026-03-14,14:15,Atlanta United,Philadelphia Union,3,1,3-1,finished,,,thestatsapi,2.79,2.13,4,6,11,14,4,3,15,12,4,0,,
comp_9799,MLS,2026-03-14,12:00,Toronto FC,New York Red Bulls,1,1,1-1,finished,,,thestatsapi,0.96,2.03,5,11,12,18,7,8,10,13,1,2,,
comp_9799,MLS,2026-03-08,18:00,FC Cincinnati,Toronto FC,0,1,0-1,finished,,,thestatsapi,0.76,0.69,8,7,14,11,2,5,14,11,2,2,,
comp_9799,MLS,2026-03-08,15:30,New York Red Bulls,CF Montréal,0,3,0-3,finished,,,thestatsapi,0.85,2.07,11,4,12,10,4,4,8,9,1,0,,
comp_9799,MLS,2026-03-07,22:30,Los Angeles FC,FC Dallas,1,0,1-0,finished,,,thestatsapi,0.93,1.19,4,7,8,15,5,5,13,14,2,2,,
comp_9799,MLS,2026-03-07,22:30,Portland Timbers,Vancouver Whitecaps,1,4,1-4,finished,,,thestatsapi,0.48,3.1,3,7,7,17,2,8,10,13,3,3,,
comp_9799,MLS,2026-03-07,21:30,Colorado Rapids,LA Galaxy,4,1,4-1,finished,,,thestatsapi,1.83,1.09,2,5,10,15,6,7,10,5,0,3,,
comp_9799,MLS,2026-03-07,20:30,Nashville SC,Minnesota United,3,1,3-1,finished,,,thestatsapi,1.75,0.92,5,2,15,14,6,3,11,10,1,1,,
comp_9799,MLS,2026-03-07,20:30,Sporting Kansas City,San Diego FC,0,1,0-1,finished,,,thestatsapi,0.36,1.79,2,6,5,15,3,5,11,12,3,4,,
comp_9799,MLS,2026-03-07,20:30,St.Louis City,Seattle Sounders FC,0,1,0-1,finished,,,thestatsapi,0.66,0.87,8,1,12,8,5,4,13,7,1,3,,
comp_9799,MLS,2026-03-07,19:30,Columbus Crew,Chicago Fire,0,0,0-0,finished,,,thestatsapi,1.17,0.62,7,3,13,7,5,3,11,10,1,4,,
comp_9799,MLS,2026-03-07,19:30,Philadelphia Union,San Jose Earthquakes,0,1,0-1,finished,,,thestatsapi,1.08,0.82,11,1,13,8,3,3,20,16,3,2,,
comp_9799,MLS,2026-03-07,19:30,Charlotte FC,Austin FC,3,1,3-1,finished,,,thestatsapi,2.91,0.1,12,3,25,5,11,0,9,12,2,1,,
comp_9799,MLS,2026-03-07,19:30,Atlanta United,Real Salt Lake,2,3,2-3,finished,,,thestatsapi,1.16,1.07,4,2,16,11,5,4,12,4,2,3,,
comp_9799,MLS,2026-03-07,16:30,DC United,Inter Miami CF,1,2,1-2,finished,,,thestatsapi,1.59,0.98,8,1,15,8,3,5,16,8,1,1,,
comp_9799,MLS,2026-03-07,14:30,New York City FC,Orlando City SC,5,0,5-0,finished,,,thestatsapi,2.52,0.16,5,2,13,4,5,1,16,7,0,1,,
comp_9799,MLS,2026-03-01,21:15,San Diego FC,St.Louis City,2,0,2-0,finished,,,thestatsapi,0.86,0.41,7,2,10,6,6,2,10,12,0,1,,
comp_9799,MLS,2026-03-01,19:00,Orlando City SC,Inter Miami CF,2,4,2-4,finished,,,thestatsapi,0.93,1.79,2,8,10,15,5,8,16,14,5,3,,
comp_9799,MLS,2026-03-01,16:30,Philadelphia Union,New York City FC,1,2,1-2,finished,,,thestatsapi,2.03,2.44,5,4,16,13,5,9,12,14,3,2,,
comp_9799,MLS,2026-03-01,14:30,Austin FC,DC United,1,0,1-0,finished,,,thestatsapi,1.5,0.25,11,4,18,7,9,2,14,18,3,3,,
comp_9799,MLS,2026-02-28,22:30,LA Galaxy,Charlotte FC,3,0,3-0,finished,,,thestatsapi,2.72,0.21,4,5,14,4,12,1,9,14,2,4,,
comp_9799,MLS,2026-02-28,21:30,Vancouver Whitecaps,Toronto FC,3,0,3-0,finished,,,thestatsapi,2.61,0.24,5,1,10,5,3,2,11,14,1,0,,
comp_9799,MLS,2026-02-28,20:30,Houston Dynamo,Los Angeles FC,0,2,0-2,finished,,,thestatsapi,0.66,1.47,4,8,12,18,3,6,7,14,1,3,,
comp_9799,MLS,2026-02-28,20:30,FC Dallas,Nashville SC,0,0,0-0,finished,,,thestatsapi,0.43,0.4,2,2,7,6,2,1,8,12,3,3,,
comp_9799,MLS,2026-02-28,20:30,Sporting Kansas City,Columbus Crew,2,2,2-2,finished,,,thestatsapi,1.49,3.06,4,4,8,10,4,5,9,13,1,2,,
comp_9799,MLS,2026-02-28,19:30,Real Salt Lake,Seattle Sounders FC,2,1,2-1,finished,,,thestatsapi,1.65,1.2,5,10,16,14,5,7,9,7,3,1,,
comp_9799,MLS,2026-02-28,19:30,San Jose Earthquakes,Atlanta United,2,0,2-0,finished,,,thestatsapi,2.4,0.83,7,4,11,8,5,1,9,19,1,3,,
comp_9799,MLS,2026-02-28,16:30,Minnesota United,FC Cincinnati,1,0,1-0,finished,,,thestatsapi,1.92,0.84,5,12,16,13,5,4,9,6,2,0,,
comp_9799,MLS,2026-02-28,16:30,Colorado Rapids,Portland Timbers,2,0,2-0,finished,,,thestatsapi,1.83,1.1,12,6,25,12,10,3,12,15,2,2,,
comp_9799,MLS,2026-02-28,14:30,Chicago Fire,CF Montréal,3,0,3-0,finished,,,thestatsapi,3.03,0.1,9,3,17,4,11,2,12,13,1,3,,
comp_9799,MLS,2026-02-28,14:30,New York Red Bulls,New England Revolution,1,0,1-0,finished,,,thestatsapi,1.01,0.37,6,6,12,5,4,3,14,19,2,4,,
comp_9799,MLS,2026-02-22,21:15,Seattle Sounders FC,Colorado Rapids,2,0,2-0,finished,,,thestatsapi,1.11,0.38,8,4,15,7,5,3,10,17,2,4,,
comp_9799,MLS,2026-02-22,19:00,LA Galaxy,New York City FC,1,1,1-1,finished,,,thestatsapi,0.36,1.41,1,2,8,10,6,1,15,16,3,3,,
comp_9799,MLS,2026-02-21,22:30,San Jose Earthquakes,Sporting Kansas City,3,0,3-0,finished,,,thestatsapi,2.91,0.5,15,3,17,7,6,1,16,12,1,0,,
comp_9799,MLS,2026-02-21,22:30,San Diego FC,CF Montréal,5,0,5-0,finished,,,thestatsapi,1.87,0.3,5,2,11,6,7,2,12,13,1,1,,
comp_9799,MLS,2026-02-21,22:30,Portland Timbers,Columbus Crew,3,2,3-2,finished,,,thestatsapi,0.94,1.02,6,8,12,15,6,4,5,6,1,1,,
comp_9799,MLS,2026-02-21,21:30,Los Angeles FC,Inter Miami CF,3,0,3-0,finished,,,thestatsapi,3.26,0.83,4,3,15,12,6,3,14,15,1,2,,
comp_9799,MLS,2026-02-21,20:30,Nashville SC,New England Revolution,4,1,4-1,finished,,,thestatsapi,2.91,0.93,3,2,14,4,8,1,16,11,0,1,,
comp_9799,MLS,2026-02-21,20:30,Houston Dynamo,Chicago Fire,2,1,2-1,finished,,,thestatsapi,1.09,0.76,3,5,10,6,4,3,11,20,3,2,,
comp_9799,MLS,2026-02-21,20:30,FC Dallas,Toronto FC,3,2,3-2,finished,,,thestatsapi,1.61,0.99,3,7,13,12,3,5,18,11,1,2,,
comp_9799,MLS,2026-02-21,20:30,Austin FC,Minnesota United,2,2,2-2,finished,,,thestatsapi,1.56,1.68,7,8,10,11,6,4,8,16,1,1,,
comp_9799,MLS,2026-02-21,19:30,Vancouver Whitecaps,Real Salt Lake,1,0,1-0,finished,,,thestatsapi,1.2,0.62,7,5,13,10,5,2,15,15,2,3,,
comp_9799,MLS,2026-02-21,19:30,Orlando City SC,New York Red Bulls,1,2,1-2,finished,,,thestatsapi,2.42,3.9,5,9,17,22,6,13,7,15,1,2,,
comp_9799,MLS,2026-02-21,19:30,DC United,Philadelphia Union,1,0,1-0,finished,,,thestatsapi,0.91,0.41,1,5,7,11,1,3,19,16,2,4,,
comp_9799,MLS,2026-02-21,16:45,FC Cincinnati,Atlanta United,2,0,2-0,finished,,,thestatsapi,2.25,0.33,5,2,10,8,3,3,10,18,1,2,,
comp_9799,MLS,2026-02-21,14:30,St.Louis City,Charlotte FC,1,1,1-1,finished,,,thestatsapi,1.59,0.59,6,1,22,8,11,3,12,9,2,2,,
comp_9799,MLS,2025-12-06,14:30,Inter Miami CF,Vancouver Whitecaps,3,1,3-1,finished,29,final,thestatsapi,1.29,1.21,1,1,8,10,3,4,22,23,4,6,,
comp_9799,MLS,2025-11-29,21:00,San Diego FC,Vancouver Whitecaps,1,3,1-3,finished,217,final,thestatsapi,0.91,2.64,5,1,11,11,4,8,17,22,3,2,,
comp_9799,MLS,2025-11-29,18:00,Inter Miami CF,New York City FC,5,1,5-1,finished,183,final,thestatsapi,2.34,0.44,5,2,12,5,6,4,21,19,4,4,,
comp_9799,MLS,2025-11-24,22:00,San Diego FC,Minnesota United,1,0,1-0,finished,227,semi_final,thestatsapi,0.71,0.82,5,1,9,11,1,4,14,14,3,4,,
comp_9799,MLS,2025-11-23,19:45,Philadelphia Union,New York City FC,0,1,0-1,finished,195,semi_final,thestatsapi,2.04,1.01,8,3,18,5,5,4,18,9,1,4,,
comp_9799,MLS,2025-11-23,17:00,FC Cincinnati,Inter Miami CF,0,4,0-4,finished,195,semi_final,thestatsapi,0.88,2.89,4,2,14,14,5,6,8,11,0,0,,
comp_9799,MLS,2025-11-22,21:30,Vancouver Whitecaps,Los Angeles FC,2,2,2-2,finished,227,semi_final,thestatsapi,1.28,3.14,5,15,9,25,6,8,18,17,6,4,,
comp_9799,MLS,2025-11-09,21:00,San Diego FC,Portland Timbers,4,0,4-0,finished,,,thestatsapi,2.08,0.96,9,3,15,12,9,3,20,16,3,4,,
comp_9799,MLS,2025-11-08,20:00,Inter Miami CF,Nashville SC,4,0,4-0,finished,,,thestatsapi,2.12,0.48,0,6,11,11,5,4,16,21,4,4,,
comp_9799,MLS,2025-11-08,18:00,FC Cincinnati,Columbus Crew,2,1,2-1,finished,,,thestatsapi,1.13,1.33,7,6,16,16,4,6,6,11,2,2,,
comp_9799,MLS,2025-11-08,16:00,Minnesota United,Seattle Sounders FC,3,3,3-3,finished,,,thestatsapi,1.01,2.87,4,5,11,22,5,8,13,8,4,1,,
comp_9799,MLS,2025-11-07,19:00,Charlotte FC,New York City FC,1,3,1-3,finished,,,thestatsapi,2.46,1.19,4,1,15,8,1,6,16,15,2,3,,
comp_9799,MLS,2025-11-03,22:45,Seattle Sounders FC,Minnesota United,4,2,4-2,finished,,,thestatsapi,1.91,0.83,3,2,11,8,6,4,10,13,1,2,,
comp_9799,MLS,2025-11-02,20:45,Austin FC,Los Angeles FC,1,4,1-4,finished,,,thestatsapi,2.41,2.47,2,2,8,18,3,5,15,12,4,4,,
comp_9799,MLS,2025-11-02,18:30,Columbus Crew,FC Cincinnati,4,0,4-0,finished,,,thestatsapi,3.26,0.01,8,3,19,1,10,0,15,10,0,3,,
comp_9799,MLS,2025-11-01,20:30,Portland Timbers,San Diego FC,2,2,2-2,finished,,,thestatsapi,1.57,1.07,4,6,17,9,4,5,22,15,4,4,,
comp_9799,MLS,2025-11-01,20:30,FC Dallas,Vancouver Whitecaps,1,1,1-1,finished,,,thestatsapi,1.74,1.7,2,8,9,15,3,2,15,11,4,1,,
comp_9799,MLS,2025-11-01,18:30,Nashville SC,Inter Miami CF,2,1,2-1,finished,,,thestatsapi,2.12,1.92,6,2,10,12,5,3,15,10,5,0,,
comp_9799,MLS,2025-11-01,16:30,Chicago Fire,Philadelphia Union,0,3,0-3,finished,,,thestatsapi,1.38,1.7,8,3,11,9,2,3,17,13,3,2,,
comp_9799,MLS,2025-11-01,14:30,New York City FC,Charlotte FC,0,0,0-0,finished,,,thestatsapi,1.51,0.69,6,2,16,8,5,3,16,13,2,3,,
comp_9799,MLS,2025-10-29,21:30,Los Angeles FC,Austin FC,2,1,2-1,finished,,,thestatsapi,2.15,1.14,8,1,18,8,5,2,17,10,1,2,,
comp_9799,MLS,2025-10-28,17:45,Charlotte FC,New York City FC,0,1,0-1,finished,,,thestatsapi,0.43,1.47,8,7,10,12,4,5,7,8,0,5,,
comp_9799,MLS,2025-10-27,20:00,Minnesota United,Seattle Sounders FC,0,0,0-0,finished,,,thestatsapi,1.07,2.4,5,6,10,14,3,4,11,16,5,0,,
comp_9799,MLS,2025-10-27,17:45,FC Cincinnati,Columbus Crew,1,0,1-0,finished,,,thestatsapi,1.26,0.63,4,2,12,6,6,3,13,8,3,1,,
comp_9799,MLS,2025-10-26,20:30,San Diego FC,Portland Timbers,2,1,2-1,finished,,,thestatsapi,2.74,0.89,7,0,15,5,8,3,14,11,2,3,,
comp_9799,MLS,2025-10-26,18:30,Vancouver Whitecaps,FC Dallas,3,0,3-0,finished,,,thestatsapi,3.6,0.38,10,1,22,1,10,0,18,7,1,3,,
comp_9799,MLS,2025-10-26,16:30,Philadelphia Union,Chicago Fire,2,2,2-2,finished,,,thestatsapi,1.5,1.33,7,5,18,13,2,5,8,12,3,3,,
comp_9799,MLS,2025-10-24,19:00,Inter Miami CF,Nashville SC,3,1,3-1,finished,,,thestatsapi,2.35,0.68,5,2,12,7,6,3,13,18,2,1,,
comp_9799,MLS,2025-10-22,21:30,Portland Timbers,Real Salt Lake,3,1,3-1,finished,,,thestatsapi,1.83,0.96,7,6,12,22,8,7,14,15,0,5,,
comp_9799,MLS,2025-10-22,19:30,Chicago Fire,Orlando City SC,3,1,3-1,finished,,,thestatsapi,3.73,0.33,3,3,24,6,9,4,11,11,1,3,,
comp_9799,MLS,2025-10-18,20:00,St.Louis City,Real Salt Lake,2,2,2-2,finished,,,thestatsapi,3.53,0.97,7,3,27,8,7,3,13,13,3,3,,
comp_9799,MLS,2025-10-18,20:00,Portland Timbers,San Diego FC,0,4,0-4,finished,,,thestatsapi,0.73,2.98,3,5,11,16,3,6,11,14,2,1,,
comp_9799,MLS,2025-10-18,20:00,Vancouver Whitecaps,FC Dallas,1,2,1-2,finished,,,thestatsapi,1.61,1.02,8,6,17,11,7,7,0,0,1,4,,
comp_9799,MLS,2025-10-18,20:00,San Jose Earthquakes,Austin FC,2,1,2-1,finished,,,thestatsapi,2.05,0.37,15,1,26,5,10,3,0,0,0,3,,
comp_9799,MLS,2025-10-18,20:00,LA Galaxy,Minnesota United,2,1,2-1,finished,,,thestatsapi,1.51,1.85,7,6,11,13,8,4,0,0,2,2,,
comp_9799,MLS,2025-10-18,20:00,Colorado Rapids,Los Angeles FC,2,2,2-2,finished,,,thestatsapi,1.3,1.37,6,5,13,17,3,8,6,11,3,3,,
comp_9799,MLS,2025-10-18,20:00,Sporting Kansas City,Houston Dynamo,0,0,0-0,finished,,,thestatsapi,0.83,0.69,7,5,10,9,2,5,17,18,2,3,,
comp_9799,MLS,2025-10-18,17:00,Charlotte FC,Philadelphia Union,2,0,2-0,finished,,,thestatsapi,1.07,2.06,4,12,8,23,5,5,5,13,3,4,,
comp_9799,MLS,2025-10-18,17:00,Atlanta United,DC United,1,1,1-1,finished,,,thestatsapi,1.05,0.9,8,5,13,10,7,4,12,17,0,4,,
comp_9799,MLS,2025-10-18,17:00,Columbus Crew,New York Red Bulls,3,1,3-1,finished,,,thestatsapi,1.94,0.46,4,1,13,7,6,3,0,0,0,2,,
comp_9799,MLS,2025-10-18,17:00,FC Cincinnati,CF Montréal,3,0,3-0,finished,,,thestatsapi,1.45,1.1,5,12,12,9,7,3,10,10,2,2,,
comp_9799,MLS,2025-10-18,17:00,Nashville SC,Inter Miami CF,2,5,2-5,finished,,,thestatsapi,3.1,3.48,6,3,15,17,7,9,10,7,1,2,,
comp_9799,MLS,2025-10-18,17:00,Toronto FC,Orlando City SC,4,2,4-2,finished,,,thestatsapi,1.63,2.43,2,8,12,31,6,10,17,17,4,2,,
comp_9799,MLS,2025-10-18,17:00,New York City FC,Seattle Sounders FC,1,2,1-2,finished,,,thestatsapi,0.65,0.84,9,6,13,9,5,4,19,6,3,1,,
comp_9799,MLS,2025-10-18,17:00,New England Revolution,Chicago Fire,2,2,2-2,finished,,,thestatsapi,0.65,1.44,2,5,7,17,2,5,10,17,2,1,,
comp_9799,MLS,2025-10-12,18:00,Austin FC,Los Angeles FC,1,0,1-0,finished,,,thestatsapi,0.47,0.24,3,1,3,5,2,2,11,13,3,2,,
comp_9799,MLS,2025-10-11,21:30,LA Galaxy,FC Dallas,2,1,2-1,finished,,,thestatsapi,1.33,0.67,11,1,13,8,5,1,13,9,4,3,,
comp_9799,MLS,2025-10-11,20:30,Seattle Sounders FC,Real Salt Lake,1,0,1-0,finished,,,thestatsapi,2.29,0.56,4,4,15,13,2,4,11,20,1,4,,
comp_9799,MLS,2025-10-11,18:30,Orlando City SC,Vancouver Whitecaps,1,2,1-2,finished,,,thestatsapi,0.94,2.43,1,6,4,24,3,9,8,13,3,0,,
comp_9799,MLS,2025-10-11,18:30,Inter Miami CF,Atlanta United,4,0,4-0,finished,,,thestatsapi,3.38,0.86,6,2,20,10,10,3,8,5,0,0,,
comp_9799,MLS,2025-10-08,21:30,Los Angeles FC,Toronto FC,2,0,2-0,finished,,,thestatsapi,3.39,0.61,3,6,17,11,7,3,11,11,1,1,,
comp_9799,MLS,2025-10-05,20:00,Los Angeles FC,Atlanta United,1,0,1-0,finished,,,thestatsapi,1.61,0.07,9,1,15,3,4,1,9,7,2,1,,
comp_9799,MLS,2025-10-05,17:00,Vancouver Whitecaps,San Jose Earthquakes,4,1,4-1,finished,,,thestatsapi,2.63,0.46,5,7,18,7,10,4,19,15,2,4,,
comp_9799,MLS,2025-10-04,21:30,Seattle Sounders FC,Portland Timbers,1,0,1-0,finished,,,thestatsapi,1.16,0.57,3,6,10,9,3,4,11,10,0,1,,
comp_9799,MLS,2025-10-04,20:30,Real Salt Lake,Colorado Rapids,1,0,1-0,finished,,,thestatsapi,0.68,2.08,6,9,11,17,3,3,9,7,1,0,,
comp_9799,MLS,2025-10-04,19:30,Minnesota United,Sporting Kansas City,3,0,3-0,finished,,,thestatsapi,1.68,1.07,3,3,14,8,7,3,10,15,0,2,,
comp_9799,MLS,2025-10-04,19:30,Chicago Fire,Toronto FC,2,2,2-2,finished,,,thestatsapi,0.63,1.2,8,9,12,9,6,6,14,9,2,2,,
comp_9799,MLS,2025-10-04,19:30,Houston Dynamo,San Diego FC,2,4,2-4,finished,,,thestatsapi,2.46,2.24,1,7,17,15,5,6,19,17,2,3,,
comp_9799,MLS,2025-10-04,19:30,Austin FC,St.Louis City,1,3,1-3,finished,,,thestatsapi,1.1,2.31,5,5,15,24,2,8,14,8,3,2,,
comp_9799,MLS,2025-10-04,18:30,Inter Miami CF,New England Revolution,4,1,4-1,finished,,,thestatsapi,2.17,0.68,3,6,15,11,8,5,8,7,2,1,,
comp_9799,MLS,2025-10-04,18:30,Philadelphia Union,New York City FC,1,0,1-0,finished,,,thestatsapi,0.93,0.61,10,5,15,7,5,2,9,14,3,1,,
comp_9799,MLS,2025-10-04,18:30,New York Red Bulls,FC Cincinnati,0,1,0-1,finished,,,thestatsapi,1.13,1.09,12,1,16,7,3,1,9,4,3,1,,
comp_9799,MLS,2025-10-04,18:30,Orlando City SC,Columbus Crew,1,1,1-1,finished,,,thestatsapi,0.99,2.75,7,7,10,20,4,6,11,6,2,1,,
comp_9799,MLS,2025-10-04,15:30,FC Dallas,LA Galaxy,2,1,2-1,finished,,,thestatsapi,1.4,0.44,7,5,9,11,4,4,10,12,1,1,,
comp_9799,MLS,2025-10-04,13:30,DC United,Charlotte FC,0,1,0-1,finished,,,thestatsapi,0.67,0.52,4,13,8,13,3,5,14,13,2,3,,
comp_9799,MLS,2025-10-04,13:30,CF Montréal,Nashville SC,1,1,1-1,finished,,,thestatsapi,0.95,1.46,4,10,6,20,2,5,7,8,1,3,,
comp_9799,MLS,2025-09-30,18:30,Inter Miami CF,Chicago Fire,3,5,3-5,finished,,,thestatsapi,2.33,2.37,3,2,24,11,10,6,9,8,4,3,,
comp_9799,MLS,2025-09-28,18:00,FC Cincinnati,Orlando City SC,1,1,1-1,finished,,,thestatsapi,1.54,3.22,2,6,18,23,10,5,12,13,3,5,,
comp_9799,MLS,2025-09-27,21:30,San Diego FC,San Jose Earthquakes,0,1,0-1,finished,,,thestatsapi,2.44,0.97,10,2,19,7,3,2,9,15,0,2,,
comp_9799,MLS,2025-09-27,21:30,Seattle Sounders FC,Vancouver Whitecaps,2,2,2-2,finished,,,thestatsapi,0.83,0.8,3,3,9,9,6,5,10,17,2,2,,
comp_9799,MLS,2025-09-27,21:30,Portland Timbers,FC Dallas,2,2,2-2,finished,,,thestatsapi,1.66,2.75,6,5,24,16,8,4,14,10,4,2,,
comp_9799,MLS,2025-09-27,21:30,LA Galaxy,Sporting Kansas City,4,1,4-1,finished,,,thestatsapi,3.85,1.42,7,9,19,20,9,7,10,8,2,0,,
comp_9799,MLS,2025-09-27,20:30,Real Salt Lake,Austin FC,3,1,3-1,finished,,,thestatsapi,1.26,0.44,5,10,15,7,8,2,10,16,2,2,,
comp_9799,MLS,2025-09-27,20:30,Colorado Rapids,Minnesota United,1,1,1-1,finished,,,thestatsapi,1.21,0.65,5,4,14,13,8,3,6,9,2,0,,
comp_9799,MLS,2025-09-27,19:30,St.Louis City,Los Angeles FC,0,3,0-3,finished,,,thestatsapi,0.56,1.76,2,4,8,21,2,7,14,9,5,1,,
comp_9799,MLS,2025-09-27,19:30,Nashville SC,Houston Dynamo,3,1,3-1,finished,,,thestatsapi,2.12,0.65,5,3,18,8,7,4,18,9,2,0,,
comp_9799,MLS,2025-09-27,19:30,Chicago Fire,Columbus Crew,2,0,2-0,finished,,,thestatsapi,2.38,0.51,7,4,21,7,9,1,7,9,1,1,,
comp_9799,MLS,2025-09-27,18:30,New England Revolution,Atlanta United,2,0,2-0,finished,,,thestatsapi,1.52,0.82,8,2,17,13,6,4,16,14,3,2,,
comp_9799,MLS,2025-09-27,18:30,New York Red Bulls,New York City FC,2,3,2-3,finished,,,thestatsapi,1.03,2.34,6,4,10,13,3,8,19,9,3,2,,
comp_9799,MLS,2025-09-27,18:30,DC United,Philadelphia Union,0,6,0-6,finished,,,thestatsapi,1.49,1.91,2,5,18,14,4,7,17,10,2,1,,
comp_9799,MLS,2025-09-27,18:30,Charlotte FC,CF Montréal,1,4,1-4,finished,,,thestatsapi,0.75,1.96,1,7,6,17,1,9,9,18,4,1,,
comp_9799,MLS,2025-09-27,15:30,Toronto FC,Inter Miami CF,1,1,1-1,finished,,,thestatsapi,0.87,1.54,5,7,7,9,2,6,9,12,2,1,,
comp_9799,MLS,2025-09-24,21:30,Vancouver Whitecaps,Portland Timbers,1,1,1-1,finished,,,thestatsapi,2.18,1.02,4,11,16,18,3,8,14,14,1,4,,
comp_9799,MLS,2025-09-24,18:30,New York City FC,Inter Miami CF,0,4,0-4,finished,,,thestatsapi,0.93,2.32,4,5,9,12,2,8,22,9,2,2,,
comp_9799,MLS,2025-09-21,20:00,Los Angeles FC,Real Salt Lake,4,1,4-1,finished,,,thestatsapi,1.72,0.9,5,6,14,19,8,4,14,12,1,1,,
comp_9799,MLS,2025-09-21,18:00,Austin FC,Seattle Sounders FC,2,1,2-1,finished,,,thestatsapi,1.63,2.26,3,13,10,17,6,6,6,7,0,3,,
comp_9799,MLS,2025-09-20,21:30,LA Galaxy,FC Cincinnati,2,3,2-3,finished,,,thestatsapi,1.32,2.45,9,4,23,22,8,10,7,8,3,1,,
comp_9799,MLS,2025-09-20,21:30,San Jose Earthquakes,St.Louis City,1,3,1-3,finished,,,thestatsapi,3.23,1.73,11,3,21,16,10,7,16,13,3,1,,
comp_9799,MLS,2025-09-20,19:30,Sporting Kansas City,Vancouver Whitecaps,0,2,0-2,finished,,,thestatsapi,0.54,1.25,8,1,10,12,1,4,7,16,2,5,,
comp_9799,MLS,2025-09-20,19:30,FC Dallas,Colorado Rapids,3,1,3-1,finished,,,thestatsapi,2.42,0.42,9,10,17,8,7,2,11,11,0,2,,
comp_9799,MLS,2025-09-20,19:30,Houston Dynamo,Portland Timbers,1,0,1-0,finished,,,thestatsapi,1.86,0.48,11,4,21,7,7,3,11,10,5,2,,
comp_9799,MLS,2025-09-20,19:30,Minnesota United,Chicago Fire,0,3,0-3,finished,,,thestatsapi,0.99,2.13,6,5,12,18,4,9,16,9,3,1,,
comp_9799,MLS,2025-09-20,18:30,Columbus Crew,Toronto FC,1,1,1-1,finished,,,thestatsapi,0.96,0.17,5,3,12,4,2,3,18,19,2,1,,
comp_9799,MLS,2025-09-20,18:30,CF Montréal,New York Red Bulls,0,2,0-2,finished,,,thestatsapi,1.73,1.45,7,3,19,12,6,6,10,19,0,3,,
comp_9799,MLS,2025-09-20,18:30,Orlando City SC,Nashville SC,3,2,3-2,finished,,,thestatsapi,1.62,1.35,4,3,14,9,6,6,6,14,1,3,,
comp_9799,MLS,2025-09-20,18:30,Inter Miami CF,DC United,3,2,3-2,finished,,,thestatsapi,3.07,0.94,6,5,17,10,7,6,11,15,6,2,,
comp_9799,MLS,2025-09-20,15:30,Atlanta United,San Diego FC,1,1,1-1,finished,,,thestatsapi,2.05,0.8,4,4,17,6,6,4,11,12,1,1,,
comp_9799,MLS,2025-09-20,13:30,Philadelphia Union,New England Revolution,1,0,1-0,finished,,,thestatsapi,1.42,0.38,4,3,16,8,4,1,12,15,1,5,,
comp_9799,MLS,2025-09-20,11:00,New York City FC,Charlotte FC,2,0,2-0,finished,,,thestatsapi,2.48,0.9,4,3,15,5,5,2,17,10,4,5,,
comp_9799,MLS,2025-09-17,20:30,Real Salt Lake,Los Angeles FC,1,4,1-4,finished,,,thestatsapi,2.89,2.36,12,2,21,9,6,6,15,13,3,1,,
comp_9799,MLS,2025-09-17,18:30,New York City FC,Columbus Crew,3,2,3-2,finished,,,thestatsapi,2.07,1.28,7,3,18,8,8,5,10,12,1,0,,
comp_9799,MLS,2025-09-16,18:30,Inter Miami CF,Seattle Sounders FC,3,1,3-1,finished,,,thestatsapi,2.53,1.22,5,2,14,14,8,6,14,11,2,0,,
comp_9799,MLS,2025-09-13,21:30,San Diego FC,Minnesota United,1,3,1-3,finished,,,thestatsapi,2.35,0.5,9,1,28,6,14,5,12,14,1,5,,
comp_9799,MLS,2025-09-13,21:30,Portland Timbers,New York Red Bulls,2,1,2-1,finished,,,thestatsapi,2.23,0.85,3,5,15,10,5,4,13,11,2,2,,
comp_9799,MLS,2025-09-13,20:35,Vancouver Whitecaps,Philadelphia Union,7,0,7-0,finished,,,thestatsapi,5.45,0.77,9,1,19,10,12,2,15,23,3,3,,
comp_9799,MLS,2025-09-13,20:30,Real Salt Lake,Sporting Kansas City,2,1,2-1,finished,,,thestatsapi,1.64,0.82,5,3,18,12,7,3,16,7,2,0,,
comp_9799,MLS,2025-09-13,20:30,Colorado Rapids,Houston Dynamo,2,1,2-1,finished,,,thestatsapi,1.91,2.11,9,5,22,15,7,6,7,14,3,2,,
comp_9799,MLS,2025-09-13,19:30,Seattle Sounders FC,LA Galaxy,2,2,2-2,finished,,,thestatsapi,2.91,2.25,8,10,18,15,9,7,11,7,2,0,,
comp_9799,MLS,2025-09-13,19:30,San Jose Earthquakes,Los Angeles FC,2,4,2-4,finished,,,thestatsapi,1.31,2.04,11,2,18,8,4,6,11,14,2,1,,
comp_9799,MLS,2025-09-13,19:30,FC Dallas,Austin FC,2,0,2-0,finished,,,thestatsapi,1.62,0.68,0,6,15,12,7,3,20,7,6,3,,
comp_9799,MLS,2025-09-13,19:30,Chicago Fire,New York City FC,1,3,1-3,finished,,,thestatsapi,1.12,1.41,2,4,13,11,3,5,7,16,0,1,,
comp_9799,MLS,2025-09-13,18:30,New England Revolution,Toronto FC,1,1,1-1,finished,,,thestatsapi,0.6,0.86,4,3,11,9,4,5,16,20,4,3,,
comp_9799,MLS,2025-09-13,18:30,CF Montréal,St.Louis City,0,2,0-2,finished,,,thestatsapi,1.27,1.21,8,0,18,13,3,4,11,12,2,1,,
comp_9799,MLS,2025-09-13,18:30,DC United,Orlando City SC,1,1,1-1,finished,,,thestatsapi,0.51,1.46,1,5,6,25,2,10,10,10,4,1,,
comp_9799,MLS,2025-09-13,18:30,FC Cincinnati,Nashville SC,2,1,2-1,finished,,,thestatsapi,1.71,1.39,3,4,17,10,6,4,15,14,2,0,,
comp_9799,MLS,2025-09-13,18:30,Charlotte FC,Inter Miami CF,3,0,3-0,finished,,,thestatsapi,2.37,1.95,4,5,10,10,4,5,10,18,2,5,,
comp_9799,MLS,2025-09-13,18:30,Atlanta United,Columbus Crew,4,5,4-5,finished,,,thestatsapi,3.6,1.2,7,1,16,7,8,7,10,7,1,2,,
comp_9799,MLS,2025-09-07,18:00,Sporting Kansas City,Austin FC,1,2,1-2,finished,,,thestatsapi,2.06,1.16,6,1,13,7,4,4,12,13,1,3,,
comp_9799,MLS,2025-09-06,19:30,Houston Dynamo,LA Galaxy,1,1,1-1,finished,,,thestatsapi,0.99,1.45,5,4,9,15,3,4,13,15,1,4,,
comp_9799,MLS,2025-09-06,19:30,St.Louis City,FC Dallas,1,1,1-1,finished,,,thestatsapi,3.46,0.36,16,7,43,4,15,2,10,13,0,1,,
comp_9799,MLS,2025-09-06,19:30,Chicago Fire,New England Revolution,3,2,3-2,finished,,,thestatsapi,1.98,2.57,8,6,14,16,7,7,8,9,2,1,,
comp_9799,MLS,2025-08-31,21:45,Los Angeles FC,San Diego FC,1,2,1-2,finished,,,thestatsapi,1.46,0.88,0,0,0,0,0,0,0,0,0,0,,
comp_9799,MLS,2025-08-30,19:30,Nashville SC,Atlanta United,0,1,0-1,finished,,,thestatsapi,1.08,0.66,12,1,19,10,6,4,11,14,2,7,,
comp_9799,MLS,2025-08-30,19:30,St.Louis City,Houston Dynamo,2,3,2-3,finished,,,thestatsapi,1.46,1.27,11,3,15,8,3,3,14,14,3,3,,
comp_9799,MLS,2025-08-30,19:30,Minnesota United,Portland Timbers,1,1,1-1,finished,,,thestatsapi,1.26,1.18,4,6,9,16,6,6,13,7,3,0,,
comp_9799,MLS,2025-08-30,19:30,Austin FC,San Jose Earthquakes,3,1,3-1,finished,,,thestatsapi,1.48,1.69,5,4,8,18,2,6,20,10,2,2,,
comp_9799,MLS,2025-08-30,19:30,Sporting Kansas City,Colorado Rapids,4,2,4-2,finished,,,thestatsapi,1.84,3.45,8,4,20,15,10,7,12,10,2,0,,
comp_9799,MLS,2025-08-30,18:30,New England Revolution,Charlotte FC,1,2,1-2,finished,,,thestatsapi,2.08,1.53,3,4,19,9,6,4,15,22,1,5,,
comp_9799,MLS,2025-08-30,18:30,FC Cincinnati,Philadelphia Union,0,1,0-1,finished,,,thestatsapi,1.18,2.38,7,4,12,14,3,4,13,17,2,5,,
comp_9799,MLS,2025-08-30,18:30,New York City FC,DC United,1,2,1-2,finished,,,thestatsapi,0.53,0.79,9,2,9,8,3,2,10,12,1,4,,
comp_9799,MLS,2025-08-30,18:30,Toronto FC,CF Montréal,1,1,1-1,finished,,,thestatsapi,1.32,1.21,8,6,17,11,5,2,16,14,3,4,,
comp_9799,MLS,2025-08-30,18:30,New York Red Bulls,Columbus Crew,0,0,0-0,finished,,,thestatsapi,0.66,0.66,4,6,8,3,4,1,11,11,1,2,,
comp_9799,MLS,2025-08-24,20:15,Seattle Sounders FC,Sporting Kansas City,5,2,5-2,finished,,,thestatsapi,4,1.56,4,3,21,12,7,4,7,10,0,1,,
comp_9799,MLS,2025-08-24,18:00,Charlotte FC,New York Red Bulls,1,0,1-0,finished,,,thestatsapi,0.52,1.6,2,8,4,15,2,3,7,13,0,4,,
comp_9799,MLS,2025-08-24,15:00,Atlanta United,Toronto FC,0,0,0-0,finished,,,thestatsapi,0.33,1.02,6,5,6,12,1,2,17,9,3,1,,
comp_9799,MLS,2025-08-23,21:30,San Diego FC,Portland Timbers,0,0,0-0,finished,,,thestatsapi,0.66,1.1,6,4,12,9,1,3,10,6,3,0,,
comp_9799,MLS,2025-08-23,21:30,LA Galaxy,Colorado Rapids,3,0,3-0,finished,,,thestatsapi,2.49,0.85,6,6,16,12,5,1,14,11,2,1,,
comp_9799,MLS,2025-08-23,20:30,Vancouver Whitecaps,St.Louis City,3,2,3-2,finished,,,thestatsapi,3.53,1.37,11,1,22,12,7,5,13,12,1,0,,
comp_9799,MLS,2025-08-23,20:30,Real Salt Lake,Minnesota United,1,3,1-3,finished,,,thestatsapi,1.88,0.66,6,5,27,9,6,3,14,16,2,2,,
comp_9799,MLS,2025-08-23,19:30,Houston Dynamo,San Jose Earthquakes,1,2,1-2,finished,,,thestatsapi,0.41,0.65,8,6,11,10,4,4,12,8,2,3,,
comp_9799,MLS,2025-08-23,19:30,Nashville SC,Orlando City SC,5,1,5-1,finished,,,thestatsapi,2.73,1.18,4,4,17,12,9,4,14,13,2,2,,
comp_9799,MLS,2025-08-23,19:30,FC Dallas,Los Angeles FC,1,1,1-1,finished,,,thestatsapi,0.57,1.96,1,11,10,21,2,7,9,17,2,3,,
comp_9799,MLS,2025-08-23,18:30,Columbus Crew,New England Revolution,1,2,1-2,finished,,,thestatsapi,1.22,1.81,2,3,21,11,6,5,12,8,1,2,,
comp_9799,MLS,2025-08-23,18:30,Philadelphia Union,Chicago Fire,4,0,4-0,finished,,,thestatsapi,2.39,0.21,6,4,23,7,8,2,16,10,3,2,,
comp_9799,MLS,2025-08-23,18:30,DC United,Inter Miami CF,1,1,1-1,finished,,,thestatsapi,1.15,0.6,5,8,11,14,2,3,13,14,2,2,,
comp_9799,MLS,2025-08-23,18:30,CF Montréal,Austin FC,3,2,3-2,finished,,,thestatsapi,1.96,0.94,2,2,13,10,7,6,16,11,6,2,,
comp_9799,MLS,2025-08-23,18:30,FC Cincinnati,New York City FC,0,1,0-1,finished,,,thestatsapi,0.57,0.98,4,4,10,10,5,4,8,11,0,3,,
comp_9799,MLS,2025-08-17,20:00,Vancouver Whitecaps,Houston Dynamo,1,1,1-1,finished,,,thestatsapi,2.08,0.52,4,4,14,12,3,2,14,12,2,5,,
comp_9799,MLS,2025-08-17,18:00,San Jose Earthquakes,San Diego FC,1,2,1-2,finished,,,thestatsapi,1.44,0.66,3,6,16,5,4,3,11,14,2,3,,
comp_9799,MLS,2025-08-17,16:00,New York City FC,Nashville SC,2,1,2-1,finished,,,thestatsapi,1.37,1.29,2,3,12,11,4,3,10,12,3,2,,
comp_9799,MLS,2025-08-16,21:40,Orlando City SC,Sporting Kansas City,3,1,3-1,finished,,,thestatsapi,2.35,2.21,6,4,21,13,7,5,8,11,0,0,,
comp_9799,MLS,2025-08-16,21:30,Portland Timbers,FC Cincinnati,2,3,2-3,finished,,,thestatsapi,2.51,1,6,3,24,10,5,5,10,12,2,1,,
comp_9799,MLS,2025-08-16,20:30,Colorado Rapids,Atlanta United,3,1,3-1,finished,,,thestatsapi,1.63,0.93,3,4,9,11,3,2,9,12,2,0,,
comp_9799,MLS,2025-08-16,19:30,Austin FC,FC Dallas,1,1,1-1,finished,,,thestatsapi,0.87,0.31,6,3,12,7,4,2,3,14,2,3,,
comp_9799,MLS,2025-08-16,19:30,Minnesota United,Seattle Sounders FC,1,0,1-0,finished,,,thestatsapi,0.56,1.27,3,8,10,15,3,4,8,10,2,1,,
comp_9799,MLS,2025-08-16,19:30,Chicago Fire,St.Louis City,3,2,3-2,finished,,,thestatsapi,1.28,0.89,6,2,19,13,5,3,8,11,0,4,,
comp_9799,MLS,2025-08-16,18:30,CF Montréal,DC United,1,1,1-1,finished,,,thestatsapi,0.57,1.57,2,4,9,16,3,3,14,15,2,4,,
comp_9799,MLS,2025-08-16,18:30,Inter Miami CF,LA Galaxy,3,1,3-1,finished,,,thestatsapi,3.54,0.3,13,2,29,5,8,3,8,3,0,0,,
comp_9799,MLS,2025-08-16,18:30,Charlotte FC,Real Salt Lake,1,0,1-0,finished,,,thestatsapi,1.24,0.86,3,5,11,19,2,7,8,13,1,4,,
comp_9799,MLS,2025-08-16,18:30,Toronto FC,Columbus Crew,1,1,1-1,finished,,,thestatsapi,0.78,1.3,2,7,7,12,3,7,13,15,0,1,,
comp_9799,MLS,2025-08-16,18:30,New York Red Bulls,Philadelphia Union,1,0,1-0,finished,,,thestatsapi,0.33,1.24,1,2,7,11,2,1,13,8,2,0,,
comp_9799,MLS,2025-08-16,18:30,New England Revolution,Los Angeles FC,0,2,0-2,finished,,,thestatsapi,0.51,1.1,4,3,11,12,5,6,12,11,1,1,,
comp_9799,MLS,2025-08-10,21:00,LA Galaxy,Seattle Sounders FC,0,4,0-4,finished,,,thestatsapi,0.36,3.22,2,5,8,23,3,8,8,9,0,0,,
comp_9799,MLS,2025-08-10,19:00,Orlando City SC,Inter Miami CF,4,1,4-1,finished,,,thestatsapi,2.55,0.69,5,3,21,10,12,5,9,11,3,2,,
comp_9799,MLS,2025-08-10,17:00,New York Red Bulls,Real Salt Lake,2,1,2-1,finished,,,thestatsapi,3.48,1.12,5,0,24,7,7,3,16,11,3,3,,
comp_9799,MLS,2025-08-10,17:00,Minnesota United,Colorado Rapids,1,2,1-2,finished,,,thestatsapi,2.52,1.42,13,4,23,12,10,5,13,6,2,0,,
comp_9799,MLS,2025-08-10,17:00,FC Cincinnati,Charlotte FC,0,1,0-1,finished,,,thestatsapi,1.45,0.47,5,2,17,8,7,3,11,15,4,2,,
comp_9799,MLS,2025-08-09,21:30,San Jose Earthquakes,Vancouver Whitecaps,2,1,2-1,finished,,,thestatsapi,2.27,0.83,5,3,16,7,5,3,10,11,5,3,,
comp_9799,MLS,2025-08-09,19:45,Sporting Kansas City,San Diego FC,0,2,0-2,finished,,,thestatsapi,1.7,0.77,9,1,21,5,7,5,10,10,1,0,,
comp_9799,MLS,2025-08-09,19:30,St.Louis City,Nashville SC,3,1,3-1,finished,,,thestatsapi,1.77,2.17,4,7,13,18,7,6,9,9,2,1,,
comp_9799,MLS,2025-08-09,19:30,FC Dallas,Portland Timbers,2,0,2-0,finished,,,thestatsapi,1.51,0.32,3,9,9,9,4,3,9,14,2,1,,
comp_9799,MLS,2025-08-09,19:30,Chicago Fire,Los Angeles FC,2,2,2-2,finished,,,thestatsapi,0.43,1.69,1,6,11,12,3,6,7,10,4,2,,
comp_9799,MLS,2025-08-09,19:30,Austin FC,Houston Dynamo,2,2,2-2,finished,,,thestatsapi,1.48,1.86,5,4,12,18,4,6,12,11,3,1,,
comp_9799,MLS,2025-08-09,18:30,Philadelphia Union,Toronto FC,1,1,1-1,finished,,,thestatsapi,1.53,1.44,5,8,12,10,3,4,16,8,3,3,,
comp_9799,MLS,2025-08-09,18:30,New England Revolution,DC United,2,0,2-0,finished,,,thestatsapi,1.23,0.94,8,3,12,9,3,3,14,14,2,2,,
comp_9799,MLS,2025-08-09,18:30,CF Montréal,Atlanta United,1,1,1-1,finished,,,thestatsapi,0.62,2.54,6,9,9,17,3,5,14,9,2,3,,
comp_9799,MLS,2025-07-26,21:30,Vancouver Whitecaps,Sporting Kansas City,3,0,3-0,finished,,,thestatsapi,2.4,1.54,9,4,21,11,5,3,17,11,1,2,,
comp_9799,MLS,2025-07-26,20:30,Real Salt Lake,San Jose Earthquakes,2,1,2-1,finished,,,thestatsapi,0.75,1.32,4,3,11,9,3,3,13,12,5,5,,
comp_9799,MLS,2025-07-26,19:30,St.Louis City,Minnesota United,1,2,1-2,finished,,,thestatsapi,1.55,1.9,10,0,14,8,5,4,13,12,1,1,,
comp_9799,MLS,2025-07-26,19:30,Chicago Fire,New York Red Bulls,1,0,1-0,finished,,,thestatsapi,1.95,0.4,3,1,14,10,7,3,5,11,0,1,,
comp_9799,MLS,2025-07-26,18:30,Philadelphia Union,Colorado Rapids,3,1,3-1,finished,,,thestatsapi,4.3,0.62,11,1,27,5,11,1,14,9,1,3,,
comp_9799,MLS,2025-07-26,18:30,DC United,Austin FC,2,4,2-4,finished,,,thestatsapi,1.88,2.06,3,6,14,15,6,6,10,12,2,1,,
comp_9799,MLS,2025-07-26,18:30,Charlotte FC,Toronto FC,2,0,2-0,finished,,,thestatsapi,2.2,0.73,2,4,10,13,4,3,16,6,1,1,,
comp_9799,MLS,2025-07-26,18:30,Atlanta United,Seattle Sounders FC,2,2,2-2,finished,,,thestatsapi,0.68,0.77,3,4,13,8,2,2,13,11,2,2,,
comp_9799,MLS,2025-07-26,18:15,Inter Miami CF,FC Cincinnati,0,0,0-0,finished,,,thestatsapi,1.19,1.21,5,2,13,8,3,4,14,4,4,0,,
comp_9799,MLS,2025-07-25,21:30,San Diego FC,Nashville SC,1,0,1-0,finished,,,thestatsapi,1.47,0.45,0,0,0,0,0,0,0,0,0,0,,
comp_9799,MLS,2025-07-25,21:30,Los Angeles FC,Portland Timbers,0,1,0-1,finished,,,thestatsapi,1.1,0.38,0,0,0,0,0,0,0,0,0,0,,
comp_9799,MLS,2025-07-25,19:30,FC Dallas,New York City FC,3,4,3-4,finished,,,thestatsapi,1.83,0.68,2,2,10,9,6,5,15,11,2,2,,
comp_9799,MLS,2025-07-25,19:30,Columbus Crew,Orlando City SC,1,3,1-3,finished,,,thestatsapi,2.27,2.54,9,1,19,10,8,6,12,7,2,1,,
comp_9799,MLS,2025-07-25,18:30,New England Revolution,CF Montréal,1,3,1-3,finished,,,thestatsapi,1.11,1,3,3,18,11,3,5,10,10,5,2,,
comp_7739,UEFA Europa League,2026-07-23,14:00,HNK Hajduk Split,Pafos FC,2,0,2-0,finished,2,qualifying,thestatsapi,,,,,,,,,,,,,,
comp_7739,UEFA Europa League,2026-07-23,13:00,FC St. Gallen 1879,Benfica,2,1,2-1,finished,2,qualifying,thestatsapi,,,,,,,,,,,3,1,0,0
comp_7739,UEFA Europa League,2026-07-23,13:00,Beşiktaş,FC Midtjylland,1,0,1-0,finished,2,qualifying,thestatsapi,,,,,,,,,,,0,0,0,1
comp_7739,UEFA Europa League,2026-07-23,13:00,FC Twente,Ferencváros TC,1,2,1-2,finished,2,qualifying,thestatsapi,,,,,,,,,,,0,0,0,0
comp_7739,UEFA Europa League,2026-07-23,12:00,Tromsø IL,FC Hradec Králové,0,1,0-1,finished,2,qualifying,thestatsapi,,,,,,,,,,,1,2,0,0
comp_7739,UEFA Europa League,2026-07-23,12:00,Hammarby IF,RSC Anderlecht,1,1,1-1,finished,2,qualifying,thestatsapi,,,,,,,,,,,2,3,0,1
comp_7739,UEFA Europa League,2026-07-23,12:00,Dynamo Kyiv,PAOK,2,3,2-3,finished,2,qualifying,thestatsapi,,,,,,,,,,,1,3,0,0
comp_7739,UEFA Europa League,2026-07-23,12:00,Sheriff Tiraspol,Maccabi Tel Aviv,0,5,0-5,finished,2,qualifying,thestatsapi,,,,,,,,,,,5,1,0,0
comp_7739,UEFA Europa League,2026-07-23,11:00,Qarabağ,CSKA Sofia,0,0,0-0,finished,2,qualifying,thestatsapi,,,,,,,,,,,1,2,0,0
comp_7739,UEFA Europa League,2026-07-16,15:00,IF Vestri,Qarabağ,0,3,0-3,finished,1,qualifying,thestatsapi,,,,,,,,,,,0,0,0,0
comp_7739,UEFA Europa League,2026-07-16,13:30,MŠK Žilina,HNK Hajduk Split,2,1,2-1,finished,1,qualifying,thestatsapi,,,,,,,,,,,2,2,0,0
comp_7739,UEFA Europa League,2026-07-16,13:15,Ferencváros TC,FK Vojvodina,3,0,3-0,finished,1,qualifying,thestatsapi,,,,,,,,,,,2,1,0,1
comp_7739,UEFA Europa League,2026-07-16,13:00,NK Aluminij Kidričevo,Sheriff Tiraspol,0,1,0-1,finished,1,qualifying,thestatsapi,,,,,,,,,,,3,1,0,0
comp_7739,UEFA Europa League,2026-07-16,12:30,Derry City,CSKA Sofia,1,2,1-2,finished,1,qualifying,thestatsapi,,,,,,,,,,,1,4,0,0
comp_7739,UEFA Europa League,2026-07-16,12:30,FC Universitatea Cluj,Dynamo Kyiv,0,0,0-0,finished,1,qualifying,thestatsapi,,,6,2,11,22,3,7,18,16,3,3,0,0
comp_7739,UEFA Europa League,2026-07-09,13:00,HNK Hajduk Split,MŠK Žilina,2,0,2-0,finished,1,qualifying,thestatsapi,,,,,,,,,,,2,1,0,0
comp_7739,UEFA Europa League,2026-07-09,13:00,CSKA Sofia,Derry City,3,2,3-2,finished,1,qualifying,thestatsapi,,,,,,,,,,,0,1,0,0
comp_7739,UEFA Europa League,2026-07-09,13:00,FK Vojvodina,Ferencváros TC,1,2,1-2,finished,1,qualifying,thestatsapi,,,,,,,,,,,1,2,0,0
comp_7739,UEFA Europa League,2026-07-09,12:00,Dynamo Kyiv,FC Universitatea Cluj,0,0,0-0,finished,1,qualifying,thestatsapi,,,,,,,,,,,0,1,0,0
comp_7739,UEFA Europa League,2026-07-09,12:00,Sheriff Tiraspol,NK Aluminij Kidričevo,0,0,0-0,finished,1,qualifying,thestatsapi,,,,,,,,,,,2,1,0,0
comp_7739,UEFA Europa League,2026-07-09,11:00,Qarabağ,IF Vestri,3,0,3-0,finished,1,qualifying,thestatsapi,,,,,,,,,,,0,1,0,0
comp_7739,UEFA Europa League,2026-05-20,14:00,SC Freiburg,Aston Villa,0,3,0-3,finished,29,final,thestatsapi,0.27,2.3,1,8,4,17,2,6,15,15,1,3,,
comp_7739,UEFA Europa League,2026-05-07,14:00,Aston Villa,Nottingham Forest,4,0,4-0,finished,28,semi_final,thestatsapi,2.74,0.79,6,3,18,7,10,2,13,12,0,2,,
comp_7739,UEFA Europa League,2026-05-07,14:00,SC Freiburg,Sporting Braga,3,1,3-1,finished,28,semi_final,thestatsapi,1.83,1.84,4,8,19,14,8,5,16,10,0,4,0,1
comp_7739,UEFA Europa League,2026-04-30,14:00,Nottingham Forest,Aston Villa,1,0,1-0,finished,28,semi_final,thestatsapi,1.56,0.79,5,7,11,10,5,4,7,11,0,1,,
comp_7739,UEFA Europa League,2026-04-30,14:00,Sporting Braga,SC Freiburg,2,1,2-1,finished,28,semi_final,thestatsapi,2.39,1.31,3,1,13,10,6,2,12,14,2,3,,
comp_7739,UEFA Europa League,2026-04-16,14:00,Aston Villa,Bologna,4,0,4-0,finished,27,quarter_final,thestatsapi,2.49,0.8,4,2,13,11,7,4,13,17,0,1,,
comp_7739,UEFA Europa League,2026-04-16,14:00,Nottingham Forest,FC Porto,1,0,1-0,finished,27,quarter_final,thestatsapi,2.17,0.97,8,1,20,10,5,1,16,11,1,3,0,1
comp_7739,UEFA Europa League,2026-04-16,14:00,Real Betis,Sporting Braga,2,4,2-4,finished,27,quarter_final,thestatsapi,1.25,1.5,5,1,11,6,5,5,12,16,4,3,,
comp_7739,UEFA Europa League,2026-04-16,11:45,Celta Vigo,SC Freiburg,1,3,1-3,finished,27,quarter_final,thestatsapi,1.6,1.06,6,3,15,9,3,6,21,12,4,2,,
comp_7739,UEFA Europa League,2026-04-09,14:00,Bologna,Aston Villa,1,3,1-3,finished,27,quarter_final,thestatsapi,0.85,1.57,4,3,19,8,4,4,19,15,2,1,,
comp_7739,UEFA Europa League,2026-04-09,14:00,FC Porto,Nottingham Forest,1,1,1-1,finished,27,quarter_final,thestatsapi,2.16,0.45,5,2,16,6,8,2,4,11,1,0,,
comp_7739,UEFA Europa League,2026-04-09,14:00,SC Freiburg,Celta Vigo,3,0,3-0,finished,27,quarter_final,thestatsapi,1.59,0.53,3,0,13,4,7,0,9,12,1,0,,
comp_7739,UEFA Europa League,2026-04-08,11:45,Sporting Braga,Real Betis,1,1,1-1,finished,27,quarter_final,thestatsapi,1.26,1.55,4,1,7,11,3,6,13,13,3,3,,
comp_7739,UEFA Europa League,2026-03-19,15:00,Aston Villa,Lille,2,0,2-0,finished,5,round_of_16,thestatsapi,1.8,0.34,5,5,8,8,3,3,7,10,1,1,,
comp_7739,UEFA Europa League,2026-03-19,15:00,Real Betis,Panathinaikos,4,0,4-0,finished,5,round_of_16,thestatsapi,3.08,0.26,4,1,22,4,11,2,4,10,1,4,,
comp_7739,UEFA Europa League,2026-03-19,15:00,FC Porto,VfB Stuttgart,2,0,2-0,finished,5,round_of_16,thestatsapi,1.5,1.55,4,11,10,20,4,6,6,16,3,5,0,1
comp_7739,UEFA Europa League,2026-03-19,15:00,Roma,Bologna,3,3,3-3,finished,5,round_of_16,thestatsapi,2.03,1.69,8,4,24,14,7,9,21,27,2,5,,
comp_7739,UEFA Europa League,2026-03-19,12:45,Olympique Lyonnais,Celta Vigo,0,2,0-2,finished,5,round_of_16,thestatsapi,0.24,1.54,1,6,4,14,1,8,11,20,2,5,2,0
comp_7739,UEFA Europa League,2026-03-19,12:45,FC Midtjylland,Nottingham Forest,1,2,1-2,finished,5,round_of_16,thestatsapi,0.67,2.03,4,11,12,20,3,8,22,16,4,2,,
comp_7739,UEFA Europa League,2026-03-19,12:45,SC Freiburg,KRC Genk,5,1,5-1,finished,5,round_of_16,thestatsapi,2.09,1.06,3,5,14,13,6,3,13,7,5,2,,
comp_7739,UEFA Europa League,2026-03-18,10:30,Sporting Braga,Ferencváros TC,4,0,4-0,finished,5,round_of_16,thestatsapi,1.58,0.17,4,1,9,4,6,3,18,15,5,1,,
comp_7739,UEFA Europa League,2026-03-12,15:00,Celta Vigo,Olympique Lyonnais,1,1,1-1,finished,5,round_of_16,thestatsapi,0.97,0.8,0,7,5,20,3,6,11,14,5,2,1,0
comp_7739,UEFA Europa League,2026-03-12,15:00,Nottingham Forest,FC Midtjylland,0,1,0-1,finished,5,round_of_16,thestatsapi,1.71,0.69,7,2,22,6,6,2,9,13,1,0,,
comp_7739,UEFA Europa League,2026-03-12,15:00,Ferencváros TC,Sporting Braga,2,0,2-0,finished,5,round_of_16,thestatsapi,1.16,0.59,2,11,12,8,3,4,12,10,1,2,,
comp_7739,UEFA Europa League,2026-03-12,15:00,KRC Genk,SC Freiburg,1,0,1-0,finished,5,round_of_16,thestatsapi,0.85,0.28,5,7,17,5,3,2,16,9,1,1,,
comp_7739,UEFA Europa League,2026-03-12,12:45,Lille,Aston Villa,0,1,0-1,finished,5,round_of_16,thestatsapi,0.4,0.49,3,2,7,9,3,1,11,12,0,2,,
comp_7739,UEFA Europa League,2026-03-12,12:45,Panathinaikos,Real Betis,1,0,1-0,finished,5,round_of_16,thestatsapi,0.98,0.65,5,7,7,13,1,6,12,16,2,5,1,1
comp_7739,UEFA Europa League,2026-03-12,12:45,VfB Stuttgart,FC Porto,1,2,1-2,finished,5,round_of_16,thestatsapi,0.63,0.98,1,3,14,14,7,6,18,9,2,4,,
comp_7739,UEFA Europa League,2026-03-12,12:45,Bologna,Roma,1,1,1-1,finished,5,round_of_16,thestatsapi,1.39,1.36,7,3,13,8,4,2,13,18,3,2,,
comp_7739,UEFA Europa League,2026-02-26,15:00,Nottingham Forest,Fenerbahçe,1,2,1-2,finished,,round_of_16,thestatsapi,1.18,1.76,5,3,13,11,4,4,12,8,1,0,,
comp_7739,UEFA Europa League,2026-02-26,15:00,Celta Vigo,PAOK,1,0,1-0,finished,,round_of_16,thestatsapi,1.32,0.35,6,2,14,4,3,0,9,9,1,0,,
comp_7739,UEFA Europa League,2026-02-26,15:00,Bologna,SK Brann,1,0,1-0,finished,,round_of_16,thestatsapi,1.23,0.51,13,1,16,7,5,3,15,9,3,1,0,1
comp_7739,UEFA Europa League,2026-02-26,15:00,KRC Genk,GNK Dinamo Zagreb,1,3,1-3,finished,,round_of_16,thestatsapi,3,1.8,8,7,22,17,8,6,12,12,2,3,0,1
comp_7739,UEFA Europa League,2026-02-26,12:45,FK Crvena zvezda,Lille,0,1,0-1,finished,,round_of_16,thestatsapi,0.91,0.99,8,8,15,16,3,8,17,13,3,1,,
comp_7739,UEFA Europa League,2026-02-26,12:45,Viktoria Plzeň,Panathinaikos,1,1,1-1,finished,,round_of_16,thestatsapi,1.25,1.36,7,3,17,10,2,3,22,15,1,5,0,1
comp_7739,UEFA Europa League,2026-02-26,12:45,VfB Stuttgart,Celtic,0,1,0-1,finished,,round_of_16,thestatsapi,1.91,0.3,13,7,24,3,8,2,6,13,0,1,,
comp_7739,UEFA Europa League,2026-02-26,12:45,Ferencváros TC,Ludogorets,2,0,2-0,finished,,round_of_16,thestatsapi,1.77,0.98,3,6,16,13,8,3,9,14,5,4,,
comp_7739,UEFA Europa League,2026-02-19,15:00,Celtic,VfB Stuttgart,1,4,1-4,finished,,round_of_16,thestatsapi,2.09,1.88,4,2,11,16,2,5,8,7,0,1,,
comp_7739,UEFA Europa League,2026-02-19,15:00,Ludogorets,Ferencváros TC,2,1,2-1,finished,,round_of_16,thestatsapi,0.46,1.45,4,4,10,17,4,4,11,17,3,4,,
comp_7739,UEFA Europa League,2026-02-19,15:00,Panathinaikos,Viktoria Plzeň,2,2,2-2,finished,,round_of_16,thestatsapi,0.85,0.64,4,0,10,14,5,7,7,17,3,2,,
comp_7739,UEFA Europa League,2026-02-19,15:00,Lille,FK Crvena zvezda,0,1,0-1,finished,,round_of_16,thestatsapi,0.48,1.59,6,7,7,9,1,4,15,15,1,3,,
comp_7739,UEFA Europa League,2026-02-19,12:45,SK Brann,Bologna,0,1,0-1,finished,,round_of_16,thestatsapi,0.5,0.81,7,4,4,13,2,5,14,20,1,1,,
comp_7739,UEFA Europa League,2026-02-19,12:45,GNK Dinamo Zagreb,KRC Genk,1,3,1-3,finished,,round_of_16,thestatsapi,1.66,1.41,4,3,8,12,2,6,4,6,2,0,,
comp_7739,UEFA Europa League,2026-02-19,12:45,Fenerbahçe,Nottingham Forest,0,3,0-3,finished,,round_of_16,thestatsapi,0.48,2.87,3,10,6,23,2,7,10,14,4,0,,
comp_7739,UEFA Europa League,2026-02-19,12:45,PAOK,Celta Vigo,1,2,1-2,finished,,round_of_16,thestatsapi,0.62,0.97,3,3,5,9,2,8,10,11,1,2,,
comp_7739,UEFA Europa League,2026-01-29,15:00,KRC Genk,Malmö FF,2,1,2-1,finished,8,,thestatsapi,3.27,0.54,8,6,25,8,9,3,8,13,1,1,,
comp_7739,UEFA Europa League,2026-01-29,15:00,Go Ahead Eagles,Sporting Braga,0,0,0-0,finished,8,,thestatsapi,0.23,0.38,1,3,4,9,0,1,11,5,1,1,,
comp_7739,UEFA Europa League,2026-01-29,15:00,Panathinaikos,Roma,1,1,1-1,finished,8,,thestatsapi,0.73,1.5,6,4,11,12,1,5,10,17,1,2,0,1
comp_7739,UEFA Europa League,2026-01-29,15:00,VfB Stuttgart,Young Boys,3,2,3-2,finished,8,,thestatsapi,3.41,1.52,8,4,28,12,10,4,7,3,1,1,,
comp_7739,UEFA Europa League,2026-01-29,15:00,SK Sturm Graz,SK Brann,1,0,1-0,finished,8,,thestatsapi,0.85,2.05,2,4,15,17,5,6,21,4,3,0,,
comp_7739,UEFA Europa League,2026-01-29,15:00,FCSB,Fenerbahçe,1,1,1-1,finished,8,,thestatsapi,1.76,1.51,7,5,15,17,8,8,11,11,1,3,,
comp_7739,UEFA Europa League,2026-01-29,15:00,Nottingham Forest,Ferencváros TC,4,0,4-0,finished,8,,thestatsapi,2.56,0.67,6,4,20,9,10,3,10,14,1,1,,
comp_7739,UEFA Europa League,2026-01-29,15:00,Ludogorets,Nice,1,0,1-0,finished,8,,thestatsapi,1.66,0.89,5,8,19,19,8,4,12,13,1,2,,
comp_7739,UEFA Europa League,2026-01-29,15:00,FC Midtjylland,GNK Dinamo Zagreb,2,0,2-0,finished,8,,thestatsapi,1.4,0.85,5,5,10,10,5,3,18,14,2,1,,
comp_7739,UEFA Europa League,2026-01-29,15:00,Basel,Viktoria Plzeň,0,1,0-1,finished,8,,thestatsapi,0.8,1.11,6,7,13,15,3,3,14,16,2,2,,
comp_7739,UEFA Europa League,2026-01-29,15:00,Maccabi Tel Aviv,Bologna,0,3,0-3,finished,8,,thestatsapi,0.6,3,5,9,5,23,1,11,16,21,1,0,,
comp_7739,UEFA Europa League,2026-01-29,15:00,Celtic,FC Utrecht,4,2,4-2,finished,8,,thestatsapi,2.09,0.43,9,5,10,6,5,3,12,7,2,1,,
comp_7739,UEFA Europa League,2026-01-29,15:00,Olympique Lyonnais,PAOK,4,2,4-2,finished,8,,thestatsapi,2.37,0.65,3,2,19,5,8,3,15,12,1,3,0,1
comp_7739,UEFA Europa League,2026-01-29,15:00,FK Crvena zvezda,Celta Vigo,1,1,1-1,finished,8,,thestatsapi,0.88,1.29,4,1,12,5,2,3,12,18,2,1,,
comp_7739,UEFA Europa League,2026-01-29,15:00,Aston Villa,Red Bull Salzburg,3,2,3-2,finished,8,,thestatsapi,1.94,2.37,4,2,14,14,9,8,8,13,0,1,,
comp_7739,UEFA Europa League,2026-01-29,15:00,Real Betis,Feyenoord,2,1,2-1,finished,8,,thestatsapi,1.21,1.34,2,4,16,14,5,5,13,13,3,3,,
comp_7739,UEFA Europa League,2026-01-29,15:00,Lille,SC Freiburg,1,0,1-0,finished,8,,thestatsapi,1.61,0.41,8,2,10,4,4,0,16,17,2,0,0,1
comp_7739,UEFA Europa League,2026-01-29,15:00,FC Porto,Rangers,3,1,3-1,finished,8,,thestatsapi,1.72,0.43,4,3,12,5,3,2,17,13,0,1,,
comp_7739,UEFA Europa League,2026-01-22,15:00,FC Utrecht,KRC Genk,0,2,0-2,finished,7,,thestatsapi,2.1,1.66,2,3,17,12,7,5,11,12,0,1,,
comp_7739,UEFA Europa League,2026-01-22,15:00,Celta Vigo,Lille,2,1,2-1,finished,7,,thestatsapi,1.23,1.56,3,7,7,20,4,4,9,11,4,2,1,0
comp_7739,UEFA Europa League,2026-01-22,15:00,Nice,Go Ahead Eagles,3,1,3-1,finished,7,,thestatsapi,2.28,1.66,6,12,19,17,6,5,8,9,2,3,,
comp_7739,UEFA Europa League,2026-01-22,15:00,Ferencváros TC,Panathinaikos,1,1,1-1,finished,7,,thestatsapi,1.49,0.66,5,4,10,12,2,3,17,9,2,2,,
comp_7739,UEFA Europa League,2026-01-22,15:00,Sporting Braga,Nottingham Forest,1,0,1-0,finished,7,,thestatsapi,0.55,1.74,3,1,6,12,0,5,10,18,3,3,0,1
comp_7739,UEFA Europa League,2026-01-22,15:00,Red Bull Salzburg,Basel,3,1,3-1,finished,7,,thestatsapi,1.49,0.45,8,2,21,9,8,3,12,9,1,3,,
comp_7739,UEFA Europa League,2026-01-22,15:00,GNK Dinamo Zagreb,FCSB,4,1,4-1,finished,7,,thestatsapi,2.35,0.24,4,6,16,7,7,3,17,11,2,2,,
comp_7739,UEFA Europa League,2026-01-22,15:00,Rangers,Ludogorets,1,0,1-0,finished,7,,thestatsapi,1.56,0.96,6,2,14,12,7,5,17,13,6,1,,
comp_7739,UEFA Europa League,2026-01-22,15:00,Roma,VfB Stuttgart,2,0,2-0,finished,7,,thestatsapi,0.94,1.77,2,4,12,15,4,5,12,12,1,2,,
comp_7739,UEFA Europa League,2026-01-22,12:45,SK Brann,FC Midtjylland,3,3,3-3,finished,7,,thestatsapi,3.34,1.88,11,4,23,10,11,7,9,17,0,2,,
comp_7739,UEFA Europa League,2026-01-22,12:45,Malmö FF,FK Crvena zvezda,0,1,0-1,finished,7,,thestatsapi,0.42,1.66,3,7,4,11,0,3,13,12,2,1,,
comp_7739,UEFA Europa League,2026-01-22,12:45,Bologna,Celtic,2,2,2-2,finished,7,,thestatsapi,2.46,1.99,16,2,36,8,10,5,8,11,1,3,0,1
comp_7739,UEFA Europa League,2026-01-22,12:45,SC Freiburg,Maccabi Tel Aviv,1,0,1-0,finished,7,,thestatsapi,2.96,0.17,5,4,21,4,6,3,9,14,0,3,,
comp_7739,UEFA Europa League,2026-01-22,12:45,Young Boys,Olympique Lyonnais,0,1,0-1,finished,7,,thestatsapi,0.8,0.67,3,3,7,13,1,4,11,10,3,3,,
comp_7739,UEFA Europa League,2026-01-22,12:45,Viktoria Plzeň,FC Porto,1,1,1-1,finished,7,,thestatsapi,0.29,2.07,2,7,10,19,2,8,11,12,2,3,1,0
comp_7739,UEFA Europa League,2026-01-22,12:45,PAOK,Real Betis,2,0,2-0,finished,7,,thestatsapi,2.9,0.59,5,8,12,19,4,2,14,11,4,2,,
comp_7739,UEFA Europa League,2026-01-22,12:45,Fenerbahçe,Aston Villa,0,1,0-1,finished,7,,thestatsapi,0.89,1.45,5,5,13,12,8,4,13,15,4,5,,
comp_7739,UEFA Europa League,2026-01-22,12:45,Feyenoord,SK Sturm Graz,3,0,3-0,finished,7,,thestatsapi,1.32,0.1,5,2,18,4,6,2,13,12,2,1,,
comp_7739,UEFA Europa League,2025-12-11,15:00,SK Brann,Fenerbahçe,0,4,0-4,finished,6,,thestatsapi,0.23,2.97,1,10,6,20,2,10,8,11,0,1,1,0
comp_7739,UEFA Europa League,2025-12-11,15:00,Panathinaikos,Viktoria Plzeň,0,0,0-0,finished,6,,thestatsapi,1.51,0.34,9,2,20,5,4,2,14,9,3,4,0,1
comp_7739,UEFA Europa League,2025-12-11,15:00,Celta Vigo,Bologna,1,2,1-2,finished,6,,thestatsapi,0.34,2.2,0,5,3,15,1,4,12,15,3,1,,
comp_7739,UEFA Europa League,2025-12-11,15:00,FCSB,Feyenoord,4,3,4-3,finished,6,,thestatsapi,1.28,2.11,3,4,7,14,4,5,12,6,2,1,,
comp_7739,UEFA Europa League,2025-12-11,15:00,SC Freiburg,Red Bull Salzburg,1,0,1-0,finished,6,,thestatsapi,2.55,0.43,10,2,28,6,5,3,11,11,2,1,0,1
comp_7739,UEFA Europa League,2025-12-11,15:00,Basel,Aston Villa,1,2,1-2,finished,6,,thestatsapi,0.88,0.47,2,4,11,7,4,4,12,14,2,4,,
comp_7739,UEFA Europa League,2025-12-11,15:00,Celtic,Roma,0,3,0-3,finished,6,,thestatsapi,1.34,1.47,4,4,9,12,2,5,10,9,0,5,,
comp_7739,UEFA Europa League,2025-12-11,15:00,Olympique Lyonnais,Go Ahead Eagles,2,1,2-1,finished,6,,thestatsapi,2.75,0.48,7,1,17,7,6,3,6,8,1,2,,
comp_7739,UEFA Europa League,2025-12-11,15:00,FC Porto,Malmö FF,2,1,2-1,finished,6,,thestatsapi,2.67,0.87,5,0,22,7,11,2,13,16,0,2,,
comp_7739,UEFA Europa League,2025-12-11,12:45,FC Utrecht,Nottingham Forest,1,2,1-2,finished,6,,thestatsapi,0.75,1.56,7,5,10,19,3,11,14,14,2,2,,
comp_7739,UEFA Europa League,2025-12-11,12:45,VfB Stuttgart,Maccabi Tel Aviv,4,1,4-1,finished,6,,thestatsapi,2.54,0.56,7,2,15,7,7,2,19,14,2,2,,
comp_7739,UEFA Europa League,2025-12-11,12:45,SK Sturm Graz,FK Crvena zvezda,0,1,0-1,finished,6,,thestatsapi,1.5,1.57,7,5,16,15,1,2,14,21,3,5,,
comp_7739,UEFA Europa League,2025-12-11,12:45,Nice,Sporting Braga,0,1,0-1,finished,6,,thestatsapi,1.16,0.74,7,3,10,9,3,4,8,15,4,2,,
comp_7739,UEFA Europa League,2025-12-11,12:45,Ludogorets,PAOK,3,3,3-3,finished,6,,thestatsapi,2.18,3.4,2,4,15,16,3,8,16,10,3,1,,
comp_7739,UEFA Europa League,2025-12-11,12:45,FC Midtjylland,KRC Genk,1,0,1-0,finished,6,,thestatsapi,2.18,0.57,5,5,14,11,7,4,18,14,2,3,,
comp_7739,UEFA Europa League,2025-12-11,12:45,Young Boys,Lille,1,0,1-0,finished,6,,thestatsapi,1.57,0.87,1,3,11,10,5,1,8,5,2,1,1,1
comp_7739,UEFA Europa League,2025-12-11,12:45,Ferencváros TC,Rangers,2,1,2-1,finished,6,,thestatsapi,1.71,1.15,5,5,16,7,3,2,15,13,1,2,,
comp_7739,UEFA Europa League,2025-12-11,12:45,GNK Dinamo Zagreb,Real Betis,1,3,1-3,finished,6,,thestatsapi,0.77,1.86,5,4,8,15,2,5,17,11,2,3,,
comp_7739,UEFA Europa League,2025-11-27,15:00,KRC Genk,Basel,2,1,2-1,finished,5,,thestatsapi,0.86,0.65,2,6,13,13,7,4,13,11,4,1,,
comp_7739,UEFA Europa League,2025-11-27,15:00,Go Ahead Eagles,VfB Stuttgart,0,4,0-4,finished,5,,thestatsapi,0.2,2.34,2,5,6,20,2,9,9,6,3,4,,
comp_7739,UEFA Europa League,2025-11-27,15:00,Panathinaikos,SK Sturm Graz,2,1,2-1,finished,5,,thestatsapi,0.67,0.26,7,3,8,7,4,2,9,21,3,3,,
comp_7739,UEFA Europa League,2025-11-27,15:00,Bologna,Red Bull Salzburg,4,1,4-1,finished,5,,thestatsapi,3.84,2,6,2,30,9,14,4,10,8,0,2,,
comp_7739,UEFA Europa League,2025-11-27,15:00,Nottingham Forest,Malmö FF,3,0,3-0,finished,5,,thestatsapi,2.2,0.06,7,0,22,1,10,1,14,10,4,1,,
comp_7739,UEFA Europa League,2025-11-27,15:00,Maccabi Tel Aviv,Olympique Lyonnais,0,6,0-6,finished,5,,thestatsapi,0.46,4.17,0,3,5,18,0,8,12,12,5,2,1,0
comp_7739,UEFA Europa League,2025-11-27,15:00,FK Crvena zvezda,FCSB,1,0,1-0,finished,5,,thestatsapi,1.75,0.78,6,5,14,13,5,2,9,15,1,1,1,0
comp_7739,UEFA Europa League,2025-11-27,15:00,Real Betis,FC Utrecht,2,1,2-1,finished,5,,thestatsapi,1.95,0.76,3,3,18,6,7,3,12,11,1,1,,
comp_7739,UEFA Europa League,2025-11-27,15:00,Rangers,Sporting Braga,1,1,1-1,finished,5,,thestatsapi,1.69,1.67,8,3,12,9,6,5,20,18,3,4,1,1
comp_7739,UEFA Europa League,2025-11-27,12:45,Ludogorets,Celta Vigo,3,2,3-2,finished,5,,thestatsapi,2.6,2,1,7,7,19,4,7,7,16,2,3,,
comp_7739,UEFA Europa League,2025-11-27,12:45,Viktoria Plzeň,SC Freiburg,0,0,0-0,finished,5,,thestatsapi,1.29,0.87,7,3,19,10,7,6,15,11,2,2,,
comp_7739,UEFA Europa League,2025-11-27,12:45,PAOK,SK Brann,1,1,1-1,finished,5,,thestatsapi,1.2,1.84,6,8,16,9,7,5,12,9,2,1,,
comp_7739,UEFA Europa League,2025-11-27,12:45,Fenerbahçe,Ferencváros TC,1,1,1-1,finished,5,,thestatsapi,1.33,0.68,7,4,19,5,6,1,7,17,4,4,1,0
comp_7739,UEFA Europa League,2025-11-27,12:45,Aston Villa,Young Boys,2,1,2-1,finished,5,,thestatsapi,2.19,0.38,7,0,19,6,8,1,11,12,2,1,,
comp_7739,UEFA Europa League,2025-11-27,12:45,Lille,GNK Dinamo Zagreb,4,0,4-0,finished,5,,thestatsapi,2.96,0.11,5,1,17,3,9,0,12,6,2,1,,
comp_7739,UEFA Europa League,2025-11-27,12:45,Feyenoord,Celtic,1,3,1-3,finished,5,,thestatsapi,1.85,1.31,6,2,14,6,4,4,11,9,1,3,,
comp_7739,UEFA Europa League,2025-11-27,12:45,FC Porto,Nice,3,0,3-0,finished,5,,thestatsapi,1.47,0.95,4,3,6,8,3,0,16,13,2,2,,
comp_7739,UEFA Europa League,2025-11-27,12:45,Roma,FC Midtjylland,2,1,2-1,finished,5,,thestatsapi,0.84,0.73,6,6,13,12,6,2,13,20,2,3,,
comp_7739,UEFA Europa League,2025-11-06,15:00,VfB Stuttgart,Feyenoord,2,0,2-0,finished,4,,thestatsapi,1.73,0.89,2,5,13,12,6,4,26,22,4,4,,
comp_7739,UEFA Europa League,2025-11-06,15:00,Bologna,SK Brann,0,0,0-0,finished,4,,thestatsapi,1.01,0.41,11,3,16,9,3,0,6,14,2,2,1,0
comp_7739,UEFA Europa League,2025-11-06,15:00,Ferencváros TC,Ludogorets,3,1,3-1,finished,4,,thestatsapi,1.98,0.67,7,5,19,14,7,2,13,9,2,3,,
comp_7739,UEFA Europa League,2025-11-06,15:00,Viktoria Plzeň,Fenerbahçe,0,0,0-0,finished,4,,thestatsapi,1.16,1.05,11,2,18,10,6,4,11,7,3,5,,
comp_7739,UEFA Europa League,2025-11-06,15:00,PAOK,Young Boys,4,0,4-0,finished,4,,thestatsapi,3.8,0.19,7,0,23,7,10,1,10,10,1,3,0,1
comp_7739,UEFA Europa League,2025-11-06,15:00,Sporting Braga,KRC Genk,3,4,3-4,finished,4,,thestatsapi,2.55,1.09,9,2,20,9,6,8,6,14,2,1,,
comp_7739,UEFA Europa League,2025-11-06,15:00,Aston Villa,Maccabi Tel Aviv,2,0,2-0,finished,4,,thestatsapi,2.07,1.1,3,1,14,6,8,3,12,18,0,2,,
comp_7739,UEFA Europa League,2025-11-06,15:00,Real Betis,Olympique Lyonnais,2,0,2-0,finished,4,,thestatsapi,0.89,0.45,2,6,9,10,6,3,10,12,2,3,,
comp_7739,UEFA Europa League,2025-11-06,15:00,Rangers,Roma,0,2,0-2,finished,4,,thestatsapi,0.91,2.05,2,6,11,14,2,3,11,17,,,,
comp_7739,UEFA Europa League,2025-11-06,12:45,FC Utrecht,FC Porto,1,1,1-1,finished,4,,thestatsapi,0.54,1.22,2,7,11,19,3,8,16,12,3,5,1,0
comp_7739,UEFA Europa League,2025-11-06,12:45,Malmö FF,Panathinaikos,0,1,0-1,finished,4,,thestatsapi,1.42,1.36,4,2,12,11,2,4,12,17,2,4,,
comp_7739,UEFA Europa League,2025-11-06,12:45,SK Sturm Graz,Nottingham Forest,0,0,0-0,finished,4,,thestatsapi,0.09,1.7,0,4,3,9,2,2,17,13,1,1,,
comp_7739,UEFA Europa League,2025-11-06,12:45,Nice,SC Freiburg,1,3,1-3,finished,4,,thestatsapi,1.79,2.13,5,4,17,16,4,7,9,14,1,2,,
comp_7739,UEFA Europa League,2025-11-06,12:45,FC Midtjylland,Celtic,3,1,3-1,finished,4,,thestatsapi,2.73,0.98,4,4,24,5,12,3,13,14,0,3,,
comp_7739,UEFA Europa League,2025-11-06,12:45,Basel,FCSB,3,1,3-1,finished,4,,thestatsapi,3.91,1.16,8,5,25,14,9,7,13,15,2,3,0,1
comp_7739,UEFA Europa League,2025-11-06,12:45,FK Crvena zvezda,Lille,1,0,1-0,finished,4,,thestatsapi,1.59,1.66,5,3,11,11,3,3,17,15,3,4,,
comp_7739,UEFA Europa League,2025-11-06,12:45,Red Bull Salzburg,Go Ahead Eagles,2,0,2-0,finished,4,,thestatsapi,2.33,1.37,3,4,17,10,8,2,7,7,0,2,,
comp_7739,UEFA Europa League,2025-11-06,12:45,GNK Dinamo Zagreb,Celta Vigo,0,3,0-3,finished,4,,thestatsapi,0.75,1.44,5,2,10,8,5,3,6,12,,,,
comp_7739,UEFA Europa League,2025-10-23,14:00,Malmö FF,GNK Dinamo Zagreb,1,1,1-1,finished,3,,thestatsapi,0.63,2.45,3,10,6,21,3,5,6,9,1,2,,
comp_7739,UEFA Europa League,2025-10-23,14:00,Celta Vigo,Nice,2,1,2-1,finished,3,,thestatsapi,1.31,1.18,7,4,25,9,6,3,20,7,1,4,0,1
comp_7739,UEFA Europa League,2025-10-23,14:00,Nottingham Forest,FC Porto,2,0,2-0,finished,3,,thestatsapi,2.09,0.6,3,8,8,10,3,2,13,15,2,2,,
comp_7739,UEFA Europa League,2025-10-23,14:00,SC Freiburg,FC Utrecht,2,0,2-0,finished,3,,thestatsapi,1.56,0.97,5,4,14,11,7,2,12,11,0,1,,
comp_7739,UEFA Europa League,2025-10-23,14:00,Young Boys,Ludogorets,3,2,3-2,finished,3,,thestatsapi,4.36,0.99,3,2,15,15,6,4,9,9,2,1,,
comp_7739,UEFA Europa League,2025-10-23,14:00,Maccabi Tel Aviv,FC Midtjylland,0,3,0-3,finished,3,,thestatsapi,0.95,1.44,4,6,12,12,3,4,10,14,0,4,,
comp_7739,UEFA Europa League,2025-10-23,14:00,Celtic,SK Sturm Graz,2,1,2-1,finished,3,,thestatsapi,4.02,0.46,9,2,20,8,7,1,16,16,1,1,0,1
comp_7739,UEFA Europa League,2025-10-23,14:00,Lille,PAOK,3,4,3-4,finished,3,,thestatsapi,1.59,2.4,13,2,22,8,11,7,7,15,1,5,0,1
comp_7739,UEFA Europa League,2025-10-23,14:00,Feyenoord,Panathinaikos,3,1,3-1,finished,3,,thestatsapi,2.63,1.13,3,2,18,12,8,5,18,9,1,5,,
comp_7739,UEFA Europa League,2025-10-23,14:00,Roma,Viktoria Plzeň,1,2,1-2,finished,3,,thestatsapi,2.28,0.16,10,3,20,6,8,2,12,19,2,5,,
comp_7739,UEFA Europa League,2025-10-23,11:45,SK Brann,Rangers,3,0,3-0,finished,3,,thestatsapi,2.33,1.27,3,5,13,9,5,1,10,10,1,2,,
comp_7739,UEFA Europa League,2025-10-23,11:45,KRC Genk,Real Betis,0,0,0-0,finished,3,,thestatsapi,0.23,0.79,2,1,5,10,1,3,12,12,1,3,,
comp_7739,UEFA Europa League,2025-10-23,11:45,Go Ahead Eagles,Aston Villa,2,1,2-1,finished,3,,thestatsapi,0.83,2.82,1,10,5,18,3,7,22,0,2,0,,
comp_7739,UEFA Europa League,2025-10-23,11:45,FCSB,Bologna,1,2,1-2,finished,3,,thestatsapi,0.66,1.72,4,10,9,21,6,7,18,20,3,5,,
comp_7739,UEFA Europa League,2025-10-23,11:45,Olympique Lyonnais,Basel,2,0,2-0,finished,3,,thestatsapi,2.47,1.19,4,2,18,10,6,3,12,12,1,1,,
comp_7739,UEFA Europa League,2025-10-23,11:45,Fenerbahçe,VfB Stuttgart,1,0,1-0,finished,3,,thestatsapi,1.79,1,4,7,19,11,7,2,11,15,6,4,,
comp_7739,UEFA Europa League,2025-10-23,11:45,Sporting Braga,FK Crvena zvezda,2,0,2-0,finished,3,,thestatsapi,1.73,0.41,2,2,11,9,4,3,13,5,0,1,,
comp_7739,UEFA Europa League,2025-10-23,11:45,Red Bull Salzburg,Ferencváros TC,2,3,2-3,finished,3,,thestatsapi,1.3,2.77,5,2,16,13,4,7,12,13,0,3,,
comp_7739,UEFA Europa League,2025-10-02,14:00,KRC Genk,Ferencváros TC,0,1,0-1,finished,2,,thestatsapi,1.19,1.18,5,3,13,8,3,5,8,16,0,3,,
comp_7739,UEFA Europa League,2025-10-02,14:00,Celta Vigo,PAOK,3,1,3-1,finished,2,,thestatsapi,2.7,0.75,5,1,15,5,9,2,9,13,3,2,,
comp_7739,UEFA Europa League,2025-10-02,14:00,SK Sturm Graz,Rangers,2,1,2-1,finished,2,,thestatsapi,1.64,1.87,3,7,16,16,8,10,20,13,2,1,,
comp_7739,UEFA Europa League,2025-10-02,14:00,Nottingham Forest,FC Midtjylland,2,3,2-3,finished,2,,thestatsapi,2.05,2.1,10,8,22,8,9,5,14,15,3,2,,
comp_7739,UEFA Europa League,2025-10-02,14:00,Basel,VfB Stuttgart,2,0,2-0,finished,2,,thestatsapi,1.43,2.54,1,9,12,29,4,7,19,10,3,0,,
comp_7739,UEFA Europa League,2025-10-02,14:00,Maccabi Tel Aviv,GNK Dinamo Zagreb,1,3,1-3,finished,2,,thestatsapi,0.59,0.69,5,3,11,6,4,5,8,11,1,1,,
comp_7739,UEFA Europa League,2025-10-02,14:00,Olympique Lyonnais,Red Bull Salzburg,2,0,2-0,finished,2,,thestatsapi,2.85,0.38,2,1,15,11,6,5,10,14,1,1,,
comp_7739,UEFA Europa League,2025-10-02,14:00,Feyenoord,Aston Villa,0,2,0-2,finished,2,,thestatsapi,1.47,0.63,8,1,19,6,8,3,17,10,3,3,,
comp_7739,UEFA Europa League,2025-10-02,14:00,FC Porto,FK Crvena zvezda,2,1,2-1,finished,2,,thestatsapi,2.65,0.53,5,3,18,9,4,2,11,8,3,2,,
comp_7739,UEFA Europa League,2025-10-02,11:45,SK Brann,FC Utrecht,1,0,1-0,finished,2,,thestatsapi,0.66,0.51,4,3,11,6,3,2,16,11,2,2,,
comp_7739,UEFA Europa League,2025-10-02,11:45,Panathinaikos,Go Ahead Eagles,1,2,1-2,finished,2,,thestatsapi,2.23,1.02,14,3,33,7,9,4,8,12,1,1,,
comp_7739,UEFA Europa League,2025-10-02,11:45,Bologna,SC Freiburg,1,1,1-1,finished,2,,thestatsapi,0.79,2.08,2,8,8,12,3,6,16,18,2,2,,
comp_7739,UEFA Europa League,2025-10-02,11:45,FCSB,Young Boys,0,2,0-2,finished,2,,thestatsapi,0.69,1.5,8,3,17,16,3,9,11,18,1,3,,
comp_7739,UEFA Europa League,2025-10-02,11:45,Ludogorets,Real Betis,0,2,0-2,finished,2,,thestatsapi,0.44,0.75,6,5,13,12,2,2,8,15,1,3,,
comp_7739,UEFA Europa League,2025-10-02,11:45,Celtic,Sporting Braga,0,2,0-2,finished,2,,thestatsapi,0.65,1.05,7,5,9,13,3,6,15,9,2,1,,
comp_7739,UEFA Europa League,2025-10-02,11:45,Viktoria Plzeň,Malmö FF,3,0,3-0,finished,2,,thestatsapi,2.17,0.36,3,6,14,8,7,1,12,16,2,4,1,2
comp_7739,UEFA Europa League,2025-10-02,11:45,Fenerbahçe,Nice,2,1,2-1,finished,2,,thestatsapi,1.52,1.29,3,4,17,10,5,3,12,17,3,1,,
comp_7739,UEFA Europa League,2025-10-02,11:45,Roma,Lille,0,1,0-1,finished,2,,thestatsapi,2.2,1.49,6,3,20,9,6,5,19,13,0,4,,
comp_7739,UEFA Europa League,2025-09-25,14:00,FC Utrecht,Olympique Lyonnais,0,1,0-1,finished,1,,thestatsapi,1.25,1.04,,,,,,,,,,,,
comp_7739,UEFA Europa League,2025-09-25,14:00,VfB Stuttgart,Celta Vigo,2,1,2-1,finished,1,,thestatsapi,1.51,0.46,,,,,,,,,,,,
comp_7739,UEFA Europa League,2025-09-25,14:00,Young Boys,Panathinaikos,1,4,1-4,finished,1,,thestatsapi,1.73,1.25,9,4,19,18,3,6,14,6,1,0,,
comp_7739,UEFA Europa League,2025-09-25,14:00,Ferencváros TC,Viktoria Plzeň,1,1,1-1,finished,1,,thestatsapi,0.93,0.67,,,,,,,,,,,,
comp_7739,UEFA Europa League,2025-09-25,14:00,Aston Villa,Bologna,1,0,1-0,finished,1,,thestatsapi,1.45,1.24,,,,,,,,,,,,
comp_7739,UEFA Europa League,2025-09-25,14:00,Red Bull Salzburg,FC Porto,0,1,0-1,finished,1,,thestatsapi,1.36,1.23,2,8,15,15,4,3,14,8,4,1,,
comp_7739,UEFA Europa League,2025-09-25,14:00,Rangers,KRC Genk,0,1,0-1,finished,1,,thestatsapi,0.9,3.79,,,,,,,,,,,,
comp_7739,UEFA Europa League,2025-09-25,11:45,Go Ahead Eagles,FCSB,0,1,0-1,finished,1,,thestatsapi,1.39,0.66,7,1,17,8,7,6,9,14,2,5,,
comp_7739,UEFA Europa League,2025-09-25,11:45,Lille,SK Brann,2,1,2-1,finished,1,,thestatsapi,1.57,1.19,,,,,,,,,,,,
comp_7739,UEFA Europa League,2025-09-24,14:00,Malmö FF,Ludogorets,1,2,1-2,finished,1,,thestatsapi,0.65,2.92,2,3,10,21,5,10,9,14,3,3,,
comp_7739,UEFA Europa League,2025-09-24,14:00,Nice,Roma,1,2,1-2,finished,1,,thestatsapi,0.96,0.8,3,5,7,12,2,4,9,19,0,5,,
comp_7739,UEFA Europa League,2025-09-24,14:00,SC Freiburg,Basel,2,1,2-1,finished,1,,thestatsapi,0.92,1.1,4,4,15,15,5,4,10,16,2,2,,
comp_7739,UEFA Europa League,2025-09-24,14:00,FK Crvena zvezda,Celtic,1,1,1-1,finished,1,,thestatsapi,1.61,1.68,8,4,16,8,4,6,12,10,2,2,,
comp_7739,UEFA Europa League,2025-09-24,14:00,Sporting Braga,Feyenoord,1,0,1-0,finished,1,,thestatsapi,0.68,0.27,7,2,8,5,2,1,10,15,1,2,,
comp_7739,UEFA Europa League,2025-09-24,14:00,Real Betis,Nottingham Forest,2,2,2-2,finished,1,,thestatsapi,0.49,3.27,3,3,9,16,4,6,16,16,3,2,,
comp_7739,UEFA Europa League,2025-09-24,14:00,GNK Dinamo Zagreb,Fenerbahçe,3,1,3-1,finished,1,,thestatsapi,1.5,0.17,5,6,11,6,3,2,7,8,2,3,,
comp_7739,UEFA Europa League,2025-09-24,11:45,FC Midtjylland,SK Sturm Graz,2,0,2-0,finished,1,,thestatsapi,0.56,0.91,4,3,7,11,5,4,16,16,3,2,,
comp_7739,UEFA Europa League,2025-09-24,11:45,PAOK,Maccabi Tel Aviv,0,0,0-0,finished,1,,thestatsapi,1.43,1.56,9,3,18,9,5,3,14,18,1,3,,
comp_7739,UEFA Europa League,2025-08-28,14:00,Sporting Braga,Lincoln Red Imps,5,1,5-1,finished,,round_of_16,thestatsapi,,,4,3,20,4,11,2,8,10,1,3,0,0
comp_7739,UEFA Europa League,2025-08-28,13:30,FCSB,Aberdeen,3,0,3-0,finished,,round_of_16,thestatsapi,,,4,3,8,6,4,2,11,16,1,5,0,1
comp_7739,UEFA Europa League,2025-08-28,13:00,FC Utrecht,HŠK Zrinjski Mostar,0,0,0-0,finished,,round_of_16,thestatsapi,,,4,7,7,4,1,1,12,9,2,3,0,0
comp_7739,UEFA Europa League,2025-08-28,13:00,KRC Genk,Lech Poznań,1,2,1-2,finished,,round_of_16,thestatsapi,,,8,4,12,8,4,2,15,12,1,1,0,0
comp_7739,UEFA Europa League,2025-08-28,13:00,Dynamo Kyiv,Maccabi Tel Aviv,1,0,1-0,finished,,round_of_16,thestatsapi,,,8,7,6,4,2,2,14,14,1,2,0,0
comp_7739,UEFA Europa League,2025-08-28,13:00,Young Boys,ŠK Slovan Bratislava,3,2,3-2,finished,,round_of_16,thestatsapi,,,7,4,10,17,5,7,12,7,2,0,0,0
comp_7739,UEFA Europa League,2025-08-28,12:30,PAOK,HNK Rijeka,5,0,5-0,finished,,round_of_16,thestatsapi,,,6,2,16,4,13,1,12,10,0,2,0,1
comp_7739,UEFA Europa League,2025-08-28,12:30,Ludogorets,KF Shkëndija,2,1,2-1,finished,,round_of_16,thestatsapi,,,4,4,28,8,11,1,14,12,1,3,0,0
comp_7739,UEFA Europa League,2025-08-28,12:00,Samsunspor,Panathinaikos,0,0,0-0,finished,,round_of_16,thestatsapi,,,7,3,10,7,3,2,16,11,3,3,0,0
comp_7739,UEFA Europa League,2025-08-28,11:30,SK Sigma Olomouc,Malmö FF,0,2,0-2,finished,,round_of_16,thestatsapi,,,10,2,13,12,2,7,19,18,2,3,0,0
comp_7739,UEFA Europa League,2025-08-28,10:00,KuPS,FC Midtjylland,0,2,0-2,finished,,round_of_16,thestatsapi,,,1,10,8,30,6,8,8,7,0,0,1,0
comp_7739,UEFA Europa League,2025-08-27,11:30,AEK Larnaca,SK Brann,0,4,0-4,finished,,round_of_16,thestatsapi,,,4,3,9,11,0,6,9,13,0,2,1,0
comp_7739,UEFA Europa League,2025-08-21,14:00,Lincoln Red Imps,Sporting Braga,0,4,0-4,finished,,round_of_16,thestatsapi,,,0,4,2,11,1,4,12,12,2,1,0,0
comp_7739,UEFA Europa League,2025-08-21,13:45,Aberdeen,FCSB,2,2,2-2,finished,,round_of_16,thestatsapi,,,4,3,29,11,9,6,14,9,4,2,0,1
comp_7739,UEFA Europa League,2025-08-21,13:45,HNK Rijeka,PAOK,1,0,1-0,finished,,round_of_16,thestatsapi,,,4,2,15,11,7,3,13,16,2,5,0,0
comp_7739,UEFA Europa League,2025-08-21,13:30,Lech Poznań,KRC Genk,1,5,1-5,finished,,round_of_16,thestatsapi,,,3,5,14,19,7,11,5,5,1,3,0,0
comp_7739,UEFA Europa League,2025-08-21,13:15,Maccabi Tel Aviv,Dynamo Kyiv,3,1,3-1,finished,,round_of_16,thestatsapi,,,6,5,21,11,11,3,12,11,1,4,0,1
comp_7739,UEFA Europa League,2025-08-21,13:15,ŠK Slovan Bratislava,Young Boys,0,1,0-1,finished,,round_of_16,thestatsapi,,,9,5,6,4,0,2,14,23,3,2,0,0
comp_7739,UEFA Europa League,2025-08-21,13:00,KF Shkëndija,Ludogorets,2,1,2-1,finished,,round_of_16,thestatsapi,,,4,2,14,14,4,4,8,17,2,1,0,0
comp_7739,UEFA Europa League,2025-08-21,13:00,HŠK Zrinjski Mostar,FC Utrecht,0,2,0-2,finished,,round_of_16,thestatsapi,,,6,2,12,12,3,7,10,9,5,3,1,0
comp_7739,UEFA Europa League,2025-08-21,13:00,Panathinaikos,Samsunspor,2,1,2-1,finished,,round_of_16,thestatsapi,,,8,4,10,7,5,3,10,9,2,2,0,0
comp_7739,UEFA Europa League,2025-08-21,12:00,Malmö FF,SK Sigma Olomouc,3,0,3-0,finished,,round_of_16,thestatsapi,,,9,3,12,8,4,2,11,10,2,3,0,0
comp_7739,UEFA Europa League,2025-08-21,12:00,SK Brann,AEK Larnaca,2,1,2-1,finished,,round_of_16,thestatsapi,,,6,5,15,8,10,3,16,11,2,3,0,0
comp_7739,UEFA Europa League,2025-08-21,11:30,FC Midtjylland,KuPS,4,0,4-0,finished,,round_of_16,thestatsapi,,,4,5,13,4,9,2,11,10,1,2,0,0
comp_7739,UEFA Europa League,2025-08-14,14:00,Legia Warszawa,AEK Larnaca,2,1,2-1,finished,3,qualifying,thestatsapi,,,,,,,,,,,4,6,0,1
comp_7739,UEFA Europa League,2025-08-14,13:30,Sporting Braga,CFR 1907 Cluj,2,0,2-0,finished,3,qualifying,thestatsapi,,,,,,,,,,,0,1,0,0
comp_7739,UEFA Europa League,2025-08-14,13:00,Shakhtar Donetsk,Panathinaikos,0,0,0-0,finished,3,qualifying,thestatsapi,,,,,,,,,,,4,6,1,0
comp_7739,UEFA Europa League,2025-08-14,13:00,FC Drita,FCSB,1,3,1-3,finished,3,qualifying,thestatsapi,,,,,,,,,,,2,2,1,0
comp_7739,UEFA Europa League,2025-08-14,13:00,Maccabi Tel Aviv,Ħamrun Spartans FC,3,1,3-1,finished,3,qualifying,thestatsapi,,,,,,,,,,,1,3,0,0
comp_7739,UEFA Europa League,2025-08-14,13:00,FC Utrecht,Servette FC,2,1,2-1,finished,3,qualifying,thestatsapi,,,,,,,,,,,4,4,0,0
comp_7739,UEFA Europa League,2025-08-14,12:30,Breidablik Kópavogur,HŠK Zrinjski Mostar,1,2,1-2,finished,3,qualifying,thestatsapi,,,,,,,,,,,4,1,1,0
comp_7739,UEFA Europa League,2025-08-14,12:00,SK Brann,BK Häcken,0,1,0-1,finished,3,qualifying,thestatsapi,,,,,,,,,,,2,5,0,0
comp_7739,UEFA Europa League,2025-08-14,12:00,Wolfsberger AC,PAOK,0,0,0-0,finished,3,qualifying,thestatsapi,,,,,,,,,,,5,2,0,0
comp_7739,UEFA Europa League,2025-08-14,12:00,FC Noah,Lincoln Red Imps,0,0,0-0,finished,3,qualifying,thestatsapi,,,,,,,,,,,2,3,0,0
comp_7739,UEFA Europa League,2025-08-14,11:00,FC Midtjylland,Fredrikstad FK,2,0,2-0,finished,3,qualifying,thestatsapi,,,,,,,,,,,1,1,0,0
comp_7739,UEFA Europa League,2025-08-14,10:00,KuPS,RFS,1,0,1-0,finished,3,qualifying,thestatsapi,,,,,,,,,,,3,3,0,0
comp_7739,UEFA Europa League,2025-08-12,13:45,Shelbourne,HNK Rijeka,1,3,1-3,finished,3,qualifying,thestatsapi,,,,,,,,,,,0,1,0,0
comp_7739,UEFA Europa League,2025-08-07,13:30,Servette FC,FC Utrecht,1,3,1-3,finished,3,qualifying,thestatsapi,,,,,,,,,,,2,2,0,0
comp_7739,UEFA Europa League,2025-08-07,13:30,FCSB,FC Drita,3,2,3-2,finished,3,qualifying,thestatsapi,,,,,,,,,,,1,3,0,0
comp_7739,UEFA Europa League,2025-08-07,13:00,Panathinaikos,Shakhtar Donetsk,0,0,0-0,finished,3,qualifying,thestatsapi,,,,,,,,,,,2,1,0,0
comp_7739,UEFA Europa League,2025-08-07,13:00,HŠK Zrinjski Mostar,Breidablik Kópavogur,1,1,1-1,finished,3,qualifying,thestatsapi,,,,,,,,,,,1,0,0,0
comp_7739,UEFA Europa League,2025-08-07,12:30,PAOK,Wolfsberger AC,0,0,0-0,finished,3,qualifying,thestatsapi,,,,,,,,,,,4,1,0,0
comp_7739,UEFA Europa League,2025-08-07,12:00,BK Häcken,SK Brann,0,2,0-2,finished,3,qualifying,thestatsapi,,,,,,,,,,,1,3,0,0
comp_7739,UEFA Europa League,2025-08-07,11:30,AEK Larnaca,Legia Warszawa,4,1,4-1,finished,3,qualifying,thestatsapi,,,,,,,,,,,1,4,0,1
comp_7739,UEFA Europa League,2025-08-07,11:30,CFR 1907 Cluj,Sporting Braga,1,2,1-2,finished,3,qualifying,thestatsapi,,,,,,,,,,,2,0,0,0
comp_7739,UEFA Europa League,2025-08-07,11:00,Lincoln Red Imps,FC Noah,1,1,1-1,finished,3,qualifying,thestatsapi,,,,,,,,,,,1,7,0,0
comp_7739,UEFA Europa League,2025-08-07,11:00,Fredrikstad FK,FC Midtjylland,1,3,1-3,finished,3,qualifying,thestatsapi,,,,,,,,,,,0,1,0,0
comp_7739,UEFA Europa League,2025-08-06,13:45,HNK Rijeka,Shelbourne,1,2,1-2,finished,3,qualifying,thestatsapi,,,6,1,,,7,2,7,7,0,0,0,0
comp_7739,UEFA Europa League,2025-08-06,12:00,RFS,KuPS,1,2,1-2,finished,3,qualifying,thestatsapi,,,,,,,,,,,1,0,0,0
comp_7739,UEFA Europa League,2025-08-05,12:00,Ħamrun Spartans FC,Maccabi Tel Aviv,1,2,1-2,finished,3,qualifying,thestatsapi,,,,,,,,,,,3,3,0,0
comp_7739,UEFA Europa League,2025-07-31,14:00,Hibernian,FC Midtjylland,0,0,0-0,finished,2,qualifying,thestatsapi,,,,,,,,,,,4,3,0,0
comp_7739,UEFA Europa League,2025-07-31,14:00,Sporting Braga,Levski Sofia,0,0,0-0,finished,2,qualifying,thestatsapi,,,,,,,,,,,0,3,0,0
comp_7739,UEFA Europa League,2025-07-31,14:00,Legia Warszawa,Baník Ostrava,2,1,2-1,finished,2,qualifying,thestatsapi,,,,,,,,,,,3,0,0,0
comp_7739,UEFA Europa League,2025-07-31,13:00,Shakhtar Donetsk,Beşiktaş,2,0,2-0,finished,2,qualifying,thestatsapi,,,,,,,,,,,6,3,0,0
comp_7739,UEFA Europa League,2025-07-31,13:00,FC Utrecht,Sheriff Tiraspol,4,1,4-1,finished,2,qualifying,thestatsapi,,,,,,,,,,,0,0,0,0
comp_7739,UEFA Europa League,2025-07-31,12:30,CFR 1907 Cluj,FC Lugano,0,0,0-0,finished,2,qualifying,thestatsapi,,,,,,,,,,,4,4,0,0
comp_7739,UEFA Europa League,2025-07-31,12:00,BK Häcken,RSC Anderlecht,2,1,2-1,finished,2,qualifying,thestatsapi,,,,,,,,,,,1,6,0,1
comp_7739,UEFA Europa League,2025-07-31,11:30,AEK Larnaca,NK Celje,2,1,2-1,finished,2,qualifying,thestatsapi,,,,,,,,,,,1,1,0,0
comp_8814,LaLiga,2026-05-24,14:00,Villarreal,Atlético Madrid,5,1,5-1,finished,38,,thestatsapi,2.48,1.16,5,9,14,9,8,4,3,12,0,1,,
comp_8814,LaLiga,2026-05-23,14:00,Girona FC,Elche,1,1,1-1,finished,38,,thestatsapi,0.58,0.18,2,1,10,3,7,1,20,20,4,4,,
comp_8814,LaLiga,2026-05-23,14:00,Valencia,Barcelona,3,1,3-1,finished,38,,thestatsapi,1.48,1.52,7,8,19,11,6,4,11,8,2,2,,
comp_8814,LaLiga,2026-05-23,14:00,Real Madrid,Athletic Club,4,2,4-2,finished,38,,thestatsapi,1.9,0.81,2,1,13,8,8,2,6,20,2,0,,
comp_8814,LaLiga,2026-05-23,14:00,Mallorca,Real Oviedo,3,0,3-0,finished,38,,thestatsapi,2.61,0.34,5,5,23,7,7,0,10,8,2,1,,
comp_8814,LaLiga,2026-05-23,14:00,Getafe,Osasuna,1,0,1-0,finished,38,,thestatsapi,0.21,0.51,2,4,6,11,3,5,17,20,1,2,,
comp_8814,LaLiga,2026-05-23,14:00,Espanyol,Real Sociedad,1,1,1-1,finished,38,,thestatsapi,2.41,1.4,3,5,17,9,8,4,11,17,1,3,,
comp_8814,LaLiga,2026-05-23,14:00,Celta Vigo,Sevilla,1,0,1-0,finished,38,,thestatsapi,1.59,0.8,4,3,12,9,3,2,11,20,1,1,,
comp_8814,LaLiga,2026-05-23,14:00,Real Betis,Levante UD,2,1,2-1,finished,38,,thestatsapi,1.51,2.28,4,8,18,15,8,7,11,7,1,2,,
comp_8814,LaLiga,2026-05-23,14:00,Deportivo Alavés,Rayo Vallecano,1,2,1-2,finished,38,,thestatsapi,1.63,1.34,10,5,19,15,11,7,13,14,3,3,,
comp_8814,LaLiga,2026-05-17,14:15,Barcelona,Real Betis,3,1,3-1,finished,37,,thestatsapi,1.12,0.97,6,4,15,7,9,2,7,8,1,0,,
comp_8814,LaLiga,2026-05-17,12:00,Sevilla,Real Madrid,0,1,0-1,finished,37,,thestatsapi,0.72,1,4,4,14,12,6,1,18,12,4,0,,
comp_8814,LaLiga,2026-05-17,12:00,Osasuna,Espanyol,1,2,1-2,finished,37,,thestatsapi,1.72,0.79,9,2,24,7,8,3,10,13,1,2,,
comp_8814,LaLiga,2026-05-17,12:00,Real Oviedo,Deportivo Alavés,0,1,0-1,finished,37,,thestatsapi,0.45,1.46,5,2,8,7,0,1,13,18,3,1,,
comp_8814,LaLiga,2026-05-17,12:00,Real Sociedad,Valencia,3,4,3-4,finished,37,,thestatsapi,1.15,1.67,3,2,8,13,3,6,13,11,4,0,0,1
comp_8814,LaLiga,2026-05-17,12:00,Rayo Vallecano,Villarreal,2,0,2-0,finished,37,,thestatsapi,1.49,0.97,1,9,15,11,7,2,12,10,2,1,,
comp_8814,LaLiga,2026-05-17,12:00,Levante UD,Mallorca,2,0,2-0,finished,37,,thestatsapi,2.39,0.3,4,6,15,8,3,3,11,15,2,1,1,1
comp_8814,LaLiga,2026-05-17,12:00,Elche,Getafe,1,0,1-0,finished,37,,thestatsapi,0.66,0.11,4,0,10,4,3,0,18,13,3,1,0,1
comp_8814,LaLiga,2026-05-17,12:00,Atlético Madrid,Girona FC,1,0,1-0,finished,37,,thestatsapi,1.97,2.17,9,8,17,25,4,11,7,9,2,0,,
comp_8814,LaLiga,2026-05-17,12:00,Athletic Club,Celta Vigo,1,1,1-1,finished,37,,thestatsapi,2.49,0.15,5,0,27,3,9,2,14,11,2,2,,
comp_8814,LaLiga,2026-05-14,14:30,Real Madrid,Real Oviedo,2,0,2-0,finished,36,,thestatsapi,1.36,1.04,4,5,19,9,7,1,7,14,,,,
comp_8814,LaLiga,2026-05-14,13:00,Girona FC,Real Sociedad,1,1,1-1,finished,36,,thestatsapi,2.11,0.33,6,3,29,6,4,2,13,19,2,7,,
comp_8814,LaLiga,2026-05-14,12:00,Valencia,Rayo Vallecano,1,1,1-1,finished,36,,thestatsapi,0.76,1.16,5,1,12,6,3,3,9,20,1,1,,
comp_8814,LaLiga,2026-05-13,14:30,Getafe,Mallorca,3,1,3-1,finished,36,,thestatsapi,1.58,0.41,3,3,6,9,4,2,17,18,3,4,,
comp_8814,LaLiga,2026-05-13,14:30,Deportivo Alavés,Barcelona,1,0,1-0,finished,36,,thestatsapi,0.72,0.6,6,4,9,8,3,0,14,8,1,2,,
comp_8814,LaLiga,2026-05-13,12:00,Villarreal,Sevilla,2,3,2-3,finished,36,,thestatsapi,0.83,0.87,6,4,6,13,4,5,11,9,2,1,,
comp_8814,LaLiga,2026-05-13,12:00,Espanyol,Athletic Club,2,0,2-0,finished,36,,thestatsapi,0.76,0.82,8,9,12,11,5,4,9,14,,,,
comp_8814,LaLiga,2026-05-12,14:30,Osasuna,Atlético Madrid,1,2,1-2,finished,36,,thestatsapi,2.3,1.56,8,4,23,5,5,4,15,12,6,5,0,1
comp_8814,LaLiga,2026-05-12,13:00,Real Betis,Elche,2,1,2-1,finished,36,,thestatsapi,1.8,0.4,8,1,16,8,7,2,16,13,3,3,0,1
comp_8814,LaLiga,2026-05-12,12:00,Celta Vigo,Levante UD,2,3,2-3,finished,36,,thestatsapi,2.18,1.52,4,4,11,14,6,6,7,10,0,2,,
comp_8814,LaLiga,2026-05-11,14:00,Rayo Vallecano,Girona FC,1,1,1-1,finished,35,,thestatsapi,1.2,0.98,9,5,18,9,5,5,10,9,1,1,,
comp_8814,LaLiga,2026-05-10,14:00,Barcelona,Real Madrid,2,0,2-0,finished,35,,thestatsapi,1.01,0.85,4,8,10,8,7,1,18,9,2,4,,
comp_8814,LaLiga,2026-05-10,11:30,Real Oviedo,Getafe,0,0,0-0,finished,35,,thestatsapi,0.54,1.36,1,9,8,22,4,4,9,16,2,3,2,0
comp_8814,LaLiga,2026-05-10,09:15,Athletic Club,Valencia,0,1,0-1,finished,35,,thestatsapi,0.93,1.19,13,5,14,7,4,3,9,7,2,3,,
comp_8814,LaLiga,2026-05-10,07:00,Mallorca,Villarreal,1,1,1-1,finished,35,,thestatsapi,1.74,1.12,5,4,18,7,8,2,17,13,2,0,,
comp_8814,LaLiga,2026-05-09,14:00,Real Sociedad,Real Betis,2,2,2-2,finished,35,,thestatsapi,2.4,1.94,4,3,14,14,6,6,12,9,2,3,0,1
comp_8814,LaLiga,2026-05-09,11:30,Atlético Madrid,Celta Vigo,0,1,0-1,finished,35,,thestatsapi,2.18,0.13,10,0,20,3,4,1,11,13,1,2,,
comp_8814,LaLiga,2026-05-09,09:15,Sevilla,Espanyol,2,1,2-1,finished,35,,thestatsapi,1.38,0.61,4,6,21,10,6,5,14,17,5,5,,
comp_8814,LaLiga,2026-05-09,07:00,Elche,Deportivo Alavés,1,1,1-1,finished,35,,thestatsapi,1.39,2.05,7,3,16,12,5,4,15,13,3,6,,
comp_8814,LaLiga,2026-05-08,14:00,Levante UD,Osasuna,3,2,3-2,finished,35,,thestatsapi,3.22,0.63,15,1,35,5,12,3,11,13,2,0,0,1
comp_8814,LaLiga,2026-05-04,14:00,Sevilla,Real Sociedad,1,0,1-0,finished,34,,thestatsapi,1.82,0.16,3,3,19,6,5,0,19,11,2,1,,
comp_8814,LaLiga,2026-05-03,14:00,Espanyol,Real Madrid,0,2,0-2,finished,34,,thestatsapi,1.21,2.1,5,6,17,16,3,5,19,16,3,4,,
comp_8814,LaLiga,2026-05-03,11:30,Real Betis,Real Oviedo,3,0,3-0,finished,34,,thestatsapi,1.53,1.59,5,4,10,17,5,5,9,4,,,,
comp_8814,LaLiga,2026-05-03,09:15,Getafe,Rayo Vallecano,0,2,0-2,finished,34,,thestatsapi,1.38,0.83,4,1,13,10,3,6,7,22,3,5,,
comp_8814,LaLiga,2026-05-03,07:00,Celta Vigo,Elche,3,1,3-1,finished,34,,thestatsapi,1.05,1.71,4,2,6,15,4,4,14,15,2,1,,
comp_8814,LaLiga,2026-05-02,14:00,Osasuna,Barcelona,1,2,1-2,finished,34,,thestatsapi,0.8,1.29,3,7,9,13,4,4,9,10,2,2,,
comp_8814,LaLiga,2026-05-02,11:30,Deportivo Alavés,Athletic Club,2,4,2-4,finished,34,,thestatsapi,0.49,0.97,4,7,7,9,4,4,8,13,4,3,,
comp_8814,LaLiga,2026-05-02,09:15,Valencia,Atlético Madrid,0,2,0-2,finished,34,,thestatsapi,1.09,2.04,1,7,12,20,0,5,9,12,1,3,,
comp_8814,LaLiga,2026-05-02,07:00,Villarreal,Levante UD,5,1,5-1,finished,34,,thestatsapi,2.36,0.76,7,3,20,12,8,3,14,7,3,1,,
comp_8814,LaLiga,2026-05-01,14:00,Girona FC,Mallorca,0,1,0-1,finished,34,,thestatsapi,1.72,1.09,5,2,14,9,4,5,8,25,4,2,,
comp_8814,LaLiga,2026-04-27,14:00,Espanyol,Levante UD,0,0,0-0,finished,32,,thestatsapi,0.72,1.12,4,4,9,8,3,4,12,15,3,3,1,0
comp_8814,LaLiga,2026-04-26,14:00,Villarreal,Celta Vigo,2,1,2-1,finished,32,,thestatsapi,1.89,1.98,7,5,13,9,4,3,13,16,3,6,,
comp_8814,LaLiga,2026-04-26,11:30,Osasuna,Sevilla,2,1,2-1,finished,32,,thestatsapi,1.43,0.4,4,4,15,8,7,2,11,13,2,2,,
comp_8814,LaLiga,2026-04-26,09:15,Real Oviedo,Elche,1,2,1-2,finished,32,,thestatsapi,0.99,0.4,6,1,12,4,3,4,21,14,2,0,0,1
comp_8814,LaLiga,2026-04-26,07:00,Rayo Vallecano,Real Sociedad,3,3,3-3,finished,32,,thestatsapi,2.38,2.23,6,4,24,13,9,8,14,12,6,4,1,0
comp_8814,LaLiga,2026-04-25,14:00,Atlético Madrid,Athletic Club,3,2,3-2,finished,32,,thestatsapi,2.09,0.8,3,4,6,12,4,4,8,12,,,,
comp_8814,LaLiga,2026-04-25,11:30,Valencia,Girona FC,2,1,2-1,finished,32,,thestatsapi,1.4,1.56,4,4,12,7,3,4,22,8,2,2,,
comp_8814,LaLiga,2026-04-25,09:15,Getafe,Barcelona,0,2,0-2,finished,32,,thestatsapi,0.63,1.88,6,3,4,13,0,4,15,8,2,2,,
comp_8814,LaLiga,2026-04-25,07:00,Deportivo Alavés,Mallorca,2,1,2-1,finished,32,,thestatsapi,1.22,0.22,9,4,15,4,4,2,15,14,2,1,,
comp_8814,LaLiga,2026-04-24,14:00,Real Betis,Real Madrid,1,1,1-1,finished,32,,thestatsapi,1.08,1.19,7,6,19,12,4,8,10,8,1,2,,
comp_8814,LaLiga,2026-04-23,14:30,Real Oviedo,Villarreal,1,1,1-1,finished,33,,thestatsapi,0.8,1.39,7,0,15,7,4,3,9,11,1,1,,
comp_8814,LaLiga,2026-04-23,13:00,Rayo Vallecano,Espanyol,1,0,1-0,finished,33,,thestatsapi,1.6,1.96,6,5,17,15,6,4,12,15,2,4,,
comp_8814,LaLiga,2026-04-23,12:00,Levante UD,Sevilla,2,0,2-0,finished,33,,thestatsapi,1.53,0.28,3,6,8,7,3,0,17,16,3,4,,
comp_8814,LaLiga,2026-04-22,14:30,Barcelona,Celta Vigo,1,0,1-0,finished,33,,thestatsapi,1.23,1.41,5,3,10,6,3,3,13,10,1,1,,
comp_8814,LaLiga,2026-04-22,13:00,Real Sociedad,Getafe,0,1,0-1,finished,33,,thestatsapi,1.89,0.12,6,3,13,5,4,0,13,22,4,5,,
comp_8814,LaLiga,2026-04-22,12:00,Elche,Atlético Madrid,3,2,3-2,finished,33,,thestatsapi,2.78,1.01,13,3,14,6,6,3,11,12,2,3,0,1
comp_8814,LaLiga,2026-04-21,14:30,Girona FC,Real Betis,2,3,2-3,finished,33,,thestatsapi,1.36,1.04,3,1,9,7,2,3,11,18,1,3,,
comp_8814,LaLiga,2026-04-21,14:30,Real Madrid,Deportivo Alavés,2,1,2-1,finished,33,,thestatsapi,1.62,1.76,9,6,24,19,8,5,14,12,1,1,,
comp_8814,LaLiga,2026-04-21,12:00,Mallorca,Valencia,1,1,1-1,finished,33,,thestatsapi,1.82,1.68,7,4,20,10,8,3,9,12,0,2,,
comp_8814,LaLiga,2026-04-21,12:00,Athletic Club,Osasuna,1,0,1-0,finished,33,,thestatsapi,0.54,1.21,5,4,7,8,3,3,12,11,3,2,1,0
comp_8814,LaLiga,2026-04-13,14:00,Levante UD,Getafe,1,0,1-0,finished,31,,thestatsapi,2.9,0.29,8,2,22,5,4,1,12,24,2,6,0,1
comp_8814,LaLiga,2026-04-12,14:00,Athletic Club,Villarreal,1,2,1-2,finished,31,,thestatsapi,1.16,1.31,15,3,18,12,6,6,15,8,2,3,,
comp_8814,LaLiga,2026-04-12,11:30,Celta Vigo,Real Oviedo,0,3,0-3,finished,31,,thestatsapi,0.91,1.71,4,1,9,8,6,5,9,13,1,2,,
comp_8814,LaLiga,2026-04-12,09:15,Mallorca,Rayo Vallecano,3,0,3-0,finished,31,,thestatsapi,1.68,1.95,6,7,12,17,4,3,13,11,1,4,,
comp_8814,LaLiga,2026-04-12,07:00,Osasuna,Real Betis,1,1,1-1,finished,31,,thestatsapi,1.45,0.41,6,3,12,8,4,3,14,12,3,4,,
comp_8814,LaLiga,2026-04-11,14:00,Sevilla,Atlético Madrid,2,1,2-1,finished,31,,thestatsapi,1.85,0.84,6,6,11,13,2,2,7,12,4,4,,
comp_8814,LaLiga,2026-04-11,11:30,Barcelona,Espanyol,4,1,4-1,finished,31,,thestatsapi,2.81,1.17,7,5,20,10,10,2,10,18,3,6,,
comp_8814,LaLiga,2026-04-11,09:15,Elche,Valencia,1,0,1-0,finished,31,,thestatsapi,0.59,2.54,5,9,8,22,2,8,15,18,1,1,,
comp_8814,LaLiga,2026-04-11,07:00,Real Sociedad,Deportivo Alavés,3,3,3-3,finished,31,,thestatsapi,0.94,1.13,9,5,12,12,4,2,11,18,2,4,1,0
comp_8814,LaLiga,2026-04-10,14:00,Real Madrid,Girona FC,1,1,1-1,finished,31,,thestatsapi,2.3,0.52,10,1,22,10,9,2,9,13,2,1,,
comp_8814,LaLiga,2026-04-06,14:00,Girona FC,Villarreal,1,0,1-0,finished,30,,thestatsapi,0.48,0.59,7,4,10,9,2,0,8,9,2,2,,
comp_8814,LaLiga,2026-04-05,14:00,Deportivo Alavés,Osasuna,2,2,2-2,finished,30,,thestatsapi,2.04,1.3,7,1,18,8,6,5,7,17,2,5,0,1
comp_8814,LaLiga,2026-04-05,11:30,Real Oviedo,Sevilla,1,0,1-0,finished,30,,thestatsapi,0.61,0.65,5,9,7,9,4,0,11,12,5,3,0,1
comp_8814,LaLiga,2026-04-05,09:15,Valencia,Celta Vigo,2,3,2-3,finished,30,,thestatsapi,0.81,1.04,6,0,13,9,4,5,14,21,1,3,,
comp_8814,LaLiga,2026-04-05,07:00,Getafe,Athletic Club,2,0,2-0,finished,30,,thestatsapi,2.15,0.49,4,3,10,5,6,0,11,11,3,1,,
comp_8814,LaLiga,2026-04-04,14:00,Atlético Madrid,Barcelona,1,2,1-2,finished,30,,thestatsapi,0.92,2.22,1,9,6,22,2,8,15,11,6,2,1,1
comp_8814,LaLiga,2026-04-04,11:30,Real Betis,Espanyol,0,0,0-0,finished,30,,thestatsapi,1.59,0.2,4,3,19,8,6,1,12,18,1,3,,
comp_8814,LaLiga,2026-04-04,09:15,Mallorca,Real Madrid,2,1,2-1,finished,30,,thestatsapi,1.22,1.27,6,4,6,15,2,6,16,13,3,2,,
comp_8814,LaLiga,2026-04-04,07:00,Real Sociedad,Levante UD,2,0,2-0,finished,30,,thestatsapi,2.72,0.28,11,5,18,8,5,4,11,15,2,3,,
comp_8814,LaLiga,2026-04-03,14:00,Rayo Vallecano,Elche,1,0,1-0,finished,30,,thestatsapi,1.37,0.44,9,4,21,9,5,4,17,9,0,4,0,1
comp_8814,LaLiga,2026-03-22,15:00,Real Madrid,Atlético Madrid,3,2,3-2,finished,29,final,thestatsapi,2.42,1,4,1,17,13,10,7,2,15,1,4,1,0
comp_8814,LaLiga,2026-03-22,12:30,Athletic Club,Real Betis,2,1,2-1,finished,29,final,thestatsapi,1.25,0.48,6,5,11,11,6,3,10,6,1,1,,
comp_8814,LaLiga,2026-03-22,10:15,Celta Vigo,Deportivo Alavés,3,4,3-4,finished,29,final,thestatsapi,1.82,1.73,4,1,12,14,5,6,13,16,2,2,,
comp_8814,LaLiga,2026-03-22,08:00,Barcelona,Rayo Vallecano,1,0,1-0,finished,29,final,thestatsapi,1.36,1.83,6,9,15,8,4,4,12,11,3,4,,
comp_8814,LaLiga,2026-03-21,15:00,Sevilla,Valencia,0,2,0-2,finished,29,final,thestatsapi,0.43,1.81,1,3,13,9,2,4,13,6,2,1,,
comp_8814,LaLiga,2026-03-21,12:30,Levante UD,Real Oviedo,4,2,4-2,finished,29,final,thestatsapi,1.82,1.34,3,1,20,10,8,2,17,18,2,3,,
comp_8814,LaLiga,2026-03-21,12:30,Osasuna,Girona FC,1,0,1-0,finished,29,final,thestatsapi,1.9,0.22,6,2,19,5,11,0,18,7,2,1,,
comp_8814,LaLiga,2026-03-21,10:15,Espanyol,Getafe,1,2,1-2,finished,29,final,thestatsapi,1.73,1.75,12,9,15,10,5,5,14,20,2,7,,
comp_8814,LaLiga,2026-03-21,08:00,Elche,Mallorca,2,1,2-1,finished,29,final,thestatsapi,1.56,1.47,2,2,13,11,4,4,12,11,2,3,,
comp_8814,LaLiga,2026-03-20,15:00,Villarreal,Real Sociedad,3,1,3-1,finished,29,final,thestatsapi,3.51,1.18,4,5,21,11,10,4,10,11,0,2,,
comp_8814,LaLiga,2026-03-16,15:00,Rayo Vallecano,Levante UD,1,1,1-1,finished,28,semi_final,thestatsapi,1.73,1.24,5,6,18,19,4,5,10,13,3,5,1,0
comp_8814,LaLiga,2026-03-15,15:00,Real Sociedad,Osasuna,3,1,3-1,finished,28,semi_final,thestatsapi,1.97,0.48,3,5,15,13,6,5,16,11,3,0,,
comp_8814,LaLiga,2026-03-15,12:30,Real Betis,Celta Vigo,1,1,1-1,finished,28,semi_final,thestatsapi,1.49,0.56,3,4,19,7,6,3,11,16,2,3,,
comp_8814,LaLiga,2026-03-15,10:15,Barcelona,Sevilla,5,2,5-2,finished,28,semi_final,thestatsapi,3.36,0.83,3,4,13,9,8,4,5,14,0,1,,
comp_8814,LaLiga,2026-03-15,08:00,Mallorca,Espanyol,2,1,2-1,finished,28,semi_final,thestatsapi,2.03,1.3,5,6,26,10,12,2,11,14,3,3,0,1
comp_8814,LaLiga,2026-03-14,15:00,Real Madrid,Elche,4,1,4-1,finished,28,semi_final,thestatsapi,1.25,0.84,5,4,14,11,6,1,11,21,1,3,,
comp_8814,LaLiga,2026-03-14,12:30,Real Oviedo,Valencia,1,0,1-0,finished,28,semi_final,thestatsapi,0.87,0.55,4,7,11,13,6,2,12,11,3,2,,
comp_8814,LaLiga,2026-03-14,10:15,Atlético Madrid,Getafe,1,0,1-0,finished,28,semi_final,thestatsapi,1.48,1.18,10,3,16,7,5,3,11,11,3,3,0,1
comp_8814,LaLiga,2026-03-14,08:00,Girona FC,Athletic Club,3,0,3-0,finished,28,semi_final,thestatsapi,1.52,1.76,2,9,14,20,6,9,8,16,0,2,,
comp_8814,LaLiga,2026-03-13,15:00,Deportivo Alavés,Villarreal,1,1,1-1,finished,28,semi_final,thestatsapi,0.21,0.54,5,2,8,10,0,4,19,11,4,1,,
comp_8814,LaLiga,2026-03-09,15:00,Espanyol,Real Oviedo,1,1,1-1,finished,27,quarter_final,thestatsapi,1.78,0.87,8,0,28,6,9,3,19,13,3,2,,
comp_8814,LaLiga,2026-03-08,15:00,Valencia,Deportivo Alavés,3,2,3-2,finished,27,quarter_final,thestatsapi,2.63,1.33,10,2,19,10,8,4,9,17,1,6,0,2
comp_8814,LaLiga,2026-03-08,12:30,Sevilla,Rayo Vallecano,1,1,1-1,finished,27,quarter_final,thestatsapi,1.05,0.31,6,2,11,9,2,2,13,15,1,3,,
comp_8814,LaLiga,2026-03-08,10:15,Getafe,Real Betis,2,0,2-0,finished,27,quarter_final,thestatsapi,0.37,1.11,3,8,9,14,5,5,19,8,3,2,,
comp_8814,LaLiga,2026-03-08,08:00,Villarreal,Elche,2,1,2-1,finished,27,quarter_final,thestatsapi,1.62,1.29,4,6,16,13,7,6,11,16,1,2,,
comp_8814,LaLiga,2026-03-07,15:00,Athletic Club,Barcelona,0,1,0-1,finished,27,quarter_final,thestatsapi,0.86,0.45,2,4,10,7,3,2,11,9,2,1,,
comp_8814,LaLiga,2026-03-07,12:30,Atlético Madrid,Real Sociedad,3,2,3-2,finished,27,quarter_final,thestatsapi,2.29,0.41,8,1,24,7,9,3,6,10,1,1,,
comp_8814,LaLiga,2026-03-07,10:15,Levante UD,Girona FC,1,1,1-1,finished,27,quarter_final,thestatsapi,0.67,2.03,2,3,14,22,4,5,15,9,2,2,1,0
comp_8814,LaLiga,2026-03-07,08:00,Osasuna,Mallorca,2,2,2-2,finished,27,quarter_final,thestatsapi,2.46,1.08,8,0,22,8,5,4,11,12,2,5,1,1
comp_8814,LaLiga,2026-03-06,15:00,Celta Vigo,Real Madrid,1,2,1-2,finished,27,quarter_final,thestatsapi,1.05,0.87,1,6,8,14,4,3,4,12,1,2,,
comp_8814,LaLiga,2026-03-04,13:00,Rayo Vallecano,Real Oviedo,3,0,3-0,finished,23,,thestatsapi,2.45,0.99,12,2,19,8,7,2,10,10,0,2,,
comp_8814,LaLiga,2026-03-02,15:00,Real Madrid,Getafe,0,1,0-1,finished,26,,thestatsapi,1.57,0.49,10,2,18,9,7,3,11,17,4,6,1,1
comp_8814,LaLiga,2026-03-01,15:00,Girona FC,Celta Vigo,1,2,1-2,finished,26,,thestatsapi,1.63,0.6,10,6,15,6,7,5,9,8,2,2,,
comp_8814,LaLiga,2026-03-01,12:30,Real Betis,Sevilla,2,2,2-2,finished,26,,thestatsapi,1.58,0.94,4,3,9,14,2,6,12,15,3,3,,
comp_8814,LaLiga,2026-03-01,10:15,Valencia,Osasuna,1,0,1-0,finished,26,,thestatsapi,1.67,0.31,5,4,14,8,1,0,14,13,3,3,,
comp_8814,LaLiga,2026-03-01,08:00,Elche,Espanyol,2,2,2-2,finished,26,,thestatsapi,1.9,0.73,3,1,17,9,9,4,14,23,1,6,0,1
comp_8814,LaLiga,2026-02-28,15:00,Real Oviedo,Atlético Madrid,0,1,0-1,finished,26,,thestatsapi,1.1,0.97,8,3,16,12,6,1,12,6,2,2,,
comp_8814,LaLiga,2026-02-28,12:30,Mallorca,Real Sociedad,0,1,0-1,finished,26,,thestatsapi,0.66,0.46,3,7,6,12,1,2,6,22,0,2,,
comp_8814,LaLiga,2026-02-28,10:15,Barcelona,Villarreal,4,1,4-1,finished,26,,thestatsapi,2.96,1.29,3,2,19,6,8,1,11,9,2,1,,
comp_8814,LaLiga,2026-02-28,08:00,Rayo Vallecano,Athletic Club,1,1,1-1,finished,26,,thestatsapi,1.33,0.54,5,4,15,8,7,2,8,17,2,3,,
comp_8814,LaLiga,2026-02-27,15:00,Levante UD,Deportivo Alavés,2,0,2-0,finished,26,,thestatsapi,2.48,1.31,10,6,22,17,5,7,14,16,1,6,0,1
comp_8814,LaLiga,2026-02-23,15:00,Deportivo Alavés,Girona FC,2,2,2-2,finished,25,,thestatsapi,1.87,2.22,7,6,17,10,6,5,18,6,2,2,,
comp_8814,LaLiga,2026-02-22,15:00,Villarreal,Valencia,2,1,2-1,finished,25,,thestatsapi,2.06,1.55,5,4,12,8,5,3,7,16,2,4,,
comp_8814,LaLiga,2026-02-22,12:30,Celta Vigo,Mallorca,2,0,2-0,finished,25,,thestatsapi,2.58,0.04,7,2,20,1,7,0,11,10,1,5,,
comp_8814,LaLiga,2026-02-22,10:15,Barcelona,Levante UD,3,0,3-0,finished,25,,thestatsapi,2.92,0.53,13,6,22,5,9,2,12,10,2,1,,
comp_8814,LaLiga,2026-02-22,08:00,Getafe,Sevilla,0,1,0-1,finished,25,,thestatsapi,0.32,0.28,2,2,6,6,3,1,5,18,1,1,1,0
comp_8814,LaLiga,2026-02-21,15:00,Atlético Madrid,Espanyol,4,2,4-2,finished,25,,thestatsapi,2.89,1.06,5,3,18,8,9,2,8,10,0,1,,
comp_8814,LaLiga,2026-02-21,12:30,Osasuna,Real Madrid,2,1,2-1,finished,25,,thestatsapi,2.05,1.69,3,7,13,15,2,5,19,10,2,4,,
comp_8814,LaLiga,2026-02-21,10:15,Real Betis,Rayo Vallecano,1,1,1-1,finished,25,,thestatsapi,1.83,0.83,3,5,14,12,3,3,14,13,4,3,,
comp_8814,LaLiga,2026-02-21,08:00,Real Sociedad,Real Oviedo,3,3,3-3,finished,25,,thestatsapi,2,1.68,7,6,15,14,8,6,13,16,2,1,,
comp_8814,LaLiga,2026-02-20,15:00,Athletic Club,Elche,2,1,2-1,finished,25,,thestatsapi,3.19,0.82,4,1,18,2,8,2,18,9,3,3,,
comp_8814,LaLiga,2026-02-18,14:00,Levante UD,Villarreal,0,1,0-1,finished,16,,thestatsapi,1.05,2.4,3,2,17,15,4,6,13,20,3,4,,
comp_8814,LaLiga,2026-02-16,15:00,Girona FC,Barcelona,2,1,2-1,finished,24,,thestatsapi,2.76,2.93,3,7,13,27,9,4,10,6,1,2,1,0
comp_8814,LaLiga,2026-02-15,15:00,Mallorca,Real Betis,1,2,1-2,finished,24,,thestatsapi,1.01,2.12,7,3,14,17,3,8,16,10,4,3,,
comp_8814,LaLiga,2026-02-15,12:30,Levante UD,Valencia,0,2,0-2,finished,24,,thestatsapi,0.63,0.68,3,2,9,5,1,2,11,10,3,2,1,0
comp_8814,LaLiga,2026-02-15,10:15,Rayo Vallecano,Atlético Madrid,3,0,3-0,finished,24,,thestatsapi,1.56,1.1,4,8,13,9,9,4,10,13,1,3,,
comp_8814,LaLiga,2026-02-15,08:00,Real Oviedo,Athletic Club,1,2,1-2,finished,24,,thestatsapi,0.36,1.2,2,3,7,13,1,4,8,20,2,3,,
comp_8814,LaLiga,2026-02-14,15:00,Real Madrid,Real Sociedad,4,1,4-1,finished,24,,thestatsapi,3.1,1.67,4,6,11,13,5,3,10,9,1,1,,
comp_8814,LaLiga,2026-02-14,12:30,Sevilla,Deportivo Alavés,1,1,1-1,finished,24,,thestatsapi,0.27,1.06,0,3,4,12,2,1,16,13,5,0,2,0
comp_8814,LaLiga,2026-02-14,10:15,Getafe,Villarreal,2,1,2-1,finished,24,,thestatsapi,1.48,0.68,3,4,5,8,2,2,21,17,2,3,,
comp_8814,LaLiga,2026-02-14,08:00,Espanyol,Celta Vigo,2,2,2-2,finished,24,,thestatsapi,0.71,2.74,2,2,9,14,3,5,9,11,1,0,,
comp_8814,LaLiga,2026-02-13,15:00,Elche,Osasuna,0,0,0-0,finished,24,,thestatsapi,2,0.77,10,3,17,6,5,2,13,18,2,4,,
comp_8814,LaLiga,2026-02-09,15:00,Villarreal,Espanyol,4,1,4-1,finished,23,,thestatsapi,0.76,0.43,5,8,10,9,3,2,18,11,3,3,,
comp_8814,LaLiga,2026-02-08,15:00,Valencia,Real Madrid,0,2,0-2,finished,23,,thestatsapi,0.44,1.03,5,8,7,11,0,6,10,13,1,1,,
comp_8814,LaLiga,2026-02-08,12:30,Atlético Madrid,Real Betis,0,1,0-1,finished,23,,thestatsapi,0.66,0.94,7,3,10,8,5,4,12,3,3,1,,
comp_8814,LaLiga,2026-02-08,10:15,Sevilla,Girona FC,1,1,1-1,finished,23,,thestatsapi,0.81,2.45,5,7,11,15,3,6,16,13,3,3,,
comp_8814,LaLiga,2026-02-08,10:15,Athletic Club,Levante UD,4,2,4-2,finished,23,,thestatsapi,2.09,0.5,4,3,22,6,7,3,17,10,2,1,0,1
comp_8814,LaLiga,2026-02-08,08:00,Deportivo Alavés,Getafe,0,2,0-2,finished,23,,thestatsapi,2.02,1.9,6,3,13,17,5,5,20,20,2,4,,
comp_8814,LaLiga,2026-02-07,15:00,Real Sociedad,Elche,3,1,3-1,finished,23,,thestatsapi,2.59,1.18,2,4,11,11,3,5,14,8,0,4,,
comp_8814,LaLiga,2026-02-07,10:15,Barcelona,Mallorca,3,0,3-0,finished,23,,thestatsapi,2.63,0.8,12,3,24,9,7,4,7,9,,,,
comp_8814,LaLiga,2026-02-06,15:00,Celta Vigo,Osasuna,1,2,1-2,finished,23,,thestatsapi,2.16,0.66,7,3,18,8,4,2,9,14,2,2,,
comp_8814,LaLiga,2026-02-02,15:00,Mallorca,Sevilla,4,1,4-1,finished,22,,thestatsapi,2.63,0.84,4,8,11,15,7,5,16,8,1,1,,
comp_8814,LaLiga,2026-02-01,15:00,Athletic Club,Real Sociedad,1,1,1-1,finished,22,,thestatsapi,1.07,1.83,6,3,19,8,4,6,14,14,4,2,0,1
comp_8814,LaLiga,2026-02-01,12:30,Getafe,Celta Vigo,0,0,0-0,finished,22,,thestatsapi,0.35,0.18,5,3,9,5,2,1,16,14,1,2,,
comp_8814,LaLiga,2026-02-01,10:15,Real Betis,Valencia,2,1,2-1,finished,22,,thestatsapi,1.82,1.89,3,5,14,15,2,4,15,13,0,3,,
comp_8814,LaLiga,2026-02-01,08:00,Real Madrid,Rayo Vallecano,2,1,2-1,finished,22,,thestatsapi,2.14,0.96,9,4,16,11,6,4,6,18,2,8,0,2
comp_8814,LaLiga,2026-01-31,15:00,Elche,Barcelona,1,3,1-3,finished,22,,thestatsapi,1,6.24,2,8,9,30,3,8,15,9,2,1,,
comp_8814,LaLiga,2026-01-31,12:30,Levante UD,Atlético Madrid,0,0,0-0,finished,22,,thestatsapi,0.37,0.9,4,7,10,10,2,4,11,12,2,1,,
comp_8814,LaLiga,2026-01-31,10:15,Osasuna,Villarreal,2,2,2-2,finished,22,,thestatsapi,1.12,0.92,6,2,15,5,5,4,15,7,2,2,,
comp_8814,LaLiga,2026-01-31,08:00,Real Oviedo,Girona FC,1,0,1-0,finished,22,,thestatsapi,1.34,0.61,4,4,8,9,4,1,12,16,1,1,,
comp_8814,LaLiga,2026-01-30,15:00,Espanyol,Deportivo Alavés,1,2,1-2,finished,22,,thestatsapi,0.69,1.24,4,2,10,11,3,7,15,15,0,1,,
comp_8814,LaLiga,2026-01-26,15:00,Girona FC,Getafe,1,1,1-1,finished,21,,thestatsapi,0.93,0.8,3,4,13,8,4,2,13,15,5,3,,
comp_8814,LaLiga,2026-01-25,15:00,Deportivo Alavés,Real Betis,2,1,2-1,finished,21,,thestatsapi,1.27,1.38,6,4,17,18,9,4,17,11,1,1,,
comp_8814,LaLiga,2026-01-25,12:30,Real Sociedad,Celta Vigo,3,1,3-1,finished,21,,thestatsapi,1.61,1.22,2,9,10,17,4,4,7,13,1,1,1,0
comp_8814,LaLiga,2026-01-25,10:15,Barcelona,Real Oviedo,3,0,3-0,finished,21,,thestatsapi,2.32,0.46,10,1,15,12,7,3,8,21,1,2,,
comp_8814,LaLiga,2026-01-25,08:00,Atlético Madrid,Mallorca,3,0,3-0,finished,21,,thestatsapi,1.48,0.46,10,3,17,6,8,1,10,7,2,1,,
comp_8814,LaLiga,2026-01-24,15:00,Villarreal,Real Madrid,0,2,0-2,finished,21,,thestatsapi,0.58,1.58,6,6,8,14,1,4,19,10,3,1,,
comp_8814,LaLiga,2026-01-24,12:30,Sevilla,Athletic Club,2,1,2-1,finished,21,,thestatsapi,2.09,1.74,5,5,10,15,7,3,16,12,2,1,,
comp_8814,LaLiga,2026-01-24,10:15,Valencia,Espanyol,3,2,3-2,finished,21,,thestatsapi,2.55,1.35,2,7,10,16,5,6,13,10,1,5,,
comp_8814,LaLiga,2026-01-24,08:00,Rayo Vallecano,Osasuna,1,3,1-3,finished,21,,thestatsapi,0.78,1.18,4,3,11,14,4,5,12,15,2,2,,
comp_8814,LaLiga,2026-01-23,15:00,Levante UD,Elche,3,2,3-2,finished,21,,thestatsapi,2.63,0.65,9,1,26,6,6,3,13,13,2,3,,
comp_8814,LaLiga,2026-01-19,15:00,Elche,Sevilla,2,2,2-2,finished,20,,thestatsapi,1.62,2.82,9,7,10,25,5,8,11,12,3,1,,
comp_8814,LaLiga,2026-01-18,15:00,Real Sociedad,Barcelona,2,1,2-1,finished,20,,thestatsapi,1.01,3.69,6,8,7,25,6,9,13,8,3,3,1,0
comp_8814,LaLiga,2026-01-18,12:30,Celta Vigo,Rayo Vallecano,3,0,3-0,finished,20,,thestatsapi,1.87,1.18,5,7,11,14,7,3,7,14,4,3,0,1
comp_8814,LaLiga,2026-01-18,10:15,Atlético Madrid,Deportivo Alavés,1,0,1-0,finished,20,,thestatsapi,1.63,0.85,6,6,23,8,6,0,13,5,1,1,,
comp_8814,LaLiga,2026-01-18,08:00,Getafe,Valencia,0,1,0-1,finished,20,,thestatsapi,0.62,1.02,9,3,14,7,3,1,8,18,2,3,0,1
comp_8814,LaLiga,2026-01-17,15:00,Real Betis,Villarreal,2,0,2-0,finished,20,,thestatsapi,1.22,0.99,2,3,15,9,6,3,14,13,3,2,0,1
comp_8814,LaLiga,2026-01-17,12:30,Osasuna,Real Oviedo,3,2,3-2,finished,20,,thestatsapi,1.37,1.34,3,6,16,13,5,5,14,15,1,4,1,0
comp_8814,LaLiga,2026-01-17,10:15,Mallorca,Athletic Club,3,2,3-2,finished,20,,thestatsapi,2.79,2.11,3,7,17,21,9,11,10,10,1,5,0,2
comp_8814,LaLiga,2026-01-17,08:00,Real Madrid,Levante UD,2,0,2-0,finished,20,,thestatsapi,2.88,0.8,8,0,26,10,11,0,12,14,2,1,,
comp_8814,LaLiga,2026-01-16,15:00,Espanyol,Girona FC,0,2,0-2,finished,20,,thestatsapi,1.24,1.9,5,4,14,7,2,4,17,17,5,5,,
comp_8814,LaLiga,2026-01-12,15:00,Sevilla,Celta Vigo,0,1,0-1,finished,19,,thestatsapi,0.27,1.63,6,1,7,9,2,7,16,16,3,3,,
comp_8814,LaLiga,2026-01-11,10:15,Levante UD,Espanyol,1,1,1-1,finished,19,,thestatsapi,1.11,1.36,4,3,8,19,2,3,10,9,0,1,,
comp_8814,LaLiga,2026-01-11,08:00,Rayo Vallecano,Mallorca,2,1,2-1,finished,19,,thestatsapi,2.37,0.72,6,5,14,9,5,2,14,14,1,5,1,0
comp_8814,LaLiga,2026-01-10,15:00,Valencia,Elche,1,1,1-1,finished,19,,thestatsapi,1.96,0.16,8,6,16,5,4,1,14,14,2,3,,
comp_8814,LaLiga,2026-01-10,12:30,Girona FC,Osasuna,1,0,1-0,finished,19,,thestatsapi,0.65,1.41,2,1,8,12,4,0,14,13,2,6,1,0
comp_8814,LaLiga,2026-01-10,10:15,Villarreal,Deportivo Alavés,3,1,3-1,finished,19,,thestatsapi,1.5,0.94,1,6,11,16,4,5,10,14,0,2,,
comp_8814,LaLiga,2026-01-10,08:00,Real Oviedo,Real Betis,1,1,1-1,finished,19,,thestatsapi,1.24,2.24,5,2,13,15,3,6,15,8,3,1,,
comp_8814,LaLiga,2026-01-09,15:00,Getafe,Real Sociedad,1,2,1-2,finished,19,,thestatsapi,0.24,1.11,2,4,6,12,3,5,17,17,2,1,,
comp_8814,LaLiga,2026-01-04,15:00,Real Sociedad,Atlético Madrid,1,1,1-1,finished,18,,thestatsapi,1.73,1.25,6,6,18,10,8,2,11,13,3,2,,
comp_8814,LaLiga,2026-01-04,12:30,Mallorca,Girona FC,1,2,1-2,finished,18,,thestatsapi,1.26,1.51,3,6,9,9,2,4,10,14,2,1,,
comp_8814,LaLiga,2026-01-04,12:30,Deportivo Alavés,Real Oviedo,1,1,1-1,finished,18,,thestatsapi,1.5,2.04,6,7,18,18,7,6,11,20,3,3,1,1
comp_8814,LaLiga,2026-01-04,10:15,Real Madrid,Real Betis,5,1,5-1,finished,18,,thestatsapi,2.94,1.06,5,8,19,13,9,5,10,12,1,1,,
comp_8814,LaLiga,2026-01-04,08:00,Sevilla,Levante UD,0,3,0-3,finished,18,,thestatsapi,1.7,1.03,5,1,15,6,7,4,16,10,3,4,,
comp_8814,LaLiga,2026-01-03,15:00,Espanyol,Barcelona,0,2,0-2,finished,18,,thestatsapi,1.43,1.67,5,7,14,15,7,6,10,14,1,0,,
comp_8814,LaLiga,2026-01-03,12:30,Elche,Villarreal,1,3,1-3,finished,18,,thestatsapi,1.31,1.52,6,2,15,12,2,4,8,11,3,3,,
comp_8814,LaLiga,2026-01-03,10:15,Osasuna,Athletic Club,1,1,1-1,finished,18,,thestatsapi,0.67,1.46,1,9,11,16,4,6,12,19,3,3,,
comp_8814,LaLiga,2026-01-03,08:00,Celta Vigo,Valencia,4,1,4-1,finished,18,,thestatsapi,2.7,1.94,2,4,12,16,6,5,10,9,1,3,,
comp_8814,LaLiga,2026-01-02,15:00,Rayo Vallecano,Getafe,1,1,1-1,finished,18,,thestatsapi,0.89,0.77,3,2,13,12,4,4,13,10,3,4,,
comp_8814,LaLiga,2025-12-22,15:00,Athletic Club,Espanyol,1,2,1-2,finished,17,,thestatsapi,1.59,0.9,8,4,17,10,7,5,8,5,5,2,,
comp_8814,LaLiga,2025-12-21,15:00,Real Betis,Getafe,4,0,4-0,finished,17,,thestatsapi,3.31,1.39,7,5,19,15,8,3,13,12,0,1,,
comp_8814,LaLiga,2025-12-21,12:30,Elche,Rayo Vallecano,4,0,4-0,finished,17,,thestatsapi,2.4,0.92,4,5,18,18,6,8,15,11,2,3,,
comp_8814,LaLiga,2025-12-21,10:15,Villarreal,Barcelona,0,2,0-2,finished,17,,thestatsapi,1.66,2.72,5,10,14,19,5,5,10,8,1,1,1,0
comp_8814,LaLiga,2025-12-21,08:00,Girona FC,Atlético Madrid,0,3,0-3,finished,17,,thestatsapi,1.06,0.9,3,4,9,14,2,6,7,14,2,0,,
comp_8814,LaLiga,2025-12-20,15:00,Real Madrid,Sevilla,2,0,2-0,finished,17,,thestatsapi,2.33,1.56,6,5,18,14,8,5,13,19,2,5,0,1
comp_8814,LaLiga,2025-12-20,12:30,Osasuna,Deportivo Alavés,3,0,3-0,finished,17,,thestatsapi,2.21,0.57,9,0,16,7,7,3,16,11,2,2,,
comp_8814,LaLiga,2025-12-20,10:15,Levante UD,Real Sociedad,1,1,1-1,finished,17,,thestatsapi,1.29,1.38,7,10,13,18,3,6,16,13,6,2,,
comp_8814,LaLiga,2025-12-20,08:00,Real Oviedo,Celta Vigo,0,0,0-0,finished,17,,thestatsapi,0.63,0.66,4,3,10,6,3,2,14,7,2,1,,
comp_8814,LaLiga,2025-12-19,15:00,Valencia,Mallorca,1,1,1-1,finished,17,,thestatsapi,1.42,0.19,12,3,17,4,2,2,10,12,2,3,,
comp_8814,LaLiga,2025-12-15,15:00,Rayo Vallecano,Real Betis,0,0,0-0,finished,16,,thestatsapi,1.55,0.76,8,3,23,13,7,6,10,7,4,1,,
comp_8814,LaLiga,2025-12-14,15:00,Deportivo Alavés,Real Madrid,1,2,1-2,finished,16,,thestatsapi,1.36,1.83,5,7,6,13,2,6,12,13,3,1,,
comp_8814,LaLiga,2025-12-14,10:15,Celta Vigo,Athletic Club,2,0,2-0,finished,16,,thestatsapi,1.4,1.62,1,4,5,14,2,2,11,13,3,2,,
comp_8814,LaLiga,2025-12-14,08:00,Sevilla,Real Oviedo,4,0,4-0,finished,16,,thestatsapi,2.03,0.64,5,3,13,4,7,1,11,12,1,2,0,1
comp_8814,LaLiga,2025-12-13,15:00,Getafe,Espanyol,0,1,0-1,finished,16,,thestatsapi,0.26,0.5,6,4,11,6,1,4,18,17,5,1,,
comp_8814,LaLiga,2025-12-13,12:30,Barcelona,Osasuna,2,0,2-0,finished,16,,thestatsapi,2.41,0.37,14,1,24,3,7,2,5,8,0,3,,
comp_8814,LaLiga,2025-12-13,10:15,Mallorca,Elche,3,1,3-1,finished,16,,thestatsapi,2.44,0.29,1,1,15,9,8,0,13,13,3,0,,
comp_8814,LaLiga,2025-12-13,08:00,Atlético Madrid,Valencia,2,1,2-1,finished,16,,thestatsapi,1.01,1.17,5,7,10,13,6,2,13,11,3,1,,
comp_8814,LaLiga,2025-12-12,15:00,Real Sociedad,Girona FC,1,2,1-2,finished,16,,thestatsapi,0.95,1.43,4,3,9,14,4,3,20,5,1,2,,
comp_8814,LaLiga,2025-12-08,15:00,Osasuna,Levante UD,2,0,2-0,finished,15,,thestatsapi,0.81,0.46,3,3,14,11,6,5,15,7,2,2,,
comp_8814,LaLiga,2025-12-07,15:00,Real Madrid,Celta Vigo,0,2,0-2,finished,15,,thestatsapi,2.29,1.55,8,1,23,7,7,5,6,12,6,1,3,0
comp_8814,LaLiga,2025-12-07,12:30,Espanyol,Rayo Vallecano,1,0,1-0,finished,15,,thestatsapi,1.33,0.25,6,2,9,6,2,2,19,22,4,8,1,1
comp_8814,LaLiga,2025-12-07,10:15,Valencia,Sevilla,1,1,1-1,finished,15,,thestatsapi,1.19,0.32,2,2,11,4,3,1,12,18,3,6,,
comp_8814,LaLiga,2025-12-07,08:00,Elche,Girona FC,3,0,3-0,finished,15,,thestatsapi,2.03,0.94,2,2,11,8,6,4,18,13,0,3,,
comp_8814,LaLiga,2025-12-06,15:00,Athletic Club,Atlético Madrid,1,0,1-0,finished,15,,thestatsapi,1.15,0.69,5,6,14,7,3,3,9,12,3,2,,
comp_8814,LaLiga,2025-12-06,12:30,Real Betis,Barcelona,3,5,3-5,finished,15,,thestatsapi,2.51,2.83,7,7,17,16,5,8,14,9,4,2,,
comp_8814,LaLiga,2025-12-06,10:15,Deportivo Alavés,Real Sociedad,1,0,1-0,finished,15,,thestatsapi,1.39,1.17,5,8,14,10,3,1,20,16,2,2,,
comp_8814,LaLiga,2025-12-06,08:00,Villarreal,Getafe,2,0,2-0,finished,15,,thestatsapi,0.61,0.22,5,3,10,6,5,0,19,15,2,4,0,1
comp_8814,LaLiga,2025-12-05,15:00,Real Oviedo,Mallorca,0,0,0-0,finished,15,,thestatsapi,1.11,0.77,8,5,15,13,3,6,14,12,2,1,2,0
comp_8814,LaLiga,2025-12-03,13:00,Athletic Club,Real Madrid,0,3,0-3,finished,19,,thestatsapi,0.84,2.21,5,7,9,13,4,8,15,4,2,0,,
comp_8814,LaLiga,2025-12-02,15:00,Barcelona,Atlético Madrid,3,1,3-1,finished,19,,thestatsapi,3.6,0.98,5,4,19,7,6,2,12,9,1,1,,
comp_8814,LaLiga,2025-12-01,15:00,Rayo Vallecano,Valencia,1,1,1-1,finished,14,,thestatsapi,1.3,0.71,10,5,19,10,7,2,11,9,1,1,,
comp_8814,LaLiga,2025-11-30,15:00,Girona FC,Real Madrid,1,1,1-1,finished,14,,thestatsapi,0.79,2.53,2,5,10,25,4,4,9,13,3,0,,
comp_8814,LaLiga,2025-11-30,12:30,Celta Vigo,Espanyol,0,1,0-1,finished,14,,thestatsapi,0.63,0.38,4,3,11,9,4,2,12,15,1,2,,
comp_8814,LaLiga,2025-11-30,10:15,Sevilla,Real Betis,0,2,0-2,finished,14,,thestatsapi,0.37,1.17,6,4,9,9,3,4,14,22,2,3,1,0
comp_8814,LaLiga,2025-11-30,08:00,Real Sociedad,Villarreal,2,3,2-3,finished,14,,thestatsapi,1.02,1.51,8,2,18,10,7,5,15,18,4,8,,
comp_8814,LaLiga,2025-11-29,15:00,Atlético Madrid,Real Oviedo,2,0,2-0,finished,14,,thestatsapi,1.93,0.93,7,2,14,12,8,1,5,8,0,1,,
comp_8814,LaLiga,2025-11-29,12:30,Levante UD,Athletic Club,0,2,0-2,finished,14,,thestatsapi,1.29,2.95,4,2,11,14,4,4,11,19,3,2,,
comp_8814,LaLiga,2025-11-29,10:15,Barcelona,Deportivo Alavés,3,1,3-1,finished,14,,thestatsapi,2.24,1.59,5,4,18,9,6,2,10,17,2,3,,
comp_8814,LaLiga,2025-11-29,08:00,Mallorca,Osasuna,2,2,2-2,finished,14,,thestatsapi,1.49,1.09,2,8,7,14,4,2,10,15,3,4,,
comp_8814,LaLiga,2025-11-28,15:00,Getafe,Elche,1,0,1-0,finished,14,,thestatsapi,1.06,0.51,3,5,15,9,6,4,18,11,2,2,,
comp_8814,LaLiga,2025-11-24,15:00,Espanyol,Sevilla,2,1,2-1,finished,13,,thestatsapi,1.06,1.75,4,13,8,22,5,6,18,7,4,1,,
comp_8814,LaLiga,2025-11-23,15:00,Elche,Real Madrid,2,2,2-2,finished,13,,thestatsapi,1.44,3.49,2,8,15,20,6,7,10,8,4,1,1,0
comp_8814,LaLiga,2025-11-23,12:30,Getafe,Atlético Madrid,0,1,0-1,finished,13,,thestatsapi,0.69,1.13,6,7,9,13,1,6,9,17,2,3,,
comp_8814,LaLiga,2025-11-23,10:15,Real Betis,Girona FC,1,1,1-1,finished,13,,thestatsapi,1.45,1.46,8,0,23,11,7,4,10,16,3,4,1,0
comp_8814,LaLiga,2025-11-23,08:00,Real Oviedo,Rayo Vallecano,0,0,0-0,finished,13,,thestatsapi,0.43,0.95,5,6,8,11,3,3,11,13,1,2,1,1
comp_8814,LaLiga,2025-11-22,15:00,Villarreal,Mallorca,2,1,2-1,finished,13,,thestatsapi,2.23,1.02,3,1,14,9,7,3,17,8,2,2,,
comp_8814,LaLiga,2025-11-22,12:30,Osasuna,Real Sociedad,1,3,1-3,finished,13,,thestatsapi,1.34,1.63,3,3,14,19,4,9,13,7,3,2,1,0
comp_8814,LaLiga,2025-11-22,10:15,Barcelona,Athletic Club,4,0,4-0,finished,13,,thestatsapi,2,0.8,5,7,19,13,7,2,9,9,0,2,0,1
comp_8814,LaLiga,2025-11-22,08:00,Deportivo Alavés,Celta Vigo,0,1,0-1,finished,13,,thestatsapi,0.67,1.37,4,2,5,7,2,4,21,15,2,2,,
comp_8814,LaLiga,2025-11-21,15:00,Valencia,Levante UD,1,0,1-0,finished,13,,thestatsapi,1.4,0.75,7,0,14,7,3,0,16,15,4,3,,
comp_8814,LaLiga,2025-11-09,15:00,Celta Vigo,Barcelona,2,4,2-4,finished,12,,thestatsapi,0.58,3.31,2,5,5,21,3,9,13,10,1,5,0,1
comp_8814,LaLiga,2025-11-09,12:30,Mallorca,Getafe,1,0,1-0,finished,12,,thestatsapi,1.17,0.85,1,14,6,14,4,3,15,8,0,2,,
comp_8814,LaLiga,2025-11-09,12:30,Valencia,Real Betis,1,1,1-1,finished,12,,thestatsapi,1.94,1.6,7,2,17,9,4,2,13,10,3,3,,
comp_8814,LaLiga,2025-11-09,10:15,Rayo Vallecano,Real Madrid,0,0,0-0,finished,12,,thestatsapi,1.2,0.98,5,8,13,21,2,5,17,7,3,2,,
comp_8814,LaLiga,2025-11-09,08:00,Athletic Club,Real Oviedo,1,0,1-0,finished,12,,thestatsapi,1.7,0.22,7,4,21,4,7,2,12,8,1,1,,
comp_8814,LaLiga,2025-11-08,15:00,Espanyol,Villarreal,0,2,0-2,finished,12,,thestatsapi,0.5,1.61,4,2,14,9,3,3,9,9,0,2,,
comp_8814,LaLiga,2025-11-08,12:30,Atlético Madrid,Levante UD,3,1,3-1,finished,12,,thestatsapi,2.92,1.19,21,4,25,6,10,3,5,6,3,1,,
comp_8814,LaLiga,2025-11-08,10:15,Sevilla,Osasuna,1,0,1-0,finished,12,,thestatsapi,1.7,1.29,5,6,10,9,4,3,21,13,5,3,,
comp_8814,LaLiga,2025-11-08,08:00,Girona FC,Deportivo Alavés,1,0,1-0,finished,12,,thestatsapi,0.85,1.84,6,1,10,14,2,5,9,15,0,3,,
comp_8814,LaLiga,2025-11-07,15:00,Elche,Real Sociedad,1,1,1-1,finished,12,,thestatsapi,0.8,1.36,1,3,12,13,3,5,14,15,1,3,,
comp_8814,LaLiga,2025-11-03,15:00,Real Oviedo,Osasuna,0,0,0-0,finished,11,,thestatsapi,0.63,0.71,4,2,8,11,2,5,17,17,3,1,,
comp_8814,LaLiga,2025-11-02,15:00,Real Betis,Mallorca,3,0,3-0,finished,11,,thestatsapi,2.7,0.62,4,5,15,14,8,1,9,8,0,3,,
comp_8814,LaLiga,2025-11-02,12:30,Barcelona,Elche,3,1,3-1,finished,11,,thestatsapi,1.94,0.71,6,3,17,9,5,3,12,16,0,1,,
comp_8814,LaLiga,2025-11-02,10:15,Deportivo Alavés,Espanyol,2,1,2-1,finished,11,,thestatsapi,1.43,1.18,1,6,13,18,4,2,15,12,4,2,1,0
comp_8814,LaLiga,2025-11-02,08:00,Levante UD,Celta Vigo,1,2,1-2,finished,11,,thestatsapi,1.2,2,4,4,9,20,3,6,10,12,2,3,1,0
comp_8814,LaLiga,2025-11-01,15:00,Real Madrid,Valencia,4,0,4-0,finished,11,,thestatsapi,2.8,0.46,7,1,21,4,11,1,14,7,1,1,,
comp_8814,LaLiga,2025-11-01,12:30,Real Sociedad,Athletic Club,3,2,3-2,finished,11,,thestatsapi,1.52,0.83,6,2,9,11,5,4,20,8,2,3,,
comp_8814,LaLiga,2025-11-01,10:15,Atlético Madrid,Sevilla,3,0,3-0,finished,11,,thestatsapi,3.53,0.46,9,4,15,10,6,2,9,12,0,3,,
comp_8814,LaLiga,2025-11-01,08:00,Villarreal,Rayo Vallecano,4,0,4-0,finished,11,,thestatsapi,3.02,1.02,3,5,16,13,7,3,7,11,1,1,,
comp_8814,LaLiga,2025-10-31,15:00,Getafe,Girona FC,2,1,2-1,finished,11,,thestatsapi,1.38,1.27,8,3,12,8,4,4,16,14,1,1,,
comp_8814,LaLiga,2025-10-27,15:00,Real Betis,Atlético Madrid,0,2,0-2,finished,10,,thestatsapi,1.07,0.6,2,5,17,9,5,4,9,18,2,1,,
comp_8814,LaLiga,2025-10-26,15:00,Rayo Vallecano,Deportivo Alavés,1,0,1-0,finished,10,,thestatsapi,1.18,0.84,7,5,15,12,5,2,13,11,1,3,,
comp_8814,LaLiga,2025-10-26,12:30,Osasuna,Celta Vigo,2,3,2-3,finished,10,,thestatsapi,2.31,1.96,5,2,17,11,7,5,10,13,3,4,,
comp_8814,LaLiga,2025-10-26,10:15,Real Madrid,Barcelona,2,1,2-1,finished,10,,thestatsapi,3.63,1.03,12,4,23,15,10,6,12,9,5,5,1,1
comp_8814,LaLiga,2025-10-26,08:00,Mallorca,Levante UD,1,1,1-1,finished,10,,thestatsapi,1.58,2.08,5,4,20,13,4,5,8,13,3,2,,
comp_8814,LaLiga,2025-10-25,14:00,Valencia,Villarreal,0,2,0-2,finished,10,,thestatsapi,0.8,2.18,7,5,15,12,3,5,13,14,2,4,,
comp_8814,LaLiga,2025-10-25,11:30,Athletic Club,Getafe,0,1,0-1,finished,10,,thestatsapi,0.39,0.93,1,5,7,8,4,3,15,14,1,3,1,0
comp_8814,LaLiga,2025-10-25,09:15,Espanyol,Elche,1,0,1-0,finished,10,,thestatsapi,1.93,0.86,4,2,16,13,7,4,14,15,4,2,,
comp_8814,LaLiga,2025-10-25,07:00,Girona FC,Real Oviedo,3,3,3-3,finished,10,,thestatsapi,2.03,1.79,11,4,8,10,6,5,13,16,4,3,,
comp_8814,LaLiga,2025-10-24,14:00,Real Sociedad,Sevilla,2,1,2-1,finished,10,,thestatsapi,1.61,0.23,1,9,5,6,3,1,19,14,1,3,,
comp_8814,LaLiga,2025-10-20,14:00,Deportivo Alavés,Valencia,0,0,0-0,finished,9,,thestatsapi,0.74,0.45,,,,,,,,,,,,
comp_8814,LaLiga,2025-10-19,14:00,Getafe,Real Madrid,0,1,0-1,finished,9,,thestatsapi,0.48,1.96,1,4,7,23,1,10,27,11,4,1,2,0
comp_8814,LaLiga,2025-10-19,11:30,Levante UD,Rayo Vallecano,0,3,0-3,finished,9,,thestatsapi,0.91,1.55,11,4,17,10,4,5,,,0,1,,
comp_8814,LaLiga,2025-10-19,09:15,Celta Vigo,Real Sociedad,1,1,1-1,finished,9,,thestatsapi,0.95,1.55,1,10,4,17,1,7,,,4,3,1,0
comp_8814,LaLiga,2025-10-19,07:00,Elche,Athletic Club,0,0,0-0,finished,9,,thestatsapi,1.08,0.25,6,2,15,4,5,1,,,2,3,,
comp_8814,LaLiga,2025-10-18,14:00,Atlético Madrid,Osasuna,1,0,1-0,finished,9,,thestatsapi,2.58,1.14,4,2,18,9,9,2,10,11,1,3,,
comp_8814,LaLiga,2025-10-18,11:30,Villarreal,Real Betis,2,2,2-2,finished,9,,thestatsapi,0.66,1.18,5,6,7,16,3,3,13,10,1,1,,
comp_8814,LaLiga,2025-10-18,09:15,Barcelona,Girona FC,2,1,2-1,finished,9,,thestatsapi,1.61,1.55,11,5,27,11,9,4,,,1,2,,
comp_8814,LaLiga,2025-10-18,07:00,Sevilla,Mallorca,1,3,1-3,finished,9,,thestatsapi,1.26,1.85,9,2,13,7,4,6,16,13,2,1,,
comp_8814,LaLiga,2025-10-17,14:00,Real Oviedo,Espanyol,0,2,0-2,finished,9,,thestatsapi,0.77,3.74,3,5,13,19,4,10,,,2,1,,
comp_8814,LaLiga,2025-10-05,14:00,Celta Vigo,Atlético Madrid,1,1,1-1,finished,8,,thestatsapi,1.92,0.3,6,3,18,6,4,1,7,10,1,3,0,1
comp_8814,LaLiga,2025-10-05,11:30,Real Sociedad,Rayo Vallecano,0,1,0-1,finished,8,,thestatsapi,0.79,0.8,7,5,10,7,3,2,13,21,1,2,,
comp_8814,LaLiga,2025-10-05,11:30,Espanyol,Real Betis,1,2,1-2,finished,8,,thestatsapi,2.24,1.33,10,5,14,12,5,3,16,4,2,6,,
comp_8814,LaLiga,2025-10-05,09:15,Sevilla,Barcelona,4,1,4-1,finished,8,,thestatsapi,2.8,2.25,7,6,13,17,5,8,18,9,7,5,,
comp_8814,LaLiga,2025-10-05,07:00,Deportivo Alavés,Elche,3,1,3-1,finished,8,,thestatsapi,2.42,0.38,14,4,25,6,5,3,13,9,3,1,0,1
comp_8814,LaLiga,2025-10-04,14:00,Real Madrid,Villarreal,3,1,3-1,finished,8,,thestatsapi,3.52,1,4,0,26,9,7,2,9,14,2,4,0,1
comp_8814,LaLiga,2025-10-04,11:30,Athletic Club,Mallorca,2,1,2-1,finished,8,,thestatsapi,2.05,0.32,7,2,18,6,5,2,16,13,4,6,0,1
comp_8814,LaLiga,2025-10-04,09:15,Girona FC,Valencia,2,1,2-1,finished,8,,thestatsapi,1.02,1.21,0,7,4,19,4,6,13,12,5,1,2,0
comp_8814,LaLiga,2025-10-04,07:00,Real Oviedo,Levante UD,0,2,0-2,finished,8,,thestatsapi,1.31,1.94,9,3,13,14,2,5,10,10,2,2,,
comp_8814,LaLiga,2025-10-03,14:00,Osasuna,Getafe,2,1,2-1,finished,8,,thestatsapi,0.43,0.85,1,6,7,6,3,2,11,14,1,4,,
comp_8814,LaLiga,2025-09-30,13:00,Valencia,Real Oviedo,1,2,1-2,finished,7,,thestatsapi,1.51,0.77,5,4,16,10,5,4,14,12,1,4,0,1
comp_8814,LaLiga,2025-09-28,14:00,Real Betis,Osasuna,2,0,2-0,finished,7,,thestatsapi,0.66,0.75,5,5,12,12,6,1,6,7,0,1,,
comp_8814,LaLiga,2025-09-28,11:30,Barcelona,Real Sociedad,2,1,2-1,finished,7,,thestatsapi,2.21,0.97,12,1,22,7,12,2,6,12,1,2,,
comp_8814,LaLiga,2025-09-28,09:15,Elche,Celta Vigo,2,1,2-1,finished,7,,thestatsapi,3.58,0.77,7,2,17,8,8,2,12,20,3,3,,
comp_8814,LaLiga,2025-09-28,07:00,Rayo Vallecano,Sevilla,0,1,0-1,finished,7,,thestatsapi,1.89,0.63,12,4,18,4,6,1,11,15,3,2,1,0
comp_8814,LaLiga,2025-09-27,14:00,Villarreal,Athletic Club,1,0,1-0,finished,7,,thestatsapi,1.22,1.44,6,5,14,16,5,4,13,11,2,0,,
comp_8814,LaLiga,2025-09-27,11:30,Mallorca,Deportivo Alavés,1,0,1-0,finished,7,,thestatsapi,0.74,0.78,4,8,12,12,3,3,14,18,2,3,,
comp_8814,LaLiga,2025-09-27,09:15,Atlético Madrid,Real Madrid,5,2,5-2,finished,7,,thestatsapi,2.34,0.66,7,2,13,6,7,2,17,14,5,4,,
comp_8814,LaLiga,2025-09-27,07:00,Getafe,Levante UD,1,1,1-1,finished,7,,thestatsapi,0.55,1.24,6,2,11,11,4,3,15,16,4,3,,
comp_8814,LaLiga,2025-09-26,14:00,Girona FC,Espanyol,0,0,0-0,finished,7,,thestatsapi,1.08,1.08,8,4,12,20,3,5,9,11,0,1,,
comp_8814,LaLiga,2025-09-25,14:30,Real Oviedo,Barcelona,1,3,1-3,finished,6,,thestatsapi,1.04,2.07,,,,,,,,,,,,
comp_8814,LaLiga,2025-09-25,12:30,Osasuna,Elche,1,1,1-1,finished,6,,thestatsapi,0.9,0.82,,,,,,,,,,,,
comp_8814,LaLiga,2025-09-24,14:30,Real Sociedad,Mallorca,1,0,1-0,finished,6,,thestatsapi,2.76,0.76,11,2,17,7,4,3,13,15,2,2,,
comp_8814,LaLiga,2025-09-24,14:30,Atlético Madrid,Rayo Vallecano,3,2,3-2,finished,6,,thestatsapi,3.61,1.6,8,6,20,9,8,3,6,12,3,5,,
comp_8814,LaLiga,2025-09-24,12:00,Getafe,Deportivo Alavés,1,1,1-1,finished,6,,thestatsapi,0.24,0.57,2,7,7,10,1,4,14,20,2,3,,
comp_8814,LaLiga,2025-09-23,14:30,Sevilla,Villarreal,1,2,1-2,finished,6,,thestatsapi,0.97,1.95,3,3,16,12,2,5,17,14,2,3,,
comp_8814,LaLiga,2025-09-23,14:30,Levante UD,Real Madrid,1,4,1-4,finished,6,,thestatsapi,1.6,3.94,1,7,11,24,2,10,17,9,1,1,,
comp_8814,LaLiga,2025-09-23,12:00,Espanyol,Valencia,2,2,2-2,finished,6,,thestatsapi,2.5,0.74,8,3,21,5,10,2,9,9,1,4,,
comp_8814,LaLiga,2025-09-23,12:00,Athletic Club,Girona FC,1,1,1-1,finished,6,,thestatsapi,1.41,0.68,8,1,17,6,5,3,19,15,0,2,,
comp_8814,LaLiga,2025-09-21,14:00,Barcelona,Getafe,3,0,3-0,finished,5,,thestatsapi,1.97,0.27,3,2,16,3,7,2,9,16,2,4,,
comp_8814,LaLiga,2025-09-21,11:30,Elche,Real Oviedo,1,0,1-0,finished,5,,thestatsapi,1.55,1.09,3,3,15,12,5,4,9,18,2,2,,
comp_8814,LaLiga,2025-09-21,09:15,Mallorca,Atlético Madrid,1,1,1-1,finished,5,,thestatsapi,0.6,2.26,3,6,8,12,3,7,14,6,,,0,1
comp_8814,LaLiga,2025-09-21,07:00,Rayo Vallecano,Celta Vigo,1,1,1-1,finished,5,,thestatsapi,0.99,0.81,5,7,15,9,5,5,8,10,1,1,,
comp_8814,LaLiga,2025-09-20,14:00,Valencia,Athletic Club,2,0,2-0,finished,5,,thestatsapi,1.88,0.49,5,6,13,11,5,5,13,6,1,1,0,1
comp_8814,LaLiga,2025-09-20,11:30,Villarreal,Osasuna,2,1,2-1,finished,5,,thestatsapi,2.55,1.8,7,0,26,6,8,3,10,11,2,3,0,1
comp_8814,LaLiga,2025-09-20,11:30,Deportivo Alavés,Sevilla,1,2,1-2,finished,5,,thestatsapi,0.95,0.48,4,4,8,9,5,3,20,19,1,7,,
comp_8814,LaLiga,2025-09-20,09:15,Real Madrid,Espanyol,2,0,2-0,finished,5,,thestatsapi,1.18,0.96,5,3,16,8,5,1,10,20,2,0,,
comp_8814,LaLiga,2025-09-20,07:00,Girona FC,Levante UD,0,4,0-4,finished,5,,thestatsapi,0.5,2.88,5,4,7,14,1,7,11,17,4,3,2,0
comp_8814,LaLiga,2025-09-19,14:00,Real Betis,Real Sociedad,3,1,3-1,finished,5,,thestatsapi,2.25,0.67,3,5,21,11,6,5,7,20,3,7,,
comp_8814,LaLiga,2025-09-15,14:00,Espanyol,Mallorca,3,2,3-2,finished,4,,thestatsapi,2.51,2.17,3,9,9,24,3,10,9,16,2,1,1,0
comp_8814,LaLiga,2025-09-14,14:00,Barcelona,Valencia,6,0,6-0,finished,4,,thestatsapi,3.35,0.18,5,4,24,2,10,1,9,8,0,1,,
comp_8814,LaLiga,2025-09-14,11:30,Osasuna,Rayo Vallecano,2,0,2-0,finished,4,,thestatsapi,1.77,1.04,3,6,9,19,7,6,13,7,3,2,,
comp_8814,LaLiga,2025-09-14,09:15,Levante UD,Real Betis,2,2,2-2,finished,4,,thestatsapi,0.73,2.12,4,12,5,28,2,9,16,11,4,2,,
comp_8814,LaLiga,2025-09-14,07:00,Celta Vigo,Girona FC,1,1,1-1,finished,4,,thestatsapi,2.5,0.64,10,3,21,13,7,8,7,9,0,3,,
comp_8814,LaLiga,2025-09-13,14:00,Atlético Madrid,Villarreal,2,0,2-0,finished,4,,thestatsapi,1.17,0.97,8,3,8,8,3,1,12,15,2,4,,
comp_8814,LaLiga,2025-09-13,11:30,Athletic Club,Deportivo Alavés,0,1,0-1,finished,4,,thestatsapi,1.08,0.09,6,6,12,4,3,2,17,21,4,3,,
comp_8814,LaLiga,2025-09-13,09:15,Real Sociedad,Real Madrid,1,2,1-2,finished,4,,thestatsapi,2.23,2.42,12,4,23,16,4,6,17,7,2,1,0,1
comp_8814,LaLiga,2025-09-13,07:00,Getafe,Real Oviedo,2,0,2-0,finished,4,,thestatsapi,0.75,0.46,4,3,10,5,3,1,12,18,2,5,0,1
comp_8814,LaLiga,2025-09-12,14:00,Sevilla,Elche,2,2,2-2,finished,4,,thestatsapi,0.38,0.95,2,2,7,5,3,2,23,19,4,3,,
comp_8814,LaLiga,2025-08-31,14:30,Rayo Vallecano,Barcelona,1,1,1-1,finished,3,,thestatsapi,1.85,1.83,9,4,12,12,6,3,16,8,4,1,,
comp_8814,LaLiga,2025-08-31,12:30,Espanyol,Osasuna,1,0,1-0,finished,3,,thestatsapi,1.06,1.35,2,3,10,10,4,3,13,14,2,3,,
comp_8814,LaLiga,2025-08-31,12:00,Real Betis,Athletic Club,1,2,1-2,finished,3,,thestatsapi,0.62,1.11,4,10,9,15,2,6,9,16,1,4,0,1
comp_8814,LaLiga,2025-08-31,10:00,Celta Vigo,Villarreal,1,1,1-1,finished,3,,thestatsapi,0.68,1.15,1,5,10,8,2,3,11,8,1,1,,
comp_8814,LaLiga,2025-08-30,14:30,Real Madrid,Mallorca,2,1,2-1,finished,3,,thestatsapi,1.82,0.72,4,5,17,9,7,5,12,7,2,0,,
comp_8814,LaLiga,2025-08-30,12:30,Girona FC,Sevilla,0,2,0-2,finished,3,,thestatsapi,2.12,1.26,11,3,20,13,5,4,5,14,0,1,,
comp_8814,LaLiga,2025-08-30,12:00,Real Oviedo,Real Sociedad,1,0,1-0,finished,3,,thestatsapi,0.45,1.1,1,10,8,18,1,6,7,18,2,1,,
comp_8814,LaLiga,2025-08-30,10:00,Deportivo Alavés,Atlético Madrid,1,1,1-1,finished,3,,thestatsapi,0.92,1.09,1,6,5,15,2,6,10,17,2,3,,
comp_8814,LaLiga,2025-08-29,14:30,Valencia,Getafe,3,0,3-0,finished,3,,thestatsapi,1.13,0.66,8,6,7,11,4,1,18,7,2,0,,
comp_8814,LaLiga,2025-08-29,12:30,Elche,Levante UD,2,0,2-0,finished,3,,thestatsapi,1.11,1.01,4,2,16,11,5,1,14,17,1,2,,
comp_8814,LaLiga,2025-08-27,14:00,Celta Vigo,Real Betis,1,1,1-1,finished,6,,thestatsapi,0.83,0.33,10,4,14,7,5,2,13,11,1,2,,
comp_8814,LaLiga,2025-08-25,14:30,Sevilla,Getafe,1,2,1-2,finished,2,,thestatsapi,0.51,0.71,5,3,12,9,3,6,10,24,2,2,,
comp_8814,LaLiga,2025-08-25,12:30,Athletic Club,Rayo Vallecano,1,0,1-0,finished,2,,thestatsapi,1.51,0.29,3,6,11,6,4,1,13,13,0,4,,
comp_8814,LaLiga,2025-08-24,14:30,Real Oviedo,Real Madrid,0,3,0-3,finished,2,,thestatsapi,0.5,2.67,1,9,6,26,3,10,8,7,2,1,,
comp_8814,LaLiga,2025-08-24,12:30,Villarreal,Girona FC,5,0,5-0,finished,2,,thestatsapi,2.3,0.14,8,1,19,5,7,2,8,9,1,2,,
comp_8814,LaLiga,2025-08-24,12:30,Real Sociedad,Espanyol,2,2,2-2,finished,2,,thestatsapi,1.1,1.84,5,2,15,14,7,3,16,18,2,2,,
comp_8814,LaLiga,2025-08-24,10:00,Osasuna,Valencia,1,0,1-0,finished,2,,thestatsapi,0.83,0.41,3,4,16,4,4,1,14,13,2,1,0,1
comp_8814,LaLiga,2025-08-23,14:30,Levante UD,Barcelona,2,3,2-3,finished,2,,thestatsapi,2.14,1.93,0,11,8,26,5,10,10,8,3,1,,
comp_8814,LaLiga,2025-08-23,12:30,Atlético Madrid,Elche,1,1,1-1,finished,2,,thestatsapi,1.74,0.57,10,2,13,6,6,2,14,7,0,3,,
comp_8814,LaLiga,2025-08-23,10:00,Mallorca,Celta Vigo,1,1,1-1,finished,2,,thestatsapi,0.68,0.74,3,4,12,8,4,2,12,12,3,3,,
comp_8814,LaLiga,2025-08-22,14:30,Real Betis,Deportivo Alavés,1,0,1-0,finished,2,,thestatsapi,1.95,1.12,5,2,16,11,5,5,10,17,2,3,,
comp_8814,LaLiga,2025-08-19,14:00,Real Madrid,Osasuna,1,0,1-0,finished,1,,thestatsapi,1.64,0.36,7,0,18,2,5,0,10,12,1,0,0,1
comp_8814,LaLiga,2025-08-18,14:00,Elche,Real Betis,1,1,1-1,finished,1,,thestatsapi,0.73,1.86,1,3,6,12,2,4,14,13,0,1,,
comp_8814,LaLiga,2025-08-17,14:30,Espanyol,Atlético Madrid,2,1,2-1,finished,1,,thestatsapi,1.26,1.1,1,3,9,15,5,4,14,11,3,3,,
comp_8814,LaLiga,2025-08-17,12:30,Athletic Club,Sevilla,3,2,3-2,finished,1,,thestatsapi,2.89,1.01,10,1,14,12,3,6,8,12,0,2,,
comp_8814,LaLiga,2025-08-17,10:00,Celta Vigo,Getafe,0,2,0-2,finished,1,,thestatsapi,0.73,1.43,9,3,11,10,3,3,15,17,3,2,,
comp_8814,LaLiga,2025-08-16,14:30,Valencia,Real Sociedad,1,1,1-1,finished,1,,thestatsapi,2.04,0.81,8,7,18,13,2,3,5,11,1,2,,
comp_8814,LaLiga,2025-08-16,14:30,Deportivo Alavés,Levante UD,2,1,2-1,finished,1,,thestatsapi,1.29,0.87,10,1,15,7,4,3,15,13,0,1,,
comp_8814,LaLiga,2025-08-16,12:30,Mallorca,Barcelona,0,3,0-3,finished,1,,thestatsapi,0.21,2.14,3,6,4,24,1,8,8,17,4,1,2,0
comp_8814,LaLiga,2025-08-15,14:30,Villarreal,Real Oviedo,2,0,2-0,finished,1,,thestatsapi,2.54,0.94,10,1,25,5,10,4,10,8,1,2,0,1
comp_8814,LaLiga,2025-08-15,12:00,Girona FC,Rayo Vallecano,1,3,1-3,finished,1,,thestatsapi,0.56,3.43,2,4,7,16,2,5,8,17,0,1,1,0
comp_45025,Saudi Pro League,2026-08-14,13:00,Al-Hilal,Al-Faisaly,4,2,4-2,finished,1,,thestatsapi,4.46,1.86,7,1,16,8,5,5,18,15,0,1,,
comp_45025,Saudi Pro League,2026-08-14,13:00,Al-Ettifaq,Al-Riyadh,4,2,4-2,finished,1,,thestatsapi,2.81,0.73,7,0,21,7,12,4,11,8,2,1,0,1
comp_45025,Saudi Pro League,2026-08-14,11:50,Neom SC,Al-Fayha,2,1,2-1,finished,1,,thestatsapi,1.62,1.14,3,4,15,13,5,5,5,11,0,1,1,0
comp_45025,Saudi Pro League,2026-08-13,13:00,Al-Diraiyah Club,Al-Ahli,0,1,0-1,finished,1,,thestatsapi,1.35,0.95,8,4,18,15,3,7,8,11,2,4,,
comp_45025,Saudi Pro League,2026-08-13,13:00,Al-Shabab,Al-Qadsiah,1,3,1-3,finished,1,,thestatsapi,1.41,3.31,6,9,8,15,2,6,13,13,2,1,,
comp_45025,Saudi Pro League,2026-08-13,11:15,Abha,Al-Hazem,1,2,1-2,finished,1,,thestatsapi,0.42,1.22,5,1,10,8,6,3,10,16,2,3,,
comp_45025,Saudi Pro League,2026-05-21,13:00,Al-Riyadh,Al-Okhdood,1,0,1-0,finished,34,,thestatsapi,1.03,0.54,11,0,15,4,7,1,14,7,2,2,,
comp_45025,Saudi Pro League,2026-05-21,13:00,Neom SC,Al-Ettifaq,1,1,1-1,finished,34,,thestatsapi,1.6,0.55,4,0,14,9,3,5,11,13,1,0,,
comp_45025,Saudi Pro League,2026-05-21,13:00,Al-Nassr,Damac FC,4,1,4-1,finished,34,,thestatsapi,1.02,0.88,6,2,14,3,9,1,12,9,2,4,,
comp_45025,Saudi Pro League,2026-05-21,13:00,Al-Kholood,Al-Fateh,0,0,0-0,finished,34,,thestatsapi,1.29,0.2,7,3,13,6,6,1,9,8,0,1,,
comp_45025,Saudi Pro League,2026-05-21,13:00,Al-Ittihad,Al-Qadsiah,1,5,1-5,finished,34,,thestatsapi,1.74,4.16,5,10,12,20,3,6,16,8,3,1,,
comp_45025,Saudi Pro League,2026-05-21,13:00,Al-Hazem,Al-Taawoun,2,0,2-0,finished,34,,thestatsapi,2.74,1,9,3,20,17,8,3,14,7,2,2,,
comp_45025,Saudi Pro League,2026-05-21,13:00,Al-Fayha,Al-Hilal,0,1,0-1,finished,34,,thestatsapi,0.25,1.1,3,5,5,10,1,5,12,11,2,0,,
comp_45025,Saudi Pro League,2026-05-20,13:00,Al-Najma SC,Al-Shabab,1,0,1-0,finished,34,,thestatsapi,1.66,0.88,8,9,12,7,4,3,13,10,6,2,,
comp_45025,Saudi Pro League,2026-05-20,13:00,Al-Khaleej,Al-Ahli,1,4,1-4,finished,34,,thestatsapi,1.09,1.93,5,4,9,13,4,7,9,10,2,0,,
comp_45025,Saudi Pro League,2026-05-17,13:00,Al-Shabab,Al-Ittihad,3,2,3-2,finished,28,semi_final,thestatsapi,1.56,1.73,4,11,13,15,9,6,13,15,3,1,1,0
comp_45025,Saudi Pro League,2026-05-16,13:00,Al-Ahli,Al-Kholood,3,0,3-0,finished,33,,thestatsapi,1.55,0.72,4,2,15,4,5,2,10,5,1,1,,
comp_45025,Saudi Pro League,2026-05-16,11:05,Al-Okhdood,Al-Khaleej,3,1,3-1,finished,33,,thestatsapi,1.31,1.35,3,6,11,12,5,6,8,10,2,3,,
comp_45025,Saudi Pro League,2026-05-16,11:05,Al-Hilal,Neom SC,2,0,2-0,finished,33,,thestatsapi,2.12,0.68,6,2,11,9,7,2,19,7,2,1,,
comp_45025,Saudi Pro League,2026-05-15,13:00,Al-Taawoun,Al-Riyadh,1,1,1-1,finished,33,,thestatsapi,1.97,1.53,6,1,20,15,3,6,6,12,1,1,,
comp_45025,Saudi Pro League,2026-05-15,11:15,Damac FC,Al-Fayha,3,0,3-0,finished,33,,thestatsapi,1.44,0.24,7,6,14,7,5,1,9,12,1,1,,
comp_45025,Saudi Pro League,2026-05-14,13:00,Al-Qadsiah,Al-Hazem,2,0,2-0,finished,33,,thestatsapi,2.46,0.05,6,4,11,2,6,0,15,12,1,3,,
comp_45025,Saudi Pro League,2026-05-14,13:00,Al-Ettifaq,Al-Ittihad,1,3,1-3,finished,33,,thestatsapi,1.41,3.3,5,1,14,18,3,9,9,16,1,2,,
comp_45025,Saudi Pro League,2026-05-14,10:55,Al-Fateh,Al-Najma SC,2,0,2-0,finished,33,,thestatsapi,1.88,0.5,5,5,17,13,6,4,16,10,2,2,0,1
comp_45025,Saudi Pro League,2026-05-12,13:00,Al-Nassr,Al-Hilal,1,1,1-1,finished,32,,thestatsapi,1.36,0.91,5,3,9,7,4,4,16,11,4,3,,
comp_45025,Saudi Pro League,2026-05-12,11:20,Al-Kholood,Al-Okhdood,0,0,0-0,finished,32,,thestatsapi,0.52,0.43,4,5,14,5,2,3,8,16,2,4,,
comp_45025,Saudi Pro League,2026-05-11,13:00,Al-Taawoun,Al-Ahli,1,2,1-2,finished,32,,thestatsapi,1,0.97,7,1,15,9,4,4,13,19,2,4,,
comp_45025,Saudi Pro League,2026-05-11,11:50,Neom SC,Al-Shabab,2,1,2-1,finished,32,,thestatsapi,2.18,1.26,2,6,9,13,5,6,12,16,1,2,,
comp_45025,Saudi Pro League,2026-05-10,13:00,Al-Ittihad,Damac FC,2,1,2-1,finished,32,,thestatsapi,1.37,1.3,9,1,16,15,7,8,9,11,1,1,,
comp_45025,Saudi Pro League,2026-05-10,11:05,Al-Riyadh,Al-Fateh,1,0,1-0,finished,32,,thestatsapi,2.24,0.62,5,2,14,11,4,6,12,18,3,4,,
comp_45025,Saudi Pro League,2026-05-09,13:00,Al-Fayha,Al-Qadsiah,1,2,1-2,finished,32,,thestatsapi,1.53,1.45,3,3,12,15,5,2,11,5,1,2,,
comp_45025,Saudi Pro League,2026-05-09,11:15,Al-Najma SC,Al-Hazem,2,2,2-2,finished,32,,thestatsapi,0.62,1.66,1,7,6,17,2,6,11,12,2,3,,
comp_45025,Saudi Pro League,2026-05-09,10:55,Al-Khaleej,Al-Ettifaq,0,5,0-5,finished,32,,thestatsapi,0.42,2.74,4,4,6,19,2,15,12,13,1,2,,
comp_45025,Saudi Pro League,2026-05-07,13:00,Al-Shabab,Al-Nassr,2,4,2-4,finished,33,,thestatsapi,1.41,3.4,2,8,10,15,3,5,13,12,2,1,,
comp_45025,Saudi Pro League,2026-05-06,13:00,Al-Ahli,Al-Fateh,3,1,3-1,finished,28,semi_final,thestatsapi,4.89,1.38,2,2,20,12,9,5,9,9,0,2,,
comp_45025,Saudi Pro League,2026-05-05,13:00,Al-Khaleej,Al-Hilal,1,2,1-2,finished,28,semi_final,thestatsapi,0.57,1.79,5,8,6,22,2,10,9,13,3,3,,
comp_45025,Saudi Pro League,2026-05-04,13:00,Al-Ittihad,Al-Kholood,0,0,0-0,finished,31,,thestatsapi,1.65,0.87,6,2,13,10,5,3,13,8,2,1,,
comp_45025,Saudi Pro League,2026-05-04,13:00,Al-Ettifaq,Al-Najma SC,0,0,0-0,finished,31,,thestatsapi,2.43,1.01,7,3,21,15,5,4,9,8,1,3,,
comp_45025,Saudi Pro League,2026-05-04,11:10,Al-Fayha,Al-Riyadh,4,2,4-2,finished,31,,thestatsapi,2.15,1.47,9,6,13,25,8,7,14,8,1,0,,
comp_45025,Saudi Pro League,2026-05-03,13:00,Al-Qadsiah,Al-Nassr,3,1,3-1,finished,31,,thestatsapi,2.54,0.58,6,5,12,12,6,2,12,10,1,3,,
comp_45025,Saudi Pro League,2026-05-03,13:00,Al-Ahli,Al-Okhdood,4,0,4-0,finished,31,,thestatsapi,2.35,0.28,6,6,18,3,8,2,9,8,0,2,0,1
comp_45025,Saudi Pro League,2026-05-03,11:00,Al-Shabab,Al-Taawoun,1,5,1-5,finished,31,,thestatsapi,1.78,1.72,6,2,9,10,4,6,7,8,1,2,,
comp_45025,Saudi Pro League,2026-05-02,13:00,Al-Hazem,Al-Hilal,0,3,0-3,finished,31,,thestatsapi,1.37,3.3,6,7,15,12,5,8,6,11,3,0,,
comp_45025,Saudi Pro League,2026-05-02,11:10,Damac FC,Al-Khaleej,0,2,0-2,finished,31,,thestatsapi,0.9,1.58,4,1,15,7,5,2,9,9,1,4,,
comp_45025,Saudi Pro League,2026-05-02,10:50,Al-Fateh,Neom SC,2,2,2-2,finished,31,,thestatsapi,2.55,1.47,5,7,22,19,9,6,12,8,2,0,,
comp_45025,Saudi Pro League,2026-04-30,13:00,Al-Kholood,Al-Fayha,1,1,1-1,finished,30,,thestatsapi,1.13,0.49,4,5,5,7,1,3,11,7,1,1,,
comp_45025,Saudi Pro League,2026-04-30,11:00,Al-Okhdood,Al-Ettifaq,1,3,1-3,finished,30,,thestatsapi,2.94,2.55,5,8,19,14,6,8,14,14,0,2,,
comp_45025,Saudi Pro League,2026-04-29,13:00,Al-Nassr,Al-Ahli,2,0,2-0,finished,30,,thestatsapi,0.48,0.17,8,3,7,4,3,1,15,17,3,4,,
comp_45025,Saudi Pro League,2026-04-29,11:10,Al-Taawoun,Al-Ittihad,0,2,0-2,finished,30,,thestatsapi,1.87,0.69,9,1,19,3,4,2,4,16,1,2,,
comp_45025,Saudi Pro League,2026-04-29,11:00,Al-Riyadh,Al-Qadsiah,0,4,0-4,finished,30,,thestatsapi,1.07,4.38,3,11,8,24,1,9,16,8,2,1,,
comp_45025,Saudi Pro League,2026-04-28,13:00,Al-Khaleej,Al-Najma SC,3,1,3-1,finished,30,,thestatsapi,2.04,1.12,6,0,16,6,4,1,12,12,1,2,,
comp_45025,Saudi Pro League,2026-04-28,13:00,Al-Hilal,Damac FC,1,0,1-0,finished,30,,thestatsapi,1.77,0.14,12,2,13,4,5,1,16,10,0,1,,
comp_45025,Saudi Pro League,2026-04-28,11:45,Neom SC,Al-Hazem,1,1,1-1,finished,30,,thestatsapi,2.52,1.32,3,4,10,12,7,4,15,13,2,2,,
comp_45025,Saudi Pro League,2026-04-28,11:00,Al-Shabab,Al-Fateh,1,1,1-1,finished,30,,thestatsapi,2.17,1.48,7,7,14,13,6,3,11,14,2,1,,
comp_45025,Saudi Pro League,2026-04-24,11:10,Al-Hazem,Al-Riyadh,2,1,2-1,finished,29,final,thestatsapi,2.04,2.57,7,6,14,18,4,5,9,12,6,1,,
comp_45025,Saudi Pro League,2026-04-24,10:45,Al-Fateh,Al-Khaleej,1,0,1-0,finished,29,final,thestatsapi,1.15,0.7,3,2,13,8,4,2,13,14,3,1,,
comp_45025,Saudi Pro League,2026-04-23,13:00,Damac FC,Al-Okhdood,2,0,2-0,finished,29,final,thestatsapi,1.55,0.74,4,4,14,14,4,2,18,10,2,1,,
comp_45025,Saudi Pro League,2026-04-23,11:10,Al-Najma SC,Al-Taawoun,1,2,1-2,finished,29,final,thestatsapi,0.76,1.34,5,2,8,16,3,7,14,10,2,2,,
comp_45025,Saudi Pro League,2026-04-15,13:00,Al-Nassr,Al-Ettifaq,1,0,1-0,finished,29,final,thestatsapi,3.46,1,9,0,20,7,7,2,14,6,0,1,0,1
comp_45025,Saudi Pro League,2026-04-14,13:00,Al-Qadsiah,Al-Shabab,2,2,2-2,finished,29,final,thestatsapi,2.99,3.55,13,4,26,12,8,8,8,8,1,2,0,1
comp_45025,Saudi Pro League,2026-04-11,13:00,Al-Okhdood,Al-Nassr,0,2,0-2,finished,28,semi_final,thestatsapi,0.09,3.15,2,6,5,20,0,7,6,13,2,2,,
comp_45025,Saudi Pro League,2026-04-11,11:05,Al-Hazem,Al-Fayha,2,0,2-0,finished,28,semi_final,thestatsapi,1.7,1.12,2,10,16,15,7,3,8,13,4,2,,
comp_45025,Saudi Pro League,2026-04-11,11:00,Al-Taawoun,Al-Kholood,1,2,1-2,finished,28,semi_final,thestatsapi,1.83,1.02,3,0,17,6,3,4,18,20,5,6,,
comp_45025,Saudi Pro League,2026-04-11,11:00,Al-Najma SC,Neom SC,2,1,2-1,finished,28,semi_final,thestatsapi,0.55,2.35,3,22,6,33,4,4,12,7,1,2,1,0
comp_45025,Saudi Pro League,2026-04-09,13:00,Al-Ettifaq,Al-Riyadh,2,3,2-3,finished,28,semi_final,thestatsapi,1.97,1.91,6,7,13,19,5,7,12,11,1,2,,
comp_45025,Saudi Pro League,2026-04-09,11:00,Damac FC,Al-Qadsiah,1,1,1-1,finished,28,semi_final,thestatsapi,0.27,1.42,3,12,6,16,3,7,5,7,0,2,,
comp_45025,Saudi Pro League,2026-04-08,13:00,Al-Ittihad,Neom SC,3,4,3-4,finished,29,final,thestatsapi,2.46,2.49,6,3,11,19,5,8,13,14,2,3,,
comp_45025,Saudi Pro League,2026-04-08,13:00,Al-Hilal,Al-Kholood,6,0,6-0,finished,29,final,thestatsapi,2.91,0.88,3,8,16,9,9,1,10,7,2,2,,
comp_45025,Saudi Pro League,2026-04-08,10:55,Al-Fayha,Al-Ahli,1,1,1-1,finished,29,final,thestatsapi,1.36,1.58,2,5,7,11,3,4,5,10,0,2,,
comp_45025,Saudi Pro League,2026-04-05,13:00,Al-Riyadh,Al-Shabab,1,1,1-1,finished,27,quarter_final,thestatsapi,1.73,1.95,2,9,10,19,3,6,16,11,4,1,,
comp_45025,Saudi Pro League,2026-04-05,13:00,Al-Ettifaq,Al-Qadsiah,3,2,3-2,finished,27,quarter_final,thestatsapi,1.52,2.64,4,7,11,15,6,5,13,11,5,4,0,2
comp_45025,Saudi Pro League,2026-04-05,10:55,Al-Okhdood,Al-Fateh,1,0,1-0,finished,27,quarter_final,thestatsapi,0.44,1.25,5,7,11,10,6,5,19,17,3,1,,
comp_45025,Saudi Pro League,2026-04-04,13:00,Al-Hilal,Al-Taawoun,2,2,2-2,finished,27,quarter_final,thestatsapi,2.04,0.45,7,5,24,6,8,2,5,6,0,2,,
comp_45025,Saudi Pro League,2026-04-04,11:30,Neom SC,Al-Fayha,1,0,1-0,finished,27,quarter_final,thestatsapi,1.79,0.87,5,6,15,17,5,4,10,12,2,2,,
comp_45025,Saudi Pro League,2026-04-04,11:15,Al-Ahli,Damac FC,3,0,3-0,finished,27,quarter_final,thestatsapi,1.35,0.52,5,7,10,12,2,4,18,7,2,1,,
comp_45025,Saudi Pro League,2026-04-03,13:00,Al-Nassr,Al-Najma SC,5,2,5-2,finished,27,quarter_final,thestatsapi,4.02,0.8,4,3,24,6,10,4,9,12,2,2,,
comp_45025,Saudi Pro League,2026-04-03,11:15,Al-Ittihad,Al-Hazem,1,0,1-0,finished,27,quarter_final,thestatsapi,1.46,0.91,5,9,13,19,6,6,8,20,0,2,1,0
comp_45025,Saudi Pro League,2026-04-03,11:00,Al-Kholood,Al-Khaleej,2,2,2-2,finished,27,quarter_final,thestatsapi,1.03,1.69,2,7,6,16,4,3,12,11,3,2,,
comp_45025,Saudi Pro League,2026-03-14,14:00,Al-Shabab,Al-Okhdood,2,0,2-0,finished,26,,thestatsapi,3.94,0.37,9,4,27,4,7,3,13,11,2,2,,
comp_45025,Saudi Pro League,2026-03-14,14:00,Al-Khaleej,Al-Nassr,0,5,0-5,finished,26,,thestatsapi,1.15,2.65,2,8,8,22,3,15,11,18,1,2,,
comp_45025,Saudi Pro League,2026-03-14,14:00,Al-Fateh,Al-Hilal,0,1,0-1,finished,26,,thestatsapi,0.61,1.31,3,7,11,17,4,5,6,17,1,2,,
comp_45025,Saudi Pro League,2026-03-13,14:00,Al-Riyadh,Al-Ittihad,3,1,3-1,finished,26,,thestatsapi,3.83,1.62,4,10,12,14,8,3,3,6,1,0,,
comp_45025,Saudi Pro League,2026-03-13,14:00,Al-Qadsiah,Al-Ahli,3,2,3-2,finished,26,,thestatsapi,0.59,1.8,5,4,10,12,3,5,17,20,4,5,,
comp_45025,Saudi Pro League,2026-03-13,14:00,Al-Fayha,Al-Ettifaq,1,0,1-0,finished,26,,thestatsapi,0.79,0.68,1,7,9,12,2,3,12,11,1,0,,
comp_45025,Saudi Pro League,2026-03-12,14:00,Neom SC,Al-Taawoun,2,2,2-2,finished,26,,thestatsapi,1.24,0.7,5,2,17,14,7,6,11,8,3,4,,
comp_45025,Saudi Pro League,2026-03-12,14:00,Al-Najma SC,Damac FC,1,3,1-3,finished,26,,thestatsapi,0.74,1.53,8,4,13,16,5,5,6,14,1,5,,
comp_45025,Saudi Pro League,2026-03-12,14:00,Al-Hazem,Al-Kholood,2,1,2-1,finished,26,,thestatsapi,2.1,0.96,6,5,11,7,3,4,12,6,3,1,,
comp_45025,Saudi Pro League,2026-03-07,14:00,Al-Nassr,Neom SC,1,0,1-0,finished,25,,thestatsapi,2.85,0.74,8,1,25,6,10,2,15,12,3,2,,
comp_45025,Saudi Pro League,2026-03-07,14:00,Al-Okhdood,Al-Fayha,0,5,0-5,finished,25,,thestatsapi,0.18,2.48,3,5,8,18,2,8,4,8,2,1,,
comp_45025,Saudi Pro League,2026-03-07,14:00,Al-Kholood,Al-Qadsiah,1,4,1-4,finished,25,,thestatsapi,0.98,2.24,4,7,7,17,1,4,7,10,1,2,,
comp_45025,Saudi Pro League,2026-03-07,14:00,Al-Ettifaq,Al-Shabab,1,1,1-1,finished,25,,thestatsapi,0.41,2.07,1,6,6,18,3,8,13,10,3,2,,
comp_45025,Saudi Pro League,2026-03-06,14:00,Al-Ahli,Al-Ittihad,3,1,3-1,finished,25,,thestatsapi,2.01,1.07,2,4,12,8,5,2,15,18,2,3,,
comp_45025,Saudi Pro League,2026-03-06,14:00,Al-Taawoun,Al-Fateh,3,2,3-2,finished,25,,thestatsapi,2.97,1.07,5,2,14,8,7,3,15,15,0,1,,
comp_45025,Saudi Pro League,2026-03-06,14:00,Al-Hilal,Al-Najma SC,4,0,4-0,finished,25,,thestatsapi,2.77,0.02,9,1,21,1,6,1,12,6,,,0,1
comp_45025,Saudi Pro League,2026-03-06,14:00,Al-Khaleej,Al-Hazem,2,1,2-1,finished,25,,thestatsapi,1.39,0.5,4,5,12,10,4,4,13,16,3,2,,
comp_45025,Saudi Pro League,2026-03-05,14:00,Damac FC,Al-Riyadh,3,0,3-0,finished,25,,thestatsapi,1.23,0.82,6,9,14,15,4,4,12,5,4,1,,
comp_45025,Saudi Pro League,2026-02-28,14:00,Neom SC,Al-Kholood,1,2,1-2,finished,24,,thestatsapi,1.03,0.81,6,3,11,10,4,5,9,9,3,1,1,0
comp_45025,Saudi Pro League,2026-02-28,14:00,Al-Qadsiah,Al-Taawoun,1,1,1-1,finished,24,,thestatsapi,1.77,0.08,14,0,15,2,4,1,18,15,2,1,,
comp_45025,Saudi Pro League,2026-02-28,14:00,Al-Najma SC,Al-Okhdood,1,3,1-3,finished,24,,thestatsapi,1.19,2.23,3,2,16,5,3,4,15,18,4,3,,
comp_45025,Saudi Pro League,2026-02-28,14:00,Al-Fayha,Al-Nassr,1,3,1-3,finished,24,,thestatsapi,0.09,3.32,3,5,4,19,0,7,13,13,3,1,,
comp_45025,Saudi Pro League,2026-02-27,14:00,Al-Shabab,Al-Hilal,3,5,3-5,finished,24,,thestatsapi,0.84,1.76,2,4,12,14,7,7,11,8,1,3,,
comp_45025,Saudi Pro League,2026-02-27,14:00,Al-Ittihad,Al-Khaleej,1,0,1-0,finished,24,,thestatsapi,1,0.44,6,7,12,10,5,4,12,12,3,3,,
comp_45025,Saudi Pro League,2026-02-27,14:00,Al-Hazem,Al-Ettifaq,3,1,3-1,finished,24,,thestatsapi,1.54,1.02,3,3,16,8,7,3,12,11,2,0,0,1
comp_45025,Saudi Pro League,2026-02-26,14:00,Al-Riyadh,Al-Ahli,0,1,0-1,finished,24,,thestatsapi,1.23,1.51,0,6,13,15,0,6,12,15,1,0,,
comp_45025,Saudi Pro League,2026-02-26,14:00,Al-Fateh,Damac FC,1,1,1-1,finished,24,,thestatsapi,2.13,0.18,3,4,9,6,5,2,20,17,2,4,0,1
comp_45025,Saudi Pro League,2026-02-25,14:00,Al-Najma SC,Al-Nassr,0,5,0-5,finished,10,,thestatsapi,0.24,2.81,2,9,3,16,0,7,8,15,2,2,,
comp_45025,Saudi Pro League,2026-02-25,14:00,Al-Fayha,Neom SC,1,1,1-1,finished,10,,thestatsapi,0.44,1.16,7,3,9,14,3,5,8,13,1,1,,
comp_45025,Saudi Pro League,2026-02-24,14:00,Al-Hazem,Al-Ittihad,1,1,1-1,finished,10,,thestatsapi,1.07,0.75,3,2,13,10,4,3,11,16,2,3,,
comp_45025,Saudi Pro League,2026-02-24,14:00,Al-Taawoun,Al-Hilal,1,1,1-1,finished,10,,thestatsapi,1.44,1.87,1,8,6,20,2,4,7,12,4,1,,
comp_45025,Saudi Pro League,2026-02-24,14:00,Al-Khaleej,Al-Kholood,2,3,2-3,finished,10,,thestatsapi,1.88,1.66,9,4,16,13,5,4,8,10,1,4,,
comp_45025,Saudi Pro League,2026-02-23,14:00,Al-Fateh,Al-Okhdood,2,1,2-1,finished,10,,thestatsapi,2.95,0.49,7,3,26,10,11,3,18,11,5,3,,
comp_45025,Saudi Pro League,2026-02-23,14:00,Damac FC,Al-Ahli,0,1,0-1,finished,10,,thestatsapi,0.35,0.75,5,3,13,4,4,1,11,22,3,4,,
comp_45025,Saudi Pro League,2026-02-23,14:00,Al-Qadsiah,Al-Ettifaq,4,0,4-0,finished,10,,thestatsapi,3.95,0.34,3,0,22,2,10,0,17,11,2,5,0,1
comp_45025,Saudi Pro League,2026-02-23,14:00,Al-Shabab,Al-Riyadh,3,1,3-1,finished,10,,thestatsapi,2.73,2.05,5,9,15,26,7,7,7,9,,,,
comp_45025,Saudi Pro League,2026-02-21,14:00,Al-Khaleej,Neom SC,0,1,0-1,finished,23,,thestatsapi,0.09,1.58,4,7,3,14,0,8,11,13,2,1,1,0
comp_45025,Saudi Pro League,2026-02-21,14:00,Al-Nassr,Al-Hazem,4,0,4-0,finished,23,,thestatsapi,2.87,0.48,3,5,16,5,12,2,13,7,2,2,,
comp_45025,Saudi Pro League,2026-02-21,14:00,Al-Hilal,Al-Ittihad,1,1,1-1,finished,23,,thestatsapi,2.43,0.77,4,3,21,7,10,3,11,7,0,2,0,1
comp_45025,Saudi Pro League,2026-02-20,14:00,Damac FC,Al-Shabab,1,3,1-3,finished,23,,thestatsapi,1.86,0.92,6,7,18,9,5,4,8,13,1,3,,
comp_45025,Saudi Pro League,2026-02-20,14:00,Al-Taawoun,Al-Fayha,2,3,2-3,finished,23,,thestatsapi,2.76,0.81,6,3,14,6,3,3,10,13,3,2,,
comp_45025,Saudi Pro League,2026-02-20,14:00,Al-Okhdood,Al-Qadsiah,2,4,2-4,finished,23,,thestatsapi,0.85,3.73,1,7,7,22,4,8,6,17,0,3,,
comp_45025,Saudi Pro League,2026-02-19,14:00,Al-Kholood,Al-Riyadh,0,2,0-2,finished,23,,thestatsapi,0.84,1.22,8,2,13,10,5,2,16,13,1,3,,
comp_45025,Saudi Pro League,2026-02-19,14:00,Al-Ettifaq,Al-Fateh,4,3,4-3,finished,23,,thestatsapi,2.32,1.86,4,7,13,15,5,8,17,18,5,3,,
comp_45025,Saudi Pro League,2026-02-19,14:00,Al-Ahli,Al-Najma SC,4,1,4-1,finished,23,,thestatsapi,3.32,0.54,15,0,14,7,9,3,9,12,0,4,0,1
comp_45025,Saudi Pro League,2026-02-14,12:30,Al-Fateh,Al-Nassr,0,2,0-2,finished,22,,thestatsapi,0.85,1.32,8,4,11,16,4,4,10,17,1,2,,
comp_45025,Saudi Pro League,2026-02-14,10:35,Al-Najma SC,Al-Kholood,2,1,2-1,finished,22,,thestatsapi,0.83,3.17,3,6,8,21,5,7,11,10,1,2,,
comp_45025,Saudi Pro League,2026-02-14,08:55,Al-Riyadh,Al-Khaleej,1,1,1-1,finished,22,,thestatsapi,1.59,0.67,6,2,11,9,2,3,15,10,2,0,,
comp_45025,Saudi Pro League,2026-02-13,12:30,Al-Ittihad,Al-Fayha,2,1,2-1,finished,22,,thestatsapi,0.68,0.65,7,1,15,11,4,3,13,11,0,2,,
comp_45025,Saudi Pro League,2026-02-13,10:25,Al-Hilal,Al-Ettifaq,2,0,2-0,finished,22,,thestatsapi,2.7,0.69,7,5,17,10,8,2,11,5,0,2,,
comp_45025,Saudi Pro League,2026-02-13,08:55,Al-Shabab,Al-Ahli,2,5,2-5,finished,22,,thestatsapi,1.27,3.57,4,5,6,15,2,8,11,16,0,1,,
comp_45025,Saudi Pro League,2026-02-12,12:30,Al-Qadsiah,Neom SC,1,0,1-0,finished,22,,thestatsapi,1.1,0.75,10,2,10,9,1,7,17,12,3,2,,
comp_45025,Saudi Pro League,2026-02-12,12:30,Al-Hazem,Al-Okhdood,2,1,2-1,finished,22,,thestatsapi,2.25,0.52,12,5,20,8,10,3,13,8,6,3,0,1
comp_45025,Saudi Pro League,2026-02-12,10:45,Damac FC,Al-Taawoun,2,1,2-1,finished,22,,thestatsapi,0.93,0.89,4,3,10,5,4,3,20,16,2,3,,
comp_45025,Saudi Pro League,2026-02-07,12:30,Al-Qadsiah,Al-Fateh,1,1,1-1,finished,21,,thestatsapi,,,12,1,19,5,5,1,10,14,0,2,,
comp_45025,Saudi Pro League,2026-02-07,10:30,Al-Taawoun,Al-Khaleej,1,1,1-1,finished,21,,thestatsapi,1.14,1.57,5,9,20,9,6,4,9,22,2,3,,
comp_45025,Saudi Pro League,2026-02-07,09:00,Al-Kholood,Al-Shabab,1,0,1-0,finished,21,,thestatsapi,,,5,3,6,8,2,2,11,12,2,3,,
comp_45025,Saudi Pro League,2026-02-06,12:30,Al-Nassr,Al-Ittihad,2,0,2-0,finished,21,,thestatsapi,1.91,0.11,7,6,16,5,5,1,18,8,2,4,,
comp_45025,Saudi Pro League,2026-02-06,10:00,Al-Ettifaq,Damac FC,2,0,2-0,finished,21,,thestatsapi,,,2,5,12,15,6,2,13,14,4,3,,
comp_45025,Saudi Pro League,2026-02-06,09:25,Neom SC,Al-Riyadh,1,0,1-0,finished,21,,thestatsapi,,,3,2,7,13,2,6,10,12,2,5,,
comp_45025,Saudi Pro League,2026-02-05,12:30,Al-Okhdood,Al-Hilal,0,6,0-6,finished,21,,thestatsapi,1.31,4.96,5,4,10,19,4,11,4,12,,,,
comp_45025,Saudi Pro League,2026-02-05,12:30,Al-Ahli,Al-Hazem,2,0,2-0,finished,21,,thestatsapi,2.46,0.17,13,2,17,7,9,1,13,7,3,1,,
comp_45025,Saudi Pro League,2026-02-05,10:20,Al-Fayha,Al-Najma SC,3,0,3-0,finished,21,,thestatsapi,2.34,0.32,3,4,13,7,6,3,15,14,1,3,,
comp_45025,Saudi Pro League,2026-02-03,12:30,Al-Ettifaq,Al-Taawoun,1,0,1-0,finished,20,,thestatsapi,1.2,0.97,2,5,11,17,3,4,15,8,4,1,,
comp_45025,Saudi Pro League,2026-02-03,12:30,Al-Khaleej,Al-Qadsiah,0,1,0-1,finished,20,,thestatsapi,0.93,1.71,5,9,10,18,2,4,12,13,2,3,,
comp_45025,Saudi Pro League,2026-02-03,10:40,Damac FC,Al-Kholood,0,0,0-0,finished,20,,thestatsapi,1.09,1.12,5,5,17,14,4,3,10,9,0,1,,
comp_45025,Saudi Pro League,2026-02-02,12:30,Al-Okhdood,Neom SC,1,1,1-1,finished,20,,thestatsapi,0.47,2.64,1,7,7,19,2,5,10,12,4,1,1,0
comp_45025,Saudi Pro League,2026-02-02,12:30,Al-Hilal,Al-Ahli,0,0,0-0,finished,20,,thestatsapi,0.18,0.81,3,4,6,8,2,0,10,12,2,5,0,1
comp_45025,Saudi Pro League,2026-02-02,10:15,Al-Riyadh,Al-Nassr,0,1,0-1,finished,20,,thestatsapi,0.57,1.63,7,7,5,13,0,3,10,13,3,1,1,0
comp_45025,Saudi Pro League,2026-02-01,12:30,Al-Ittihad,Al-Najma SC,1,0,1-0,finished,20,,thestatsapi,1.27,0.42,10,2,14,9,5,2,8,5,2,2,,
comp_45025,Saudi Pro League,2026-02-01,12:30,Al-Fateh,Al-Hazem,1,1,1-1,finished,20,,thestatsapi,1.51,1.81,8,3,13,10,3,6,14,26,3,3,,
comp_45025,Saudi Pro League,2026-02-01,10:15,Al-Shabab,Al-Fayha,1,0,1-0,finished,20,,thestatsapi,1.83,0.88,12,4,16,13,7,3,9,9,4,1,,
comp_45025,Saudi Pro League,2026-01-30,12:30,Neom SC,Damac FC,3,0,3-0,finished,19,,thestatsapi,2.24,1.3,8,3,14,15,9,4,19,9,2,3,,
comp_45025,Saudi Pro League,2026-01-30,12:30,Al-Kholood,Al-Nassr,0,3,0-3,finished,19,,thestatsapi,0.23,3.27,2,7,5,20,1,12,9,8,1,1,1,0
comp_45025,Saudi Pro League,2026-01-30,08:50,Al-Taawoun,Al-Okhdood,1,0,1-0,finished,19,,thestatsapi,1.75,2.05,12,3,12,18,6,3,11,14,2,3,,
comp_45025,Saudi Pro League,2026-01-29,12:30,Al-Qadsiah,Al-Hilal,2,2,2-2,finished,19,,thestatsapi,0.96,2.84,4,8,7,19,3,6,17,10,3,3,,
comp_45025,Saudi Pro League,2026-01-29,12:30,Al-Hazem,Al-Shabab,0,4,0-4,finished,19,,thestatsapi,0.24,2.74,3,7,4,17,0,7,12,11,3,1,1,0
comp_45025,Saudi Pro League,2026-01-29,10:00,Al-Fateh,Al-Ittihad,2,2,2-2,finished,19,,thestatsapi,1.79,2.22,6,8,9,19,5,6,11,8,2,0,,
comp_45025,Saudi Pro League,2026-01-28,12:30,Al-Fayha,Al-Khaleej,3,1,3-1,finished,19,,thestatsapi,0.45,1.03,3,13,6,19,2,9,10,11,0,1,,
comp_45025,Saudi Pro League,2026-01-28,12:30,Al-Ahli,Al-Ettifaq,4,0,4-0,finished,19,,thestatsapi,4.94,0.2,6,4,15,5,6,2,14,15,0,1,,
comp_45025,Saudi Pro League,2026-01-28,10:20,Al-Najma SC,Al-Riyadh,1,1,1-1,finished,19,,thestatsapi,1.57,0.37,11,2,14,5,4,2,9,11,1,0,,
comp_45025,Saudi Pro League,2026-01-26,12:30,Al-Ittihad,Al-Okhdood,2,1,2-1,finished,18,,thestatsapi,0.93,0.48,10,0,18,6,9,2,15,10,0,2,,
comp_45025,Saudi Pro League,2026-01-26,12:30,Al-Nassr,Al-Taawoun,1,0,1-0,finished,18,,thestatsapi,1.5,0.06,8,0,20,3,9,0,24,15,5,5,,
comp_45025,Saudi Pro League,2026-01-26,10:20,Al-Hazem,Damac FC,2,1,2-1,finished,18,,thestatsapi,2.12,1,5,3,8,10,3,4,10,14,2,5,,
comp_45025,Saudi Pro League,2026-01-25,12:30,Al-Riyadh,Al-Hilal,1,1,1-1,finished,18,,thestatsapi,0.42,1.61,2,6,4,13,2,4,12,7,3,2,1,0
comp_45025,Saudi Pro League,2026-01-25,12:30,Al-Fayha,Al-Fateh,2,0,2-0,finished,18,,thestatsapi,0.95,0.75,4,8,14,8,6,5,8,12,2,2,,
comp_45025,Saudi Pro League,2026-01-25,10:20,Al-Najma SC,Al-Qadsiah,1,3,1-3,finished,18,,thestatsapi,0.93,2.06,4,3,10,15,3,8,10,14,1,0,,
comp_45025,Saudi Pro League,2026-01-24,12:30,Neom SC,Al-Ahli,0,3,0-3,finished,18,,thestatsapi,0.76,2.14,1,6,10,10,2,5,11,19,2,3,1,0
comp_45025,Saudi Pro League,2026-01-24,10:20,Al-Kholood,Al-Ettifaq,1,2,1-2,finished,18,,thestatsapi,0.45,1.17,5,6,6,10,1,6,12,18,2,4,,
comp_45025,Saudi Pro League,2026-01-24,08:25,Al-Khaleej,Al-Shabab,0,0,0-0,finished,18,,thestatsapi,0.65,0.87,7,1,7,14,1,2,12,11,4,2,1,0
comp_45025,Saudi Pro League,2026-01-22,12:30,Al-Hilal,Al-Fayha,4,1,4-1,finished,17,,thestatsapi,2.24,0.9,7,1,19,9,5,2,5,5,1,1,,
comp_45025,Saudi Pro League,2026-01-22,12:30,Al-Qadsiah,Al-Ittihad,2,1,2-1,finished,17,,thestatsapi,1.91,1.42,5,3,10,9,2,5,14,9,3,2,,
comp_45025,Saudi Pro League,2026-01-22,10:15,Al-Taawoun,Al-Hazem,2,2,2-2,finished,17,,thestatsapi,1.59,1.7,7,1,5,11,4,6,9,9,1,1,,
comp_45025,Saudi Pro League,2026-01-21,12:30,Damac FC,Al-Nassr,1,2,1-2,finished,17,,thestatsapi,0.52,1.59,3,6,8,14,3,4,6,11,0,2,,
comp_45025,Saudi Pro League,2026-01-21,12:30,Al-Ettifaq,Neom SC,0,0,0-0,finished,17,,thestatsapi,0.53,0.47,4,4,8,7,2,2,16,14,3,1,,
comp_45025,Saudi Pro League,2026-01-21,10:30,Al-Okhdood,Al-Riyadh,2,2,2-2,finished,17,,thestatsapi,1.3,1.47,5,4,9,19,3,5,11,13,5,4,1,0
comp_45025,Saudi Pro League,2026-01-20,12:30,Al-Fateh,Al-Kholood,2,5,2-5,finished,17,,thestatsapi,1.48,2.05,7,2,20,11,3,6,11,19,2,3,,
comp_45025,Saudi Pro League,2026-01-20,12:30,Al-Ahli,Al-Khaleej,4,1,4-1,finished,17,,thestatsapi,2.78,0.39,10,0,16,5,9,1,15,17,3,3,,
comp_45025,Saudi Pro League,2026-01-20,10:05,Al-Shabab,Al-Najma SC,0,0,0-0,finished,17,,thestatsapi,1.53,0.37,9,5,20,8,6,2,8,12,0,3,,
comp_45025,Saudi Pro League,2026-01-18,12:30,Neom SC,Al-Hilal,1,2,1-2,finished,16,,thestatsapi,0.93,2.44,5,7,12,16,5,8,9,11,1,2,,
comp_45025,Saudi Pro League,2026-01-18,12:30,Al-Riyadh,Al-Taawoun,1,3,1-3,finished,16,,thestatsapi,1.56,3.56,8,2,22,12,4,9,16,13,2,5,0,1
comp_45025,Saudi Pro League,2026-01-18,10:15,Al-Hazem,Al-Qadsiah,1,5,1-5,finished,16,,thestatsapi,0.54,2.62,2,3,13,14,3,5,12,6,2,1,,
comp_45025,Saudi Pro League,2026-01-17,12:30,Al-Nassr,Al-Shabab,3,2,3-2,finished,16,,thestatsapi,1.72,0.48,7,5,14,7,5,3,12,12,2,3,0,1
comp_45025,Saudi Pro League,2026-01-17,10:10,Al-Kholood,Al-Ahli,0,1,0-1,finished,16,,thestatsapi,0.8,1.12,3,8,14,14,2,5,9,18,2,3,,
comp_45025,Saudi Pro League,2026-01-17,08:35,Al-Fayha,Damac FC,1,1,1-1,finished,16,,thestatsapi,1.14,0.44,5,7,9,6,2,2,11,10,2,2,,
comp_45025,Saudi Pro League,2026-01-16,12:30,Al-Ittihad,Al-Ettifaq,0,1,0-1,finished,16,,thestatsapi,0.95,0.74,10,1,17,6,5,4,12,13,2,5,1,0
comp_45025,Saudi Pro League,2026-01-16,09:45,Al-Khaleej,Al-Okhdood,4,1,4-1,finished,16,,thestatsapi,2.57,0.31,4,2,15,7,9,4,16,11,1,2,,
comp_45025,Saudi Pro League,2026-01-16,08:40,Al-Najma SC,Al-Fateh,1,1,1-1,finished,16,,thestatsapi,1.65,1.65,9,9,16,14,4,5,10,10,1,0,,
comp_45025,Saudi Pro League,2026-01-14,12:30,Al-Shabab,Neom SC,3,2,3-2,finished,15,,thestatsapi,2.69,1.22,2,4,19,11,9,4,13,11,2,2,,
comp_45025,Saudi Pro League,2026-01-14,12:30,Al-Ahli,Al-Taawoun,2,1,2-1,finished,15,,thestatsapi,2.35,1.09,7,1,11,5,5,5,18,12,4,4,1,0
comp_45025,Saudi Pro League,2026-01-14,09:45,Al-Qadsiah,Al-Fayha,5,0,5-0,finished,15,,thestatsapi,2.98,0.54,9,3,17,3,7,1,11,6,2,1,,
comp_45025,Saudi Pro League,2026-01-13,12:30,Damac FC,Al-Ittihad,1,1,1-1,finished,15,,thestatsapi,1.09,1.13,1,12,8,17,4,3,6,12,0,4,0,1
comp_45025,Saudi Pro League,2026-01-13,12:30,Al-Fateh,Al-Riyadh,3,1,3-1,finished,15,,thestatsapi,3.28,1.59,7,9,11,18,5,9,16,21,3,2,,
comp_45025,Saudi Pro League,2026-01-13,10:25,Al-Okhdood,Al-Kholood,1,0,1-0,finished,15,,thestatsapi,0.77,1.12,2,5,10,12,2,2,7,5,3,1,,
comp_45025,Saudi Pro League,2026-01-12,12:30,Al-Ettifaq,Al-Khaleej,1,2,1-2,finished,15,,thestatsapi,2.18,2.54,3,7,9,15,4,8,12,9,2,1,,
comp_45025,Saudi Pro League,2026-01-12,12:30,Al-Hilal,Al-Nassr,3,1,3-1,finished,15,,thestatsapi,2.12,0.78,5,4,8,9,3,1,7,11,1,2,0,1
comp_45025,Saudi Pro League,2026-01-12,10:10,Al-Hazem,Al-Najma SC,3,2,3-2,finished,15,,thestatsapi,2.06,0.65,8,3,25,6,7,6,16,15,4,1,,
comp_45025,Saudi Pro League,2026-01-10,12:30,Al-Okhdood,Al-Ahli,0,1,0-1,finished,14,,thestatsapi,0.79,1.82,3,6,5,12,0,5,10,20,4,3,,
comp_45025,Saudi Pro League,2026-01-10,10:00,Al-Riyadh,Al-Fayha,1,1,1-1,finished,14,,thestatsapi,1.75,1.51,13,3,17,8,4,4,16,11,4,3,,
comp_45025,Saudi Pro League,2026-01-10,09:00,Neom SC,Al-Fateh,0,1,0-1,finished,14,,thestatsapi,1.28,0.48,10,3,13,8,4,2,13,12,1,4,,
comp_45025,Saudi Pro League,2026-01-09,12:30,Al-Kholood,Al-Ittihad,0,4,0-4,finished,14,,thestatsapi,0.32,4.25,1,12,5,24,2,11,5,12,,,1,0
comp_45025,Saudi Pro League,2026-01-09,10:05,Al-Taawoun,Al-Shabab,2,0,2-0,finished,14,,thestatsapi,3.45,0.36,7,3,19,10,4,4,11,8,1,4,0,2
comp_45025,Saudi Pro League,2026-01-09,08:10,Al-Khaleej,Damac FC,4,0,4-0,finished,14,,thestatsapi,3.29,0.13,9,2,18,3,9,0,11,8,1,1,0,1
comp_45025,Saudi Pro League,2026-01-08,12:30,Al-Nassr,Al-Qadsiah,1,2,1-2,finished,14,,thestatsapi,2.14,2.13,4,1,16,7,3,5,9,17,2,6,,
comp_45025,Saudi Pro League,2026-01-08,12:30,Al-Najma SC,Al-Ettifaq,3,4,3-4,finished,14,,thestatsapi,1.94,2.22,2,4,16,16,5,8,5,14,0,2,,
comp_45025,Saudi Pro League,2026-01-08,09:55,Al-Hilal,Al-Hazem,3,0,3-0,finished,14,,thestatsapi,1.83,0.09,7,2,14,6,7,1,10,7,,,,
comp_45025,Saudi Pro League,2026-01-04,12:30,Damac FC,Al-Hilal,0,2,0-2,finished,13,,thestatsapi,0.28,2.22,2,9,8,16,0,5,8,8,1,3,,
comp_45025,Saudi Pro League,2026-01-04,12:30,Al-Qadsiah,Al-Riyadh,4,0,4-0,finished,13,,thestatsapi,2.73,0.76,9,4,15,12,7,3,12,20,3,0,,
comp_45025,Saudi Pro League,2026-01-04,10:05,Al-Hazem,Neom SC,1,2,1-2,finished,13,,thestatsapi,1.87,1.92,2,3,12,10,1,5,14,11,0,1,,
comp_45025,Saudi Pro League,2026-01-03,12:30,Al-Ittihad,Al-Taawoun,1,0,1-0,finished,13,,thestatsapi,3.58,0.82,7,1,19,7,7,0,17,5,1,1,,
comp_45025,Saudi Pro League,2026-01-03,09:55,Al-Fayha,Al-Kholood,0,5,0-5,finished,13,,thestatsapi,1.17,1.04,4,6,13,15,5,6,10,11,1,2,1,0
comp_45025,Saudi Pro League,2026-01-03,08:10,Al-Fateh,Al-Shabab,2,0,2-0,finished,13,,thestatsapi,2.02,0.55,6,9,13,11,5,1,19,20,4,4,0,2
comp_45025,Saudi Pro League,2026-01-02,12:30,Al-Ahli,Al-Nassr,3,2,3-2,finished,13,,thestatsapi,2.89,1,3,4,17,20,7,4,20,15,4,3,1,1
comp_45025,Saudi Pro League,2026-01-02,09:35,Al-Ettifaq,Al-Okhdood,2,0,2-0,finished,13,,thestatsapi,2.68,0.68,8,3,15,7,9,2,11,11,2,0,,
comp_45025,Saudi Pro League,2026-01-02,08:30,Al-Najma SC,Al-Khaleej,0,0,0-0,finished,13,,thestatsapi,,,,,,,,,,,,,,
comp_45025,Saudi Pro League,2025-12-31,12:30,Al-Shabab,Al-Qadsiah,2,3,2-3,finished,12,,thestatsapi,2.08,2.36,6,6,14,11,6,6,9,15,4,1,,
comp_45025,Saudi Pro League,2025-12-31,12:30,Al-Kholood,Al-Hilal,1,3,1-3,finished,12,,thestatsapi,1.12,2.35,2,10,11,24,4,10,11,10,2,1,1,0
comp_45025,Saudi Pro League,2025-12-31,10:25,Neom SC,Al-Ittihad,1,3,1-3,finished,12,,thestatsapi,1.38,1.78,5,4,14,11,3,4,11,12,1,0,,
comp_45025,Saudi Pro League,2025-12-30,12:30,Al-Okhdood,Damac FC,0,1,0-1,finished,12,,thestatsapi,0.6,0.32,8,5,12,6,4,3,7,10,2,1,1,0
comp_45025,Saudi Pro League,2025-12-30,12:30,Al-Ettifaq,Al-Nassr,2,2,2-2,finished,12,,thestatsapi,0.75,2.08,1,16,6,26,4,7,7,6,1,2,,
comp_45025,Saudi Pro League,2025-12-30,10:30,Al-Ahli,Al-Fayha,2,0,2-0,finished,12,,thestatsapi,1.85,0.6,4,3,9,8,4,1,11,8,4,1,1,0
comp_45025,Saudi Pro League,2025-12-29,12:30,Al-Taawoun,Al-Najma SC,1,0,1-0,finished,12,,thestatsapi,1.46,0.8,10,1,15,5,1,1,13,11,3,0,,
comp_45025,Saudi Pro League,2025-12-29,12:30,Al-Riyadh,Al-Hazem,1,2,1-2,finished,12,,thestatsapi,0.76,0.82,8,5,19,11,7,7,8,12,2,5,,
comp_45025,Saudi Pro League,2025-12-29,09:35,Al-Khaleej,Al-Fateh,0,1,0-1,finished,12,,thestatsapi,1.2,0.98,5,5,9,12,0,4,7,15,2,4,,
comp_45025,Saudi Pro League,2025-12-27,12:30,Al-Ittihad,Al-Shabab,2,0,2-0,finished,11,,thestatsapi,2.98,0.59,12,1,16,6,7,4,12,8,1,1,,
comp_45025,Saudi Pro League,2025-12-27,09:50,Al-Nassr,Al-Okhdood,3,0,3-0,finished,11,,thestatsapi,2.24,0.17,8,5,15,4,5,2,13,9,0,2,,
comp_45025,Saudi Pro League,2025-12-27,08:00,Al-Qadsiah,Damac FC,1,1,1-1,finished,11,,thestatsapi,2.01,0.49,18,0,17,6,6,3,14,7,1,4,0,1
comp_45025,Saudi Pro League,2025-12-26,12:30,Al-Hilal,Al-Khaleej,3,2,3-2,finished,11,,thestatsapi,2.62,1.02,7,3,18,12,11,5,12,12,2,3,,
comp_45025,Saudi Pro League,2025-12-26,10:00,Al-Kholood,Al-Taawoun,0,2,0-2,finished,11,,thestatsapi,0.78,1.38,12,0,12,8,3,3,9,10,0,2,0,1
comp_45025,Saudi Pro League,2025-12-26,08:05,Al-Fateh,Al-Ahli,2,1,2-1,finished,11,,thestatsapi,0.82,1.41,1,9,6,17,3,6,12,13,1,3,,
comp_45025,Saudi Pro League,2025-12-25,12:30,Neom SC,Al-Najma SC,2,1,2-1,finished,11,,thestatsapi,2.06,1.13,5,3,12,10,5,2,12,9,1,3,,
comp_45025,Saudi Pro League,2025-12-25,12:30,Al-Riyadh,Al-Ettifaq,0,2,0-2,finished,11,,thestatsapi,0.81,1.69,2,2,8,15,2,8,15,6,1,1,1,0
comp_45025,Saudi Pro League,2025-12-25,09:50,Al-Fayha,Al-Hazem,0,0,0-0,finished,11,,thestatsapi,1,0.22,4,4,9,9,3,2,13,7,2,3,,
comp_45025,Saudi Pro League,2025-11-23,12:30,Al-Taawoun,Neom SC,1,1,1-1,finished,9,,thestatsapi,0.99,2.22,8,1,8,15,2,2,11,16,4,3,,
comp_45025,Saudi Pro League,2025-11-23,12:30,Al-Nassr,Al-Khaleej,4,1,4-1,finished,9,,thestatsapi,1.81,1.51,4,2,21,12,10,5,15,8,3,1,0,1
comp_45025,Saudi Pro League,2025-11-23,10:05,Al-Okhdood,Al-Shabab,1,1,1-1,finished,9,,thestatsapi,1.19,1.58,3,5,5,12,2,1,13,10,2,2,,
comp_45025,Saudi Pro League,2025-11-22,09:40,Al-Hilal,Al-Fateh,2,1,2-1,finished,9,,thestatsapi,2.66,0.98,8,5,17,5,8,1,9,15,2,2,1,0
comp_45025,Saudi Pro League,2025-11-22,09:25,Al-Ettifaq,Al-Fayha,3,2,3-2,finished,9,,thestatsapi,0.98,3.09,0,8,7,22,5,7,13,7,,,,
comp_45025,Saudi Pro League,2025-11-22,08:40,Damac FC,Al-Najma SC,0,0,0-0,finished,9,,thestatsapi,,,,,,,,,,,,,,
comp_45025,Saudi Pro League,2025-11-21,12:30,Al-Ahli,Al-Qadsiah,2,1,2-1,finished,9,,thestatsapi,0.55,1.08,0,10,7,14,4,3,14,8,3,1,1,0
comp_45025,Saudi Pro League,2025-11-21,10:15,Al-Ittihad,Al-Riyadh,2,1,2-1,finished,9,,thestatsapi,1.6,0.8,5,4,15,7,6,5,15,12,,,1,0
comp_45025,Saudi Pro League,2025-11-21,09:50,Al-Kholood,Al-Hazem,1,2,1-2,finished,9,,thestatsapi,2.58,2.04,4,5,13,18,8,9,15,19,1,3,,
comp_45025,Saudi Pro League,2025-11-08,12:30,Al-Ittihad,Al-Ahli,0,1,0-1,finished,8,,thestatsapi,0.57,1.41,7,2,9,9,3,5,15,15,0,4,,
comp_45025,Saudi Pro League,2025-11-08,09:45,Al-Shabab,Al-Ettifaq,1,1,1-1,finished,8,,thestatsapi,0.47,1.99,3,9,7,12,2,3,10,7,5,0,,
comp_45025,Saudi Pro League,2025-11-08,08:50,Neom SC,Al-Nassr,1,3,1-3,finished,8,,thestatsapi,0.72,3.59,4,3,7,23,4,10,15,12,2,2,1,0
comp_45025,Saudi Pro League,2025-11-07,12:30,Al-Najma SC,Al-Hilal,2,4,2-4,finished,8,,thestatsapi,0.32,2.24,1,10,5,18,3,9,7,10,1,3,2,0
comp_45025,Saudi Pro League,2025-11-07,09:35,Al-Fateh,Al-Taawoun,2,5,2-5,finished,8,,thestatsapi,2.31,3.71,8,6,20,22,8,12,11,15,4,3,,
comp_45025,Saudi Pro League,2025-11-07,08:20,Al-Fayha,Al-Okhdood,2,0,2-0,finished,8,,thestatsapi,1.17,0.65,3,3,15,8,4,5,12,15,0,1,,
comp_45025,Saudi Pro League,2025-11-06,12:30,Al-Qadsiah,Al-Kholood,4,0,4-0,finished,8,,thestatsapi,4.29,0.49,7,5,19,6,6,0,16,6,0,2,,
comp_45025,Saudi Pro League,2025-11-06,12:30,Al-Riyadh,Damac FC,1,1,1-1,finished,8,,thestatsapi,0.17,2.21,3,5,7,14,1,2,12,13,3,3,,
comp_45025,Saudi Pro League,2025-11-06,09:55,Al-Hazem,Al-Khaleej,1,4,1-4,finished,8,,thestatsapi,1.28,2.07,6,3,21,13,6,4,14,9,4,4,0,1
comp_45025,Saudi Pro League,2025-11-01,12:30,Al-Nassr,Al-Fayha,2,1,2-1,finished,7,,thestatsapi,2.77,0.73,12,5,15,8,5,1,9,18,2,2,,
comp_45025,Saudi Pro League,2025-11-01,09:35,Al-Khaleej,Al-Ittihad,4,4,4-4,finished,7,,thestatsapi,2.15,2.65,1,6,9,16,6,8,9,9,3,3,0,1
comp_45025,Saudi Pro League,2025-11-01,08:30,Al-Taawoun,Al-Qadsiah,2,0,2-0,finished,7,,thestatsapi,1.14,1.36,2,10,10,14,4,3,4,8,1,1,,
comp_45025,Saudi Pro League,2025-10-31,12:30,Al-Ettifaq,Al-Hazem,2,2,2-2,finished,7,,thestatsapi,1.64,1.04,6,3,12,9,5,4,8,10,2,2,1,0
comp_45025,Saudi Pro League,2025-10-31,09:50,Al-Hilal,Al-Shabab,1,0,1-0,finished,7,,thestatsapi,0.81,0.98,1,2,9,9,2,3,7,8,3,3,1,0
comp_45025,Saudi Pro League,2025-10-31,08:40,Al-Okhdood,Al-Najma SC,2,1,2-1,finished,7,,thestatsapi,1.81,0.62,11,6,22,10,11,5,7,6,2,1,,
comp_45025,Saudi Pro League,2025-10-30,12:30,Al-Kholood,Neom SC,2,3,2-3,finished,7,,thestatsapi,1.14,0.67,4,2,6,6,4,4,14,13,3,3,,
comp_45025,Saudi Pro League,2025-10-30,12:30,Al-Ahli,Al-Riyadh,1,1,1-1,finished,7,,thestatsapi,2.54,1.04,9,4,19,6,6,3,13,8,2,3,1,0
comp_45025,Saudi Pro League,2025-10-30,10:15,Damac FC,Al-Fateh,1,1,1-1,finished,7,,thestatsapi,0.66,1.49,3,5,9,12,3,5,13,12,2,1,,
comp_45025,Saudi Pro League,2025-10-25,13:00,Al-Hazem,Al-Nassr,0,2,0-2,finished,6,,thestatsapi,0.07,1.51,1,10,3,19,2,6,14,8,3,2,,
comp_45025,Saudi Pro League,2025-10-25,09:55,Al-Shabab,Damac FC,1,1,1-1,finished,6,,thestatsapi,2.17,0.22,5,1,21,5,8,2,13,13,0,2,0,1
comp_45025,Saudi Pro League,2025-10-25,09:40,Al-Qadsiah,Al-Okhdood,0,0,0-0,finished,6,,thestatsapi,0.53,0.27,8,1,11,2,2,0,16,7,2,3,0,1
comp_45025,Saudi Pro League,2025-10-24,13:00,Al-Ittihad,Al-Hilal,0,2,0-2,finished,6,,thestatsapi,1.01,1.78,2,9,15,11,4,5,10,10,3,2,,
comp_45025,Saudi Pro League,2025-10-24,10:30,Neom SC,Al-Khaleej,1,1,1-1,finished,6,,thestatsapi,2.03,0.87,4,5,15,13,4,5,16,15,3,1,,
comp_45025,Saudi Pro League,2025-10-24,09:45,Al-Fateh,Al-Ettifaq,2,1,2-1,finished,6,,thestatsapi,2.08,1.4,7,7,20,11,7,3,13,9,3,3,,
comp_45025,Saudi Pro League,2025-10-23,13:00,Al-Najma SC,Al-Ahli,0,1,0-1,finished,6,,thestatsapi,0.2,1.25,2,5,4,14,0,6,9,16,3,3,,
comp_45025,Saudi Pro League,2025-10-23,10:00,Al-Fayha,Al-Taawoun,1,2,1-2,finished,6,,thestatsapi,0.57,0.66,6,1,10,8,3,6,10,15,2,2,,
comp_45025,Saudi Pro League,2025-10-23,09:55,Al-Riyadh,Al-Kholood,1,0,1-0,finished,6,,thestatsapi,1.09,1.09,5,6,14,12,4,1,18,9,1,1,,
comp_45025,Saudi Pro League,2025-10-19,13:00,Neom SC,Al-Qadsiah,1,3,1-3,finished,5,,thestatsapi,1.15,2.02,4,3,17,12,5,6,10,13,5,2,,
comp_45025,Saudi Pro League,2025-10-19,10:10,Al-Taawoun,Damac FC,6,1,6-1,finished,5,,thestatsapi,2.96,0.37,7,2,16,7,8,1,,,0,1,0,2
comp_45025,Saudi Pro League,2025-10-19,09:45,Al-Khaleej,Al-Riyadh,4,1,4-1,finished,5,,thestatsapi,3.15,1.11,6,12,17,18,8,8,,,2,2,,
comp_45025,Saudi Pro League,2025-10-18,13:00,Al-Nassr,Al-Fateh,5,1,5-1,finished,5,,thestatsapi,3.34,1.41,5,3,23,10,12,7,,,2,2,,
comp_45025,Saudi Pro League,2025-10-18,10:15,Al-Okhdood,Al-Hazem,1,2,1-2,finished,5,,thestatsapi,0.7,1.33,3,5,12,13,5,4,,,2,2,,
comp_45025,Saudi Pro League,2025-10-18,09:45,Al-Ettifaq,Al-Hilal,0,5,0-5,finished,5,,thestatsapi,0.34,4.43,3,6,6,21,1,12,8,12,0,1,,
comp_45025,Saudi Pro League,2025-10-17,13:00,Al-Ahli,Al-Shabab,1,1,1-1,finished,5,,thestatsapi,2.06,1.23,6,6,15,11,5,2,11,8,2,1,0,1
comp_45025,Saudi Pro League,2025-10-17,10:10,Al-Kholood,Al-Najma SC,5,1,5-1,finished,5,,thestatsapi,3.81,1.11,4,5,11,14,9,4,17,16,1,6,0,1
comp_45025,Saudi Pro League,2025-10-17,10:05,Al-Fayha,Al-Ittihad,1,1,1-1,finished,5,,thestatsapi,0.72,2.16,6,5,9,14,2,6,,,2,2,,
comp_45025,Saudi Pro League,2025-09-27,13:00,Al-Fateh,Al-Qadsiah,0,1,0-1,finished,4,,thestatsapi,1.55,1.29,5,3,11,9,2,4,16,16,3,5,1,0
comp_45025,Saudi Pro League,2025-09-27,10:35,Al-Najma SC,Al-Fayha,1,2,1-2,finished,4,,thestatsapi,0.29,1.27,5,8,8,10,2,4,7,11,2,2,,
comp_45025,Saudi Pro League,2025-09-27,10:20,Al-Riyadh,Neom SC,0,1,0-1,finished,4,,thestatsapi,,,,,,,,,,,,,,
comp_45025,Saudi Pro League,2025-09-26,13:00,Al-Ittihad,Al-Nassr,0,2,0-2,finished,4,,thestatsapi,1.23,2.57,3,6,8,21,2,3,12,14,2,0,,
comp_45025,Saudi Pro League,2025-09-26,10:40,Damac FC,Al-Ettifaq,1,3,1-3,finished,4,,thestatsapi,0.78,1.55,7,2,12,5,4,3,10,19,3,3,,
comp_45025,Saudi Pro League,2025-09-26,10:35,Al-Hazem,Al-Ahli,0,2,0-2,finished,4,,thestatsapi,1.54,0.92,2,3,8,11,1,5,14,13,2,1,,
comp_45025,Saudi Pro League,2025-09-25,13:00,Al-Hilal,Al-Okhdood,3,1,3-1,finished,4,,thestatsapi,3.55,1.01,10,3,21,4,9,2,10,9,1,4,,
comp_45025,Saudi Pro League,2025-09-25,10:25,Al-Shabab,Al-Kholood,0,0,0-0,finished,4,,thestatsapi,,,,,,,,,,,,,,
comp_45025,Saudi Pro League,2025-09-25,10:10,Al-Khaleej,Al-Taawoun,0,0,0-0,finished,4,,thestatsapi,,,,,,,,,,,,,,
comp_45025,Saudi Pro League,2025-09-20,13:00,Al-Nassr,Al-Riyadh,5,1,5-1,finished,3,,thestatsapi,2.98,0.63,16,3,19,7,10,2,8,9,2,0,,
comp_45025,Saudi Pro League,2025-09-20,10:40,Al-Najma SC,Al-Ittihad,0,1,0-1,finished,3,,thestatsapi,0.81,0.72,3,8,13,9,3,1,8,19,1,4,,
comp_45025,Saudi Pro League,2025-09-20,10:40,Al-Hazem,Al-Fateh,0,0,0-0,finished,3,,thestatsapi,0.48,2.06,2,6,9,15,4,4,17,12,2,2,,
comp_45025,Saudi Pro League,2025-09-19,13:00,Al-Ahli,Al-Hilal,3,3,3-3,finished,3,,thestatsapi,1.64,2.2,11,2,23,11,6,6,16,11,1,1,,
comp_45025,Saudi Pro League,2025-09-19,10:35,Al-Fayha,Al-Shabab,0,0,0-0,finished,3,,thestatsapi,0.84,0.64,7,3,8,7,1,1,8,13,3,2,,
comp_45025,Saudi Pro League,2025-09-19,10:15,Al-Qadsiah,Al-Khaleej,2,1,2-1,finished,3,,thestatsapi,0.93,0.95,6,6,12,15,4,1,7,8,0,2,,
comp_45025,Saudi Pro League,2025-09-18,13:00,Neom SC,Al-Okhdood,1,0,1-0,finished,3,,thestatsapi,0.4,0.19,6,5,11,5,6,1,15,16,2,4,0,1
comp_45025,Saudi Pro League,2025-09-18,10:40,Al-Taawoun,Al-Ettifaq,4,1,4-1,finished,3,,thestatsapi,3.34,1.2,2,7,11,14,5,4,12,9,2,4,,
comp_45025,Saudi Pro League,2025-09-18,10:40,Al-Kholood,Damac FC,2,1,2-1,finished,3,,thestatsapi,0.88,1.38,3,5,10,13,3,2,14,15,1,0,,
comp_45025,Saudi Pro League,2025-09-14,13:00,Al-Nassr,Al-Kholood,2,0,2-0,finished,2,,thestatsapi,2.37,1.14,10,1,29,5,12,1,11,11,2,2,,
comp_45025,Saudi Pro League,2025-09-14,10:50,Damac FC,Neom SC,1,2,1-2,finished,2,,thestatsapi,1.21,2.36,4,5,11,20,3,5,14,7,2,1,,
comp_45025,Saudi Pro League,2025-09-14,10:35,Al-Riyadh,Al-Najma SC,2,1,2-1,finished,2,,thestatsapi,1.97,1.05,3,3,7,7,3,1,18,8,3,3,1,0
comp_45025,Saudi Pro League,2025-09-13,13:00,Al-Hilal,Al-Qadsiah,2,2,2-2,finished,2,,thestatsapi,3.44,0.49,7,3,24,10,10,2,10,11,2,1,,
comp_45025,Saudi Pro League,2025-09-13,10:45,Al-Okhdood,Al-Taawoun,2,3,2-3,finished,2,,thestatsapi,1.12,1.32,7,3,9,16,3,4,14,16,2,2,,
comp_45025,Saudi Pro League,2025-09-13,10:25,Al-Khaleej,Al-Fayha,3,0,3-0,finished,2,,thestatsapi,1.45,0.39,2,7,14,9,5,2,9,13,1,2,,
comp_45025,Saudi Pro League,2025-09-12,13:00,Al-Ittihad,Al-Fateh,4,2,4-2,finished,2,,thestatsapi,1.83,2.04,8,3,16,13,7,6,10,7,4,4,1,1
comp_45025,Saudi Pro League,2025-09-12,10:35,Al-Shabab,Al-Hazem,1,0,1-0,finished,2,,thestatsapi,1.11,0.05,9,3,13,2,3,1,14,10,2,4,0,1
comp_45025,Saudi Pro League,2025-09-12,10:25,Al-Ettifaq,Al-Ahli,0,0,0-0,finished,2,,thestatsapi,0.56,1.28,3,10,4,15,0,5,9,11,4,3,,
comp_45025,Saudi Pro League,2025-08-30,13:00,Al-Okhdood,Al-Ittihad,2,5,2-5,finished,1,,thestatsapi,0.68,2.93,3,7,7,16,3,10,6,7,4,1,1,0
comp_45025,Saudi Pro League,2025-08-30,13:00,Al-Qadsiah,Al-Najma SC,3,1,3-1,finished,1,,thestatsapi,2.45,0.42,10,1,15,8,8,4,9,7,0,2,,
comp_45025,Saudi Pro League,2025-08-30,10:55,Al-Fateh,Al-Fayha,1,2,1-2,finished,1,,thestatsapi,0.56,2.05,5,3,12,8,5,2,8,13,2,2,1,1
comp_45025,Saudi Pro League,2025-08-29,13:00,Al-Taawoun,Al-Nassr,0,5,0-5,finished,1,,thestatsapi,0.12,2.97,2,5,4,21,1,10,13,6,3,1,,
comp_45025,Saudi Pro League,2025-08-29,13:00,Al-Shabab,Al-Khaleej,1,4,1-4,finished,1,,thestatsapi,1.7,2.31,5,5,13,9,4,5,15,18,1,6,,
comp_45025,Saudi Pro League,2025-08-29,10:50,Al-Hilal,Al-Riyadh,2,0,2-0,finished,1,,thestatsapi,2.11,0.19,5,2,15,2,6,2,10,12,0,1,,
comp_45025,Saudi Pro League,2025-08-28,13:00,Al-Ahli,Neom SC,1,0,1-0,finished,1,,thestatsapi,1.03,0.75,3,2,9,9,3,5,13,15,1,3,,
comp_45025,Saudi Pro League,2025-08-28,13:00,Al-Ettifaq,Al-Kholood,2,1,2-1,finished,1,,thestatsapi,1.19,0.62,3,1,8,10,3,4,13,3,3,2,,
comp_45025,Saudi Pro League,2025-08-28,11:05,Damac FC,Al-Hazem,1,1,1-1,finished,1,,thestatsapi,0.83,2.08,4,2,9,9,2,4,11,19,4,3,,
comp_3809,Eredivisie,2026-08-14,13:00,SC Telstar,Sparta Rotterdam,1,3,1-3,finished,2,,thestatsapi,1.4,2.55,7,5,7,16,1,9,13,17,1,1,,
comp_3809,Eredivisie,2026-08-09,09:45,SC Heerenveen,FC Twente,1,0,1-0,finished,1,,thestatsapi,0.4,1.41,4,8,7,18,4,3,7,7,2,1,,
comp_3809,Eredivisie,2026-08-09,07:30,PEC Zwolle,AFC Ajax,0,2,0-2,finished,1,,thestatsapi,0.59,1.97,2,10,7,26,2,6,12,10,2,2,1,0
comp_3809,Eredivisie,2026-08-09,07:30,FC Groningen,FC Utrecht,2,1,2-1,finished,1,,thestatsapi,1.55,2.27,5,1,16,14,5,7,12,17,0,2,,
comp_3809,Eredivisie,2026-08-09,05:15,Sparta Rotterdam,Feyenoord,0,1,0-1,finished,1,,thestatsapi,1.01,3.53,5,10,10,22,0,6,11,8,3,1,,
comp_3809,Eredivisie,2026-08-08,14:00,AZ Alkmaar,ADO Den Haag,2,0,2-0,finished,1,,thestatsapi,2.67,0.95,9,7,12,10,4,1,9,14,0,1,,
comp_3809,Eredivisie,2026-08-08,13:00,PSV Eindhoven,Fortuna Sittard,2,2,2-2,finished,1,,thestatsapi,2.56,0.98,9,0,21,8,6,6,9,6,1,1,,
comp_3809,Eredivisie,2026-08-08,11:45,Go Ahead Eagles,Willem II Tilburg,4,1,4-1,finished,1,,thestatsapi,2.43,1.51,6,2,20,13,10,1,6,14,2,1,,
comp_3809,Eredivisie,2026-08-08,09:30,NEC Nijmegen,SC Telstar,1,2,1-2,finished,1,,thestatsapi,2.15,1.66,13,3,27,8,4,3,12,14,2,2,,
comp_3809,Eredivisie,2026-08-07,13:00,SC Cambuur,Excelsior,0,4,0-4,finished,1,,thestatsapi,0.72,2.87,5,8,11,18,2,9,6,11,,,,
comp_3809,Eredivisie,2026-05-24,05:15,AFC Ajax,FC Utrecht,0,0,0-0,finished,29,final,thestatsapi,1.47,0.96,8,4,24,12,8,4,16,17,2,1,,
comp_3809,Eredivisie,2026-05-23,09:30,FC Volendam,Willem II Tilburg,1,2,1-2,finished,29,final,thestatsapi,,,5,4,23,9,6,2,12,15,2,3,,
comp_3809,Eredivisie,2026-05-21,14:00,FC Utrecht,SC Heerenveen,3,2,3-2,finished,28,semi_final,thestatsapi,2.08,1.26,9,6,23,13,8,5,11,6,0,1,,
comp_3809,Eredivisie,2026-05-21,11:45,AFC Ajax,FC Groningen,2,0,2-0,finished,28,semi_final,thestatsapi,1.83,0.16,4,0,12,5,5,1,13,17,1,4,,
comp_3809,Eredivisie,2026-05-20,11:45,Willem II Tilburg,FC Volendam,1,2,1-2,finished,29,final,thestatsapi,,,3,4,10,17,5,5,9,5,2,1,,
comp_3809,Eredivisie,2026-05-17,07:30,NEC Nijmegen,Go Ahead Eagles,2,1,2-1,finished,34,,thestatsapi,4.44,0.32,13,4,37,3,12,1,12,8,1,2,,
comp_3809,Eredivisie,2026-05-17,07:30,Heracles Almelo,FC Groningen,1,2,1-2,finished,34,,thestatsapi,0.64,1.17,9,5,11,16,2,5,8,5,1,1,,
comp_3809,Eredivisie,2026-05-17,07:30,Sparta Rotterdam,Excelsior,2,3,2-3,finished,34,,thestatsapi,1.76,0.95,5,2,18,16,5,4,11,15,4,0,,
comp_3809,Eredivisie,2026-05-17,07:30,FC Volendam,SC Telstar,1,2,1-2,finished,34,,thestatsapi,1.09,1.4,7,0,17,7,8,2,13,18,2,2,,
comp_3809,Eredivisie,2026-05-17,07:30,PSV Eindhoven,FC Twente,5,1,5-1,finished,34,,thestatsapi,2.49,1.41,11,9,13,18,7,6,7,5,1,1,,
comp_3809,Eredivisie,2026-05-17,07:30,PEC Zwolle,Feyenoord,0,2,0-2,finished,34,,thestatsapi,0.8,3.21,2,12,7,22,1,8,11,11,,,,
comp_3809,Eredivisie,2026-05-17,07:30,FC Utrecht,Fortuna Sittard,2,0,2-0,finished,34,,thestatsapi,2.09,0.48,2,5,18,13,5,2,8,8,0,1,,
comp_3809,Eredivisie,2026-05-17,07:30,AZ Alkmaar,NAC Breda,3,3,3-3,finished,34,,thestatsapi,1.45,2.08,7,6,16,17,10,11,11,6,1,1,,
comp_3809,Eredivisie,2026-05-17,07:30,SC Heerenveen,AFC Ajax,0,0,0-0,finished,34,,thestatsapi,1.61,1.86,10,6,16,23,6,6,9,8,0,3,,
comp_3809,Eredivisie,2026-05-16,13:00,Willem II Tilburg,Almere City FC,2,0,2-0,finished,28,semi_final,thestatsapi,,,5,6,14,15,3,1,12,12,0,2,0,1
comp_3809,Eredivisie,2026-05-13,13:00,Almere City FC,Willem II Tilburg,0,1,0-1,finished,28,semi_final,thestatsapi,,,7,1,15,8,2,4,6,6,0,1,,
comp_3809,Eredivisie,2026-05-11,07:30,NAC Breda,SC Heerenveen,2,0,2-0,finished,33,,thestatsapi,1.86,1,7,3,19,13,4,2,10,13,1,1,,
comp_3809,Eredivisie,2026-05-10,09:45,Feyenoord,AZ Alkmaar,1,1,1-1,finished,33,,thestatsapi,,,7,3,10,13,5,3,10,9,1,0,,
comp_3809,Eredivisie,2026-05-10,09:45,SC Telstar,Heracles Almelo,3,0,3-0,finished,33,,thestatsapi,2.71,0.85,6,7,12,7,7,1,12,12,1,3,0,1
comp_3809,Eredivisie,2026-05-10,09:45,FC Twente,Sparta Rotterdam,4,0,4-0,finished,33,,thestatsapi,3.92,0.86,9,2,26,9,13,1,7,8,0,2,,
comp_3809,Eredivisie,2026-05-10,09:45,Go Ahead Eagles,PSV Eindhoven,1,4,1-4,finished,33,,thestatsapi,,,8,4,11,24,4,10,9,7,,,,
comp_3809,Eredivisie,2026-05-10,09:45,Excelsior,FC Volendam,1,1,1-1,finished,33,,thestatsapi,0.38,0.46,5,0,8,8,2,2,10,7,1,3,,
comp_3809,Eredivisie,2026-05-10,09:45,FC Groningen,NEC Nijmegen,2,1,2-1,finished,33,,thestatsapi,1.56,1.08,5,6,11,12,7,3,16,12,2,1,,
comp_3809,Eredivisie,2026-05-10,09:45,AFC Ajax,FC Utrecht,1,2,1-2,finished,33,,thestatsapi,,,4,7,15,14,6,6,9,9,2,2,,
comp_3809,Eredivisie,2026-05-10,09:45,Fortuna Sittard,PEC Zwolle,3,2,3-2,finished,33,,thestatsapi,,,6,5,12,8,4,3,7,11,0,1,,
comp_3809,Eredivisie,2026-05-09,13:00,De Graafschap,Almere City FC,2,2,2-2,finished,27,quarter_final,thestatsapi,,,7,5,19,13,6,7,9,12,1,3,1,0
comp_3809,Eredivisie,2026-05-09,09:30,Willem II Tilburg,RKC Waalwijk,1,1,1-1,finished,27,quarter_final,thestatsapi,,,2,2,9,14,3,5,12,12,2,4,,
comp_3809,Eredivisie,2026-05-06,11:45,Almere City FC,De Graafschap,3,1,3-1,finished,28,semi_final,thestatsapi,,,3,3,16,8,4,2,6,11,,,,
comp_3809,Eredivisie,2026-05-05,11:45,RKC Waalwijk,Willem II Tilburg,0,1,0-1,finished,28,semi_final,thestatsapi,,,3,5,6,8,0,4,15,12,4,1,1,0
comp_3809,Eredivisie,2026-05-03,09:45,AZ Alkmaar,FC Twente,2,2,2-2,finished,32,,thestatsapi,1.39,0.46,4,3,18,9,4,2,9,14,,,,
comp_3809,Eredivisie,2026-05-03,09:45,Sparta Rotterdam,Go Ahead Eagles,2,2,2-2,finished,32,,thestatsapi,1.89,2.08,6,8,25,16,3,5,11,10,1,5,0,1
comp_3809,Eredivisie,2026-05-03,07:30,PEC Zwolle,Heracles Almelo,1,0,1-0,finished,32,,thestatsapi,0.62,1,3,3,9,14,5,3,18,18,2,4,0,1
comp_3809,Eredivisie,2026-05-03,07:30,Fortuna Sittard,Feyenoord,1,2,1-2,finished,32,,thestatsapi,0.77,2.5,1,8,7,19,3,7,16,13,2,3,1,0
comp_3809,Eredivisie,2026-05-03,05:15,FC Volendam,SC Heerenveen,0,2,0-2,finished,32,,thestatsapi,1.49,1.64,7,5,15,11,5,4,8,14,3,3,,
comp_3809,Eredivisie,2026-05-02,14:00,NEC Nijmegen,SC Telstar,1,1,1-1,finished,32,,thestatsapi,2.11,1.22,9,0,21,10,7,4,10,11,3,2,,
comp_3809,Eredivisie,2026-05-02,13:00,AFC Ajax,PSV Eindhoven,2,2,2-2,finished,32,,thestatsapi,0.95,1.8,6,4,13,7,4,2,7,14,1,2,,
comp_3809,Eredivisie,2026-05-02,11:45,FC Groningen,Excelsior,2,3,2-3,finished,32,,thestatsapi,1.14,2.58,5,8,12,18,5,9,5,10,,,,
comp_3809,Eredivisie,2026-05-02,09:30,FC Utrecht,NAC Breda,2,0,2-0,finished,32,,thestatsapi,2.9,0.45,8,4,28,9,11,1,12,13,0,2,0,1
comp_3809,Eredivisie,2026-05-02,07:00,Almere City FC,FC Den Bosch,3,0,3-0,finished,1,,thestatsapi,,,6,7,16,12,9,4,6,7,1,0,,
comp_3809,Eredivisie,2026-05-01,13:00,RKC Waalwijk,Roda JC Kerkrade,1,1,1-1,finished,1,,thestatsapi,,,10,6,27,6,10,3,11,19,1,2,,
comp_3809,Eredivisie,2026-04-29,11:45,FC Den Bosch,Almere City FC,2,3,2-3,finished,1,,thestatsapi,,,3,8,15,28,5,11,9,11,1,1,,
comp_3809,Eredivisie,2026-04-28,11:45,Roda JC Kerkrade,RKC Waalwijk,1,1,1-1,finished,1,,thestatsapi,,,0,8,9,15,2,5,10,17,2,2,,
comp_3809,Eredivisie,2026-04-26,07:30,Heracles Almelo,FC Volendam,0,2,0-2,finished,31,,thestatsapi,0.78,1.3,5,9,14,18,4,7,17,11,1,0,,
comp_3809,Eredivisie,2026-04-26,05:15,Excelsior,FC Utrecht,5,0,5-0,finished,31,,thestatsapi,3.31,0.84,3,2,18,10,9,3,12,8,0,3,0,1
comp_3809,Eredivisie,2026-04-25,14:00,FC Twente,NEC Nijmegen,1,1,1-1,finished,31,,thestatsapi,1.28,1.86,3,9,13,20,8,6,6,16,1,2,,
comp_3809,Eredivisie,2026-04-25,13:00,NAC Breda,AFC Ajax,0,2,0-2,finished,31,,thestatsapi,1.63,2.29,11,2,21,8,3,6,6,11,0,2,,
comp_3809,Eredivisie,2026-04-25,11:45,SC Heerenveen,Fortuna Sittard,2,1,2-1,finished,31,,thestatsapi,2.03,0.9,7,0,15,16,5,7,10,6,2,1,0,1
comp_3809,Eredivisie,2026-04-25,09:30,Feyenoord,FC Groningen,3,1,3-1,finished,31,,thestatsapi,1.64,1.46,3,3,10,10,4,2,10,15,0,2,,
comp_3809,Eredivisie,2026-04-23,14:00,PSV Eindhoven,PEC Zwolle,6,1,6-1,finished,31,,thestatsapi,1.88,0.83,4,4,17,6,11,4,10,4,1,1,,
comp_3809,Eredivisie,2026-04-23,11:45,Go Ahead Eagles,AZ Alkmaar,0,0,0-0,finished,31,,thestatsapi,1.79,1.52,5,10,15,23,4,4,9,13,2,1,,
comp_3809,Eredivisie,2026-04-22,13:00,SC Telstar,Sparta Rotterdam,4,1,4-1,finished,31,,thestatsapi,1.65,1.09,6,5,11,10,4,2,14,9,2,0,,
comp_3809,Eredivisie,2026-04-12,09:45,AZ Alkmaar,SC Heerenveen,3,0,3-0,finished,30,,thestatsapi,1.86,0.64,6,6,23,7,10,1,5,10,1,1,,
comp_3809,Eredivisie,2026-04-12,07:30,NEC Nijmegen,Feyenoord,1,1,1-1,finished,30,,thestatsapi,2.04,1.68,4,1,15,13,4,5,17,14,3,4,,
comp_3809,Eredivisie,2026-04-12,07:30,PEC Zwolle,Excelsior,2,2,2-2,finished,30,,thestatsapi,2.66,1.5,5,2,15,16,5,3,10,13,0,1,,
comp_3809,Eredivisie,2026-04-12,05:15,Fortuna Sittard,NAC Breda,1,1,1-1,finished,30,,thestatsapi,1.59,0.75,5,8,10,14,2,7,11,12,2,1,,
comp_3809,Eredivisie,2026-04-11,14:00,Heracles Almelo,AFC Ajax,0,3,0-3,finished,30,,thestatsapi,1.19,1.92,7,5,15,18,3,6,10,4,2,1,0,1
comp_3809,Eredivisie,2026-04-11,13:00,FC Groningen,Go Ahead Eagles,0,0,0-0,finished,30,,thestatsapi,1.72,0.82,8,5,24,10,5,2,5,5,,,,
comp_3809,Eredivisie,2026-04-11,11:45,Sparta Rotterdam,PSV Eindhoven,0,2,0-2,finished,30,,thestatsapi,1.2,2.05,2,5,9,18,4,5,6,12,1,6,,
comp_3809,Eredivisie,2026-04-11,09:30,FC Utrecht,SC Telstar,4,1,4-1,finished,30,,thestatsapi,1.57,1.32,7,5,18,13,9,7,9,5,2,1,,
comp_3809,Eredivisie,2026-04-10,13:00,FC Twente,FC Volendam,2,1,2-1,finished,30,,thestatsapi,2.08,1.15,7,1,23,8,9,4,8,6,1,1,,
comp_3809,Eredivisie,2026-04-05,09:45,NAC Breda,Sparta Rotterdam,0,0,0-0,finished,29,final,thestatsapi,0.51,0.55,11,3,12,6,4,3,12,19,1,3,,
comp_3809,Eredivisie,2026-04-05,07:30,FC Volendam,Feyenoord,0,0,0-0,finished,29,final,thestatsapi,1.45,1.23,5,5,13,17,4,4,10,5,3,0,,
comp_3809,Eredivisie,2026-04-05,07:30,SC Heerenveen,Heracles Almelo,4,1,4-1,finished,29,final,thestatsapi,3.42,1.33,8,1,24,7,14,4,12,10,0,2,,
comp_3809,Eredivisie,2026-04-05,06:45,Go Ahead Eagles,PEC Zwolle,5,0,5-0,finished,29,final,thestatsapi,2.49,1.48,5,8,15,16,12,1,9,16,0,1,,
comp_3809,Eredivisie,2026-04-04,14:00,AFC Ajax,FC Twente,1,2,1-2,finished,29,final,thestatsapi,0.94,1.37,2,2,10,16,2,7,14,10,4,2,,
comp_3809,Eredivisie,2026-04-04,14:00,Excelsior,NEC Nijmegen,0,2,0-2,finished,29,final,thestatsapi,0.72,1.32,2,5,9,12,5,5,8,9,,,,
comp_3809,Eredivisie,2026-04-04,12:00,AZ Alkmaar,Fortuna Sittard,2,0,2-0,finished,29,final,thestatsapi,1.92,0.4,10,6,15,9,6,4,11,14,0,3,,
comp_3809,Eredivisie,2026-04-04,11:45,SC Telstar,FC Groningen,0,2,0-2,finished,29,final,thestatsapi,1.28,2.36,5,12,14,24,3,11,12,10,0,2,,
comp_3809,Eredivisie,2026-04-04,09:30,PSV Eindhoven,FC Utrecht,4,3,4-3,finished,29,final,thestatsapi,2.94,1.4,8,3,18,12,8,7,6,10,0,1,,
comp_3809,Eredivisie,2026-03-22,10:45,SC Telstar,PSV Eindhoven,3,1,3-1,finished,28,semi_final,thestatsapi,1.84,1.34,1,12,13,18,8,8,5,4,1,1,0,1
comp_3809,Eredivisie,2026-03-22,10:45,FC Groningen,AZ Alkmaar,3,0,3-0,finished,28,semi_final,thestatsapi,2.5,1.73,2,7,15,16,5,7,16,8,1,1,,
comp_3809,Eredivisie,2026-03-22,08:30,Feyenoord,AFC Ajax,1,1,1-1,finished,28,semi_final,thestatsapi,1.37,0.21,5,1,14,5,5,2,12,16,1,3,,
comp_3809,Eredivisie,2026-03-22,08:30,FC Utrecht,Go Ahead Eagles,2,0,2-0,finished,28,semi_final,thestatsapi,2.29,0.62,2,5,22,11,10,6,9,7,2,1,,
comp_3809,Eredivisie,2026-03-22,06:15,NEC Nijmegen,SC Heerenveen,2,2,2-2,finished,28,semi_final,thestatsapi,2.22,1.38,6,2,22,11,10,5,6,11,,,,
comp_3809,Eredivisie,2026-03-21,15:00,PEC Zwolle,NAC Breda,2,1,2-1,finished,28,semi_final,thestatsapi,0.82,1.04,2,5,8,20,2,6,20,14,2,1,,
comp_3809,Eredivisie,2026-03-21,12:45,Sparta Rotterdam,FC Volendam,2,0,2-0,finished,28,semi_final,thestatsapi,1.33,0.33,3,7,16,7,9,2,15,9,2,1,,
comp_3809,Eredivisie,2026-03-21,10:30,Fortuna Sittard,FC Twente,1,2,1-2,finished,28,semi_final,thestatsapi,1.25,1.85,7,6,11,9,5,2,6,15,2,0,,
comp_3809,Eredivisie,2026-03-20,14:00,Heracles Almelo,Excelsior,1,1,1-1,finished,28,semi_final,thestatsapi,1.52,1.06,6,1,13,15,4,4,17,15,2,1,,
comp_3809,Eredivisie,2026-03-15,10:45,Go Ahead Eagles,NAC Breda,6,0,6-0,finished,27,quarter_final,thestatsapi,1.56,1.13,3,9,11,20,6,3,8,3,,,,
comp_3809,Eredivisie,2026-03-15,08:30,AZ Alkmaar,Heracles Almelo,4,0,4-0,finished,27,quarter_final,thestatsapi,3.28,0.66,7,3,14,6,7,2,10,19,0,4,,
comp_3809,Eredivisie,2026-03-15,08:30,Feyenoord,Excelsior,2,1,2-1,finished,27,quarter_final,thestatsapi,3.36,0.84,9,5,15,12,9,3,10,12,3,1,,
comp_3809,Eredivisie,2026-03-15,06:15,FC Twente,FC Utrecht,0,2,0-2,finished,27,quarter_final,thestatsapi,1.48,1.39,4,5,16,10,4,8,7,10,1,3,,
comp_3809,Eredivisie,2026-03-14,15:00,AFC Ajax,Sparta Rotterdam,4,0,4-0,finished,27,quarter_final,thestatsapi,3.02,0.19,5,3,22,8,10,1,8,17,0,2,,
comp_3809,Eredivisie,2026-03-14,14:00,SC Heerenveen,SC Telstar,3,0,3-0,finished,27,quarter_final,thestatsapi,1.92,2.07,5,4,12,20,9,6,12,9,4,1,,
comp_3809,Eredivisie,2026-03-14,12:45,PSV Eindhoven,NEC Nijmegen,2,3,2-3,finished,27,quarter_final,thestatsapi,1.53,2.09,7,7,12,17,6,6,8,12,0,3,,
comp_3809,Eredivisie,2026-03-14,10:30,FC Volendam,Fortuna Sittard,1,2,1-2,finished,27,quarter_final,thestatsapi,2.21,2.09,4,4,16,13,5,4,11,13,1,2,,
comp_3809,Eredivisie,2026-03-13,14:00,PEC Zwolle,FC Groningen,1,1,1-1,finished,27,quarter_final,thestatsapi,2.16,2.09,7,6,13,16,6,6,12,10,0,3,,
comp_3809,Eredivisie,2026-03-08,14:00,NEC Nijmegen,FC Volendam,3,0,3-0,finished,26,,thestatsapi,1.44,0.45,12,1,27,7,11,3,10,7,1,0,,
comp_3809,Eredivisie,2026-03-08,10:45,NAC Breda,Feyenoord,3,3,3-3,finished,26,,thestatsapi,1.03,1.64,4,9,12,14,4,5,12,8,1,4,1,0
comp_3809,Eredivisie,2026-03-08,08:30,Fortuna Sittard,SC Telstar,1,4,1-4,finished,26,,thestatsapi,2.83,2.65,3,5,21,15,4,10,8,18,1,1,,
comp_3809,Eredivisie,2026-03-08,08:30,Go Ahead Eagles,FC Twente,1,4,1-4,finished,26,,thestatsapi,2.03,2.34,6,5,15,11,7,5,8,8,1,0,,
comp_3809,Eredivisie,2026-03-08,06:15,Sparta Rotterdam,PEC Zwolle,1,1,1-1,finished,26,,thestatsapi,1.67,1.25,6,3,20,15,7,6,7,10,3,1,,
comp_3809,Eredivisie,2026-03-07,15:00,Excelsior,SC Heerenveen,1,2,1-2,finished,26,,thestatsapi,2.56,1.69,6,8,21,10,5,5,4,7,1,1,,
comp_3809,Eredivisie,2026-03-07,14:00,PSV Eindhoven,AZ Alkmaar,2,1,2-1,finished,26,,thestatsapi,2.33,1.6,5,6,19,13,8,5,7,4,2,1,,
comp_3809,Eredivisie,2026-03-07,10:30,FC Groningen,AFC Ajax,3,1,3-1,finished,26,,thestatsapi,1.92,1.86,6,8,13,13,6,5,5,7,1,1,,
comp_3809,Eredivisie,2026-03-06,14:00,Heracles Almelo,FC Utrecht,0,0,0-0,finished,26,,thestatsapi,0.31,2.17,4,12,10,16,3,3,13,17,1,1,,
comp_3809,Eredivisie,2026-03-01,14:00,Excelsior,Go Ahead Eagles,0,1,0-1,finished,25,,thestatsapi,1.86,0.43,6,3,19,7,7,1,11,6,1,1,,
comp_3809,Eredivisie,2026-03-01,10:45,FC Utrecht,AZ Alkmaar,2,0,2-0,finished,25,,thestatsapi,1.27,0.73,5,4,12,10,3,6,13,13,1,3,,
comp_3809,Eredivisie,2026-03-01,08:30,FC Twente,Feyenoord,2,0,2-0,finished,25,,thestatsapi,1.18,0.88,4,2,19,8,8,2,13,8,,,,
comp_3809,Eredivisie,2026-03-01,08:30,FC Volendam,FC Groningen,3,2,3-2,finished,25,,thestatsapi,2.38,4.16,2,10,12,28,4,9,8,13,2,2,,
comp_3809,Eredivisie,2026-03-01,06:15,PEC Zwolle,AFC Ajax,0,0,0-0,finished,25,,thestatsapi,1.09,0.33,12,3,8,6,2,2,12,8,3,2,,
comp_3809,Eredivisie,2026-02-28,15:00,NEC Nijmegen,Fortuna Sittard,2,3,2-3,finished,25,,thestatsapi,1.46,2.45,10,5,15,13,4,9,10,13,1,2,,
comp_3809,Eredivisie,2026-02-28,12:45,Heracles Almelo,PSV Eindhoven,1,3,1-3,finished,25,,thestatsapi,1.22,3.26,3,5,15,24,3,15,15,14,2,1,,
comp_3809,Eredivisie,2026-02-28,10:30,SC Heerenveen,Sparta Rotterdam,2,1,2-1,finished,25,,thestatsapi,1.27,0.83,5,6,16,13,4,3,11,5,3,2,,
comp_3809,Eredivisie,2026-02-27,14:00,SC Telstar,NAC Breda,3,0,3-0,finished,25,,thestatsapi,1.24,0.36,10,4,14,10,7,0,11,13,1,4,,
comp_3809,Eredivisie,2026-02-22,14:00,Feyenoord,SC Telstar,2,1,2-1,finished,24,,thestatsapi,2.09,1.27,5,1,19,8,10,6,7,16,1,1,,
comp_3809,Eredivisie,2026-02-22,10:45,AZ Alkmaar,Sparta Rotterdam,3,1,3-1,finished,24,,thestatsapi,1.39,0.91,2,7,11,12,5,4,9,12,2,2,,
comp_3809,Eredivisie,2026-02-22,08:30,FC Utrecht,PEC Zwolle,1,1,1-1,finished,24,,thestatsapi,2.11,0.85,6,4,24,9,3,4,11,17,1,0,0,1
comp_3809,Eredivisie,2026-02-22,08:30,Go Ahead Eagles,Heracles Almelo,4,0,4-0,finished,24,,thestatsapi,2.6,0.8,4,5,12,9,6,2,7,13,1,3,,
comp_3809,Eredivisie,2026-02-22,06:15,FC Twente,FC Groningen,2,1,2-1,finished,24,,thestatsapi,0.78,0.92,4,4,6,11,4,3,8,6,0,2,,
comp_3809,Eredivisie,2026-02-21,15:00,AFC Ajax,NEC Nijmegen,1,1,1-1,finished,24,,thestatsapi,1.48,1.16,6,7,9,18,4,9,7,16,1,1,,
comp_3809,Eredivisie,2026-02-21,14:00,NAC Breda,FC Volendam,1,0,1-0,finished,24,,thestatsapi,1.39,0.52,6,3,17,8,3,1,13,13,1,3,,
comp_3809,Eredivisie,2026-02-21,12:45,PSV Eindhoven,SC Heerenveen,3,1,3-1,finished,24,,thestatsapi,3.27,1.28,9,3,29,14,7,4,12,5,2,1,,
comp_3809,Eredivisie,2026-02-20,14:00,Fortuna Sittard,Excelsior,2,1,2-1,finished,24,,thestatsapi,1.93,1.23,5,3,16,10,6,4,7,15,1,1,,
comp_3809,Eredivisie,2026-02-17,14:00,Sparta Rotterdam,NEC Nijmegen,1,1,1-1,finished,23,,thestatsapi,1.7,0.99,8,5,13,12,5,5,18,12,3,4,,
comp_3809,Eredivisie,2026-02-15,08:30,SC Heerenveen,PEC Zwolle,4,2,4-2,finished,23,,thestatsapi,1.58,1.19,2,5,11,12,5,6,8,6,1,0,,
comp_3809,Eredivisie,2026-02-15,08:30,SC Telstar,FC Twente,1,1,1-1,finished,23,,thestatsapi,1.32,2.03,3,6,14,20,4,7,11,8,1,1,,
comp_3809,Eredivisie,2026-02-15,06:15,Feyenoord,Go Ahead Eagles,1,0,1-0,finished,23,,thestatsapi,2.99,0.12,19,2,33,4,8,0,13,13,1,3,0,1
comp_3809,Eredivisie,2026-02-14,15:00,FC Groningen,FC Utrecht,1,2,1-2,finished,23,,thestatsapi,0.78,2.44,2,8,11,15,2,7,12,6,0,1,,
comp_3809,Eredivisie,2026-02-14,14:00,AFC Ajax,Fortuna Sittard,4,1,4-1,finished,23,,thestatsapi,1.18,0.84,4,0,20,8,8,1,11,10,,,,
comp_3809,Eredivisie,2026-02-14,12:45,Excelsior,AZ Alkmaar,1,2,1-2,finished,23,,thestatsapi,0.75,2.01,7,5,11,16,2,7,7,6,1,2,,
comp_3809,Eredivisie,2026-02-14,10:30,Heracles Almelo,NAC Breda,0,1,0-1,finished,23,,thestatsapi,1.12,1.26,4,3,14,13,3,5,12,12,0,1,,
comp_3809,Eredivisie,2026-02-13,14:00,FC Volendam,PSV Eindhoven,2,1,2-1,finished,23,,thestatsapi,1.18,1.69,4,8,12,19,4,5,9,12,1,1,,
comp_3809,Eredivisie,2026-02-11,15:00,NEC Nijmegen,FC Utrecht,1,3,1-3,finished,18,,thestatsapi,1.99,1.78,5,0,24,11,7,5,6,16,3,2,,
comp_3809,Eredivisie,2026-02-11,12:45,Go Ahead Eagles,SC Heerenveen,1,3,1-3,finished,20,,thestatsapi,0.77,1.82,8,4,13,19,6,10,8,14,1,0,,
comp_3809,Eredivisie,2026-02-08,10:45,FC Groningen,PSV Eindhoven,1,2,1-2,finished,22,,thestatsapi,0.89,2.74,6,11,8,15,4,5,8,9,1,1,,
comp_3809,Eredivisie,2026-02-08,08:30,AZ Alkmaar,AFC Ajax,1,1,1-1,finished,22,,thestatsapi,1.68,0.97,2,4,13,11,6,2,11,12,3,0,,
comp_3809,Eredivisie,2026-02-08,08:30,Go Ahead Eagles,SC Telstar,1,1,1-1,finished,22,,thestatsapi,2.34,1.58,13,2,23,12,11,2,6,14,1,0,,
comp_3809,Eredivisie,2026-02-08,06:15,FC Utrecht,Feyenoord,0,1,0-1,finished,22,,thestatsapi,1.06,0.95,2,7,6,10,5,4,12,14,3,4,1,0
comp_3809,Eredivisie,2026-02-07,15:00,Fortuna Sittard,Sparta Rotterdam,2,2,2-2,finished,22,,thestatsapi,0.99,1.31,3,13,11,16,3,5,13,10,3,1,,
comp_3809,Eredivisie,2026-02-07,14:00,FC Twente,SC Heerenveen,5,0,5-0,finished,22,,thestatsapi,3.18,0.29,7,0,29,7,14,0,8,10,1,3,,
comp_3809,Eredivisie,2026-02-07,12:45,PEC Zwolle,FC Volendam,1,2,1-2,finished,22,,thestatsapi,0.7,1.89,6,5,14,15,4,7,18,10,3,0,,
comp_3809,Eredivisie,2026-02-07,10:30,NEC Nijmegen,Heracles Almelo,4,1,4-1,finished,22,,thestatsapi,2.55,1.16,3,6,15,10,6,2,10,18,0,2,,
comp_3809,Eredivisie,2026-02-06,14:00,NAC Breda,Excelsior,0,2,0-2,finished,22,,thestatsapi,1.08,0.86,8,3,15,9,6,6,6,15,2,2,1,0
comp_3809,Eredivisie,2026-02-01,14:00,FC Volendam,Go Ahead Eagles,1,1,1-1,finished,21,,thestatsapi,1.22,0.8,6,5,20,13,4,5,7,16,4,6,0,1
comp_3809,Eredivisie,2026-02-01,10:45,SC Heerenveen,FC Utrecht,1,1,1-1,finished,21,,thestatsapi,1.64,0.83,5,6,19,11,3,4,11,10,1,2,,
comp_3809,Eredivisie,2026-02-01,08:30,PSV Eindhoven,Feyenoord,3,0,3-0,finished,21,,thestatsapi,1.95,0.35,8,3,14,8,7,2,8,8,1,3,0,1
comp_3809,Eredivisie,2026-02-01,08:30,Heracles Almelo,Fortuna Sittard,2,1,2-1,finished,21,,thestatsapi,2.01,0.6,4,5,11,12,7,6,17,14,2,3,,
comp_3809,Eredivisie,2026-02-01,06:15,Excelsior,AFC Ajax,2,2,2-2,finished,21,,thestatsapi,0.8,0.63,4,1,11,9,5,3,12,5,1,0,,
comp_3809,Eredivisie,2026-01-31,15:00,Sparta Rotterdam,FC Groningen,2,0,2-0,finished,21,,thestatsapi,1.19,0.28,3,6,8,8,5,2,8,16,1,5,,
comp_3809,Eredivisie,2026-01-31,12:45,PEC Zwolle,SC Telstar,4,1,4-1,finished,21,,thestatsapi,2.85,1.75,6,9,16,14,9,8,11,16,,,,
comp_3809,Eredivisie,2026-01-31,10:30,AZ Alkmaar,NEC Nijmegen,1,3,1-3,finished,21,,thestatsapi,1.39,1.36,3,3,11,19,2,8,15,16,1,2,,
comp_3809,Eredivisie,2026-01-30,14:00,NAC Breda,FC Twente,2,2,2-2,finished,21,,thestatsapi,1.26,1.63,7,4,20,18,10,9,7,10,1,1,,
comp_3809,Eredivisie,2026-01-25,10:45,FC Utrecht,Sparta Rotterdam,0,1,0-1,finished,20,,thestatsapi,1.4,0.59,10,0,22,5,5,3,11,14,0,3,,
comp_3809,Eredivisie,2026-01-25,10:45,Feyenoord,Heracles Almelo,4,2,4-2,finished,20,,thestatsapi,1.48,2.05,8,1,16,7,8,3,12,17,2,2,,
comp_3809,Eredivisie,2026-01-25,08:30,FC Groningen,Fortuna Sittard,1,2,1-2,finished,20,,thestatsapi,2.42,0.8,16,3,25,10,5,6,12,15,3,2,,
comp_3809,Eredivisie,2026-01-25,06:15,SC Telstar,AZ Alkmaar,0,1,0-1,finished,20,,thestatsapi,1.09,1.16,5,1,10,12,3,4,13,16,1,2,,
comp_3809,Eredivisie,2026-01-24,15:00,FC Twente,Excelsior,0,0,0-0,finished,20,,thestatsapi,1.2,0.99,11,5,14,8,3,1,10,8,1,1,,
comp_3809,Eredivisie,2026-01-24,14:00,PSV Eindhoven,NAC Breda,2,2,2-2,finished,20,,thestatsapi,1.79,1.5,10,4,16,6,4,2,13,13,4,3,,
comp_3809,Eredivisie,2026-01-24,12:45,NEC Nijmegen,PEC Zwolle,2,1,2-1,finished,20,,thestatsapi,1.5,0.71,10,6,13,11,2,6,7,12,1,2,,
comp_3809,Eredivisie,2026-01-24,10:30,AFC Ajax,FC Volendam,2,0,2-0,finished,20,,thestatsapi,3.44,0.31,10,0,31,5,14,2,10,13,1,3,,
comp_3809,Eredivisie,2026-01-21,12:45,AZ Alkmaar,Excelsior,1,1,1-1,finished,16,,thestatsapi,1.85,1.12,4,5,13,8,4,2,8,10,3,1,,
comp_3809,Eredivisie,2026-01-18,10:45,Feyenoord,Sparta Rotterdam,3,4,3-4,finished,19,,thestatsapi,1.69,1.6,9,0,22,13,12,5,6,11,1,3,,
comp_3809,Eredivisie,2026-01-18,08:30,Heracles Almelo,FC Twente,0,2,0-2,finished,19,,thestatsapi,0.78,2.53,4,2,11,18,2,6,12,14,2,4,0,1
comp_3809,Eredivisie,2026-01-18,08:30,FC Volendam,FC Utrecht,2,1,2-1,finished,19,,thestatsapi,0.4,0.93,1,6,7,16,3,5,14,14,3,3,,
comp_3809,Eredivisie,2026-01-18,06:15,SC Heerenveen,FC Groningen,0,2,0-2,finished,19,,thestatsapi,1.48,1.87,3,6,16,12,4,6,11,13,2,2,,
comp_3809,Eredivisie,2026-01-17,15:00,NAC Breda,NEC Nijmegen,3,4,3-4,finished,19,,thestatsapi,0.82,1.19,2,3,14,11,5,8,13,15,2,1,,
comp_3809,Eredivisie,2026-01-17,14:00,Fortuna Sittard,PSV Eindhoven,1,2,1-2,finished,19,,thestatsapi,0.33,3.03,4,14,6,18,1,8,10,11,1,1,,
comp_3809,Eredivisie,2026-01-17,14:00,Excelsior,SC Telstar,2,2,2-2,finished,19,,thestatsapi,1.48,1.44,3,7,13,16,3,3,11,8,3,0,,
comp_3809,Eredivisie,2026-01-17,12:45,PEC Zwolle,AZ Alkmaar,3,1,3-1,finished,19,,thestatsapi,1.73,0.61,3,7,12,12,5,4,12,14,1,2,,
comp_3809,Eredivisie,2026-01-17,10:30,AFC Ajax,Go Ahead Eagles,2,2,2-2,finished,19,,thestatsapi,3.43,0.86,1,5,18,10,6,6,11,16,2,4,,
comp_3809,Eredivisie,2026-01-11,10:45,Sparta Rotterdam,Heracles Almelo,2,0,2-0,finished,18,,thestatsapi,2.39,0.33,9,5,22,6,9,2,6,16,1,3,,
comp_3809,Eredivisie,2026-01-11,08:30,Go Ahead Eagles,Fortuna Sittard,2,2,2-2,finished,18,,thestatsapi,1.72,0.84,9,1,23,12,8,5,10,9,0,1,,
comp_3809,Eredivisie,2026-01-11,08:30,SC Telstar,AFC Ajax,2,3,2-3,finished,18,,thestatsapi,0.77,1.74,8,3,7,16,3,10,6,6,1,1,1,0
comp_3809,Eredivisie,2026-01-11,06:15,SC Heerenveen,Feyenoord,2,2,2-2,finished,18,,thestatsapi,0.92,1.08,5,3,16,7,7,3,11,6,1,0,,
comp_3809,Eredivisie,2026-01-10,15:00,FC Groningen,NAC Breda,0,0,0-0,finished,18,,thestatsapi,1.3,0.82,3,4,16,10,5,2,7,6,1,2,,
comp_3809,Eredivisie,2026-01-10,14:00,PSV Eindhoven,Excelsior,5,1,5-1,finished,18,,thestatsapi,2.3,0.5,6,4,16,8,8,3,10,7,1,1,,
comp_3809,Eredivisie,2026-01-10,12:45,FC Twente,PEC Zwolle,1,1,1-1,finished,18,,thestatsapi,2.07,0.4,7,2,26,3,7,1,6,11,1,3,,
comp_3809,Eredivisie,2026-01-10,10:30,AZ Alkmaar,FC Volendam,1,0,1-0,finished,18,,thestatsapi,2.39,0.48,7,2,17,7,8,2,10,9,0,1,,
comp_3809,Eredivisie,2025-12-21,10:45,FC Volendam,Sparta Rotterdam,0,1,0-1,finished,17,,thestatsapi,1.06,2.75,6,8,12,23,5,10,14,6,3,2,,
comp_3809,Eredivisie,2025-12-21,10:45,Fortuna Sittard,AZ Alkmaar,4,3,4-3,finished,17,,thestatsapi,1.38,3.79,5,8,15,21,6,9,18,11,3,0,,
comp_3809,Eredivisie,2025-12-21,08:30,Go Ahead Eagles,FC Groningen,1,1,1-1,finished,17,,thestatsapi,1.06,1.13,1,8,8,14,3,3,7,8,2,1,,
comp_3809,Eredivisie,2025-12-21,08:30,Feyenoord,FC Twente,1,1,1-1,finished,17,,thestatsapi,0.69,2.54,7,12,10,29,4,11,15,11,2,0,1,0
comp_3809,Eredivisie,2025-12-21,06:15,FC Utrecht,PSV Eindhoven,1,2,1-2,finished,17,,thestatsapi,1.37,1.53,2,12,17,14,3,8,7,14,3,5,0,1
comp_3809,Eredivisie,2025-12-20,15:00,NAC Breda,SC Telstar,0,1,0-1,finished,17,,thestatsapi,0.73,1.48,8,3,11,11,2,4,11,16,2,3,,
comp_3809,Eredivisie,2025-12-20,14:00,NEC Nijmegen,AFC Ajax,2,2,2-2,finished,17,,thestatsapi,2.05,2.02,1,7,15,19,6,8,8,8,3,3,1,0
comp_3809,Eredivisie,2025-12-20,12:45,Excelsior,PEC Zwolle,2,1,2-1,finished,17,,thestatsapi,1.71,1.18,3,1,13,9,4,3,13,7,1,1,,
comp_3809,Eredivisie,2025-12-20,10:30,Heracles Almelo,SC Heerenveen,0,3,0-3,finished,17,,thestatsapi,0.48,1.76,4,4,8,15,2,8,12,9,1,1,,
comp_3809,Eredivisie,2025-12-14,10:45,NAC Breda,FC Utrecht,1,1,1-1,finished,16,,thestatsapi,1.2,0.66,6,5,16,11,3,6,10,12,2,2,,
comp_3809,Eredivisie,2025-12-14,08:30,FC Twente,Go Ahead Eagles,2,0,2-0,finished,16,,thestatsapi,3.55,0.32,3,6,23,6,7,2,7,9,0,3,,
comp_3809,Eredivisie,2025-12-14,08:30,AFC Ajax,Feyenoord,2,0,2-0,finished,16,,thestatsapi,1.25,1.89,3,12,15,18,7,1,12,12,2,1,,
comp_3809,Eredivisie,2025-12-14,06:15,Sparta Rotterdam,SC Heerenveen,0,3,0-3,finished,16,,thestatsapi,0.52,1.38,5,10,11,20,3,5,10,15,1,2,,
comp_3809,Eredivisie,2025-12-13,15:00,PEC Zwolle,Fortuna Sittard,1,0,1-0,finished,16,,thestatsapi,1.58,0.72,2,12,8,11,3,3,17,13,3,3,,
comp_3809,Eredivisie,2025-12-13,14:00,PSV Eindhoven,Heracles Almelo,4,3,4-3,finished,16,,thestatsapi,3.22,2.64,10,4,21,11,7,6,12,7,2,4,,
comp_3809,Eredivisie,2025-12-13,12:45,FC Groningen,FC Volendam,3,0,3-0,finished,16,,thestatsapi,2.67,0.22,18,1,26,4,7,1,7,11,0,1,0,1
comp_3809,Eredivisie,2025-12-13,10:30,SC Telstar,NEC Nijmegen,2,2,2-2,finished,16,,thestatsapi,1.82,2.34,5,7,10,16,4,8,8,11,0,2,,
comp_3809,Eredivisie,2025-12-07,10:45,Sparta Rotterdam,NAC Breda,1,0,1-0,finished,15,,thestatsapi,2.43,1.42,1,14,12,22,6,9,11,10,1,1,,
comp_3809,Eredivisie,2025-12-07,08:30,FC Volendam,NEC Nijmegen,2,3,2-3,finished,15,,thestatsapi,2.14,1.19,4,8,13,16,5,7,7,17,2,5,,
comp_3809,Eredivisie,2025-12-07,08:30,AZ Alkmaar,Go Ahead Eagles,2,2,2-2,finished,15,,thestatsapi,2.11,1.33,11,4,23,11,7,7,8,8,2,1,,
comp_3809,Eredivisie,2025-12-07,06:15,FC Utrecht,FC Twente,1,1,1-1,finished,15,,thestatsapi,0.73,1.58,6,8,13,21,4,6,8,8,1,2,,
comp_3809,Eredivisie,2025-12-06,15:00,Feyenoord,PEC Zwolle,6,1,6-1,finished,15,,thestatsapi,3.08,0.97,8,4,25,7,12,4,17,12,1,1,,
comp_3809,Eredivisie,2025-12-06,14:00,Heracles Almelo,SC Telstar,1,1,1-1,finished,15,,thestatsapi,1.97,0.71,6,6,15,11,6,2,15,12,3,2,,
comp_3809,Eredivisie,2025-12-06,12:45,Fortuna Sittard,AFC Ajax,1,3,1-3,finished,15,,thestatsapi,2.18,1.01,4,4,25,13,7,4,13,9,3,4,1,1
comp_3809,Eredivisie,2025-12-06,10:30,SC Heerenveen,PSV Eindhoven,0,2,0-2,finished,15,,thestatsapi,0.66,0.58,7,3,12,11,3,7,13,5,1,0,,
comp_3809,Eredivisie,2025-12-05,14:00,Excelsior,FC Groningen,0,2,0-2,finished,15,,thestatsapi,1.98,3.92,5,5,16,20,6,8,10,9,2,3,1,1
comp_3809,Eredivisie,2025-12-02,08:30,AFC Ajax,FC Groningen,2,0,2-0,finished,14,,thestatsapi,0.98,1.76,3,5,13,17,6,7,14,10,1,0,,
comp_3809,Eredivisie,2025-11-30,10:45,FC Twente,AZ Alkmaar,1,0,1-0,finished,14,,thestatsapi,0.89,1.29,2,3,7,7,2,1,13,9,2,4,,
comp_3809,Eredivisie,2025-11-30,08:30,Go Ahead Eagles,FC Utrecht,2,2,2-2,finished,14,,thestatsapi,0.89,2.06,4,3,11,17,6,8,9,12,2,2,,
comp_3809,Eredivisie,2025-11-30,08:30,SC Telstar,Feyenoord,1,2,1-2,finished,14,,thestatsapi,1.57,1.59,3,5,12,11,2,7,8,8,0,3,,
comp_3809,Eredivisie,2025-11-30,06:15,PSV Eindhoven,FC Volendam,3,0,3-0,finished,14,,thestatsapi,1.37,0.47,5,2,19,10,8,2,12,4,,,,
comp_3809,Eredivisie,2025-11-29,15:00,NEC Nijmegen,Sparta Rotterdam,3,1,3-1,finished,14,,thestatsapi,2.78,1.7,7,6,19,13,7,5,9,13,2,4,,
comp_3809,Eredivisie,2025-11-29,12:45,Fortuna Sittard,Heracles Almelo,1,1,1-1,finished,14,,thestatsapi,1.71,0.57,11,3,23,6,5,3,19,22,3,5,,
comp_3809,Eredivisie,2025-11-29,10:30,Excelsior,NAC Breda,1,0,1-0,finished,14,,thestatsapi,0.95,1.67,1,6,5,22,2,3,22,12,4,1,,
comp_3809,Eredivisie,2025-11-28,14:00,PEC Zwolle,SC Heerenveen,2,1,2-1,finished,14,,thestatsapi,1.56,1.76,3,9,11,19,4,7,11,19,3,2,,
comp_3809,Eredivisie,2025-11-23,10:45,FC Groningen,PEC Zwolle,2,2,2-2,finished,13,,thestatsapi,2.52,0.9,13,0,39,5,13,3,11,9,1,3,0,1
comp_3809,Eredivisie,2025-11-23,08:30,SC Telstar,FC Utrecht,1,1,1-1,finished,13,,thestatsapi,1.29,0.94,1,8,10,17,3,3,10,10,2,2,,
comp_3809,Eredivisie,2025-11-23,08:30,Feyenoord,NEC Nijmegen,2,4,2-4,finished,13,,thestatsapi,2.67,2.25,7,6,19,22,5,12,8,13,1,1,,
comp_3809,Eredivisie,2025-11-23,06:15,SC Heerenveen,AZ Alkmaar,3,1,3-1,finished,13,,thestatsapi,3.33,1.03,8,5,21,9,9,5,9,4,1,0,,
comp_3809,Eredivisie,2025-11-22,15:00,Sparta Rotterdam,Fortuna Sittard,1,1,1-1,finished,13,,thestatsapi,1.65,1.17,7,5,13,12,4,7,9,11,1,1,,
comp_3809,Eredivisie,2025-11-22,15:00,Heracles Almelo,Go Ahead Eagles,4,2,4-2,finished,13,,thestatsapi,2.62,0.98,6,3,22,6,12,4,6,15,1,3,0,1
comp_3809,Eredivisie,2025-11-22,12:45,FC Volendam,FC Twente,1,1,1-1,finished,13,,thestatsapi,1.39,2.52,4,4,11,18,4,6,5,11,0,3,,
comp_3809,Eredivisie,2025-11-22,12:45,AFC Ajax,Excelsior,1,2,1-2,finished,13,,thestatsapi,1.3,0.43,9,2,15,8,5,4,4,13,2,1,,
comp_3809,Eredivisie,2025-11-22,10:30,NAC Breda,PSV Eindhoven,0,1,0-1,finished,13,,thestatsapi,1.21,0.56,6,5,16,9,3,4,11,15,2,1,,
comp_3809,Eredivisie,2025-11-09,14:00,Go Ahead Eagles,Feyenoord,2,1,2-1,finished,12,,thestatsapi,1.67,2.04,4,7,9,20,5,6,7,10,2,1,,
comp_3809,Eredivisie,2025-11-09,10:45,AZ Alkmaar,PSV Eindhoven,1,5,1-5,finished,12,,thestatsapi,0.28,2.33,4,6,8,15,3,6,9,10,2,1,,
comp_3809,Eredivisie,2025-11-09,08:30,NEC Nijmegen,FC Groningen,2,0,2-0,finished,12,,thestatsapi,1.47,1.28,9,3,13,10,5,4,6,13,1,1,,
comp_3809,Eredivisie,2025-11-09,06:15,FC Utrecht,AFC Ajax,2,1,2-1,finished,12,,thestatsapi,1.29,0.55,6,4,16,10,6,4,15,10,1,0,,
comp_3809,Eredivisie,2025-11-08,15:00,PEC Zwolle,Sparta Rotterdam,1,0,1-0,finished,12,,thestatsapi,0.7,0.94,3,6,11,14,3,1,9,15,2,4,0,1
comp_3809,Eredivisie,2025-11-08,14:00,Fortuna Sittard,SC Heerenveen,2,0,2-0,finished,12,,thestatsapi,1.78,1.49,4,5,10,18,5,8,14,12,2,1,,
comp_3809,Eredivisie,2025-11-08,12:45,FC Volendam,NAC Breda,2,1,2-1,finished,12,,thestatsapi,1.76,0.64,8,6,12,12,5,2,13,9,2,2,0,2
comp_3809,Eredivisie,2025-11-08,10:30,Excelsior,Heracles Almelo,1,2,1-2,finished,12,,thestatsapi,1.85,1.01,6,13,12,10,5,5,14,13,1,2,,
comp_3809,Eredivisie,2025-11-07,14:00,FC Twente,SC Telstar,0,0,0-0,finished,12,,thestatsapi,1.71,0.61,10,2,27,6,7,0,13,4,4,2,1,1
comp_3809,Eredivisie,2025-11-02,10:45,FC Utrecht,NEC Nijmegen,1,0,1-0,finished,11,,thestatsapi,1.16,1.91,2,2,11,16,4,5,11,15,1,2,,
comp_3809,Eredivisie,2025-11-02,08:30,Sparta Rotterdam,AZ Alkmaar,0,1,0-1,finished,11,,thestatsapi,0.52,2.43,6,9,10,20,3,14,7,12,1,1,,
comp_3809,Eredivisie,2025-11-02,08:30,FC Groningen,FC Twente,1,1,1-1,finished,11,,thestatsapi,3.12,1.42,7,3,18,10,7,4,7,12,2,4,,
comp_3809,Eredivisie,2025-11-02,06:15,Heracles Almelo,PEC Zwolle,8,2,8-2,finished,11,,thestatsapi,3.78,1.2,4,2,23,7,11,4,16,11,0,3,0,1
comp_3809,Eredivisie,2025-11-01,15:00,SC Telstar,Excelsior,2,2,2-2,finished,11,,thestatsapi,3.1,2.97,3,5,17,21,8,8,8,15,0,2,,
comp_3809,Eredivisie,2025-11-01,14:00,Feyenoord,FC Volendam,3,1,3-1,finished,11,,thestatsapi,4.16,0.83,10,1,37,9,9,1,4,8,,,,
comp_3809,Eredivisie,2025-11-01,12:45,NAC Breda,Go Ahead Eagles,1,0,1-0,finished,11,,thestatsapi,0.59,0.65,2,2,8,7,2,2,10,8,4,2,,
comp_3809,Eredivisie,2025-11-01,10:30,AFC Ajax,SC Heerenveen,1,1,1-1,finished,11,,thestatsapi,1.11,0.91,5,4,9,17,2,7,6,16,0,2,,
comp_3809,Eredivisie,2025-10-31,14:00,PSV Eindhoven,Fortuna Sittard,5,2,5-2,finished,11,,thestatsapi,2.03,0.73,7,4,21,10,6,4,8,12,0,4,,
comp_3809,Eredivisie,2025-10-26,14:00,Go Ahead Eagles,Excelsior,2,0,2-0,finished,10,,thestatsapi,1.81,0.54,4,10,12,11,4,2,7,12,1,2,,
comp_3809,Eredivisie,2025-10-26,10:45,AZ Alkmaar,FC Utrecht,4,1,4-1,finished,10,,thestatsapi,3.59,0.99,8,2,18,8,7,2,4,14,0,1,,
comp_3809,Eredivisie,2025-10-26,08:30,Feyenoord,PSV Eindhoven,2,3,2-3,finished,10,,thestatsapi,1.14,1.16,3,5,12,11,6,6,7,13,0,1,,
comp_3809,Eredivisie,2025-10-26,06:15,FC Twente,AFC Ajax,2,3,2-3,finished,10,,thestatsapi,2.75,0.99,6,1,21,9,5,6,14,13,0,2,,
comp_3809,Eredivisie,2025-10-25,14:00,PEC Zwolle,NEC Nijmegen,2,2,2-2,finished,10,,thestatsapi,1.87,0.77,3,4,10,11,6,3,11,12,0,1,,
comp_3809,Eredivisie,2025-10-25,13:00,FC Volendam,Heracles Almelo,3,0,3-0,finished,10,,thestatsapi,1.54,1.16,5,5,13,11,7,2,6,13,0,3,0,1
comp_3809,Eredivisie,2025-10-25,11:45,Sparta Rotterdam,SC Telstar,1,0,1-0,finished,10,,thestatsapi,1.79,0.63,6,7,14,14,6,3,9,14,3,2,,
comp_3809,Eredivisie,2025-10-25,09:30,Fortuna Sittard,FC Groningen,1,2,1-2,finished,10,,thestatsapi,1.2,1.77,7,7,9,16,3,10,14,9,3,1,,
comp_3809,Eredivisie,2025-10-24,13:00,SC Heerenveen,NAC Breda,3,3,3-3,finished,10,,thestatsapi,1.81,1.38,4,5,10,11,4,4,10,10,1,0,,
comp_3809,Eredivisie,2025-10-19,09:45,Heracles Almelo,Feyenoord,0,7,0-7,finished,9,,thestatsapi,0.19,2.67,2,8,4,19,0,12,,,1,2,,
comp_3809,Eredivisie,2025-10-19,07:30,Excelsior,Fortuna Sittard,1,0,1-0,finished,9,,thestatsapi,1.08,1.07,4,2,11,15,5,6,10,18,0,3,,
comp_3809,Eredivisie,2025-10-19,07:30,FC Groningen,Sparta Rotterdam,0,2,0-2,finished,9,,thestatsapi,1.16,0.93,7,4,12,8,0,2,11,10,3,2,,
comp_3809,Eredivisie,2025-10-19,05:15,SC Telstar,SC Heerenveen,2,3,2-3,finished,9,,thestatsapi,2.73,2.71,6,11,18,15,6,7,9,12,1,2,,
comp_3809,Eredivisie,2025-10-18,14:00,NAC Breda,PEC Zwolle,2,2,2-2,finished,9,,thestatsapi,2.54,1.47,3,2,19,11,6,3,11,14,0,3,,
comp_3809,Eredivisie,2025-10-18,14:00,AFC Ajax,AZ Alkmaar,0,2,0-2,finished,9,,thestatsapi,1.26,2.23,5,4,17,13,6,3,13,19,4,2,,
comp_3809,Eredivisie,2025-10-18,11:45,FC Utrecht,FC Volendam,3,1,3-1,finished,9,,thestatsapi,2.17,0.47,10,0,22,3,6,3,12,13,1,1,,
comp_3809,Eredivisie,2025-10-18,11:45,PSV Eindhoven,Go Ahead Eagles,2,1,2-1,finished,9,,thestatsapi,3.48,0.42,6,1,24,4,8,2,7,8,1,1,,
comp_3809,Eredivisie,2025-10-18,09:30,NEC Nijmegen,FC Twente,3,3,3-3,finished,9,,thestatsapi,0.53,1.94,3,3,8,9,4,3,,,2,3,,
comp_3809,Eredivisie,2025-10-05,13:00,Go Ahead Eagles,NEC Nijmegen,1,1,1-1,finished,8,,thestatsapi,0.76,0.88,11,4,8,17,3,7,13,18,1,5,0,1
comp_3809,Eredivisie,2025-10-05,09:45,AZ Alkmaar,SC Telstar,2,1,2-1,finished,8,,thestatsapi,3.71,0.7,6,4,27,14,10,5,7,13,3,2,,
comp_3809,Eredivisie,2025-10-05,07:30,Feyenoord,FC Utrecht,3,2,3-2,finished,8,,thestatsapi,3.3,0.48,12,3,22,10,10,4,7,10,1,0,,
comp_3809,Eredivisie,2025-10-05,05:15,FC Twente,Heracles Almelo,2,1,2-1,finished,8,,thestatsapi,1.3,0.6,4,3,21,7,9,2,5,8,0,2,1,0
comp_3809,Eredivisie,2025-10-04,14:00,SC Heerenveen,Excelsior,2,1,2-1,finished,8,,thestatsapi,2.12,0.85,7,3,19,9,4,2,6,17,1,3,,
comp_3809,Eredivisie,2025-10-04,13:00,PEC Zwolle,PSV Eindhoven,0,4,0-4,finished,8,,thestatsapi,0.12,1.86,4,8,4,19,0,9,7,8,0,3,1,0
comp_3809,Eredivisie,2025-10-04,11:45,Fortuna Sittard,FC Volendam,1,0,1-0,finished,8,,thestatsapi,1.47,0.77,7,4,16,8,3,1,14,13,1,2,,
comp_3809,Eredivisie,2025-10-04,09:30,Sparta Rotterdam,AFC Ajax,3,3,3-3,finished,8,,thestatsapi,1.98,1.67,6,4,14,17,5,4,8,9,1,3,,
comp_3809,Eredivisie,2025-10-03,13:00,NAC Breda,FC Groningen,1,2,1-2,finished,8,,thestatsapi,0.69,1.6,7,6,11,14,4,9,16,14,3,1,,
comp_3809,Eredivisie,2025-09-28,09:45,SC Telstar,Go Ahead Eagles,4,2,4-2,finished,7,,thestatsapi,2.2,1.82,8,3,20,13,9,4,13,9,2,0,,
comp_3809,Eredivisie,2025-09-28,07:30,FC Utrecht,SC Heerenveen,2,2,2-2,finished,7,,thestatsapi,2.08,1.03,5,3,14,10,5,4,14,12,2,2,,
comp_3809,Eredivisie,2025-09-28,07:30,FC Groningen,Feyenoord,0,1,0-1,finished,7,,thestatsapi,1.01,0.99,3,4,12,11,5,5,16,6,2,2,1,0
comp_3809,Eredivisie,2025-09-28,05:15,NEC Nijmegen,AZ Alkmaar,2,1,2-1,finished,7,,thestatsapi,1.3,0.35,5,4,14,7,4,2,14,16,1,6,0,1
comp_3809,Eredivisie,2025-09-27,14:00,Heracles Almelo,Sparta Rotterdam,3,0,3-0,finished,7,,thestatsapi,1.31,1.43,5,4,12,18,5,5,12,11,2,4,,
comp_3809,Eredivisie,2025-09-27,13:00,Excelsior,PSV Eindhoven,1,2,1-2,finished,7,,thestatsapi,2.15,2.51,3,2,18,18,5,8,8,5,,,,
comp_3809,Eredivisie,2025-09-27,11:45,FC Volendam,PEC Zwolle,2,1,2-1,finished,7,,thestatsapi,1.79,0.96,3,5,15,14,3,2,11,12,2,3,,
comp_3809,Eredivisie,2025-09-27,09:30,AFC Ajax,NAC Breda,2,1,2-1,finished,7,,thestatsapi,1.87,1.57,2,7,12,17,7,7,11,14,2,4,0,1
comp_3809,Eredivisie,2025-09-26,13:00,FC Twente,Fortuna Sittard,3,2,3-2,finished,7,,thestatsapi,2.69,0.49,4,5,18,8,10,4,14,13,1,2,,
comp_3809,Eredivisie,2025-09-24,13:00,AZ Alkmaar,PEC Zwolle,2,2,2-2,finished,3,,thestatsapi,2.4,0.93,9,1,28,8,9,4,12,10,1,2,,
comp_3809,Eredivisie,2025-09-21,09:45,AZ Alkmaar,Feyenoord,3,3,3-3,finished,6,,thestatsapi,1.17,1.95,4,11,9,19,5,3,9,10,4,5,0,1
comp_3809,Eredivisie,2025-09-21,07:30,SC Heerenveen,NEC Nijmegen,3,2,3-2,finished,6,,thestatsapi,3.08,0.98,6,6,14,11,8,6,10,14,2,1,0,1
comp_3809,Eredivisie,2025-09-21,07:30,PSV Eindhoven,AFC Ajax,2,2,2-2,finished,6,,thestatsapi,3.1,2.18,9,5,16,14,8,6,17,13,2,5,,
comp_3809,Eredivisie,2025-09-21,05:15,PEC Zwolle,Go Ahead Eagles,0,2,0-2,finished,6,,thestatsapi,0.43,1.73,3,7,8,20,1,9,5,8,1,2,1,0
comp_3809,Eredivisie,2025-09-20,14:00,NAC Breda,Heracles Almelo,2,1,2-1,finished,6,,thestatsapi,2.28,0.9,10,4,17,13,4,5,9,17,1,2,,
comp_3809,Eredivisie,2025-09-20,13:00,Fortuna Sittard,FC Utrecht,1,0,1-0,finished,6,,thestatsapi,1.16,0.83,1,11,7,14,3,5,12,7,4,2,,
comp_3809,Eredivisie,2025-09-20,11:45,FC Groningen,SC Telstar,2,0,2-0,finished,6,,thestatsapi,1.78,0.83,7,2,16,7,6,3,9,10,1,2,,
comp_3809,Eredivisie,2025-09-20,09:30,FC Volendam,Excelsior,1,2,1-2,finished,6,,thestatsapi,1.68,1.84,5,3,14,15,7,6,11,19,3,2,,
comp_3809,Eredivisie,2025-09-19,13:00,Sparta Rotterdam,FC Twente,1,5,1-5,finished,6,,thestatsapi,1.11,2.37,1,6,7,23,,,,,,,,
comp_3809,Eredivisie,2025-09-17,13:00,Feyenoord,Fortuna Sittard,2,0,2-0,finished,3,,thestatsapi,2.13,0.3,13,0,19,5,5,0,11,9,0,1,,
comp_3809,Eredivisie,2025-09-14,09:45,SC Telstar,Fortuna Sittard,1,3,1-3,finished,5,,thestatsapi,1.97,1.14,10,1,18,9,7,6,14,17,1,0,,
comp_3809,Eredivisie,2025-09-14,07:30,Heracles Almelo,AZ Alkmaar,1,2,1-2,finished,5,,thestatsapi,1.37,2.59,6,9,19,25,6,8,11,11,1,5,,
comp_3809,Eredivisie,2025-09-14,07:30,FC Utrecht,FC Groningen,0,1,0-1,finished,5,,thestatsapi,1.31,1.58,3,4,14,13,3,6,9,16,0,4,,
comp_3809,Eredivisie,2025-09-14,05:15,Excelsior,Sparta Rotterdam,0,1,0-1,finished,5,,thestatsapi,1.55,1.65,7,2,17,19,4,7,11,8,4,1,1,0
comp_3809,Eredivisie,2025-09-13,14:00,Feyenoord,SC Heerenveen,1,0,1-0,finished,5,,thestatsapi,1.05,1.34,6,3,9,11,5,1,10,11,2,2,1,1
comp_3809,Eredivisie,2025-09-13,14:00,FC Twente,NAC Breda,2,2,2-2,finished,5,,thestatsapi,2.12,0.74,4,3,15,11,6,5,15,17,2,1,,
comp_3809,Eredivisie,2025-09-13,12:10,Go Ahead Eagles,FC Volendam,3,0,3-0,finished,5,,thestatsapi,2.01,1.2,7,7,19,19,13,1,12,9,1,1,,
comp_3809,Eredivisie,2025-09-13,11:45,NEC Nijmegen,PSV Eindhoven,3,5,3-5,finished,5,,thestatsapi,2,2.23,8,4,20,18,7,11,8,18,2,5,,
comp_3809,Eredivisie,2025-09-13,09:30,AFC Ajax,PEC Zwolle,3,1,3-1,finished,5,,thestatsapi,2.37,0.62,7,1,12,8,7,3,18,9,2,1,,
comp_3809,Eredivisie,2025-08-31,09:45,NAC Breda,AZ Alkmaar,0,1,0-1,finished,4,,thestatsapi,1.96,2.82,1,7,11,25,6,8,8,13,0,5,1,0
comp_3809,Eredivisie,2025-08-31,07:30,PEC Zwolle,FC Utrecht,0,2,0-2,finished,4,,thestatsapi,1.1,1.06,3,2,7,14,2,7,13,10,2,1,,
comp_3809,Eredivisie,2025-08-31,07:30,Sparta Rotterdam,Feyenoord,0,4,0-4,finished,4,,thestatsapi,0.57,2.09,1,9,7,24,2,11,5,9,1,2,1,0
comp_3809,Eredivisie,2025-08-31,05:15,Fortuna Sittard,NEC Nijmegen,3,2,3-2,finished,4,,thestatsapi,1.3,1.64,3,4,10,14,5,5,16,8,4,1,,
comp_3809,Eredivisie,2025-08-30,14:00,Excelsior,FC Twente,1,0,1-0,finished,4,,thestatsapi,0.47,2.29,1,4,10,27,4,8,13,11,2,2,1,0
comp_3809,Eredivisie,2025-08-30,13:00,PSV Eindhoven,SC Telstar,0,2,0-2,finished,4,,thestatsapi,1.36,1.39,10,3,23,9,5,4,10,11,1,1,,
comp_3809,Eredivisie,2025-08-30,11:45,SC Heerenveen,Go Ahead Eagles,2,2,2-2,finished,4,,thestatsapi,2.41,0.96,3,7,19,11,5,5,9,12,3,1,,
comp_3809,Eredivisie,2025-08-30,09:30,FC Volendam,AFC Ajax,1,1,1-1,finished,4,,thestatsapi,0.86,0.91,2,7,12,13,5,4,12,15,2,3,,
comp_3809,Eredivisie,2025-08-29,13:00,FC Groningen,Heracles Almelo,4,0,4-0,finished,4,,thestatsapi,1.59,0.48,6,3,17,8,5,0,13,12,2,1,,
comp_3809,Eredivisie,2025-08-24,09:45,AFC Ajax,Heracles Almelo,2,0,2-0,finished,3,,thestatsapi,2.75,0.18,10,1,27,3,10,0,10,15,0,2,,
comp_3809,Eredivisie,2025-08-24,07:30,NEC Nijmegen,NAC Breda,3,0,3-0,finished,3,,thestatsapi,4.1,0.61,3,1,18,7,10,2,16,18,2,4,,
comp_3809,Eredivisie,2025-08-24,07:30,FC Utrecht,Excelsior,4,1,4-1,finished,3,,thestatsapi,1.65,1.26,7,5,16,12,10,4,6,15,,,,
comp_3809,Eredivisie,2025-08-24,05:15,SC Heerenveen,FC Twente,1,2,1-2,finished,3,,thestatsapi,2.52,2.06,7,4,18,9,3,5,10,19,3,4,1,0
comp_3809,Eredivisie,2025-08-23,14:00,SC Telstar,FC Volendam,2,2,2-2,finished,3,,thestatsapi,1.52,0.48,4,6,18,10,9,6,10,11,3,0,,
comp_3809,Eredivisie,2025-08-23,11:45,PSV Eindhoven,FC Groningen,4,2,4-2,finished,3,,thestatsapi,2.17,1.26,6,4,23,17,7,6,11,11,0,2,,
comp_3809,Eredivisie,2025-08-23,09:30,Go Ahead Eagles,Sparta Rotterdam,0,3,0-3,finished,3,,thestatsapi,2.24,1.73,12,1,19,13,6,5,6,8,0,2,,
comp_3809,Eredivisie,2025-08-17,13:00,NAC Breda,Fortuna Sittard,2,1,2-1,finished,2,,thestatsapi,2.01,0.72,4,5,14,10,6,4,8,15,2,3,,
comp_3809,Eredivisie,2025-08-17,09:45,FC Volendam,AZ Alkmaar,2,2,2-2,finished,2,,thestatsapi,0.47,1.46,3,4,8,19,3,3,10,10,1,3,,
comp_3809,Eredivisie,2025-08-17,07:30,FC Twente,PSV Eindhoven,0,2,0-2,finished,2,,thestatsapi,0.91,1.48,8,6,19,15,4,4,10,12,1,2,,
comp_3809,Eredivisie,2025-08-17,07:30,Sparta Rotterdam,FC Utrecht,2,1,2-1,finished,2,,thestatsapi,1.34,1.35,5,6,15,20,5,5,9,11,1,3,,
comp_3809,Eredivisie,2025-08-17,05:15,Go Ahead Eagles,AFC Ajax,2,2,2-2,finished,2,,thestatsapi,0.64,1.87,6,9,8,23,3,11,9,12,1,2,,
comp_3809,Eredivisie,2025-08-16,14:00,FC Groningen,SC Heerenveen,2,1,2-1,finished,2,,thestatsapi,0.75,1.7,3,8,8,16,5,5,9,15,4,2,,
comp_3809,Eredivisie,2025-08-16,13:00,Heracles Almelo,NEC Nijmegen,1,4,1-4,finished,2,,thestatsapi,1.09,3.03,3,7,13,24,6,11,9,11,2,2,1,0
comp_3809,Eredivisie,2025-08-16,11:45,Excelsior,Feyenoord,1,2,1-2,finished,2,,thestatsapi,1.11,2.62,5,6,8,16,2,8,17,8,0,2,,
comp_3809,Eredivisie,2025-08-15,13:00,SC Telstar,PEC Zwolle,0,2,0-2,finished,2,,thestatsapi,0.83,2.4,7,0,11,10,5,3,13,10,3,3,,
comp_8385,Liga Portugal,2026-08-14,14:15,Sporting,Vitória SC,3,2,3-2,finished,2,,thestatsapi,1.12,1.12,5,1,5,12,3,3,12,21,4,4,,
comp_8385,Liga Portugal,2026-08-10,14:15,Santa Clara,CD Nacional,2,2,2-2,finished,1,,thestatsapi,1.43,1.23,4,4,19,10,7,4,15,14,2,2,,
comp_8385,Liga Portugal,2026-08-09,14:30,Benfica,Académico Viseu FC,2,2,2-2,finished,1,,thestatsapi,3.11,1.18,10,2,28,8,11,4,14,13,2,4,,
comp_8385,Liga Portugal,2026-08-09,14:30,Moreirense,Sporting Braga,2,2,2-2,finished,1,,thestatsapi,0.21,1.5,4,2,7,13,3,4,15,20,4,2,,
comp_8385,Liga Portugal,2026-08-09,14:30,Gil Vicente,Rio Ave,1,0,1-0,finished,1,,thestatsapi,1.66,0.19,5,2,13,6,5,2,14,9,1,3,0,1
comp_8385,Liga Portugal,2026-08-09,12:00,FC Porto,FC Alverca,2,0,2-0,finished,1,,thestatsapi,2.59,1.66,7,9,10,15,4,5,13,10,0,4,,
comp_8385,Liga Portugal,2026-08-08,14:30,CF Estrela Amadora,Sporting,2,2,2-2,finished,1,,thestatsapi,1.01,2.63,5,4,9,15,4,8,13,14,2,2,,
comp_8385,Liga Portugal,2026-08-08,12:00,Vitória SC,FC Arouca,0,1,0-1,finished,1,,thestatsapi,2.22,0.49,5,2,24,4,3,2,9,7,2,5,0,1
comp_8385,Liga Portugal,2026-08-08,09:30,Marítimo,Casa Pia,1,0,1-0,finished,1,,thestatsapi,1.28,0.64,2,6,16,9,4,4,17,13,2,2,,
comp_8385,Liga Portugal,2026-08-07,14:15,Estoril Praia,Famalicão,1,1,1-1,finished,1,,thestatsapi,1.06,1.47,7,6,14,6,3,3,12,13,1,2,,
comp_8385,Liga Portugal,2026-05-28,14:00,Casa Pia,Torreense,2,0,2-0,finished,29,final,thestatsapi,,,6,9,13,19,8,2,12,10,3,3,,
comp_8385,Liga Portugal,2026-05-20,12:00,Torreense,Casa Pia,0,0,0-0,finished,29,final,thestatsapi,,,5,3,14,6,2,2,12,17,1,5,0,1
comp_8385,Liga Portugal,2026-05-16,14:30,Estoril Praia,Benfica,1,3,1-3,finished,34,,thestatsapi,1.52,4.22,2,9,16,19,6,8,9,12,3,2,,
comp_8385,Liga Portugal,2026-05-16,14:30,Sporting,Gil Vicente,3,0,3-0,finished,34,,thestatsapi,1.65,0.68,6,1,15,10,5,1,13,14,0,1,,
comp_8385,Liga Portugal,2026-05-16,14:30,Famalicão,FC Alverca,1,0,1-0,finished,34,,thestatsapi,0.56,0.46,6,5,11,7,2,1,9,8,1,2,,
comp_8385,Liga Portugal,2026-05-16,12:00,Sporting Braga,CF Estrela Amadora,2,2,2-2,finished,34,,thestatsapi,2.41,0.73,7,1,14,6,4,4,13,9,1,5,0,1
comp_8385,Liga Portugal,2026-05-16,12:00,FC Arouca,Tondela,3,1,3-1,finished,34,,thestatsapi,1.6,0.57,5,6,16,11,4,2,12,12,3,1,,
comp_8385,Liga Portugal,2026-05-16,12:00,Casa Pia,Rio Ave,1,1,1-1,finished,34,,thestatsapi,2.34,0.61,9,0,20,6,5,3,17,14,1,0,,
comp_8385,Liga Portugal,2026-05-16,12:00,CD Nacional,Vitória SC,2,0,2-0,finished,34,,thestatsapi,0.93,1.38,2,6,5,13,3,4,17,13,4,3,,
comp_8385,Liga Portugal,2026-05-16,09:30,FC Porto,Santa Clara,1,0,1-0,finished,34,,thestatsapi,0.85,0.47,8,5,14,11,6,0,11,9,,,,
comp_8385,Liga Portugal,2026-05-16,09:30,Moreirense,AVS - Futebol SAD,0,0,0-0,finished,34,,thestatsapi,0.96,2.03,5,3,13,8,4,1,10,12,2,3,,
comp_8385,Liga Portugal,2026-05-11,14:15,Benfica,Sporting Braga,2,2,2-2,finished,33,,thestatsapi,3.19,0.21,8,2,24,5,8,2,6,11,1,4,,
comp_8385,Liga Portugal,2026-05-11,14:15,Santa Clara,CD Nacional,2,0,2-0,finished,33,,thestatsapi,1.37,0.61,4,6,12,12,1,1,10,16,1,2,,
comp_8385,Liga Portugal,2026-05-11,14:15,Rio Ave,Sporting,1,4,1-4,finished,33,,thestatsapi,0.7,1.58,5,6,12,16,3,5,9,7,5,2,2,0
comp_8385,Liga Portugal,2026-05-11,14:15,CF Estrela Amadora,Famalicão,0,0,0-0,finished,33,,thestatsapi,0.25,2,3,10,4,15,1,4,16,9,3,1,,
comp_8385,Liga Portugal,2026-05-11,14:15,Tondela,Moreirense,2,0,2-0,finished,33,,thestatsapi,1.39,0.29,1,8,14,10,3,2,14,9,1,3,0,1
comp_8385,Liga Portugal,2026-05-11,14:15,Gil Vicente,FC Arouca,1,3,1-3,finished,33,,thestatsapi,0.81,1.39,6,2,15,13,5,6,13,17,2,1,,
comp_8385,Liga Portugal,2026-05-11,14:15,Vitória SC,Casa Pia,0,1,0-1,finished,33,,thestatsapi,0.94,0.88,6,4,15,11,2,5,11,16,2,1,,
comp_8385,Liga Portugal,2026-05-10,14:30,FC Alverca,Estoril Praia,1,1,1-1,finished,33,,thestatsapi,1.27,0.9,4,4,8,11,1,3,20,15,3,2,,
comp_8385,Liga Portugal,2026-05-10,12:00,AVS - Futebol SAD,FC Porto,3,1,3-1,finished,33,,thestatsapi,0.75,3.06,3,7,9,20,5,4,7,9,2,2,0,1
comp_8385,Liga Portugal,2026-05-04,14:15,Sporting,Vitória SC,5,1,5-1,finished,32,,thestatsapi,4.22,0.52,1,7,14,13,10,5,7,13,0,2,,
comp_8385,Liga Portugal,2026-05-03,14:30,Rio Ave,Gil Vicente,0,0,0-0,finished,32,,thestatsapi,1.58,0.66,9,7,18,13,2,2,9,12,1,2,,
comp_8385,Liga Portugal,2026-05-03,12:00,Sporting Braga,Estoril Praia,1,1,1-1,finished,32,,thestatsapi,0.41,0.89,5,4,10,10,3,4,15,10,3,3,,
comp_8385,Liga Portugal,2026-05-03,09:30,Casa Pia,Tondela,0,1,0-1,finished,32,,thestatsapi,0.45,1.18,7,2,4,9,3,5,22,19,8,3,2,0
comp_8385,Liga Portugal,2026-05-02,14:30,FC Porto,FC Alverca,1,0,1-0,finished,32,,thestatsapi,0.62,0.79,5,4,12,10,3,5,21,19,1,4,,
comp_8385,Liga Portugal,2026-05-02,12:00,Famalicão,Benfica,2,2,2-2,finished,32,,thestatsapi,1.53,1.55,6,4,15,8,5,3,20,14,2,2,0,1
comp_8385,Liga Portugal,2026-05-02,09:30,FC Arouca,Santa Clara,2,2,2-2,finished,32,,thestatsapi,0.78,1.86,5,6,9,12,5,4,15,8,3,3,1,0
comp_8385,Liga Portugal,2026-05-02,09:30,Moreirense,CF Estrela Amadora,3,2,3-2,finished,32,,thestatsapi,1.68,2.75,1,4,14,10,5,3,18,18,4,4,,
comp_8385,Liga Portugal,2026-05-02,09:30,CD Nacional,AVS - Futebol SAD,1,2,1-2,finished,32,,thestatsapi,1.83,1.64,8,6,25,19,6,3,8,14,4,2,1,0
comp_8385,Liga Portugal,2026-04-29,14:15,Sporting,Tondela,2,2,2-2,finished,26,,thestatsapi,1.67,1.35,5,5,16,9,5,2,16,8,2,3,,
comp_8385,Liga Portugal,2026-04-27,14:15,Gil Vicente,Casa Pia,2,1,2-1,finished,31,,thestatsapi,1.71,1.25,4,3,12,7,4,2,15,18,5,4,,
comp_8385,Liga Portugal,2026-04-26,14:30,AVS - Futebol SAD,Sporting,1,1,1-1,finished,31,,thestatsapi,1.66,3.36,0,9,11,20,4,8,15,8,3,1,,
comp_8385,Liga Portugal,2026-04-26,12:00,CF Estrela Amadora,FC Porto,1,2,1-2,finished,31,,thestatsapi,1.68,1.88,0,6,11,11,3,4,15,15,3,3,,
comp_8385,Liga Portugal,2026-04-26,12:00,Santa Clara,Sporting Braga,2,1,2-1,finished,31,,thestatsapi,2.55,0.15,4,1,14,3,3,2,15,11,4,4,,
comp_8385,Liga Portugal,2026-04-26,09:30,Estoril Praia,Famalicão,0,1,0-1,finished,31,,thestatsapi,0.66,1.05,9,4,9,6,2,6,19,11,0,2,,
comp_8385,Liga Portugal,2026-04-25,14:30,Vitória SC,Rio Ave,2,0,2-0,finished,31,,thestatsapi,1.13,0.59,3,5,11,5,3,4,7,13,4,4,,
comp_8385,Liga Portugal,2026-04-25,12:00,Benfica,Moreirense,4,1,4-1,finished,31,,thestatsapi,2.02,0.87,9,2,18,8,8,4,13,14,2,2,,
comp_8385,Liga Portugal,2026-04-25,09:30,Tondela,CD Nacional,0,2,0-2,finished,31,,thestatsapi,1.38,1.26,8,7,22,17,5,6,16,15,2,1,,
comp_8385,Liga Portugal,2026-04-24,14:15,FC Alverca,FC Arouca,2,1,2-1,finished,31,,thestatsapi,1.06,0.88,6,3,7,14,3,3,8,12,0,5,,
comp_8385,Liga Portugal,2026-04-23,13:00,Casa Pia,Sporting Braga,0,1,0-1,finished,26,,thestatsapi,0.48,0.47,4,5,7,8,1,2,9,9,2,3,,
comp_8385,Liga Portugal,2026-04-20,14:15,Moreirense,Estoril Praia,1,0,1-0,finished,30,,thestatsapi,0.86,0.35,5,1,11,4,4,1,14,12,0,2,,
comp_8385,Liga Portugal,2026-04-19,14:30,Sporting Braga,Famalicão,2,2,2-2,finished,30,,thestatsapi,1.59,0.46,5,2,10,6,4,3,10,11,2,5,,
comp_8385,Liga Portugal,2026-04-19,14:30,FC Porto,Tondela,2,0,2-0,finished,30,,thestatsapi,2.95,0.11,8,3,22,5,8,3,12,11,4,6,,
comp_8385,Liga Portugal,2026-04-19,12:15,Sporting,Benfica,1,2,1-2,finished,30,,thestatsapi,1.66,2.27,3,8,19,14,6,5,13,8,2,1,,
comp_8385,Liga Portugal,2026-04-19,09:30,FC Arouca,CF Estrela Amadora,1,0,1-0,finished,30,,thestatsapi,1.01,1.25,4,3,11,15,3,3,15,11,5,1,,
comp_8385,Liga Portugal,2026-04-18,14:30,Gil Vicente,Vitória SC,0,1,0-1,finished,30,,thestatsapi,1.21,0.82,10,3,12,11,6,3,11,16,2,2,,
comp_8385,Liga Portugal,2026-04-18,12:00,Casa Pia,Santa Clara,0,0,0-0,finished,30,,thestatsapi,1.27,0.19,4,6,10,5,3,2,20,12,3,2,,
comp_8385,Liga Portugal,2026-04-18,09:30,CD Nacional,FC Alverca,1,0,1-0,finished,30,,thestatsapi,1.03,0.47,4,8,10,8,6,4,15,15,2,1,,
comp_8385,Liga Portugal,2026-04-17,14:45,Rio Ave,AVS - Futebol SAD,2,2,2-2,finished,30,,thestatsapi,2.36,1.6,4,9,20,13,8,7,9,11,1,2,,
comp_8385,Liga Portugal,2026-04-13,14:15,Tondela,Gil Vicente,2,2,2-2,finished,29,final,thestatsapi,1.75,1.67,5,5,10,14,5,6,15,11,5,2,,
comp_8385,Liga Portugal,2026-04-12,14:30,Estoril Praia,FC Porto,1,3,1-3,finished,29,final,thestatsapi,0.39,2.69,1,8,8,20,3,5,13,15,3,1,,
comp_8385,Liga Portugal,2026-04-12,12:00,Benfica,CD Nacional,2,0,2-0,finished,29,final,thestatsapi,3.43,0.25,15,1,24,7,8,4,13,18,1,5,,
comp_8385,Liga Portugal,2026-04-12,12:00,Sporting Braga,FC Arouca,1,0,1-0,finished,29,final,thestatsapi,0.89,1.11,6,5,6,9,2,1,9,12,2,2,1,0
comp_8385,Liga Portugal,2026-04-12,09:30,FC Alverca,Casa Pia,3,1,3-1,finished,29,final,thestatsapi,1.83,0.65,9,11,11,15,5,5,10,15,,,,
comp_8385,Liga Portugal,2026-04-11,14:30,CF Estrela Amadora,Sporting,0,1,0-1,finished,29,final,thestatsapi,0.37,0.62,4,13,9,10,3,2,14,16,3,1,,
comp_8385,Liga Portugal,2026-04-11,12:00,Santa Clara,Rio Ave,0,2,0-2,finished,29,final,thestatsapi,0.51,0.26,3,3,13,4,4,3,18,12,2,3,,
comp_8385,Liga Portugal,2026-04-11,09:30,AVS - Futebol SAD,Vitória SC,1,1,1-1,finished,29,final,thestatsapi,1.01,2.62,5,4,17,14,4,6,16,9,5,1,,
comp_8385,Liga Portugal,2026-04-10,14:45,Famalicão,Moreirense,1,1,1-1,finished,29,final,thestatsapi,1.91,0.51,13,0,18,2,7,1,15,15,5,6,,
comp_8385,Liga Portugal,2026-04-06,14:45,Casa Pia,Benfica,1,1,1-1,finished,28,semi_final,thestatsapi,0.36,1.67,3,12,8,18,2,3,19,10,1,0,,
comp_8385,Liga Portugal,2026-04-06,12:45,FC Arouca,Estoril Praia,3,2,3-2,finished,28,semi_final,thestatsapi,1.98,1.12,3,3,12,12,4,3,13,18,3,2,,
comp_8385,Liga Portugal,2026-04-04,14:30,FC Porto,Famalicão,2,2,2-2,finished,28,semi_final,thestatsapi,0.43,1.62,4,3,8,11,3,6,20,14,5,3,,
comp_8385,Liga Portugal,2026-04-04,12:00,Moreirense,Sporting Braga,0,1,0-1,finished,28,semi_final,thestatsapi,0.38,1.31,4,9,12,10,2,7,9,14,0,3,,
comp_8385,Liga Portugal,2026-04-04,12:00,Rio Ave,FC Alverca,1,2,1-2,finished,28,semi_final,thestatsapi,1.64,1.45,8,4,18,14,5,6,7,6,2,1,,
comp_8385,Liga Portugal,2026-04-04,09:30,CD Nacional,CF Estrela Amadora,2,0,2-0,finished,28,semi_final,thestatsapi,0.99,0.5,5,6,16,11,4,2,14,8,4,3,,
comp_8385,Liga Portugal,2026-04-03,14:30,Sporting,Santa Clara,4,2,4-2,finished,28,semi_final,thestatsapi,2.66,0.65,9,5,22,7,8,4,12,22,4,3,,
comp_8385,Liga Portugal,2026-04-03,12:00,Vitória SC,Tondela,5,0,5-0,finished,28,semi_final,thestatsapi,2.55,0.06,3,1,12,3,5,1,14,17,1,1,,
comp_8385,Liga Portugal,2026-04-03,09:30,Gil Vicente,AVS - Futebol SAD,3,0,3-0,finished,28,semi_final,thestatsapi,1.91,0.42,3,1,16,11,6,3,8,15,2,1,,
comp_8385,Liga Portugal,2026-03-22,15:30,Sporting Braga,FC Porto,1,2,1-2,finished,27,quarter_final,thestatsapi,0.99,1.19,3,5,6,12,1,3,12,15,4,5,,
comp_8385,Liga Portugal,2026-03-22,13:00,FC Alverca,Sporting,1,4,1-4,finished,27,quarter_final,thestatsapi,0.83,1.33,3,1,12,15,4,9,13,9,1,2,,
comp_8385,Liga Portugal,2026-03-22,10:30,Estoril Praia,Rio Ave,1,2,1-2,finished,27,quarter_final,thestatsapi,1.15,1.65,11,7,13,13,4,8,16,11,2,3,,
comp_8385,Liga Portugal,2026-03-21,15:30,Tondela,AVS - Futebol SAD,0,0,0-0,finished,27,quarter_final,thestatsapi,0.64,0.8,7,6,14,9,3,2,12,15,0,2,,
comp_8385,Liga Portugal,2026-03-21,13:00,Benfica,Vitória SC,3,0,3-0,finished,27,quarter_final,thestatsapi,2.02,0.77,4,8,12,16,4,2,15,15,0,1,,
comp_8385,Liga Portugal,2026-03-21,13:00,Santa Clara,Gil Vicente,1,0,1-0,finished,27,quarter_final,thestatsapi,0.3,0.79,6,6,7,8,2,0,15,17,1,2,,
comp_8385,Liga Portugal,2026-03-21,10:30,Famalicão,CD Nacional,1,0,1-0,finished,27,quarter_final,thestatsapi,1.74,0.43,7,6,14,9,4,6,13,18,3,3,,
comp_8385,Liga Portugal,2026-03-21,10:30,Moreirense,FC Arouca,0,1,0-1,finished,27,quarter_final,thestatsapi,0.59,1.69,3,7,7,14,2,2,11,12,1,2,,
comp_8385,Liga Portugal,2026-03-20,15:15,CF Estrela Amadora,Casa Pia,4,0,4-0,finished,27,quarter_final,thestatsapi,4.4,0.65,6,1,23,8,8,2,18,20,3,2,,
comp_8385,Liga Portugal,2026-03-15,15:30,FC Porto,Moreirense,3,0,3-0,finished,26,,thestatsapi,2.13,0.14,4,1,17,3,9,2,14,15,1,1,,
comp_8385,Liga Portugal,2026-03-15,13:00,Rio Ave,CF Estrela Amadora,2,1,2-1,finished,26,,thestatsapi,2.75,1.34,10,4,18,11,6,3,16,12,4,2,,
comp_8385,Liga Portugal,2026-03-15,10:30,AVS - Futebol SAD,Santa Clara,0,1,0-1,finished,26,,thestatsapi,0.28,0.98,4,6,10,12,2,3,16,10,2,1,1,0
comp_8385,Liga Portugal,2026-03-15,10:30,CD Nacional,Estoril Praia,0,1,0-1,finished,26,,thestatsapi,0.8,1.12,5,4,16,11,4,2,16,13,5,3,,
comp_8385,Liga Portugal,2026-03-14,15:30,FC Arouca,Benfica,1,2,1-2,finished,26,,thestatsapi,2.5,2.09,2,15,12,22,6,5,17,11,5,5,1,1
comp_8385,Liga Portugal,2026-03-14,13:00,Gil Vicente,FC Alverca,2,2,2-2,finished,26,,thestatsapi,0.68,1.83,3,7,10,17,6,6,15,8,3,1,,
comp_8385,Liga Portugal,2026-03-14,10:30,Vitória SC,Famalicão,1,2,1-2,finished,26,,thestatsapi,0.47,1.47,3,11,12,13,6,3,22,13,1,1,,
comp_8385,Liga Portugal,2026-03-09,15:15,Tondela,Rio Ave,0,1,0-1,finished,25,,thestatsapi,0.5,1.23,3,2,6,9,2,2,15,14,0,5,,
comp_8385,Liga Portugal,2026-03-08,15:30,Santa Clara,Vitória SC,2,0,2-0,finished,25,,thestatsapi,0.61,1.08,2,4,6,14,4,6,26,15,3,2,,
comp_8385,Liga Portugal,2026-03-08,13:00,Benfica,FC Porto,2,2,2-2,finished,25,,thestatsapi,1.3,2.14,8,2,20,14,6,6,11,17,2,6,,
comp_8385,Liga Portugal,2026-03-08,10:30,CF Estrela Amadora,Gil Vicente,2,2,2-2,finished,25,,thestatsapi,1.22,1.91,0,8,9,19,5,6,16,17,1,2,,
comp_8385,Liga Portugal,2026-03-07,15:30,Estoril Praia,Casa Pia,0,0,0-0,finished,25,,thestatsapi,0.65,1.47,4,5,9,9,1,2,10,12,2,2,,
comp_8385,Liga Portugal,2026-03-07,13:00,Sporting Braga,Sporting,2,2,2-2,finished,25,,thestatsapi,1.57,1.93,6,5,10,14,3,5,17,13,3,3,,
comp_8385,Liga Portugal,2026-03-07,10:30,Moreirense,CD Nacional,1,1,1-1,finished,25,,thestatsapi,0.94,1.35,4,7,7,20,2,7,13,13,4,2,,
comp_8385,Liga Portugal,2026-03-07,10:30,FC Alverca,AVS - Futebol SAD,0,0,0-0,finished,25,,thestatsapi,0.97,0.42,8,0,17,12,2,2,7,13,1,3,,
comp_8385,Liga Portugal,2026-03-06,15:15,Famalicão,FC Arouca,1,0,1-0,finished,25,,thestatsapi,0.97,0.89,5,1,12,10,6,4,12,16,1,1,,
comp_8385,Liga Portugal,2026-03-02,15:15,Gil Vicente,Benfica,1,2,1-2,finished,24,,thestatsapi,0.79,1.17,5,3,13,11,5,3,16,12,2,3,,
comp_8385,Liga Portugal,2026-03-01,15:30,Rio Ave,Famalicão,0,0,0-0,finished,24,,thestatsapi,1.01,0.85,5,5,16,10,4,4,19,15,4,2,,
comp_8385,Liga Portugal,2026-03-01,13:00,Casa Pia,Moreirense,1,1,1-1,finished,24,,thestatsapi,1.17,1.51,1,7,7,12,2,6,22,12,2,3,,
comp_8385,Liga Portugal,2026-03-01,10:30,Tondela,Santa Clara,2,2,2-2,finished,24,,thestatsapi,1.62,1.69,4,7,11,17,4,3,15,15,3,2,,
comp_8385,Liga Portugal,2026-02-28,15:30,Vitória SC,FC Alverca,1,1,1-1,finished,24,,thestatsapi,1.3,2.16,0,11,15,11,6,5,16,5,1,2,,
comp_8385,Liga Portugal,2026-02-28,13:00,CD Nacional,Sporting Braga,1,2,1-2,finished,24,,thestatsapi,0.96,2.48,3,6,14,20,5,8,15,15,2,3,,
comp_8385,Liga Portugal,2026-02-28,10:30,AVS - Futebol SAD,CF Estrela Amadora,0,0,0-0,finished,24,,thestatsapi,0.78,0.68,7,9,11,16,3,6,17,9,2,1,,
comp_8385,Liga Portugal,2026-02-27,15:45,Sporting,Estoril Praia,3,0,3-0,finished,24,,thestatsapi,2.26,0.62,4,1,14,7,7,3,9,16,2,3,,
comp_8385,Liga Portugal,2026-02-27,13:45,FC Porto,FC Arouca,3,1,3-1,finished,24,,thestatsapi,3.16,0.24,5,1,20,7,7,1,11,14,0,2,,
comp_8385,Liga Portugal,2026-02-23,15:15,Famalicão,Casa Pia,2,0,2-0,finished,23,,thestatsapi,0.97,0.27,4,6,18,5,5,1,13,15,3,2,,
comp_8385,Liga Portugal,2026-02-22,15:30,FC Porto,Rio Ave,1,0,1-0,finished,23,,thestatsapi,1.95,0.24,10,1,16,6,3,1,14,16,2,3,,
comp_8385,Liga Portugal,2026-02-22,13:00,Estoril Praia,Gil Vicente,3,1,3-1,finished,23,,thestatsapi,2.18,2.42,1,4,10,12,7,4,13,8,,,,
comp_8385,Liga Portugal,2026-02-21,15:30,Sporting Braga,Vitória SC,3,2,3-2,finished,23,,thestatsapi,2.48,1.27,0,2,7,9,7,4,17,10,2,3,,
comp_8385,Liga Portugal,2026-02-21,13:00,Benfica,AVS - Futebol SAD,3,0,3-0,finished,23,,thestatsapi,3.47,0.11,10,1,22,3,9,0,7,14,,,,
comp_8385,Liga Portugal,2026-02-21,13:00,Moreirense,Sporting,0,3,0-3,finished,23,,thestatsapi,0.37,1.38,1,8,6,15,2,8,12,14,1,1,,
comp_8385,Liga Portugal,2026-02-21,10:30,FC Arouca,CD Nacional,3,0,3-0,finished,23,,thestatsapi,1.92,0.99,4,1,10,15,7,5,13,13,5,3,1,1
comp_8385,Liga Portugal,2026-02-21,10:30,FC Alverca,Santa Clara,1,1,1-1,finished,23,,thestatsapi,1.3,0.7,5,2,7,16,1,3,16,14,2,2,,
comp_8385,Liga Portugal,2026-02-20,15:45,CF Estrela Amadora,Tondela,0,2,0-2,finished,23,,thestatsapi,1.13,1.29,5,3,15,11,3,5,12,17,2,4,1,0
comp_8385,Liga Portugal,2026-02-16,15:15,Rio Ave,Moreirense,1,2,1-2,finished,22,,thestatsapi,1.25,0.45,7,1,18,6,6,3,17,24,1,3,,
comp_8385,Liga Portugal,2026-02-15,15:30,Sporting,Famalicão,1,0,1-0,finished,22,,thestatsapi,2.15,0.49,14,1,22,2,5,1,17,19,3,2,,
comp_8385,Liga Portugal,2026-02-15,13:00,AVS - Futebol SAD,Estoril Praia,3,0,3-0,finished,22,,thestatsapi,1.02,1.08,9,9,15,12,3,2,9,10,2,2,,
comp_8385,Liga Portugal,2026-02-15,10:30,CD Nacional,FC Porto,0,1,0-1,finished,22,,thestatsapi,0.65,0.45,5,8,9,8,2,5,13,11,4,0,,
comp_8385,Liga Portugal,2026-02-14,15:30,Gil Vicente,Sporting Braga,2,1,2-1,finished,22,,thestatsapi,1.24,0.67,5,6,15,11,5,2,7,18,2,1,,
comp_8385,Liga Portugal,2026-02-14,13:00,Vitória SC,CF Estrela Amadora,2,1,2-1,finished,22,,thestatsapi,1.49,1.02,9,2,20,6,6,4,13,18,3,2,,
comp_8385,Liga Portugal,2026-02-14,10:30,Casa Pia,FC Arouca,3,2,3-2,finished,22,,thestatsapi,2.07,1.23,2,3,11,8,4,4,21,8,5,2,,
comp_8385,Liga Portugal,2026-02-13,15:45,Tondela,FC Alverca,1,1,1-1,finished,22,,thestatsapi,1.55,0.72,11,5,18,10,4,4,14,10,5,5,0,1
comp_8385,Liga Portugal,2026-02-13,13:30,Santa Clara,Benfica,1,2,1-2,finished,22,,thestatsapi,0.28,1.57,1,7,9,11,2,3,23,5,6,2,1,0
comp_8385,Liga Portugal,2026-02-09,15:45,FC Porto,Sporting,1,1,1-1,finished,21,,thestatsapi,0.77,1.29,1,8,8,11,1,3,14,12,3,5,,
comp_8385,Liga Portugal,2026-02-09,13:45,Famalicão,AVS - Futebol SAD,3,1,3-1,finished,21,,thestatsapi,2.18,0.49,7,2,14,7,6,1,9,14,3,2,,
comp_8385,Liga Portugal,2026-02-08,15:30,Benfica,FC Alverca,2,1,2-1,finished,21,,thestatsapi,1.82,1.14,9,1,29,6,10,2,11,18,3,2,,
comp_8385,Liga Portugal,2026-02-08,13:00,Sporting Braga,Rio Ave,3,0,3-0,finished,21,,thestatsapi,2.74,0.13,9,1,15,7,7,2,14,8,1,1,,
comp_8385,Liga Portugal,2026-02-08,10:30,CD Nacional,Casa Pia,0,0,0-0,finished,21,,thestatsapi,0.98,0.64,12,1,21,9,4,3,15,11,2,3,,
comp_8385,Liga Portugal,2026-02-07,15:30,FC Arouca,Vitória SC,3,2,3-2,finished,21,,thestatsapi,1.72,1.68,1,6,10,14,6,6,19,15,1,4,,
comp_8385,Liga Portugal,2026-02-07,13:00,Estoril Praia,Tondela,2,2,2-2,finished,21,,thestatsapi,0.71,1.35,5,4,15,6,6,5,8,8,1,0,,
comp_8385,Liga Portugal,2026-02-07,10:30,CF Estrela Amadora,Santa Clara,1,0,1-0,finished,21,,thestatsapi,0.94,1.32,3,6,12,17,4,5,15,9,4,1,,
comp_8385,Liga Portugal,2026-02-07,10:30,Moreirense,Gil Vicente,1,2,1-2,finished,21,,thestatsapi,0.12,2.46,3,6,3,15,1,4,18,15,3,1,1,0
comp_8385,Liga Portugal,2026-02-02,15:45,Casa Pia,FC Porto,2,1,2-1,finished,20,,thestatsapi,0.97,2.02,0,10,6,15,3,6,14,14,3,2,0,1
comp_8385,Liga Portugal,2026-02-02,13:45,AVS - Futebol SAD,Sporting Braga,0,4,0-4,finished,20,,thestatsapi,0.44,2,1,4,8,10,3,8,3,6,0,1,,
comp_8385,Liga Portugal,2026-02-01,15:30,Tondela,Benfica,0,0,0-0,finished,20,,thestatsapi,0.42,1.89,1,13,6,23,1,9,19,5,5,0,,
comp_8385,Liga Portugal,2026-02-01,13:00,Sporting,CD Nacional,2,1,2-1,finished,20,,thestatsapi,1.74,1.32,11,0,16,4,7,4,12,15,0,3,,
comp_8385,Liga Portugal,2026-02-01,10:30,Gil Vicente,Famalicão,5,0,5-0,finished,20,,thestatsapi,2.69,0.11,3,1,17,4,9,0,19,10,1,1,0,1
comp_8385,Liga Portugal,2026-01-31,15:30,FC Alverca,CF Estrela Amadora,1,1,1-1,finished,20,,thestatsapi,0.89,0.88,9,2,8,5,4,2,17,17,1,2,,
comp_8385,Liga Portugal,2026-01-31,13:00,Rio Ave,FC Arouca,0,3,0-3,finished,20,,thestatsapi,0.69,1.47,5,5,8,18,0,7,11,15,2,1,,
comp_8385,Liga Portugal,2026-01-31,10:30,Santa Clara,Estoril Praia,2,4,2-4,finished,20,,thestatsapi,2.2,2.32,6,5,14,11,4,6,16,11,7,3,,
comp_8385,Liga Portugal,2026-01-30,15:45,Vitória SC,Moreirense,1,0,1-0,finished,20,,thestatsapi,1.51,0.77,5,5,14,10,2,5,19,12,2,5,,
comp_8385,Liga Portugal,2026-01-26,15:15,FC Porto,Gil Vicente,3,0,3-0,finished,19,,thestatsapi,2.29,0.55,11,3,14,11,6,5,13,8,2,2,0,1
comp_8385,Liga Portugal,2026-01-25,15:30,Sporting Braga,FC Alverca,5,0,5-0,finished,19,,thestatsapi,3.27,0.38,7,0,17,3,7,0,9,11,2,2,,
comp_8385,Liga Portugal,2026-01-25,13:00,Benfica,CF Estrela Amadora,4,0,4-0,finished,19,,thestatsapi,2.4,0.29,6,1,15,3,8,1,10,24,3,4,,
comp_8385,Liga Portugal,2026-01-25,13:00,Famalicão,Tondela,3,0,3-0,finished,19,,thestatsapi,0.66,0.11,3,4,9,2,4,0,9,20,0,1,,
comp_8385,Liga Portugal,2026-01-25,10:30,CD Nacional,Rio Ave,4,0,4-0,finished,19,,thestatsapi,1.53,0.47,5,5,14,11,5,6,18,6,3,0,,
comp_8385,Liga Portugal,2026-01-24,15:30,Estoril Praia,Vitória SC,4,2,4-2,finished,19,,thestatsapi,2.08,2.04,4,2,16,13,6,4,9,19,2,3,,
comp_8385,Liga Portugal,2026-01-24,13:00,FC Arouca,Sporting,1,2,1-2,finished,19,,thestatsapi,1.1,1.05,4,7,11,15,5,4,11,12,3,4,1,1
comp_8385,Liga Portugal,2026-01-24,10:30,Moreirense,Santa Clara,1,0,1-0,finished,19,,thestatsapi,0.15,0.21,5,5,3,8,1,0,13,22,2,2,,
comp_8385,Liga Portugal,2026-01-23,15:15,Casa Pia,AVS - Futebol SAD,3,3,3-3,finished,19,,thestatsapi,1.59,3.24,2,11,9,27,4,7,15,13,3,5,,
comp_8385,Liga Portugal,2026-01-19,15:15,CF Estrela Amadora,Estoril Praia,0,5,0-5,finished,18,,thestatsapi,0.22,2.29,1,4,6,11,2,6,16,12,2,2,1,0
comp_8385,Liga Portugal,2026-01-18,15:30,Vitória SC,FC Porto,0,1,0-1,finished,18,,thestatsapi,1.46,2.29,6,1,20,12,3,3,19,15,4,2,1,0
comp_8385,Liga Portugal,2026-01-18,13:00,Tondela,Sporting Braga,0,1,0-1,finished,18,,thestatsapi,1.5,1.57,1,5,7,11,2,4,19,14,3,3,0,1
comp_8385,Liga Portugal,2026-01-18,10:30,Santa Clara,Famalicão,0,1,0-1,finished,18,,thestatsapi,1.09,1.34,9,2,15,7,1,3,17,18,1,1,,
comp_8385,Liga Portugal,2026-01-17,15:30,Rio Ave,Benfica,0,2,0-2,finished,18,,thestatsapi,0.19,2.48,3,11,7,24,1,8,12,8,1,2,,
comp_8385,Liga Portugal,2026-01-17,13:00,FC Alverca,Moreirense,2,1,2-1,finished,18,,thestatsapi,2.41,1.41,4,0,15,10,3,4,16,6,3,1,,
comp_8385,Liga Portugal,2026-01-17,13:00,AVS - Futebol SAD,FC Arouca,0,1,0-1,finished,18,,thestatsapi,0.58,1.15,2,3,12,18,3,3,11,12,3,6,1,0
comp_8385,Liga Portugal,2026-01-17,10:30,Gil Vicente,CD Nacional,2,1,2-1,finished,18,,thestatsapi,1.43,1.55,7,5,16,13,4,4,7,18,1,2,,
comp_8385,Liga Portugal,2026-01-16,15:15,Sporting,Casa Pia,3,0,3-0,finished,18,,thestatsapi,2.3,0.19,4,6,16,6,4,1,12,12,0,2,0,1
comp_8385,Liga Portugal,2026-01-11,13:00,Moreirense,Tondela,1,0,1-0,finished,16,,thestatsapi,0.42,0.5,4,2,7,8,2,2,7,13,1,1,,
comp_8385,Liga Portugal,2026-01-11,10:30,CD Nacional,Santa Clara,3,3,3-3,finished,16,,thestatsapi,1.98,2.47,2,8,13,22,5,6,14,11,4,4,,
comp_8385,Liga Portugal,2026-01-04,15:30,FC Alverca,Famalicão,1,0,1-0,finished,17,,thestatsapi,2,1.13,3,4,10,14,4,2,14,22,2,2,,
comp_8385,Liga Portugal,2026-01-04,13:00,Santa Clara,FC Porto,0,1,0-1,finished,17,,thestatsapi,0.26,1.11,2,7,12,8,0,5,20,22,2,4,,
comp_8385,Liga Portugal,2026-01-04,10:30,Rio Ave,Casa Pia,3,1,3-1,finished,17,,thestatsapi,2.38,1.84,9,4,12,15,8,5,10,23,0,1,,
comp_8385,Liga Portugal,2026-01-03,15:30,AVS - Futebol SAD,Moreirense,0,2,0-2,finished,17,,thestatsapi,0.36,1.91,2,4,9,12,4,5,23,11,5,3,,
comp_8385,Liga Portugal,2026-01-03,13:00,CF Estrela Amadora,Sporting Braga,3,3,3-3,finished,17,,thestatsapi,1.01,3.3,5,7,11,10,4,6,14,8,2,1,,
comp_8385,Liga Portugal,2026-01-03,13:00,Benfica,Estoril Praia,3,1,3-1,finished,17,,thestatsapi,2.32,0.83,7,3,20,9,3,4,12,15,0,2,,
comp_8385,Liga Portugal,2026-01-03,10:30,Tondela,FC Arouca,3,1,3-1,finished,17,,thestatsapi,0.67,0.73,2,9,5,11,3,4,12,7,3,1,,
comp_8385,Liga Portugal,2026-01-02,15:45,Vitória SC,CD Nacional,2,1,2-1,finished,17,,thestatsapi,0.87,1.5,2,3,9,14,4,4,20,18,1,3,,
comp_8385,Liga Portugal,2026-01-02,13:45,Gil Vicente,Sporting,1,1,1-1,finished,17,,thestatsapi,0.97,1.41,8,7,19,14,9,4,17,14,4,4,0,1
comp_8385,Liga Portugal,2025-12-29,15:15,FC Porto,AVS - Futebol SAD,2,0,2-0,finished,16,,thestatsapi,2.5,0.29,7,0,18,7,4,1,8,7,1,1,,
comp_8385,Liga Portugal,2025-12-28,15:30,Sporting,Rio Ave,4,0,4-0,finished,16,,thestatsapi,3.26,0.11,8,1,23,5,12,0,13,6,1,1,,
comp_8385,Liga Portugal,2025-12-28,13:00,Sporting Braga,Benfica,2,2,2-2,finished,16,,thestatsapi,1.76,1.17,1,5,11,14,3,6,14,9,4,2,1,0
comp_8385,Liga Portugal,2025-12-28,10:30,FC Arouca,Gil Vicente,2,2,2-2,finished,16,,thestatsapi,1.36,1.88,4,8,9,17,5,5,13,5,5,2,,
comp_8385,Liga Portugal,2025-12-28,10:30,Casa Pia,Vitória SC,0,0,0-0,finished,16,,thestatsapi,0.39,1.16,2,3,5,13,2,2,23,11,4,2,,
comp_8385,Liga Portugal,2025-12-27,15:30,Estoril Praia,FC Alverca,4,1,4-1,finished,16,,thestatsapi,1.3,0.75,3,7,9,11,4,7,12,11,2,3,,
comp_8385,Liga Portugal,2025-12-27,13:00,Famalicão,CF Estrela Amadora,2,3,2-3,finished,16,,thestatsapi,2.69,0.66,9,4,22,6,5,4,18,16,3,5,,
comp_8385,Liga Portugal,2025-12-23,15:45,Vitória SC,Sporting,1,4,1-4,finished,15,,thestatsapi,0.73,2.58,2,5,17,16,5,7,21,14,3,5,1,0
comp_8385,Liga Portugal,2025-12-22,15:45,Benfica,Famalicão,1,0,1-0,finished,15,,thestatsapi,1.12,0.2,5,2,9,4,6,2,11,21,0,1,,
comp_8385,Liga Portugal,2025-12-22,13:45,FC Alverca,FC Porto,0,3,0-3,finished,15,,thestatsapi,0.73,1.45,4,1,8,14,5,6,8,12,1,1,,
comp_8385,Liga Portugal,2025-12-21,15:30,Santa Clara,FC Arouca,0,0,0-0,finished,15,,thestatsapi,0.49,0.28,2,4,9,8,5,2,15,14,2,2,,
comp_8385,Liga Portugal,2025-12-21,13:00,Tondela,Casa Pia,1,2,1-2,finished,15,,thestatsapi,1.75,1.15,6,4,11,12,4,5,10,16,2,3,,
comp_8385,Liga Portugal,2025-12-21,10:30,AVS - Futebol SAD,CD Nacional,2,2,2-2,finished,15,,thestatsapi,1.27,1.3,9,2,16,19,3,6,10,11,1,0,1,0
comp_8385,Liga Portugal,2025-12-20,15:30,CF Estrela Amadora,Moreirense,0,0,0-0,finished,15,,thestatsapi,0.89,0.77,3,7,13,16,3,7,15,19,2,1,,
comp_8385,Liga Portugal,2025-12-20,13:00,Gil Vicente,Rio Ave,2,2,2-2,finished,15,,thestatsapi,1.27,0.27,10,1,23,3,5,2,16,16,3,5,0,1
comp_8385,Liga Portugal,2025-12-19,15:15,Estoril Praia,Sporting Braga,1,0,1-0,finished,15,,thestatsapi,2.13,2.19,9,5,13,12,7,5,12,8,5,2,,
comp_8385,Liga Portugal,2025-12-15,15:45,FC Porto,CF Estrela Amadora,3,1,3-1,finished,14,,thestatsapi,2.89,0.18,4,0,20,6,6,1,13,17,1,5,,
comp_8385,Liga Portugal,2025-12-15,13:45,Sporting Braga,Santa Clara,1,0,1-0,finished,14,,thestatsapi,0.91,0.61,5,1,6,5,3,2,10,15,1,3,,
comp_8385,Liga Portugal,2025-12-15,12:30,CD Nacional,Tondela,3,1,3-1,finished,14,,thestatsapi,2.35,3.28,3,10,8,21,4,5,11,17,5,6,1,1
comp_8385,Liga Portugal,2025-12-14,15:30,FC Arouca,FC Alverca,1,0,1-0,finished,14,,thestatsapi,1.69,0.21,8,5,18,5,4,1,15,11,1,4,0,1
comp_8385,Liga Portugal,2025-12-14,13:00,Moreirense,Benfica,0,4,0-4,finished,14,,thestatsapi,0.42,0.86,4,4,10,10,2,5,19,15,2,0,,
comp_8385,Liga Portugal,2025-12-14,10:30,Famalicão,Estoril Praia,4,0,4-0,finished,14,,thestatsapi,2.88,0.81,4,9,20,10,12,4,10,18,3,1,,
comp_8385,Liga Portugal,2025-12-13,15:30,Sporting,AVS - Futebol SAD,6,0,6-0,finished,14,,thestatsapi,2.79,0.67,8,1,24,7,14,3,11,9,1,2,,
comp_8385,Liga Portugal,2025-12-13,13:00,Rio Ave,Vitória SC,0,1,0-1,finished,14,,thestatsapi,0.45,1.73,6,6,8,16,2,3,15,15,4,4,1,0
comp_8385,Liga Portugal,2025-12-13,10:30,Casa Pia,Gil Vicente,1,1,1-1,finished,14,,thestatsapi,0.24,0.83,1,8,3,11,1,2,19,8,3,1,,
comp_8385,Liga Portugal,2025-12-08,15:30,Vitória SC,Gil Vicente,0,0,0-0,finished,13,,thestatsapi,0.45,0.22,8,4,10,6,3,1,15,17,4,5,,
comp_8385,Liga Portugal,2025-12-07,15:30,Tondela,FC Porto,0,2,0-2,finished,13,,thestatsapi,0.43,1.92,2,4,11,11,2,6,9,10,2,1,,
comp_8385,Liga Portugal,2025-12-07,13:00,CF Estrela Amadora,FC Arouca,3,1,3-1,finished,13,,thestatsapi,3.27,0.48,5,3,24,9,9,2,12,14,1,4,0,2
comp_8385,Liga Portugal,2025-12-07,13:00,FC Alverca,CD Nacional,1,0,1-0,finished,13,,thestatsapi,2.07,0.92,2,2,10,17,4,3,10,19,1,1,,
comp_8385,Liga Portugal,2025-12-07,10:30,Estoril Praia,Moreirense,3,3,3-3,finished,13,,thestatsapi,1.88,2.41,1,5,9,8,5,5,16,14,2,3,,
comp_8385,Liga Portugal,2025-12-06,15:30,Famalicão,Sporting Braga,1,2,1-2,finished,13,,thestatsapi,1.5,2.78,3,9,7,21,4,6,10,19,1,3,,
comp_8385,Liga Portugal,2025-12-06,13:00,AVS - Futebol SAD,Rio Ave,1,2,1-2,finished,13,,thestatsapi,1.52,2.44,3,11,9,17,5,8,16,16,6,6,1,0
comp_8385,Liga Portugal,2025-12-06,10:30,Santa Clara,Casa Pia,1,0,1-0,finished,13,,thestatsapi,1.77,0.31,7,7,11,5,3,2,23,12,5,4,,
comp_8385,Liga Portugal,2025-12-05,15:15,Benfica,Sporting,1,1,1-1,finished,13,,thestatsapi,1.37,0.5,3,2,10,5,4,2,15,20,2,5,1,0
comp_8385,Liga Portugal,2025-12-01,15:15,FC Arouca,Sporting Braga,0,4,0-4,finished,12,,thestatsapi,0.06,2.92,0,6,3,18,1,6,11,9,4,0,1,0
comp_8385,Liga Portugal,2025-11-30,15:30,FC Porto,Estoril Praia,1,0,1-0,finished,12,,thestatsapi,1.41,1.11,5,4,12,11,6,2,14,11,1,3,,
comp_8385,Liga Portugal,2025-11-30,13:00,Sporting,CF Estrela Amadora,4,0,4-0,finished,12,,thestatsapi,2.65,0.11,5,1,19,5,6,3,12,12,1,0,,
comp_8385,Liga Portugal,2025-11-30,10:30,Rio Ave,Santa Clara,1,1,1-1,finished,12,,thestatsapi,1.76,1.05,1,5,9,9,4,3,10,15,2,3,,
comp_8385,Liga Portugal,2025-11-29,15:30,Gil Vicente,Tondela,0,1,0-1,finished,12,,thestatsapi,0.49,1.16,12,3,15,5,2,2,10,20,2,0,,
comp_8385,Liga Portugal,2025-11-29,13:00,CD Nacional,Benfica,1,2,1-2,finished,12,,thestatsapi,0.5,2.68,2,11,6,31,2,8,10,8,3,2,,
comp_8385,Liga Portugal,2025-11-29,10:30,Moreirense,Famalicão,2,2,2-2,finished,12,,thestatsapi,1.19,1.82,5,4,11,17,6,8,17,22,4,5,1,0
comp_8385,Liga Portugal,2025-11-29,10:30,Casa Pia,FC Alverca,0,2,0-2,finished,12,,thestatsapi,0.17,1.41,6,4,5,10,0,5,9,17,4,4,1,0
comp_8385,Liga Portugal,2025-11-28,15:15,Vitória SC,AVS - Futebol SAD,4,0,4-0,finished,12,,thestatsapi,1.6,1.2,7,3,11,9,4,1,11,14,0,1,,
comp_8385,Liga Portugal,2025-11-09,15:30,Benfica,Casa Pia,2,2,2-2,finished,11,,thestatsapi,2.06,1.27,6,2,19,7,6,4,8,8,3,2,,
comp_8385,Liga Portugal,2025-11-09,15:30,Sporting Braga,Moreirense,2,1,2-1,finished,11,,thestatsapi,2.06,0.91,5,3,11,11,3,1,13,15,3,2,,
comp_8385,Liga Portugal,2025-11-09,13:00,Famalicão,FC Porto,0,1,0-1,finished,11,,thestatsapi,0.37,1.32,2,4,8,19,0,6,24,13,5,2,,
comp_8385,Liga Portugal,2025-11-09,10:30,CF Estrela Amadora,CD Nacional,1,1,1-1,finished,11,,thestatsapi,2.22,1.26,2,6,14,17,4,4,12,15,3,4,,
comp_8385,Liga Portugal,2025-11-09,10:30,AVS - Futebol SAD,Gil Vicente,1,1,1-1,finished,11,,thestatsapi,1.75,1.95,1,4,16,12,8,5,12,19,1,5,,
comp_8385,Liga Portugal,2025-11-08,15:30,Santa Clara,Sporting,1,2,1-2,finished,11,,thestatsapi,0.74,1.67,2,12,5,21,2,7,11,12,7,4,2,1
comp_8385,Liga Portugal,2025-11-08,13:00,Tondela,Vitória SC,0,1,0-1,finished,11,,thestatsapi,1.05,1.27,4,3,15,11,4,2,14,11,3,1,,
comp_8385,Liga Portugal,2025-11-08,10:30,FC Alverca,Rio Ave,1,1,1-1,finished,11,,thestatsapi,1.67,0.6,9,3,15,11,5,4,15,16,2,0,,
comp_8385,Liga Portugal,2025-11-07,15:15,Estoril Praia,FC Arouca,4,3,4-3,finished,11,,thestatsapi,1.71,0.78,10,2,19,10,7,4,9,13,3,1,,
comp_8385,Liga Portugal,2025-11-03,15:45,Gil Vicente,Santa Clara,1,0,1-0,finished,10,,thestatsapi,0.57,0.56,2,0,9,15,3,4,16,14,2,3,,
comp_8385,Liga Portugal,2025-11-02,15:30,FC Porto,Sporting Braga,2,1,2-1,finished,10,,thestatsapi,0.96,0.9,2,3,9,10,4,3,15,13,3,3,,
comp_8385,Liga Portugal,2025-11-02,13:00,FC Arouca,Moreirense,0,2,0-2,finished,10,,thestatsapi,0.67,0.52,5,2,11,6,2,5,11,11,3,2,,
comp_8385,Liga Portugal,2025-11-02,10:30,AVS - Futebol SAD,Tondela,2,2,2-2,finished,10,,thestatsapi,0.96,1.79,5,3,15,10,5,3,18,17,4,4,,
comp_8385,Liga Portugal,2025-11-01,15:30,Vitória SC,Benfica,0,3,0-3,finished,10,,thestatsapi,0.41,1.93,3,6,10,24,3,10,12,11,3,4,1,0
comp_8385,Liga Portugal,2025-11-01,13:00,Rio Ave,Estoril Praia,0,4,0-4,finished,10,,thestatsapi,0.17,2.21,0,6,2,24,0,6,10,14,2,1,1,0
comp_8385,Liga Portugal,2025-11-01,13:00,Casa Pia,CF Estrela Amadora,3,5,3-5,finished,10,,thestatsapi,1.02,2.08,5,2,10,12,4,6,20,21,2,3,,
comp_8385,Liga Portugal,2025-11-01,10:30,CD Nacional,Famalicão,0,1,0-1,finished,10,,thestatsapi,0.46,1.53,3,10,8,20,3,4,15,18,4,6,1,0
comp_8385,Liga Portugal,2025-10-31,15:15,Sporting,FC Alverca,2,0,2-0,finished,10,,thestatsapi,2.47,0.23,10,0,27,8,8,0,9,10,1,1,,
comp_8385,Liga Portugal,2025-10-27,15:15,Moreirense,FC Porto,1,2,1-2,finished,9,,thestatsapi,0.23,1.86,2,7,8,16,1,7,15,13,3,2,,
comp_8385,Liga Portugal,2025-10-26,15:30,Sporting Braga,Casa Pia,4,0,4-0,finished,9,,thestatsapi,2.71,0.19,4,2,15,3,8,1,16,16,1,3,,
comp_8385,Liga Portugal,2025-10-26,13:00,Tondela,Sporting,0,3,0-3,finished,9,,thestatsapi,0.36,3.17,2,9,9,29,2,15,12,12,3,1,,
comp_8385,Liga Portugal,2025-10-26,10:30,Famalicão,Vitória SC,2,0,2-0,finished,9,,thestatsapi,1.68,0.5,5,4,15,13,10,3,20,14,1,2,,
comp_8385,Liga Portugal,2025-10-26,10:30,Estoril Praia,CD Nacional,1,1,1-1,finished,9,,thestatsapi,1.76,1.2,6,5,13,9,4,4,13,15,3,3,,
comp_8385,Liga Portugal,2025-10-25,14:30,Benfica,FC Arouca,5,0,5-0,finished,9,,thestatsapi,3.84,0.44,9,1,17,5,8,0,13,18,2,2,,
comp_8385,Liga Portugal,2025-10-25,14:30,CF Estrela Amadora,Rio Ave,1,2,1-2,finished,9,,thestatsapi,0.82,0.86,4,5,16,8,2,2,16,20,3,6,,
comp_8385,Liga Portugal,2025-10-25,12:00,Santa Clara,AVS - Futebol SAD,2,0,2-0,finished,9,,thestatsapi,1.88,0.2,8,4,20,7,5,2,10,15,1,1,,
comp_8385,Liga Portugal,2025-10-24,14:15,FC Alverca,Gil Vicente,0,4,0-4,finished,9,,thestatsapi,1.56,1.2,1,4,6,12,2,5,12,18,3,4,0,1
comp_8385,Liga Portugal,2025-10-05,15:15,FC Porto,Benfica,0,0,0-0,finished,8,,thestatsapi,0.66,0.13,3,3,8,4,2,1,16,6,6,2,,
comp_8385,Liga Portugal,2025-10-05,13:15,Sporting,Sporting Braga,1,1,1-1,finished,8,,thestatsapi,1.75,1.5,1,5,13,11,3,5,19,12,4,5,,
comp_8385,Liga Portugal,2025-10-05,11:30,Rio Ave,Tondela,3,0,3-0,finished,8,,thestatsapi,2.27,0.75,6,7,13,13,7,3,15,15,7,4,1,1
comp_8385,Liga Portugal,2025-10-05,09:30,FC Arouca,Famalicão,1,1,1-1,finished,8,,thestatsapi,0.66,2.08,4,11,7,14,3,5,22,12,5,1,1,0
comp_8385,Liga Portugal,2025-10-04,14:30,Vitória SC,Santa Clara,2,1,2-1,finished,8,,thestatsapi,2.13,1.32,9,3,14,13,7,5,17,11,4,5,,
comp_8385,Liga Portugal,2025-10-04,12:00,AVS - Futebol SAD,FC Alverca,1,3,1-3,finished,8,,thestatsapi,0.42,1.26,0,5,5,12,2,6,16,6,3,2,,
comp_8385,Liga Portugal,2025-10-04,09:30,CD Nacional,Moreirense,3,2,3-2,finished,8,,thestatsapi,2.73,2.09,2,4,17,10,7,4,12,16,1,3,0,1
comp_8385,Liga Portugal,2025-10-04,09:30,Gil Vicente,CF Estrela Amadora,2,0,2-0,finished,8,,thestatsapi,2.36,0.98,5,7,15,15,7,5,12,15,2,3,1,0
comp_8385,Liga Portugal,2025-10-03,14:15,Casa Pia,Estoril Praia,2,2,2-2,finished,8,,thestatsapi,1.11,1.28,6,7,11,10,5,3,14,12,3,3,,
comp_8385,Liga Portugal,2025-09-29,14:00,FC Arouca,FC Porto,0,4,0-4,finished,7,,thestatsapi,0.51,2.93,5,8,13,16,3,5,13,8,5,3,0,1
comp_8385,Liga Portugal,2025-09-28,14:30,Famalicão,Rio Ave,0,0,0-0,finished,7,,thestatsapi,2.49,0.62,11,6,28,5,5,3,19,15,4,5,,
comp_8385,Liga Portugal,2025-09-28,12:00,Sporting Braga,CD Nacional,0,1,0-1,finished,7,,thestatsapi,0.58,1.33,6,3,9,13,1,5,4,7,0,2,,
comp_8385,Liga Portugal,2025-09-28,09:30,FC Alverca,Vitória SC,2,0,2-0,finished,7,,thestatsapi,1.67,1.24,1,5,11,19,4,3,15,17,3,0,1,0
comp_8385,Liga Portugal,2025-09-27,14:30,Estoril Praia,Sporting,0,1,0-1,finished,7,,thestatsapi,0.21,1.21,3,9,7,9,2,2,13,12,4,2,,
comp_8385,Liga Portugal,2025-09-27,12:00,CF Estrela Amadora,AVS - Futebol SAD,3,0,3-0,finished,7,,thestatsapi,2.7,1.04,6,6,11,11,6,2,11,20,3,2,1,1
comp_8385,Liga Portugal,2025-09-27,10:30,Santa Clara,Tondela,1,2,1-2,finished,7,,thestatsapi,1.97,0.71,3,4,11,11,5,4,13,25,2,7,,
comp_8385,Liga Portugal,2025-09-27,09:30,Moreirense,Casa Pia,2,1,2-1,finished,7,,thestatsapi,0.97,1.76,6,8,12,20,4,4,13,15,5,4,,
comp_8385,Liga Portugal,2025-09-26,14:15,Benfica,Gil Vicente,2,1,2-1,finished,7,,thestatsapi,1.27,1.66,0,7,10,16,4,8,14,20,3,4,0,1
comp_8385,Liga Portugal,2025-09-23,14:15,Benfica,Rio Ave,1,1,1-1,finished,1,,thestatsapi,2.7,0.15,11,2,19,4,7,2,16,16,3,3,,
comp_8385,Liga Portugal,2025-09-22,14:15,Sporting,Moreirense,3,0,3-0,finished,6,,thestatsapi,4.65,0.16,6,4,25,4,14,1,16,18,1,1,,
comp_8385,Liga Portugal,2025-09-21,14:30,Casa Pia,Famalicão,1,1,1-1,finished,6,,thestatsapi,1.1,2.28,5,3,10,11,3,2,18,21,1,2,,
comp_8385,Liga Portugal,2025-09-21,12:00,Gil Vicente,Estoril Praia,2,0,2-0,finished,6,,thestatsapi,2.39,0.32,4,0,16,7,3,3,16,13,2,2,,
comp_8385,Liga Portugal,2025-09-21,09:30,Tondela,CF Estrela Amadora,0,0,0-0,finished,6,,thestatsapi,1.15,1.08,5,2,17,8,8,3,16,13,4,3,1,0
comp_8385,Liga Portugal,2025-09-20,14:30,Vitória SC,Sporting Braga,1,1,1-1,finished,6,,thestatsapi,1.29,1.4,3,5,11,17,3,5,14,15,2,3,,
comp_8385,Liga Portugal,2025-09-20,12:00,AVS - Futebol SAD,Benfica,0,3,0-3,finished,6,,thestatsapi,0.88,2.09,2,1,8,19,1,6,17,11,1,1,,
comp_8385,Liga Portugal,2025-09-20,09:30,CD Nacional,FC Arouca,1,2,1-2,finished,6,,thestatsapi,2.47,1.1,3,5,15,10,6,3,10,18,2,2,1,1
comp_8385,Liga Portugal,2025-09-20,09:30,Santa Clara,FC Alverca,2,1,2-1,finished,6,,thestatsapi,1.64,0.57,7,0,14,3,6,3,16,21,6,4,,
comp_8385,Liga Portugal,2025-09-19,14:15,Rio Ave,FC Porto,0,3,0-3,finished,6,,thestatsapi,0.18,2.01,2,10,7,19,2,7,11,18,2,1,,
comp_8385,Liga Portugal,2025-09-14,14:30,Sporting Braga,Gil Vicente,0,1,0-1,finished,5,,thestatsapi,1.47,1.39,5,7,11,12,7,5,7,12,2,3,,
comp_8385,Liga Portugal,2025-09-14,12:00,FC Arouca,Casa Pia,0,2,0-2,finished,5,,thestatsapi,0.27,1.49,7,6,8,9,3,4,18,21,2,7,,
comp_8385,Liga Portugal,2025-09-14,09:30,CF Estrela Amadora,Vitória SC,0,2,0-2,finished,5,,thestatsapi,0.51,1.54,3,2,10,14,1,6,10,11,2,0,,
comp_8385,Liga Portugal,2025-09-13,14:30,Famalicão,Sporting,1,2,1-2,finished,5,,thestatsapi,0.95,2.21,5,4,9,9,3,4,22,17,4,3,,
comp_8385,Liga Portugal,2025-09-13,12:00,FC Porto,CD Nacional,1,0,1-0,finished,5,,thestatsapi,1.88,0.08,5,5,11,5,5,1,6,14,2,4,,
comp_8385,Liga Portugal,2025-09-13,09:30,Estoril Praia,AVS - Futebol SAD,3,1,3-1,finished,5,,thestatsapi,1.68,0.95,1,5,15,12,5,4,11,11,5,2,,
comp_8385,Liga Portugal,2025-09-13,09:30,Moreirense,Rio Ave,3,1,3-1,finished,5,,thestatsapi,1.96,1.33,7,3,15,15,8,4,12,13,1,0,,
comp_8385,Liga Portugal,2025-09-12,14:15,Benfica,Santa Clara,1,1,1-1,finished,5,,thestatsapi,1.72,1.09,4,5,19,9,7,5,8,11,1,1,0,1
comp_8385,Liga Portugal,2025-09-12,14:15,FC Alverca,Tondela,1,0,1-0,finished,5,,thestatsapi,1.66,2.36,5,6,12,14,4,6,13,15,1,2,,
comp_8385,Liga Portugal,2025-09-06,14:30,Estoril Praia,Santa Clara,0,1,0-1,finished,3,,thestatsapi,0.7,1.59,5,7,15,16,4,4,16,11,4,1,,
comp_8385,Liga Portugal,2025-08-31,14:30,Rio Ave,Sporting Braga,2,2,2-2,finished,4,,thestatsapi,1.07,2.11,1,7,5,20,3,9,13,12,3,2,,
comp_8385,Liga Portugal,2025-08-31,14:30,Santa Clara,CF Estrela Amadora,0,0,0-0,finished,4,,thestatsapi,1,0.1,8,0,13,3,3,0,13,11,2,2,,
comp_8385,Liga Portugal,2025-08-31,12:00,FC Alverca,Benfica,1,2,1-2,finished,4,,thestatsapi,0.74,1.02,5,2,11,6,7,2,12,18,4,6,0,1
comp_8385,Liga Portugal,2025-08-31,09:30,Tondela,Estoril Praia,2,2,2-2,finished,4,,thestatsapi,2.79,2.11,3,4,14,21,4,5,8,11,1,3,,
comp_8385,Liga Portugal,2025-08-30,14:30,Sporting,FC Porto,1,2,1-2,finished,4,,thestatsapi,0.91,1.53,5,3,20,14,3,7,8,15,3,5,,
comp_8385,Liga Portugal,2025-08-30,12:00,Vitória SC,FC Arouca,1,1,1-1,finished,4,,thestatsapi,0.33,0.44,2,2,12,9,3,3,15,17,4,4,,
comp_8385,Liga Portugal,2025-08-30,12:00,AVS - Futebol SAD,Famalicão,0,1,0-1,finished,4,,thestatsapi,0.54,0.9,5,9,13,11,3,3,16,18,1,5,0,1
comp_8385,Liga Portugal,2025-08-30,09:30,Casa Pia,CD Nacional,0,2,0-2,finished,4,,thestatsapi,0.66,1.24,2,3,9,9,3,2,13,22,2,3,,
comp_8385,Liga Portugal,2025-08-29,14:15,Gil Vicente,Moreirense,2,0,2-0,finished,4,,thestatsapi,1.2,0.93,4,3,12,10,4,0,18,12,1,2,,
comp_8385,Liga Portugal,2025-08-25,14:15,CF Estrela Amadora,FC Alverca,2,2,2-2,finished,3,,thestatsapi,2.63,1.17,6,2,19,6,6,2,18,24,4,5,1,1
comp_8385,Liga Portugal,2025-08-24,14:30,Sporting Braga,AVS - Futebol SAD,2,2,2-2,finished,3,,thestatsapi,2.31,0.42,11,3,21,4,5,2,9,12,2,3,,
comp_8385,Liga Portugal,2025-08-24,12:00,FC Porto,Casa Pia,4,0,4-0,finished,3,,thestatsapi,2.63,0.22,7,2,20,7,7,0,11,8,3,1,,
comp_8385,Liga Portugal,2025-08-24,09:30,Famalicão,Gil Vicente,0,0,0-0,finished,3,,thestatsapi,0.4,1.23,2,9,11,20,3,8,17,18,3,1,,
comp_8385,Liga Portugal,2025-08-23,14:30,Benfica,Tondela,3,0,3-0,finished,3,,thestatsapi,3.01,0.4,13,2,21,9,12,4,10,12,2,2,,
comp_8385,Liga Portugal,2025-08-23,14:30,FC Arouca,Rio Ave,3,3,3-3,finished,3,,thestatsapi,0.7,1.57,4,2,14,15,6,7,13,17,3,2,,
comp_8385,Liga Portugal,2025-08-23,12:00,CD Nacional,Sporting,1,4,1-4,finished,3,,thestatsapi,0.72,2.67,3,13,3,27,1,7,18,7,3,2,1,0
comp_8385,Liga Portugal,2025-08-23,10:00,Moreirense,Vitória SC,2,0,2-0,finished,3,,thestatsapi,1.49,0.26,3,7,10,11,4,4,17,17,5,2,,
comp_8385,Liga Portugal,2025-08-18,14:15,Gil Vicente,FC Porto,0,2,0-2,finished,2,,thestatsapi,1.12,1.55,1,5,14,15,2,4,9,20,2,4,,
comp_8385,Liga Portugal,2025-08-17,14:30,Sporting,FC Arouca,6,0,6-0,finished,2,,thestatsapi,2.86,0.22,6,1,19,7,10,1,7,7,1,0,0,1
comp_8385,Liga Portugal,2025-08-17,12:00,Santa Clara,Moreirense,0,1,0-1,finished,2,,thestatsapi,0.65,1.51,3,0,12,5,3,2,20,18,4,5,,
comp_8385,Liga Portugal,2025-08-17,12:00,FC Alverca,Sporting Braga,0,3,0-3,finished,2,,thestatsapi,2.18,1.24,1,5,12,12,3,6,15,6,2,1,,
comp_8385,Liga Portugal,2025-08-17,09:30,Rio Ave,CD Nacional,1,1,1-1,finished,2,,thestatsapi,1.52,0.98,6,6,20,13,9,6,16,18,2,4,0,1
comp_8385,Liga Portugal,2025-08-16,14:30,CF Estrela Amadora,Benfica,0,1,0-1,finished,2,,thestatsapi,1.27,2.3,5,4,15,14,2,3,14,23,3,3,,
comp_8385,Liga Portugal,2025-08-16,12:00,Vitória SC,Estoril Praia,3,2,3-2,finished,2,,thestatsapi,1.99,1.11,4,2,16,11,4,5,18,17,4,3,,
comp_8385,Liga Portugal,2025-08-16,09:30,Tondela,Famalicão,0,1,0-1,finished,2,,thestatsapi,0.79,1.01,2,7,15,14,4,5,17,19,0,1,,
comp_8385,Liga Portugal,2025-08-15,09:45,AVS - Futebol SAD,Casa Pia,0,2,0-2,finished,2,,thestatsapi,1.33,1.4,1,3,10,10,3,5,20,20,4,5,,
comp_3039,Premier League,2026-05-24,10:00,West Ham United,Leeds United,3,0,3-0,finished,38,,thestatsapi,2.61,1.59,6,4,16,13,9,3,11,14,0,3,,
comp_3039,Premier League,2026-05-24,10:00,Tottenham Hotspur,Everton,1,0,1-0,finished,38,,thestatsapi,1.15,0.41,7,7,20,10,2,1,15,18,3,2,,
comp_3039,Premier League,2026-05-24,10:00,Sunderland,Chelsea,2,1,2-1,finished,38,,thestatsapi,1.84,0.89,6,2,21,8,6,3,15,12,5,5,0,1
comp_3039,Premier League,2026-05-24,10:00,Fulham,Newcastle United,2,0,2-0,finished,38,,thestatsapi,1.81,0.31,6,6,21,7,6,2,13,6,2,2,,
comp_3039,Premier League,2026-05-24,10:00,Nottingham Forest,Bournemouth,1,1,1-1,finished,38,,thestatsapi,1.73,0.95,6,3,15,17,5,4,11,7,1,1,,
comp_3039,Premier League,2026-05-24,10:00,Crystal Palace,Arsenal,1,2,1-2,finished,38,,thestatsapi,0.98,2.53,3,4,8,17,3,7,9,12,0,1,,
comp_3039,Premier League,2026-05-24,10:00,Liverpool,Brentford,1,1,1-1,finished,38,,thestatsapi,3.04,1.56,14,2,24,11,8,2,9,9,2,3,,
comp_3039,Premier League,2026-05-24,10:00,Manchester City,Aston Villa,1,2,1-2,finished,38,,thestatsapi,1.34,1.77,9,4,16,12,3,5,8,4,1,0,,
comp_3039,Premier League,2026-05-24,10:00,Burnley,Wolverhampton,1,1,1-1,finished,38,,thestatsapi,0.98,2.09,7,7,16,16,8,4,10,11,2,2,,
comp_3039,Premier League,2026-05-24,10:00,Brighton & Hove Albion,Manchester United,0,3,0-3,finished,38,,thestatsapi,0.79,1.66,0,3,13,11,2,7,11,8,0,1,,
comp_3039,Premier League,2026-05-19,14:15,Chelsea,Tottenham Hotspur,2,1,2-1,finished,37,,thestatsapi,0.63,1.27,3,4,9,9,4,3,11,18,4,3,,
comp_3039,Premier League,2026-05-19,13:30,Bournemouth,Manchester City,1,1,1-1,finished,37,,thestatsapi,2.25,1.48,7,6,10,14,2,5,16,7,4,2,,
comp_3039,Premier League,2026-05-18,14:00,Arsenal,Burnley,1,0,1-0,finished,37,,thestatsapi,1.29,0.19,3,3,13,5,3,0,7,16,1,3,,
comp_3039,Premier League,2026-05-17,11:30,Newcastle United,West Ham United,3,1,3-1,finished,37,,thestatsapi,1.73,0.95,9,1,15,15,7,8,8,11,1,3,,
comp_3039,Premier League,2026-05-17,09:00,Wolverhampton,Fulham,1,1,1-1,finished,37,,thestatsapi,1.4,1.59,3,6,11,13,3,5,20,8,1,0,,
comp_3039,Premier League,2026-05-17,09:00,Everton,Sunderland,1,3,1-3,finished,37,,thestatsapi,1.04,0.76,3,2,10,7,4,3,14,9,3,0,,
comp_3039,Premier League,2026-05-17,09:00,Leeds United,Brighton & Hove Albion,1,0,1-0,finished,37,,thestatsapi,0.39,3.06,7,8,7,19,1,8,9,7,1,0,,
comp_3039,Premier League,2026-05-17,09:00,Brentford,Crystal Palace,2,2,2-2,finished,37,,thestatsapi,1.71,1.72,9,4,14,16,3,5,7,5,1,3,,
comp_3039,Premier League,2026-05-17,06:30,Manchester United,Nottingham Forest,3,2,3-2,finished,37,,thestatsapi,4.57,1.88,7,6,29,11,8,4,11,5,2,1,,
comp_3039,Premier League,2026-05-15,14:00,Aston Villa,Liverpool,4,2,4-2,finished,37,,thestatsapi,1.85,1.43,4,9,14,16,9,5,12,9,3,1,,
comp_3039,Premier League,2026-05-13,14:00,Manchester City,Crystal Palace,3,0,3-0,finished,31,,thestatsapi,1.66,0.73,9,4,15,6,4,2,10,7,0,2,,
comp_3039,Premier League,2026-05-11,14:00,Tottenham Hotspur,Leeds United,1,1,1-1,finished,36,,thestatsapi,1.27,1.34,14,2,16,11,3,4,12,7,3,1,,
comp_3039,Premier League,2026-05-10,10:30,West Ham United,Arsenal,0,1,0-1,finished,36,,thestatsapi,1.15,1.18,4,3,9,15,3,4,14,12,3,4,,
comp_3039,Premier League,2026-05-10,08:00,Nottingham Forest,Newcastle United,1,1,1-1,finished,36,,thestatsapi,1.1,1.48,2,1,17,16,6,6,16,11,2,0,,
comp_3039,Premier League,2026-05-10,08:00,Crystal Palace,Everton,2,2,2-2,finished,36,,thestatsapi,2.56,1.59,5,10,21,13,8,6,5,13,0,2,,
comp_3039,Premier League,2026-05-10,08:00,Burnley,Aston Villa,2,2,2-2,finished,36,,thestatsapi,1.79,1.44,2,8,15,18,6,7,18,8,1,1,,
comp_3039,Premier League,2026-05-09,11:30,Manchester City,Brentford,3,0,3-0,finished,36,,thestatsapi,2.98,0.24,10,2,25,4,10,2,8,14,4,2,,
comp_3039,Premier League,2026-05-09,09:00,Fulham,Bournemouth,0,1,0-1,finished,36,,thestatsapi,1.33,0.82,11,2,14,10,2,5,12,21,4,2,1,1
comp_3039,Premier League,2026-05-09,09:00,Sunderland,Manchester United,0,0,0-0,finished,36,,thestatsapi,1.25,0.62,6,7,15,11,4,1,12,12,0,3,,
comp_3039,Premier League,2026-05-09,09:00,Brighton & Hove Albion,Wolverhampton,3,0,3-0,finished,36,,thestatsapi,1.62,0.49,7,1,14,5,6,1,9,11,1,2,,
comp_3039,Premier League,2026-05-09,06:30,Liverpool,Chelsea,1,1,1-1,finished,36,,thestatsapi,0.56,0.5,5,2,8,6,3,3,17,17,2,4,,
comp_3039,Premier League,2026-05-04,14:00,Everton,Manchester City,3,3,3-3,finished,35,,thestatsapi,2.72,1.54,5,9,14,21,6,4,15,5,4,1,,
comp_3039,Premier League,2026-05-04,09:00,Chelsea,Nottingham Forest,1,3,1-3,finished,35,,thestatsapi,2.15,2.05,10,1,21,6,5,4,12,10,3,1,,
comp_3039,Premier League,2026-05-03,13:00,Aston Villa,Tottenham Hotspur,1,2,1-2,finished,35,,thestatsapi,0.32,0.99,5,5,5,10,1,5,12,12,2,5,,
comp_3039,Premier League,2026-05-03,09:30,Manchester United,Liverpool,3,2,3-2,finished,35,,thestatsapi,2.34,0.89,3,2,18,13,6,5,12,11,2,2,,
comp_3039,Premier League,2026-05-03,08:00,Bournemouth,Crystal Palace,3,0,3-0,finished,35,,thestatsapi,2.08,0.89,7,1,16,7,5,1,10,11,0,2,,
comp_3039,Premier League,2026-05-02,11:30,Arsenal,Fulham,3,0,3-0,finished,35,,thestatsapi,3.23,0.37,3,4,18,10,9,1,7,12,0,1,,
comp_3039,Premier League,2026-05-02,09:00,Wolverhampton,Sunderland,1,1,1-1,finished,35,,thestatsapi,1.72,0.66,6,3,20,10,7,2,11,11,0,4,0,1
comp_3039,Premier League,2026-05-02,09:00,Newcastle United,Brighton & Hove Albion,3,1,3-1,finished,35,,thestatsapi,3.16,1.53,2,10,13,13,6,4,10,12,3,3,,
comp_3039,Premier League,2026-05-02,09:00,Brentford,West Ham United,3,0,3-0,finished,35,,thestatsapi,2.27,0.92,2,6,14,13,6,4,8,12,1,3,,
comp_3039,Premier League,2026-05-01,14:00,Leeds United,Burnley,3,1,3-1,finished,35,,thestatsapi,1.64,0.57,5,0,18,9,8,3,12,12,4,3,,
comp_3039,Premier League,2026-04-27,14:00,Manchester United,Brentford,2,1,2-1,finished,34,,thestatsapi,1.27,1.43,7,8,11,12,6,4,6,9,2,4,,
comp_3039,Premier League,2026-04-25,11:30,Arsenal,Newcastle United,1,0,1-0,finished,34,,thestatsapi,0.49,1,7,2,11,13,4,3,13,10,2,2,,
comp_3039,Premier League,2026-04-25,09:00,Wolverhampton,Tottenham Hotspur,0,1,0-1,finished,34,,thestatsapi,0.62,1.05,5,5,11,11,2,2,8,14,3,4,,
comp_3039,Premier League,2026-04-25,09:00,Liverpool,Crystal Palace,3,1,3-1,finished,34,,thestatsapi,1.15,2.26,5,8,9,14,3,7,10,10,1,3,,
comp_3039,Premier League,2026-04-25,09:00,West Ham United,Everton,2,1,2-1,finished,34,,thestatsapi,1.17,1.45,3,4,10,11,3,3,9,11,3,4,,
comp_3039,Premier League,2026-04-25,06:30,Fulham,Aston Villa,1,0,1-0,finished,34,,thestatsapi,1.18,0.93,2,5,13,10,6,1,14,12,2,2,,
comp_3039,Premier League,2026-04-24,14:00,Sunderland,Nottingham Forest,0,5,0-5,finished,34,,thestatsapi,0.7,1.1,3,6,14,10,4,6,13,15,2,5,,
comp_3039,Premier League,2026-04-22,14:00,Bournemouth,Leeds United,2,2,2-2,finished,34,,thestatsapi,1.65,0.81,12,1,17,10,7,3,6,10,3,0,,
comp_3039,Premier League,2026-04-22,14:00,Burnley,Manchester City,0,1,0-1,finished,34,,thestatsapi,0.63,3.36,3,11,9,28,1,9,10,12,,,,
comp_3039,Premier League,2026-04-21,14:00,Brighton & Hove Albion,Chelsea,3,0,3-0,finished,34,,thestatsapi,2.14,0.37,6,5,15,6,9,0,15,6,1,1,,
comp_3039,Premier League,2026-04-20,14:00,Crystal Palace,West Ham United,0,0,0-0,finished,33,,thestatsapi,0.73,0.61,4,6,9,9,1,4,13,12,2,1,,
comp_3039,Premier League,2026-04-19,10:30,Manchester City,Arsenal,2,1,2-1,finished,33,,thestatsapi,1.36,1.62,8,5,15,9,5,3,5,12,2,2,,
comp_3039,Premier League,2026-04-19,08:00,Nottingham Forest,Burnley,4,1,4-1,finished,33,,thestatsapi,1.19,0.36,4,4,10,4,4,3,8,12,0,2,,
comp_3039,Premier League,2026-04-19,08:00,Everton,Liverpool,1,2,1-2,finished,33,,thestatsapi,0.79,1.45,1,6,10,14,4,6,8,12,2,0,,
comp_3039,Premier League,2026-04-19,08:00,Aston Villa,Sunderland,4,3,4-3,finished,33,,thestatsapi,2.84,1.73,4,5,15,10,7,7,11,11,1,3,,
comp_3039,Premier League,2026-04-18,14:00,Chelsea,Manchester United,0,1,0-1,finished,33,,thestatsapi,1.57,0.29,7,1,21,4,3,1,12,13,1,3,,
comp_3039,Premier League,2026-04-18,11:30,Tottenham Hotspur,Brighton & Hove Albion,2,2,2-2,finished,33,,thestatsapi,1.09,0.82,7,5,13,10,6,3,14,14,3,1,,
comp_3039,Premier League,2026-04-18,09:00,Newcastle United,Bournemouth,1,2,1-2,finished,33,,thestatsapi,1.59,2.99,2,3,12,12,3,3,11,12,2,4,,
comp_3039,Premier League,2026-04-18,09:00,Leeds United,Wolverhampton,3,0,3-0,finished,33,,thestatsapi,2.82,0.57,5,6,17,7,6,2,9,17,2,1,,
comp_3039,Premier League,2026-04-18,06:30,Brentford,Fulham,0,0,0-0,finished,33,,thestatsapi,1.43,0.77,9,3,13,11,4,0,8,13,0,1,,
comp_3039,Premier League,2026-04-13,14:00,Manchester United,Leeds United,1,2,1-2,finished,32,,thestatsapi,1.27,2.57,11,4,20,15,9,6,12,15,3,2,1,0
comp_3039,Premier League,2026-04-12,10:30,Chelsea,Manchester City,0,3,0-3,finished,32,,thestatsapi,1.14,2.29,4,12,12,18,3,8,10,15,3,1,,
comp_3039,Premier League,2026-04-12,08:00,Sunderland,Tottenham Hotspur,1,0,1-0,finished,32,,thestatsapi,1.33,0.84,2,6,13,11,2,7,14,15,3,3,,
comp_3039,Premier League,2026-04-12,08:00,Nottingham Forest,Aston Villa,1,1,1-1,finished,32,,thestatsapi,1.15,1.02,7,3,15,12,4,5,15,10,2,2,,
comp_3039,Premier League,2026-04-12,08:00,Crystal Palace,Newcastle United,2,1,2-1,finished,32,,thestatsapi,2.56,1.13,2,4,11,7,5,3,17,12,0,3,,
comp_3039,Premier League,2026-04-11,11:30,Liverpool,Fulham,2,0,2-0,finished,32,,thestatsapi,1.59,1.04,6,9,18,19,5,4,10,4,,,,
comp_3039,Premier League,2026-04-11,09:00,Brentford,Everton,2,2,2-2,finished,32,,thestatsapi,2.84,1.53,2,3,17,14,4,7,6,7,0,2,,
comp_3039,Premier League,2026-04-11,09:00,Burnley,Brighton & Hove Albion,0,2,0-2,finished,32,,thestatsapi,0.88,1.93,8,2,10,13,5,6,7,11,2,1,,
comp_3039,Premier League,2026-04-11,06:30,Arsenal,Bournemouth,1,2,1-2,finished,32,,thestatsapi,2.32,1.19,10,1,15,8,3,3,12,18,1,3,,
comp_3039,Premier League,2026-04-10,14:00,West Ham United,Wolverhampton,4,0,4-0,finished,32,,thestatsapi,2.35,0.59,5,2,18,14,7,3,11,7,2,2,,
comp_3039,Premier League,2026-03-22,09:15,Tottenham Hotspur,Nottingham Forest,0,3,0-3,finished,31,,thestatsapi,1.14,1.48,13,3,14,8,3,7,13,13,1,2,,
comp_3039,Premier League,2026-03-22,09:15,Aston Villa,West Ham United,2,0,2-0,finished,31,,thestatsapi,1.68,0.94,6,6,23,9,7,1,3,7,0,1,,
comp_3039,Premier League,2026-03-22,07:00,Newcastle United,Sunderland,1,2,1-2,finished,31,,thestatsapi,1.27,2.45,9,5,16,17,4,7,8,19,1,6,,
comp_3039,Premier League,2026-03-21,15:00,Leeds United,Brentford,0,0,0-0,finished,31,,thestatsapi,0.54,0.46,6,2,14,6,4,2,6,9,2,0,,
comp_3039,Premier League,2026-03-21,12:30,Everton,Chelsea,3,0,3-0,finished,31,,thestatsapi,0.98,1.11,3,9,10,12,9,4,5,7,0,2,,
comp_3039,Premier League,2026-03-21,10:00,Fulham,Burnley,3,1,3-1,finished,31,,thestatsapi,3.23,1.24,6,6,22,9,6,5,6,9,2,2,0,1
comp_3039,Premier League,2026-03-21,07:45,Brighton & Hove Albion,Liverpool,2,1,2-1,finished,31,,thestatsapi,2.3,1.03,4,8,16,12,7,5,11,12,5,5,,
comp_3039,Premier League,2026-03-20,15:00,Bournemouth,Manchester United,2,2,2-2,finished,31,,thestatsapi,1.57,1.77,6,8,16,14,5,5,10,9,2,2,0,1
comp_3039,Premier League,2026-03-16,15:00,Brentford,Wolverhampton,2,2,2-2,finished,30,,thestatsapi,2.56,1.39,1,5,10,13,3,4,12,10,2,4,,
comp_3039,Premier League,2026-03-15,11:30,Liverpool,Tottenham Hotspur,1,1,1-1,finished,30,,thestatsapi,1.67,1.18,3,4,17,13,4,7,8,13,,,,
comp_3039,Premier League,2026-03-15,09:00,Nottingham Forest,Fulham,0,0,0-0,finished,30,,thestatsapi,0.71,0.67,5,4,11,5,2,1,8,10,2,3,,
comp_3039,Premier League,2026-03-15,09:00,Manchester United,Aston Villa,3,1,3-1,finished,30,,thestatsapi,1.07,1.02,6,6,16,9,6,2,10,5,3,2,,
comp_3039,Premier League,2026-03-15,09:00,Crystal Palace,Leeds United,0,0,0-0,finished,30,,thestatsapi,0.67,1.12,8,3,12,10,0,3,12,11,2,3,0,1
comp_3039,Premier League,2026-03-14,15:00,West Ham United,Manchester City,1,1,1-1,finished,30,,thestatsapi,0.54,2.12,1,15,1,24,1,6,14,5,2,2,,
comp_3039,Premier League,2026-03-14,12:30,Chelsea,Newcastle United,0,1,0-1,finished,30,,thestatsapi,1.43,1.42,8,1,22,7,3,5,9,10,2,2,,
comp_3039,Premier League,2026-03-14,12:30,Arsenal,Everton,2,0,2-0,finished,30,,thestatsapi,2.59,1.05,8,3,25,9,7,3,11,12,,,,
comp_3039,Premier League,2026-03-14,10:00,Sunderland,Brighton & Hove Albion,0,1,0-1,finished,30,,thestatsapi,0.97,1.57,7,3,14,12,4,4,7,12,1,2,,
comp_3039,Premier League,2026-03-14,10:00,Burnley,Bournemouth,0,0,0-0,finished,30,,thestatsapi,1.14,2.88,5,8,15,22,2,3,11,5,1,0,,
comp_3039,Premier League,2026-03-05,15:00,Tottenham Hotspur,Crystal Palace,1,3,1-3,finished,29,,thestatsapi,1.58,1.78,6,3,12,9,4,4,14,14,3,2,1,0
comp_3039,Premier League,2026-03-04,15:15,Newcastle United,Manchester United,2,1,2-1,finished,29,,thestatsapi,2.22,1.28,2,4,12,14,5,5,15,16,4,3,1,0
comp_3039,Premier League,2026-03-04,14:30,Aston Villa,Chelsea,1,4,1-4,finished,29,,thestatsapi,0.88,3.92,3,8,9,15,4,8,10,9,3,2,,
comp_3039,Premier League,2026-03-04,14:30,Manchester City,Nottingham Forest,2,2,2-2,finished,29,,thestatsapi,2.02,0.97,6,1,21,9,7,4,10,6,0,4,,
comp_3039,Premier League,2026-03-04,14:30,Fulham,West Ham United,0,1,0-1,finished,29,,thestatsapi,1.01,1.09,6,5,13,9,5,3,14,12,2,4,,
comp_3039,Premier League,2026-03-04,14:30,Brighton & Hove Albion,Arsenal,0,1,0-1,finished,29,,thestatsapi,0.8,0.43,4,3,11,7,3,2,14,12,4,1,,
comp_3039,Premier League,2026-03-03,15:15,Wolverhampton,Liverpool,2,1,2-1,finished,29,,thestatsapi,0.44,1.81,2,11,4,19,3,7,10,13,2,1,,
comp_3039,Premier League,2026-03-03,14:30,Leeds United,Sunderland,0,1,0-1,finished,29,,thestatsapi,1.08,0.86,9,2,17,3,4,1,15,19,1,3,,
comp_3039,Premier League,2026-03-03,14:30,Bournemouth,Brentford,0,0,0-0,finished,29,,thestatsapi,1.99,0.4,4,3,13,5,2,2,9,10,2,1,,
comp_3039,Premier League,2026-03-03,14:30,Everton,Burnley,2,0,2-0,finished,29,,thestatsapi,1.1,0.79,6,3,14,5,5,2,10,12,0,1,,
comp_3039,Premier League,2026-03-01,11:30,Arsenal,Chelsea,2,1,2-1,finished,28,,thestatsapi,1.13,1.05,5,10,12,9,5,3,11,14,1,5,0,1
comp_3039,Premier League,2026-03-01,09:00,Manchester United,Crystal Palace,2,1,2-1,finished,28,,thestatsapi,2.12,0.38,7,1,20,8,11,3,13,12,2,2,0,1
comp_3039,Premier League,2026-03-01,09:00,Fulham,Tottenham Hotspur,2,1,2-1,finished,28,,thestatsapi,2.14,0.88,5,8,18,13,4,1,11,14,3,3,,
comp_3039,Premier League,2026-03-01,09:00,Brighton & Hove Albion,Nottingham Forest,2,1,2-1,finished,28,,thestatsapi,1.31,0.93,4,4,14,13,7,4,12,13,3,1,,
comp_3039,Premier League,2026-02-28,12:30,Leeds United,Manchester City,0,1,0-1,finished,28,,thestatsapi,1.47,1.77,5,3,14,14,2,5,10,8,0,3,,
comp_3039,Premier League,2026-02-28,10:00,Newcastle United,Everton,2,3,2-3,finished,28,,thestatsapi,0.97,2.13,7,2,17,9,7,5,15,7,2,3,,
comp_3039,Premier League,2026-02-28,10:00,Liverpool,West Ham United,5,2,5-2,finished,28,,thestatsapi,1.75,1.84,10,5,18,11,7,4,12,11,2,2,,
comp_3039,Premier League,2026-02-28,10:00,Burnley,Brentford,3,4,3-4,finished,28,,thestatsapi,0.97,1.94,4,8,12,16,3,7,9,9,2,2,,
comp_3039,Premier League,2026-02-28,07:30,Bournemouth,Sunderland,1,1,1-1,finished,28,,thestatsapi,1.5,1.42,7,3,21,8,5,4,15,12,4,2,,
comp_3039,Premier League,2026-02-27,15:00,Wolverhampton,Aston Villa,2,0,2-0,finished,28,,thestatsapi,0.92,1.06,0,5,9,14,2,5,12,19,3,3,,
comp_3039,Premier League,2026-02-23,15:00,Everton,Manchester United,0,1,0-1,finished,27,,thestatsapi,0.29,0.85,4,0,8,11,2,3,10,6,,,,
comp_3039,Premier League,2026-02-22,11:30,Tottenham Hotspur,Arsenal,1,4,1-4,finished,27,,thestatsapi,0.76,1.93,2,5,6,20,5,7,17,11,2,1,,
comp_3039,Premier League,2026-02-22,09:00,Nottingham Forest,Liverpool,0,1,0-1,finished,27,,thestatsapi,1.26,1.76,7,2,18,10,2,4,13,9,2,0,,
comp_3039,Premier League,2026-02-22,09:00,Sunderland,Fulham,1,3,1-3,finished,27,,thestatsapi,1.82,1.87,6,4,12,12,2,4,6,13,1,1,,
comp_3039,Premier League,2026-02-22,09:00,Crystal Palace,Wolverhampton,1,0,1-0,finished,27,,thestatsapi,1.67,1.68,7,3,14,12,3,7,19,13,5,3,0,1
comp_3039,Premier League,2026-02-21,15:00,Manchester City,Newcastle United,2,1,2-1,finished,27,,thestatsapi,1.35,0.58,5,5,15,13,7,7,12,13,2,5,,
comp_3039,Premier League,2026-02-21,12:30,West Ham United,Bournemouth,0,0,0-0,finished,27,,thestatsapi,2.87,0.65,9,5,20,10,3,5,10,11,1,1,,
comp_3039,Premier League,2026-02-21,10:00,Aston Villa,Leeds United,1,1,1-1,finished,27,,thestatsapi,1.39,1.35,7,2,16,14,4,4,11,16,1,4,,
comp_3039,Premier League,2026-02-21,10:00,Chelsea,Burnley,1,1,1-1,finished,27,,thestatsapi,1.88,0.78,9,5,12,12,2,4,13,11,4,2,1,0
comp_3039,Premier League,2026-02-21,10:00,Brentford,Brighton & Hove Albion,0,2,0-2,finished,27,,thestatsapi,1.74,1.11,6,4,13,11,3,7,9,14,1,2,,
comp_3039,Premier League,2026-02-18,15:00,Wolverhampton,Arsenal,2,2,2-2,finished,31,,thestatsapi,0.29,1.86,1,3,5,10,2,4,6,8,2,1,,
comp_3039,Premier League,2026-02-12,15:00,Brentford,Arsenal,1,1,1-1,finished,26,,thestatsapi,1.34,0.6,6,4,12,7,3,2,12,11,3,2,,
comp_3039,Premier League,2026-02-11,15:15,Sunderland,Liverpool,0,1,0-1,finished,26,,thestatsapi,0.63,2.53,3,11,11,23,2,3,8,10,1,0,,
comp_3039,Premier League,2026-02-11,14:30,Manchester City,Fulham,3,0,3-0,finished,26,,thestatsapi,1.37,1.42,4,4,13,14,5,3,8,10,3,1,,
comp_3039,Premier League,2026-02-11,14:30,Crystal Palace,Burnley,2,3,2-3,finished,26,,thestatsapi,1.8,0.53,8,2,21,8,3,3,11,8,2,1,,
comp_3039,Premier League,2026-02-11,14:30,Aston Villa,Brighton & Hove Albion,1,0,1-0,finished,26,,thestatsapi,0.72,0.5,7,5,15,9,1,3,9,15,2,3,,
comp_3039,Premier League,2026-02-11,14:30,Nottingham Forest,Wolverhampton,0,0,0-0,finished,26,,thestatsapi,2.55,0.42,8,2,35,7,10,3,12,13,0,2,,
comp_3039,Premier League,2026-02-10,15:15,West Ham United,Manchester United,1,1,1-1,finished,26,,thestatsapi,1.08,0.62,5,3,7,9,3,3,10,4,1,1,,
comp_3039,Premier League,2026-02-10,14:30,Tottenham Hotspur,Newcastle United,1,2,1-2,finished,26,,thestatsapi,1.76,2.28,2,12,16,21,2,5,15,11,3,2,,
comp_3039,Premier League,2026-02-10,14:30,Everton,Bournemouth,1,2,1-2,finished,26,,thestatsapi,2.91,1.33,7,2,16,11,6,4,14,15,1,3,1,0
comp_3039,Premier League,2026-02-10,14:30,Chelsea,Leeds United,2,2,2-2,finished,26,,thestatsapi,3.13,1.44,4,1,19,4,4,2,9,13,4,4,,
comp_3039,Premier League,2026-02-08,11:30,Liverpool,Manchester City,1,2,1-2,finished,25,,thestatsapi,1.21,2.91,5,4,15,17,4,7,13,16,2,4,1,0
comp_3039,Premier League,2026-02-08,09:00,Brighton & Hove Albion,Crystal Palace,0,1,0-1,finished,25,,thestatsapi,0.85,1.16,3,4,7,7,2,4,12,9,1,3,,
comp_3039,Premier League,2026-02-07,12:30,Newcastle United,Brentford,2,3,2-3,finished,25,,thestatsapi,2.25,1.93,9,3,16,11,4,5,14,18,2,2,,
comp_3039,Premier League,2026-02-07,10:00,Wolverhampton,Chelsea,1,3,1-3,finished,25,,thestatsapi,1.09,3.16,3,4,11,15,3,6,9,10,1,1,,
comp_3039,Premier League,2026-02-07,10:00,Fulham,Everton,1,2,1-2,finished,25,,thestatsapi,1.97,1.68,6,6,13,16,3,3,11,12,1,5,,
comp_3039,Premier League,2026-02-07,10:00,Burnley,West Ham United,0,2,0-2,finished,25,,thestatsapi,1.28,1.02,5,2,18,6,5,4,11,10,3,1,,
comp_3039,Premier League,2026-02-07,10:00,Arsenal,Sunderland,3,0,3-0,finished,25,,thestatsapi,1.22,0.17,5,2,16,5,5,3,11,8,1,2,,
comp_3039,Premier League,2026-02-07,10:00,Bournemouth,Aston Villa,1,1,1-1,finished,25,,thestatsapi,2.31,0.44,11,4,20,7,9,4,4,11,1,1,,
comp_3039,Premier League,2026-02-07,07:30,Manchester United,Tottenham Hotspur,2,0,2-0,finished,25,,thestatsapi,1.79,0.49,7,0,23,7,10,1,12,11,1,2,0,1
comp_3039,Premier League,2026-02-06,15:00,Leeds United,Nottingham Forest,3,1,3-1,finished,25,,thestatsapi,2.5,1.13,5,10,14,16,5,6,9,12,1,1,,
comp_3039,Premier League,2026-02-02,15:00,Sunderland,Burnley,3,0,3-0,finished,24,,thestatsapi,1.47,0.06,1,2,14,5,5,0,12,10,1,4,,
comp_3039,Premier League,2026-02-01,11:30,Tottenham Hotspur,Manchester City,2,2,2-2,finished,24,,thestatsapi,0.97,1.99,3,4,12,15,6,3,15,12,3,3,,
comp_3039,Premier League,2026-02-01,09:00,Nottingham Forest,Crystal Palace,1,1,1-1,finished,24,,thestatsapi,0.49,1.92,5,7,9,14,1,3,4,12,1,3,1,0
comp_3039,Premier League,2026-02-01,09:00,Manchester United,Fulham,3,2,3-2,finished,24,,thestatsapi,1.74,1.97,3,7,13,14,6,6,6,9,2,1,,
comp_3039,Premier League,2026-02-01,09:00,Aston Villa,Brentford,0,1,0-1,finished,24,,thestatsapi,1.98,0.53,12,1,27,6,5,2,8,8,1,3,0,1
comp_3039,Premier League,2026-01-31,15:00,Liverpool,Newcastle United,4,1,4-1,finished,24,,thestatsapi,1.95,0.33,7,11,17,8,7,2,11,7,1,3,,
comp_3039,Premier League,2026-01-31,12:30,Chelsea,West Ham United,3,2,3-2,finished,24,,thestatsapi,2.55,1.12,9,3,14,11,6,6,11,13,3,2,0,1
comp_3039,Premier League,2026-01-31,10:00,Wolverhampton,Bournemouth,0,2,0-2,finished,24,,thestatsapi,1.44,1.36,5,6,17,9,7,4,11,15,3,3,,
comp_3039,Premier League,2026-01-31,10:00,Leeds United,Arsenal,0,4,0-4,finished,24,,thestatsapi,0.15,2.39,4,12,3,14,1,8,10,7,1,1,,
comp_3039,Premier League,2026-01-31,10:00,Brighton & Hove Albion,Everton,1,1,1-1,finished,24,,thestatsapi,1.29,1.2,5,2,11,7,2,4,13,14,1,2,,
comp_3039,Premier League,2026-01-26,15:00,Everton,Leeds United,1,1,1-1,finished,23,,thestatsapi,0.6,1.23,4,4,10,14,3,4,9,13,0,3,,
comp_3039,Premier League,2026-01-25,11:30,Arsenal,Manchester United,2,3,2-3,finished,23,,thestatsapi,1.2,0.73,9,2,15,10,4,3,11,9,2,0,,
comp_3039,Premier League,2026-01-25,09:00,Newcastle United,Aston Villa,0,2,0-2,finished,23,,thestatsapi,2.3,1.16,6,5,15,14,4,8,7,12,1,2,,
comp_3039,Premier League,2026-01-25,09:00,Crystal Palace,Chelsea,1,3,1-3,finished,23,,thestatsapi,1.88,2.2,4,5,13,10,7,6,11,10,4,2,1,0
comp_3039,Premier League,2026-01-25,09:00,Brentford,Nottingham Forest,0,2,0-2,finished,23,,thestatsapi,1.76,0.76,6,5,10,7,1,2,11,10,1,0,,
comp_3039,Premier League,2026-01-24,12:30,Bournemouth,Liverpool,3,2,3-2,finished,23,,thestatsapi,2.3,0.83,3,11,12,14,5,4,7,7,1,1,,
comp_3039,Premier League,2026-01-24,10:00,Manchester City,Wolverhampton,2,0,2-0,finished,23,,thestatsapi,0.92,0.59,4,6,11,11,4,1,16,14,1,3,,
comp_3039,Premier League,2026-01-24,10:00,Fulham,Brighton & Hove Albion,2,1,2-1,finished,23,,thestatsapi,1.13,1.5,6,6,12,13,4,5,10,6,1,1,,
comp_3039,Premier League,2026-01-24,10:00,Burnley,Tottenham Hotspur,2,2,2-2,finished,23,,thestatsapi,1.44,2.3,1,3,9,18,4,11,8,9,1,0,,
comp_3039,Premier League,2026-01-24,07:30,West Ham United,Sunderland,3,1,3-1,finished,23,,thestatsapi,1.43,0.65,3,3,13,7,5,2,9,16,2,4,,
comp_3039,Premier League,2026-01-19,15:00,Brighton & Hove Albion,Bournemouth,1,1,1-1,finished,22,,thestatsapi,1.05,1.33,11,6,17,12,5,2,7,6,2,3,,
comp_3039,Premier League,2026-01-18,11:30,Aston Villa,Everton,0,1,0-1,finished,22,,thestatsapi,1.36,0.56,6,4,18,9,5,3,15,13,1,2,,
comp_3039,Premier League,2026-01-18,09:00,Wolverhampton,Newcastle United,0,0,0-0,finished,22,,thestatsapi,0.29,0.88,4,7,6,12,2,2,14,8,2,2,,
comp_3039,Premier League,2026-01-17,12:30,Nottingham Forest,Arsenal,0,0,0-0,finished,22,,thestatsapi,0.34,2.1,4,9,6,15,0,3,8,14,1,1,,
comp_3039,Premier League,2026-01-17,10:00,Tottenham Hotspur,West Ham United,1,2,1-2,finished,22,,thestatsapi,1.68,2.69,11,5,21,17,6,4,12,17,5,3,,
comp_3039,Premier League,2026-01-17,10:00,Sunderland,Crystal Palace,2,1,2-1,finished,22,,thestatsapi,1.71,0.61,3,4,13,6,7,2,8,15,3,3,,
comp_3039,Premier League,2026-01-17,10:00,Liverpool,Burnley,1,1,1-1,finished,22,,thestatsapi,3.18,0.4,9,1,32,7,11,1,8,10,1,2,,
comp_3039,Premier League,2026-01-17,10:00,Leeds United,Fulham,1,0,1-0,finished,22,,thestatsapi,1.43,0.39,7,3,14,8,5,1,6,11,1,5,,
comp_3039,Premier League,2026-01-17,10:00,Chelsea,Brentford,2,0,2-0,finished,22,,thestatsapi,1.59,1.52,3,9,6,15,2,5,7,10,3,2,,
comp_3039,Premier League,2026-01-17,07:30,Manchester United,Manchester City,2,0,2-0,finished,22,,thestatsapi,2.27,0.45,1,6,11,7,7,1,13,8,2,3,,
comp_3039,Premier League,2026-01-08,15:00,Arsenal,Liverpool,0,0,0-0,finished,21,,thestatsapi,0.57,0.31,3,0,9,8,4,0,10,9,2,2,,
comp_3039,Premier League,2026-01-07,15:15,Newcastle United,Leeds United,4,3,4-3,finished,21,,thestatsapi,2.72,2.05,8,4,18,14,8,6,11,10,3,2,,
comp_3039,Premier League,2026-01-07,15:15,Burnley,Manchester United,2,2,2-2,finished,21,,thestatsapi,0.24,2.55,2,6,7,30,1,10,9,8,2,0,,
comp_3039,Premier League,2026-01-07,14:30,Manchester City,Brighton & Hove Albion,1,1,1-1,finished,21,,thestatsapi,2.35,0.81,6,2,22,6,6,3,6,16,1,6,,
comp_3039,Premier League,2026-01-07,14:30,Crystal Palace,Aston Villa,0,0,0-0,finished,21,,thestatsapi,1.5,1.74,3,5,11,15,5,3,8,3,2,0,,
comp_3039,Premier League,2026-01-07,14:30,Fulham,Chelsea,2,1,2-1,finished,21,,thestatsapi,1.2,2.39,2,11,16,14,5,6,11,6,3,3,0,1
comp_3039,Premier League,2026-01-07,14:30,Everton,Wolverhampton,1,1,1-1,finished,21,,thestatsapi,0.89,0.68,2,7,13,12,2,4,13,16,3,3,2,0
comp_3039,Premier League,2026-01-07,14:30,Brentford,Sunderland,3,0,3-0,finished,21,,thestatsapi,3.24,1.72,7,4,18,11,6,3,13,13,2,1,,
comp_3039,Premier League,2026-01-07,14:30,Bournemouth,Tottenham Hotspur,3,2,3-2,finished,21,,thestatsapi,1.27,1.25,3,7,11,16,3,4,19,10,3,3,,
comp_3039,Premier League,2026-01-06,15:00,West Ham United,Nottingham Forest,1,2,1-2,finished,21,,thestatsapi,0.95,1.38,6,5,14,13,3,5,15,9,3,0,,
comp_3039,Premier League,2026-01-04,12:30,Manchester City,Chelsea,1,1,1-1,finished,20,,thestatsapi,1.02,1.85,8,2,14,8,3,3,12,14,3,3,,
comp_3039,Premier League,2026-01-04,10:15,Fulham,Liverpool,2,2,2-2,finished,20,,thestatsapi,0.74,1.37,3,8,8,10,2,2,11,4,1,1,,
comp_3039,Premier League,2026-01-04,10:00,Tottenham Hotspur,Sunderland,1,1,1-1,finished,20,,thestatsapi,1.18,0.44,3,5,13,10,5,3,10,6,2,3,,
comp_3039,Premier League,2026-01-04,10:00,Newcastle United,Crystal Palace,2,0,2-0,finished,20,,thestatsapi,2.08,0.7,8,6,12,11,7,1,5,12,1,3,,
comp_3039,Premier League,2026-01-04,10:00,Everton,Brentford,2,4,2-4,finished,20,,thestatsapi,0.89,2.66,4,5,14,11,6,7,9,8,0,2,,
comp_3039,Premier League,2026-01-04,07:30,Leeds United,Manchester United,1,1,1-1,finished,20,,thestatsapi,0.9,1.58,6,4,11,15,3,2,9,9,0,1,,
comp_3039,Premier League,2026-01-03,12:30,Bournemouth,Arsenal,2,3,2-3,finished,20,,thestatsapi,1.43,1.13,7,5,15,12,3,5,13,8,3,1,,
comp_3039,Premier League,2026-01-03,10:00,Wolverhampton,West Ham United,3,0,3-0,finished,20,,thestatsapi,1.87,0.25,6,7,11,6,8,0,11,10,1,0,,
comp_3039,Premier League,2026-01-03,10:00,Brighton & Hove Albion,Burnley,2,0,2-0,finished,20,,thestatsapi,1.45,0.3,4,4,15,5,4,3,7,17,0,4,,
comp_3039,Premier League,2026-01-03,07:30,Aston Villa,Nottingham Forest,3,1,3-1,finished,20,,thestatsapi,1.59,0.89,4,4,11,10,4,5,10,20,1,2,,
comp_3039,Premier League,2026-01-01,15:00,Sunderland,Manchester City,0,0,0-0,finished,19,,thestatsapi,0.88,2.24,3,5,10,14,4,4,9,6,1,1,,
comp_3039,Premier League,2026-01-01,15:00,Brentford,Tottenham Hotspur,0,0,0-0,finished,19,,thestatsapi,0.92,0.86,3,1,7,9,2,3,8,10,1,2,,
comp_3039,Premier League,2026-01-01,12:30,Liverpool,Leeds United,0,0,0-0,finished,19,,thestatsapi,2.08,0.69,8,3,19,4,4,2,10,8,0,2,,
comp_3039,Premier League,2026-01-01,12:30,Crystal Palace,Fulham,1,1,1-1,finished,19,,thestatsapi,1.93,1.76,6,3,11,17,2,5,7,10,0,5,,
comp_3039,Premier League,2025-12-30,15:15,Manchester United,Wolverhampton,1,1,1-1,finished,19,,thestatsapi,0.84,1.16,8,4,15,11,6,4,9,12,0,2,,
comp_3039,Premier League,2025-12-30,15:15,Arsenal,Aston Villa,4,1,4-1,finished,19,,thestatsapi,3.04,2.67,3,3,22,11,7,3,18,9,2,3,,
comp_3039,Premier League,2025-12-30,14:30,West Ham United,Brighton & Hove Albion,2,2,2-2,finished,19,,thestatsapi,2.06,2.94,5,5,10,16,4,6,11,18,3,5,,
comp_3039,Premier League,2025-12-30,14:30,Nottingham Forest,Everton,0,2,0-2,finished,19,,thestatsapi,1.55,1.26,9,2,21,11,6,3,11,9,1,0,,
comp_3039,Premier League,2025-12-30,14:30,Chelsea,Bournemouth,2,2,2-2,finished,19,,thestatsapi,2.31,3.14,12,3,17,17,3,6,5,12,1,1,,
comp_3039,Premier League,2025-12-30,14:30,Burnley,Newcastle United,1,3,1-3,finished,19,,thestatsapi,1.09,2.31,3,4,15,20,4,9,9,3,2,1,,
comp_3039,Premier League,2025-12-28,11:30,Crystal Palace,Tottenham Hotspur,0,1,0-1,finished,18,,thestatsapi,1.47,0.88,3,2,15,8,2,4,7,5,3,2,,
comp_3039,Premier League,2025-12-28,09:00,Sunderland,Leeds United,1,1,1-1,finished,18,,thestatsapi,0.7,2.17,3,9,8,17,3,6,7,9,1,0,,
comp_3039,Premier League,2025-12-27,12:30,Chelsea,Aston Villa,1,2,1-2,finished,18,,thestatsapi,2.14,1.19,6,7,14,11,3,8,16,8,5,3,,
comp_3039,Premier League,2025-12-27,10:00,West Ham United,Fulham,0,1,0-1,finished,18,,thestatsapi,0.91,1.62,5,4,11,17,2,5,8,8,1,3,,
comp_3039,Premier League,2025-12-27,10:00,Liverpool,Wolverhampton,2,1,2-1,finished,18,,thestatsapi,1.54,1.07,6,4,14,9,4,4,5,13,0,1,,
comp_3039,Premier League,2025-12-27,10:00,Burnley,Everton,0,0,0-0,finished,18,,thestatsapi,1.41,0.82,6,5,16,15,0,6,8,8,0,2,,
comp_3039,Premier League,2025-12-27,10:00,Brentford,Bournemouth,4,1,4-1,finished,18,,thestatsapi,3.66,2.72,2,15,15,20,7,10,9,8,2,2,,
comp_3039,Premier League,2025-12-27,10:00,Arsenal,Brighton & Hove Albion,2,1,2-1,finished,18,,thestatsapi,3.08,0.85,7,2,24,8,6,3,7,13,2,3,,
comp_3039,Premier League,2025-12-27,07:30,Nottingham Forest,Manchester City,1,2,1-2,finished,18,,thestatsapi,0.59,1.39,5,5,7,16,2,5,5,13,1,2,,
comp_3039,Premier League,2025-12-26,15:00,Manchester United,Newcastle United,1,0,1-0,finished,18,,thestatsapi,1.17,1.18,2,11,9,16,3,3,9,5,2,1,,
comp_3039,Premier League,2025-12-22,15:00,Fulham,Nottingham Forest,1,0,1-0,finished,17,,thestatsapi,1.5,0.6,1,5,11,12,1,2,5,9,5,4,,
comp_3039,Premier League,2025-12-21,11:30,Aston Villa,Manchester United,2,1,2-1,finished,17,,thestatsapi,1.54,1.33,5,5,12,15,4,6,4,2,1,2,,
comp_3039,Premier League,2025-12-20,15:00,Leeds United,Crystal Palace,4,1,4-1,finished,17,,thestatsapi,2.67,1.56,9,5,20,9,8,3,5,10,1,3,,
comp_3039,Premier League,2025-12-20,15:00,Everton,Arsenal,0,1,0-1,finished,17,,thestatsapi,0.2,1.81,2,3,5,13,1,2,4,5,2,2,,
comp_3039,Premier League,2025-12-20,12:30,Tottenham Hotspur,Liverpool,1,2,1-2,finished,17,,thestatsapi,1.07,0.66,2,6,15,8,4,4,7,2,5,3,2,0
comp_3039,Premier League,2025-12-20,10:00,Wolverhampton,Brentford,0,2,0-2,finished,17,,thestatsapi,1.27,1.28,3,4,9,7,2,6,12,15,2,4,,
comp_3039,Premier League,2025-12-20,10:00,Manchester City,West Ham United,3,0,3-0,finished,17,,thestatsapi,2.1,0.98,6,0,17,7,8,3,16,10,1,1,,
comp_3039,Premier League,2025-12-20,10:00,Brighton & Hove Albion,Sunderland,0,0,0-0,finished,17,,thestatsapi,1.13,1.38,3,4,16,14,4,6,11,15,2,2,,
comp_3039,Premier League,2025-12-20,10:00,Bournemouth,Burnley,1,1,1-1,finished,17,,thestatsapi,1.41,0.38,5,3,16,4,1,1,11,11,1,1,,
comp_3039,Premier League,2025-12-20,07:30,Newcastle United,Chelsea,2,2,2-2,finished,17,,thestatsapi,2.31,1.22,6,4,11,13,5,4,13,14,3,6,,
comp_3039,Premier League,2025-12-15,15:00,Manchester United,Bournemouth,4,4,4-4,finished,16,,thestatsapi,3.4,1.94,5,4,25,14,9,9,15,12,2,3,,
comp_3039,Premier League,2025-12-14,11:30,Brentford,Leeds United,1,1,1-1,finished,16,,thestatsapi,0.72,1.52,0,3,7,18,2,4,8,9,,,,
comp_3039,Premier League,2025-12-14,09:00,West Ham United,Aston Villa,2,3,2-3,finished,16,,thestatsapi,1.03,0.67,5,3,10,7,3,4,18,13,1,2,,
comp_3039,Premier League,2025-12-14,09:00,Sunderland,Newcastle United,1,0,1-0,finished,16,,thestatsapi,0.3,0.24,3,6,5,6,1,2,10,10,5,4,,
comp_3039,Premier League,2025-12-14,09:00,Nottingham Forest,Tottenham Hotspur,3,0,3-0,finished,16,,thestatsapi,1.91,0.37,3,3,15,6,6,1,9,13,1,3,,
comp_3039,Premier League,2025-12-14,09:00,Crystal Palace,Manchester City,0,3,0-3,finished,16,,thestatsapi,1.88,1.19,2,2,16,7,4,6,9,6,2,0,,
comp_3039,Premier League,2025-12-13,15:00,Arsenal,Wolverhampton,2,1,2-1,finished,16,,thestatsapi,1.13,0.38,8,0,16,3,2,2,7,15,0,4,,
comp_3039,Premier League,2025-12-13,12:30,Burnley,Fulham,2,3,2-3,finished,16,,thestatsapi,2.46,2.23,10,4,16,6,8,4,8,8,1,2,,
comp_3039,Premier League,2025-12-13,10:00,Liverpool,Brighton & Hove Albion,2,0,2-0,finished,16,,thestatsapi,1.89,1.9,2,2,18,14,4,1,8,15,1,2,,
comp_3039,Premier League,2025-12-13,10:00,Chelsea,Everton,2,0,2-0,finished,16,,thestatsapi,2.2,1.03,4,7,17,11,5,2,13,11,1,0,,
comp_3039,Premier League,2025-12-08,15:00,Wolverhampton,Manchester United,1,4,1-4,finished,15,,thestatsapi,0.41,4.24,1,9,8,27,2,10,17,12,3,2,,
comp_3039,Premier League,2025-12-07,11:30,Fulham,Crystal Palace,1,2,1-2,finished,15,,thestatsapi,0.76,1.65,6,4,12,11,4,5,5,8,,,,
comp_3039,Premier League,2025-12-07,09:00,Brighton & Hove Albion,West Ham United,1,1,1-1,finished,15,,thestatsapi,1.87,1.14,10,6,22,14,4,5,12,8,2,2,,
comp_3039,Premier League,2025-12-06,12:30,Leeds United,Liverpool,3,3,3-3,finished,15,,thestatsapi,1.51,1.91,5,4,12,16,5,7,14,14,3,3,,
comp_3039,Premier League,2025-12-06,10:00,Tottenham Hotspur,Brentford,2,0,2-0,finished,15,,thestatsapi,2.18,0.29,7,6,15,4,7,1,8,9,3,4,,
comp_3039,Premier League,2025-12-06,10:00,Newcastle United,Burnley,2,1,2-1,finished,15,,thestatsapi,1.77,1.61,9,9,17,9,7,3,9,11,2,2,0,1
comp_3039,Premier League,2025-12-06,10:00,Manchester City,Sunderland,3,0,3-0,finished,15,,thestatsapi,2.42,0.71,6,5,18,8,6,1,9,10,1,0,0,1
comp_3039,Premier League,2025-12-06,10:00,Everton,Nottingham Forest,3,0,3-0,finished,15,,thestatsapi,1.12,0.53,6,3,11,7,5,3,17,15,4,3,,
comp_3039,Premier League,2025-12-06,10:00,Bournemouth,Chelsea,0,0,0-0,finished,15,,thestatsapi,1.42,0.92,5,0,13,11,5,4,15,13,0,2,,
comp_3039,Premier League,2025-12-06,07:30,Aston Villa,Arsenal,2,1,2-1,finished,15,,thestatsapi,2.16,1.92,3,3,15,15,6,9,10,8,0,2,,
comp_3039,Premier League,2025-12-04,15:00,Manchester United,West Ham United,1,1,1-1,finished,14,,thestatsapi,1.8,0.79,6,6,17,11,4,3,13,9,2,2,,
comp_3039,Premier League,2025-12-03,15:15,Liverpool,Sunderland,1,1,1-1,finished,14,,thestatsapi,1.46,0.42,7,3,23,9,4,6,10,5,1,1,,
comp_3039,Premier League,2025-12-03,15:15,Leeds United,Chelsea,3,1,3-1,finished,14,,thestatsapi,2.82,1.11,4,2,17,14,5,2,10,13,1,1,,
comp_3039,Premier League,2025-12-03,14:30,Wolverhampton,Nottingham Forest,0,1,0-1,finished,14,,thestatsapi,0.91,0.74,3,9,5,10,1,3,19,11,2,2,,
comp_3039,Premier League,2025-12-03,14:30,Burnley,Crystal Palace,0,1,0-1,finished,14,,thestatsapi,0.95,0.59,3,3,11,3,4,3,9,8,,,,
comp_3039,Premier League,2025-12-03,14:30,Brighton & Hove Albion,Aston Villa,3,4,3-4,finished,14,,thestatsapi,2.21,2.41,5,6,16,14,7,10,10,9,2,2,,
comp_3039,Premier League,2025-12-03,14:30,Arsenal,Brentford,2,0,2-0,finished,14,,thestatsapi,1.77,0.35,4,8,15,6,7,1,7,9,0,1,,
comp_3039,Premier League,2025-12-02,15:15,Newcastle United,Tottenham Hotspur,2,2,2-2,finished,14,,thestatsapi,2.04,0.75,11,8,19,8,7,2,5,12,0,3,,
comp_3039,Premier League,2025-12-02,14:30,Fulham,Manchester City,4,5,4-5,finished,14,,thestatsapi,0.91,2.17,7,2,12,11,6,4,9,7,0,1,,
comp_3039,Premier League,2025-12-02,14:30,Bournemouth,Everton,0,1,0-1,finished,14,,thestatsapi,0.57,1.35,1,6,5,13,2,3,14,14,3,3,,
comp_3039,Premier League,2025-11-30,11:30,Chelsea,Arsenal,1,1,1-1,finished,13,,thestatsapi,0.79,1.26,3,3,11,8,4,4,12,13,1,6,1,0
comp_3039,Premier League,2025-11-30,09:05,West Ham United,Liverpool,0,2,0-2,finished,13,,thestatsapi,0.29,1.24,7,2,7,9,0,5,12,14,3,0,1,0
comp_3039,Premier League,2025-11-30,09:05,Nottingham Forest,Brighton & Hove Albion,0,2,0-2,finished,13,,thestatsapi,0.89,2,9,2,19,17,3,6,11,10,0,1,,
comp_3039,Premier League,2025-11-30,09:05,Aston Villa,Wolverhampton,1,0,1-0,finished,13,,thestatsapi,0.94,0.49,7,3,16,9,6,4,13,21,0,4,,
comp_3039,Premier League,2025-11-30,07:00,Crystal Palace,Manchester United,1,2,1-2,finished,13,,thestatsapi,1.83,1.19,4,4,14,14,3,6,14,14,3,2,,
comp_3039,Premier League,2025-11-29,15:00,Tottenham Hotspur,Fulham,1,2,1-2,finished,13,,thestatsapi,0.86,0.42,8,2,14,7,2,3,11,7,3,2,,
comp_3039,Premier League,2025-11-29,12:30,Everton,Newcastle United,1,4,1-4,finished,13,,thestatsapi,1,1.92,8,7,10,13,2,8,4,6,,,,
comp_3039,Premier League,2025-11-29,10:00,Sunderland,Bournemouth,3,2,3-2,finished,13,,thestatsapi,1.28,1.7,6,3,12,18,6,6,14,13,5,5,0,1
comp_3039,Premier League,2025-11-29,10:00,Manchester City,Leeds United,3,2,3-2,finished,13,,thestatsapi,3.1,1.54,8,1,18,9,9,4,17,11,4,1,,
comp_3039,Premier League,2025-11-29,10:00,Brentford,Burnley,3,1,3-1,finished,13,,thestatsapi,3.06,0.95,5,6,14,6,4,2,7,7,0,2,,
comp_3039,Premier League,2025-11-24,15:00,Manchester United,Everton,0,1,0-1,finished,12,,thestatsapi,1.71,0.21,9,1,25,3,6,1,12,9,2,0,0,1
comp_3039,Premier League,2025-11-23,11:30,Arsenal,Tottenham Hotspur,4,1,4-1,finished,12,,thestatsapi,1.93,0.07,4,1,17,3,8,2,11,15,1,3,,
comp_3039,Premier League,2025-11-23,09:00,Leeds United,Aston Villa,1,2,1-2,finished,12,,thestatsapi,1.79,1.58,3,3,14,14,5,3,18,16,5,1,,
comp_3039,Premier League,2025-11-22,12:30,Newcastle United,Manchester City,2,1,2-1,finished,12,,thestatsapi,2.24,2.49,5,9,9,17,5,4,13,8,1,3,,
comp_3039,Premier League,2025-11-22,10:00,Wolverhampton,Crystal Palace,0,2,0-2,finished,12,,thestatsapi,1.79,1.27,1,4,8,10,1,4,13,9,2,3,,
comp_3039,Premier League,2025-11-22,10:00,Liverpool,Nottingham Forest,0,3,0-3,finished,12,,thestatsapi,1.93,1.58,8,6,21,15,4,7,11,8,2,0,,
comp_3039,Premier League,2025-11-22,10:00,Fulham,Sunderland,1,0,1-0,finished,12,,thestatsapi,2.16,0.17,7,4,24,4,6,2,5,13,3,3,,
comp_3039,Premier League,2025-11-22,10:00,Brighton & Hove Albion,Brentford,2,1,2-1,finished,12,,thestatsapi,1.22,1.91,7,4,14,10,5,4,10,9,4,2,,
comp_3039,Premier League,2025-11-22,10:00,Bournemouth,West Ham United,2,2,2-2,finished,12,,thestatsapi,4.05,0.65,9,2,28,5,10,2,9,10,3,2,,
comp_3039,Premier League,2025-11-22,07:30,Burnley,Chelsea,0,2,0-2,finished,12,,thestatsapi,0.44,1.72,1,9,8,15,2,5,13,8,2,3,,
comp_3039,Premier League,2025-11-09,11:30,Manchester City,Liverpool,3,0,3-0,finished,11,,thestatsapi,1.51,0.61,7,7,14,7,6,1,14,15,2,4,,
comp_3039,Premier League,2025-11-09,09:00,Nottingham Forest,Leeds United,3,1,3-1,finished,11,,thestatsapi,2.55,0.69,6,4,14,10,6,3,10,11,2,1,,
comp_3039,Premier League,2025-11-09,09:00,Crystal Palace,Brighton & Hove Albion,0,0,0-0,finished,11,,thestatsapi,0.75,0.39,4,8,10,7,2,3,10,12,1,4,,
comp_3039,Premier League,2025-11-09,09:00,Brentford,Newcastle United,3,1,3-1,finished,11,,thestatsapi,2.35,0.44,6,2,15,5,7,1,23,0,2,3,0,1
comp_3039,Premier League,2025-11-09,09:00,Aston Villa,Bournemouth,4,0,4-0,finished,11,,thestatsapi,1.7,1.61,6,9,16,12,8,3,8,20,2,2,,
comp_3039,Premier League,2025-11-08,15:00,Chelsea,Wolverhampton,3,0,3-0,finished,11,,thestatsapi,3.31,0.17,10,1,20,3,8,0,12,14,1,2,,
comp_3039,Premier League,2025-11-08,12:30,Sunderland,Arsenal,2,2,2-2,finished,11,,thestatsapi,0.44,1.91,2,2,6,17,2,7,13,13,2,1,,
comp_3039,Premier League,2025-11-08,10:00,West Ham United,Burnley,3,2,3-2,finished,11,,thestatsapi,3.02,1.06,7,4,15,16,6,7,15,13,2,2,,
comp_3039,Premier League,2025-11-08,10:00,Everton,Fulham,2,0,2-0,finished,11,,thestatsapi,1.44,0.4,7,5,14,8,5,4,11,14,2,2,,
comp_3039,Premier League,2025-11-08,07:30,Tottenham Hotspur,Manchester United,2,2,2-2,finished,11,,thestatsapi,0.92,0.63,5,3,10,5,4,2,10,8,5,1,,
comp_3039,Premier League,2025-11-03,15:00,Sunderland,Everton,1,1,1-1,finished,10,,thestatsapi,1.22,0.89,4,1,17,8,3,2,10,12,3,2,,
comp_3039,Premier League,2025-11-02,11:30,Manchester City,Bournemouth,3,1,3-1,finished,10,,thestatsapi,2.22,0.72,9,4,15,8,8,5,8,11,2,2,,
comp_3039,Premier League,2025-11-02,09:00,West Ham United,Newcastle United,3,1,3-1,finished,10,,thestatsapi,1.75,0.52,7,6,15,12,9,4,5,10,1,2,,
comp_3039,Premier League,2025-11-01,15:00,Liverpool,Aston Villa,2,0,2-0,finished,10,,thestatsapi,1.19,0.41,1,4,16,10,4,3,13,11,2,3,,
comp_3039,Premier League,2025-11-01,12:30,Tottenham Hotspur,Chelsea,0,1,0-1,finished,10,,thestatsapi,0.1,3.68,6,5,3,15,1,9,14,12,4,2,,
comp_3039,Premier League,2025-11-01,10:00,Nottingham Forest,Manchester United,2,2,2-2,finished,10,,thestatsapi,2,1.15,8,5,17,18,3,7,17,0,1,1,,
comp_3039,Premier League,2025-11-01,10:00,Fulham,Wolverhampton,3,0,3-0,finished,10,,thestatsapi,1.39,0.24,10,1,19,5,6,2,13,14,1,3,0,1
comp_3039,Premier League,2025-11-01,10:00,Crystal Palace,Brentford,2,0,2-0,finished,10,,thestatsapi,0.7,0.54,6,5,10,6,3,2,7,11,0,3,,
comp_3039,Premier League,2025-11-01,10:00,Burnley,Arsenal,0,2,0-2,finished,10,,thestatsapi,0.42,2.42,1,6,3,12,0,8,10,13,2,1,,
comp_3039,Premier League,2025-11-01,10:00,Brighton & Hove Albion,Leeds United,3,0,3-0,finished,10,,thestatsapi,3.07,0.5,4,7,14,5,7,2,10,7,0,1,,
comp_3039,Premier League,2025-10-26,11:30,Everton,Tottenham Hotspur,0,3,0-3,finished,9,,thestatsapi,1.74,1.72,9,8,12,7,2,4,9,8,2,0,,
comp_3039,Premier League,2025-10-26,09:00,Wolverhampton,Burnley,2,3,2-3,finished,9,,thestatsapi,2.28,1.43,4,3,15,11,7,7,12,7,1,0,,
comp_3039,Premier League,2025-10-26,09:00,Aston Villa,Manchester City,1,0,1-0,finished,9,,thestatsapi,0.81,1.18,5,6,9,18,3,4,8,16,1,4,,
comp_3039,Premier League,2025-10-26,09:00,Arsenal,Crystal Palace,1,0,1-0,finished,9,,thestatsapi,0.92,0.45,4,3,10,7,3,1,6,11,,,,
comp_3039,Premier League,2025-10-26,09:00,Bournemouth,Nottingham Forest,2,0,2-0,finished,9,,thestatsapi,0.58,0.37,6,4,13,8,5,4,17,7,3,1,,
comp_3039,Premier League,2025-10-25,14:00,Brentford,Liverpool,3,2,3-2,finished,9,,thestatsapi,2.75,2.3,5,4,17,18,8,5,7,10,3,2,,
comp_3039,Premier League,2025-10-25,11:30,Manchester United,Brighton & Hove Albion,4,2,4-2,finished,9,,thestatsapi,1.29,1.12,1,6,13,17,9,5,4,13,2,2,,
comp_3039,Premier League,2025-10-25,09:00,Newcastle United,Fulham,2,1,2-1,finished,9,,thestatsapi,2.14,1.53,4,3,18,12,7,5,11,18,0,2,,
comp_3039,Premier League,2025-10-25,09:00,Chelsea,Sunderland,1,2,1-2,finished,9,,thestatsapi,0.9,1.31,9,1,16,10,7,4,15,13,1,1,,
comp_3039,Premier League,2025-10-24,14:00,Leeds United,West Ham United,2,1,2-1,finished,9,,thestatsapi,1.49,0.65,3,4,13,9,5,3,12,11,3,3,,
comp_3039,Premier League,2025-10-20,14:00,West Ham United,Brentford,0,2,0-2,finished,8,,thestatsapi,0.33,2.31,6,10,7,22,1,7,10,10,1,1,,
comp_3039,Premier League,2025-10-19,10:30,Liverpool,Manchester United,1,2,1-2,finished,8,,thestatsapi,2.75,1.34,9,4,19,12,6,4,,,0,2,,
comp_3039,Premier League,2025-10-19,08:00,Tottenham Hotspur,Aston Villa,1,2,1-2,finished,8,,thestatsapi,0.75,0.32,6,6,9,8,3,2,11,7,2,0,,
comp_3039,Premier League,2025-10-18,11:30,Fulham,Arsenal,0,1,0-1,finished,8,,thestatsapi,0.44,1.87,6,10,9,16,0,5,11,4,,,,
comp_3039,Premier League,2025-10-18,09:00,Sunderland,Wolverhampton,2,0,2-0,finished,8,,thestatsapi,0.65,0.83,2,2,8,16,2,3,5,12,,,,
comp_3039,Premier League,2025-10-18,09:00,Manchester City,Everton,2,0,2-0,finished,8,,thestatsapi,2.38,0.81,11,3,19,5,7,1,8,14,0,2,,
comp_3039,Premier League,2025-10-18,09:00,Crystal Palace,Bournemouth,3,3,3-3,finished,8,,thestatsapi,4.44,2.03,6,5,20,8,7,5,8,16,1,4,,
comp_3039,Premier League,2025-10-18,09:00,Burnley,Leeds United,2,0,2-0,finished,8,,thestatsapi,0.45,2.63,1,5,4,19,3,4,10,7,2,1,,
comp_3039,Premier League,2025-10-18,09:00,Brighton & Hove Albion,Newcastle United,2,1,2-1,finished,8,,thestatsapi,0.91,1.45,8,4,13,16,5,3,9,9,0,1,,
comp_3039,Premier League,2025-10-18,06:30,Nottingham Forest,Chelsea,0,3,0-3,finished,8,,thestatsapi,2.35,1.67,5,2,12,17,2,6,13,16,2,4,0,1
comp_3039,Premier League,2025-10-05,10:30,Brentford,Manchester City,0,1,0-1,finished,7,,thestatsapi,0.7,0.85,3,2,6,10,1,4,10,6,3,2,,
comp_3039,Premier League,2025-10-05,08:00,Wolverhampton,Brighton & Hove Albion,1,1,1-1,finished,7,,thestatsapi,0.56,0.92,2,8,6,17,3,6,13,9,2,4,,
comp_3039,Premier League,2025-10-05,08:00,Newcastle United,Nottingham Forest,2,0,2-0,finished,7,,thestatsapi,3.28,0.29,8,1,18,5,9,4,16,15,0,4,,
comp_3039,Premier League,2025-10-05,08:00,Everton,Crystal Palace,2,1,2-1,finished,7,,thestatsapi,2.03,1.53,2,4,14,15,7,8,13,16,2,3,,
comp_3039,Premier League,2025-10-05,08:00,Aston Villa,Burnley,2,1,2-1,finished,7,,thestatsapi,1.16,0.4,6,4,15,5,7,2,9,15,3,1,,
comp_3039,Premier League,2025-10-04,11:30,Chelsea,Liverpool,2,1,2-1,finished,7,,thestatsapi,1,1.95,7,2,12,12,6,2,9,8,0,2,,
comp_3039,Premier League,2025-10-04,09:00,Manchester United,Sunderland,2,0,2-0,finished,7,,thestatsapi,1.88,0.71,2,3,15,8,6,3,10,12,1,4,,
comp_3039,Premier League,2025-10-04,09:00,Arsenal,West Ham United,2,0,2-0,finished,7,,thestatsapi,2.77,0.49,8,3,21,4,5,0,14,14,0,2,,
comp_3039,Premier League,2025-10-04,06:30,Leeds United,Tottenham Hotspur,1,2,1-2,finished,7,,thestatsapi,1.68,0.53,4,1,16,9,4,3,10,12,2,3,,
comp_3039,Premier League,2025-10-03,14:00,Bournemouth,Fulham,3,1,3-1,finished,7,,thestatsapi,1.12,0.88,4,3,11,12,6,4,8,10,0,1,,
comp_3039,Premier League,2025-09-29,14:00,Everton,West Ham United,1,1,1-1,finished,6,,thestatsapi,0.73,1.19,3,5,12,14,6,3,7,16,3,4,,
comp_3039,Premier League,2025-09-28,10:30,Newcastle United,Arsenal,1,2,1-2,finished,6,,thestatsapi,0.61,2.04,7,12,8,20,3,7,8,9,2,1,,
comp_3039,Premier League,2025-09-28,08:00,Aston Villa,Fulham,3,1,3-1,finished,6,,thestatsapi,1.11,0.92,2,8,9,11,4,4,10,13,1,4,,
comp_3039,Premier League,2025-09-27,14:00,Tottenham Hotspur,Wolverhampton,1,1,1-1,finished,6,,thestatsapi,0.87,1.15,10,9,10,9,3,3,9,11,3,2,,
comp_3039,Premier League,2025-09-27,11:30,Nottingham Forest,Sunderland,0,1,0-1,finished,6,,thestatsapi,1.65,1.19,7,4,22,11,6,3,11,6,4,2,,
comp_3039,Premier League,2025-09-27,09:00,Manchester City,Burnley,5,1,5-1,finished,6,,thestatsapi,2.03,0.41,10,2,21,9,8,2,5,7,1,3,,
comp_3039,Premier League,2025-09-27,09:00,Leeds United,Bournemouth,2,2,2-2,finished,6,,thestatsapi,1.84,0.82,7,4,19,12,8,5,12,13,2,2,,
comp_3039,Premier League,2025-09-27,09:00,Crystal Palace,Liverpool,2,1,2-1,finished,6,,thestatsapi,2.92,2.14,2,6,16,20,7,4,10,8,1,3,,
comp_3039,Premier League,2025-09-27,09:00,Chelsea,Brighton & Hove Albion,1,3,1-3,finished,6,,thestatsapi,1.81,2.28,5,7,13,12,3,3,9,16,3,5,1,0
comp_3039,Premier League,2025-09-27,06:30,Brentford,Manchester United,3,1,3-1,finished,6,,thestatsapi,1.99,2.03,4,2,10,14,8,6,14,10,2,2,,
comp_3039,Premier League,2025-09-21,10:30,Arsenal,Manchester City,1,1,1-1,finished,5,,thestatsapi,0.89,0.87,11,1,12,5,3,3,11,10,1,2,,
comp_3039,Premier League,2025-09-21,08:00,Sunderland,Aston Villa,1,1,1-1,finished,5,,thestatsapi,1.04,0.78,6,5,14,12,4,2,14,8,2,1,1,0
comp_3039,Premier League,2025-09-21,08:00,Bournemouth,Newcastle United,0,0,0-0,finished,5,,thestatsapi,0.46,0.14,5,2,11,4,2,1,7,10,2,1,,
comp_3039,Premier League,2025-09-20,14:00,Fulham,Brentford,3,1,3-1,finished,5,,thestatsapi,1.01,0.6,2,10,14,8,3,3,11,13,4,1,,
comp_3039,Premier League,2025-09-20,11:30,Manchester United,Chelsea,2,1,2-1,finished,5,,thestatsapi,1.84,0.43,5,5,11,5,4,1,13,14,2,5,1,1
comp_3039,Premier League,2025-09-20,09:00,Wolverhampton,Leeds United,1,3,1-3,finished,5,,thestatsapi,1.78,0.48,4,0,16,6,6,4,11,9,1,1,,
comp_3039,Premier League,2025-09-20,09:00,West Ham United,Crystal Palace,1,2,1-2,finished,5,,thestatsapi,0.66,2.31,8,8,8,18,3,3,15,5,3,3,,
comp_3039,Premier League,2025-09-20,09:00,Burnley,Nottingham Forest,1,1,1-1,finished,5,,thestatsapi,0.85,1.1,4,5,12,17,5,8,12,11,1,1,,
comp_3039,Premier League,2025-09-20,09:00,Brighton & Hove Albion,Tottenham Hotspur,2,2,2-2,finished,5,,thestatsapi,1.32,1.22,2,10,12,11,4,3,10,13,1,2,,
comp_3039,Premier League,2025-09-20,06:30,Liverpool,Everton,2,1,2-1,finished,5,,thestatsapi,0.9,0.7,5,4,11,9,3,2,11,10,2,3,,
comp_3039,Premier League,2025-09-14,10:30,Manchester City,Manchester United,3,0,3-0,finished,4,,thestatsapi,2.63,1.52,2,4,13,12,6,2,8,8,,,,
comp_3039,Premier League,2025-09-14,08:00,Burnley,Liverpool,0,1,0-1,finished,4,,thestatsapi,0.13,2.65,1,13,3,27,0,4,9,9,2,2,1,0
comp_3039,Premier League,2025-09-13,14:00,Brentford,Chelsea,2,2,2-2,finished,4,,thestatsapi,1.43,1.25,5,6,7,16,4,6,13,9,3,2,,
comp_3039,Premier League,2025-09-13,11:30,West Ham United,Tottenham Hotspur,0,3,0-3,finished,4,,thestatsapi,0.6,1.29,2,13,7,14,4,5,8,7,0,1,1,0
comp_3039,Premier League,2025-09-13,09:00,Newcastle United,Wolverhampton,1,0,1-0,finished,4,,thestatsapi,1.55,0.5,9,4,16,8,4,3,10,17,1,4,,
comp_3039,Premier League,2025-09-13,09:00,Fulham,Leeds United,1,0,1-0,finished,4,,thestatsapi,0.85,0.79,3,3,5,10,3,3,20,15,1,2,,
comp_3039,Premier League,2025-09-13,09:00,Everton,Aston Villa,0,0,0-0,finished,4,,thestatsapi,2.08,0.54,10,3,20,7,2,1,17,15,3,3,,
comp_3039,Premier League,2025-09-13,09:00,Crystal Palace,Sunderland,0,0,0-0,finished,4,,thestatsapi,1.77,0.36,5,3,14,6,6,0,10,8,1,1,,
comp_3039,Premier League,2025-09-13,09:00,Bournemouth,Brighton & Hove Albion,2,1,2-1,finished,4,,thestatsapi,1.45,0.62,4,4,13,6,5,2,16,10,4,4,,
comp_3039,Premier League,2025-09-13,06:30,Arsenal,Nottingham Forest,3,0,3-0,finished,4,,thestatsapi,1.84,0.2,8,3,16,5,5,1,8,11,1,1,,
comp_3039,Premier League,2025-08-31,13:00,Aston Villa,Crystal Palace,0,3,0-3,finished,3,,thestatsapi,1.14,2.65,10,1,13,6,4,4,7,14,2,3,,
comp_3039,Premier League,2025-08-31,10:30,Liverpool,Arsenal,1,0,1-0,finished,3,,thestatsapi,0.52,0.49,3,8,9,11,3,1,7,10,2,2,,
comp_3039,Premier League,2025-08-31,08:00,Nottingham Forest,West Ham United,0,3,0-3,finished,3,,thestatsapi,0.73,2.42,9,7,11,12,3,8,14,6,,,,
comp_3039,Premier League,2025-08-31,08:00,Brighton & Hove Albion,Manchester City,2,1,2-1,finished,3,,thestatsapi,2.3,1.82,3,2,12,12,7,3,16,14,2,2,,
comp_3039,Premier League,2025-08-30,11:30,Leeds United,Newcastle United,0,0,0-0,finished,3,,thestatsapi,0.69,0.46,5,5,10,8,1,2,10,15,1,1,,
comp_3039,Premier League,2025-08-30,09:00,Wolverhampton,Everton,2,3,2-3,finished,3,,thestatsapi,1.11,1.93,2,2,12,10,4,4,15,10,0,1,,
comp_3039,Premier League,2025-08-30,09:00,Tottenham Hotspur,Bournemouth,0,1,0-1,finished,3,,thestatsapi,0.19,1.59,0,8,5,20,1,6,17,13,2,4,,
comp_3039,Premier League,2025-08-30,09:00,Sunderland,Brentford,2,1,2-1,finished,3,,thestatsapi,1.54,1.2,3,4,12,7,3,4,11,12,3,2,,
comp_3039,Premier League,2025-08-30,09:00,Manchester United,Burnley,3,2,3-2,finished,3,,thestatsapi,3.54,1.2,7,1,26,6,6,3,9,9,1,5,,
comp_3039,Premier League,2025-08-30,06:30,Chelsea,Fulham,2,0,2-0,finished,3,,thestatsapi,2.35,1.02,6,4,13,11,6,3,11,17,2,2,,
comp_3039,Premier League,2025-08-25,14:00,Newcastle United,Liverpool,2,3,2-3,finished,2,,thestatsapi,0.98,0.69,7,1,10,5,3,4,17,15,2,3,1,0
comp_3039,Premier League,2025-08-24,10:30,Fulham,Manchester United,1,1,1-1,finished,2,,thestatsapi,1.76,1.63,9,6,13,10,4,3,12,10,1,1,,
comp_3039,Premier League,2025-08-24,08:00,Everton,Brighton & Hove Albion,2,0,2-0,finished,2,,thestatsapi,1.6,2.43,2,2,11,13,3,4,7,15,4,3,,
comp_3039,Premier League,2025-08-24,08:00,Crystal Palace,Nottingham Forest,1,1,1-1,finished,2,,thestatsapi,1.1,0.93,1,3,8,9,4,1,11,11,3,3,,
comp_3039,Premier League,2025-08-23,11:30,Arsenal,Leeds United,5,0,5-0,finished,2,,thestatsapi,2.88,0.17,2,2,18,3,5,1,8,11,0,2,,
comp_3039,Premier League,2025-08-23,09:00,Burnley,Sunderland,2,0,2-0,finished,2,,thestatsapi,1,0.77,4,3,7,9,2,1,9,5,0,1,,
comp_3039,Premier League,2025-08-23,09:00,Brentford,Aston Villa,1,0,1-0,finished,2,,thestatsapi,1.27,1.23,2,9,9,17,2,2,11,9,1,2,,
comp_3039,Premier League,2025-08-23,09:00,Bournemouth,Wolverhampton,1,0,1-0,finished,2,,thestatsapi,1.29,0.46,8,3,14,6,4,1,13,16,2,4,0,1
comp_3039,Premier League,2025-08-23,06:30,Manchester City,Tottenham Hotspur,0,2,0-2,finished,2,,thestatsapi,1.55,1.11,7,2,10,12,4,5,7,12,1,4,,
comp_3039,Premier League,2025-08-22,14:00,West Ham United,Chelsea,1,5,1-5,finished,2,,thestatsapi,0.73,2.74,7,5,12,12,4,7,7,10,0,1,,
comp_4643,Bundesliga,2026-05-25,13:30,SC Paderborn 07,VfL Wolfsburg,1,1,1-1,finished,29,final,thestatsapi,,,19,2,39,8,10,3,12,9,3,6,0,1
comp_4643,Bundesliga,2026-05-21,13:30,VfL Wolfsburg,SC Paderborn 07,0,0,0-0,finished,29,final,thestatsapi,,,4,1,17,2,6,1,12,16,1,4,0,1
comp_4643,Bundesliga,2026-05-16,08:30,FC St. Pauli,VfL Wolfsburg,1,3,1-3,finished,34,,thestatsapi,1.48,3.5,8,9,11,19,2,10,6,9,2,3,,
comp_4643,Bundesliga,2026-05-16,08:30,1. FC Heidenheim,1. FSV Mainz 05,0,2,0-2,finished,34,,thestatsapi,2.53,3.71,6,3,15,15,5,9,8,12,1,1,,
comp_4643,Bundesliga,2026-05-16,08:30,SV Werder Bremen,Borussia Dortmund,0,2,0-2,finished,34,,thestatsapi,0.49,2.74,4,5,9,17,3,9,8,5,,,,
comp_4643,Bundesliga,2026-05-16,08:30,Eintracht Frankfurt,VfB Stuttgart,2,2,2-2,finished,34,,thestatsapi,2.56,1.32,6,6,16,13,7,7,14,12,2,3,,
comp_4643,Bundesliga,2026-05-16,08:30,Borussia M'gladbach,TSG Hoffenheim,4,0,4-0,finished,34,,thestatsapi,1.2,1.62,2,9,9,11,6,3,11,15,4,6,0,1
comp_4643,Bundesliga,2026-05-16,08:30,1. FC Union Berlin,FC Augsburg,4,0,4-0,finished,34,,thestatsapi,3.68,0.61,4,9,17,11,9,1,6,7,3,1,,
comp_4643,Bundesliga,2026-05-16,08:30,Bayer 04 Leverkusen,Hamburger SV,1,1,1-1,finished,34,,thestatsapi,3.27,1.79,8,3,26,19,9,6,8,11,1,2,,
comp_4643,Bundesliga,2026-05-16,08:30,FC Bayern München,1. FC Köln,5,1,5-1,finished,34,,thestatsapi,3.05,0.98,5,5,19,9,7,2,6,4,1,1,,
comp_4643,Bundesliga,2026-05-16,08:30,SC Freiburg,RB Leipzig,4,1,4-1,finished,34,,thestatsapi,1.41,1.24,1,2,11,14,5,6,13,7,0,1,,
comp_4643,Bundesliga,2026-05-10,12:30,1. FSV Mainz 05,1. FC Union Berlin,1,3,1-3,finished,33,,thestatsapi,1.57,2.68,7,8,14,16,3,9,11,10,2,1,,
comp_4643,Bundesliga,2026-05-10,10:30,1. FC Köln,1. FC Heidenheim,1,3,1-3,finished,33,,thestatsapi,1.17,1.36,6,4,18,11,7,5,9,8,2,2,,
comp_4643,Bundesliga,2026-05-10,08:30,Hamburger SV,SC Freiburg,3,2,3-2,finished,33,,thestatsapi,1.98,0.41,2,4,14,5,5,3,15,8,2,2,,
comp_4643,Bundesliga,2026-05-09,11:30,VfL Wolfsburg,FC Bayern München,0,1,0-1,finished,33,,thestatsapi,3.04,1.85,6,3,17,16,5,9,8,5,1,0,,
comp_4643,Bundesliga,2026-05-09,08:30,TSG Hoffenheim,SV Werder Bremen,1,0,1-0,finished,33,,thestatsapi,1.52,1.07,8,3,15,11,4,2,4,3,1,2,0,1
comp_4643,Bundesliga,2026-05-09,08:30,RB Leipzig,FC St. Pauli,2,1,2-1,finished,33,,thestatsapi,1.37,0.79,3,5,13,8,5,3,5,9,2,0,,
comp_4643,Bundesliga,2026-05-09,08:30,FC Augsburg,Borussia M'gladbach,3,1,3-1,finished,33,,thestatsapi,2.59,1.14,3,2,15,16,10,4,11,9,2,2,,
comp_4643,Bundesliga,2026-05-09,08:30,VfB Stuttgart,Bayer 04 Leverkusen,3,1,3-1,finished,33,,thestatsapi,3.04,0.54,7,6,20,6,9,5,13,8,2,1,,
comp_4643,Bundesliga,2026-05-08,13:30,Borussia Dortmund,Eintracht Frankfurt,3,2,3-2,finished,33,,thestatsapi,1.94,1.12,6,2,12,9,8,4,15,8,3,0,,
comp_4643,Bundesliga,2026-05-03,12:30,SC Freiburg,VfL Wolfsburg,1,1,1-1,finished,32,,thestatsapi,0.94,0.82,1,7,11,13,3,4,5,11,1,1,,
comp_4643,Bundesliga,2026-05-03,10:30,Borussia M'gladbach,Borussia Dortmund,1,0,1-0,finished,32,,thestatsapi,2.2,0.49,1,1,12,6,4,1,14,17,3,1,,
comp_4643,Bundesliga,2026-05-03,08:30,FC St. Pauli,1. FSV Mainz 05,1,2,1-2,finished,32,,thestatsapi,0.84,2.54,7,7,10,17,3,6,10,8,3,1,,
comp_4643,Bundesliga,2026-05-02,11:30,Bayer 04 Leverkusen,RB Leipzig,4,1,4-1,finished,32,,thestatsapi,4.42,1.17,7,3,23,14,8,5,7,12,1,3,,
comp_4643,Bundesliga,2026-05-02,08:30,TSG Hoffenheim,VfB Stuttgart,3,3,3-3,finished,32,,thestatsapi,2.47,1.57,4,5,22,14,9,5,18,9,3,1,0,1
comp_4643,Bundesliga,2026-05-02,08:30,1. FC Union Berlin,1. FC Köln,2,2,2-2,finished,32,,thestatsapi,1.15,1.75,2,5,13,8,3,4,7,10,2,3,,
comp_4643,Bundesliga,2026-05-02,08:30,SV Werder Bremen,FC Augsburg,1,3,1-3,finished,32,,thestatsapi,1.35,2.57,8,2,15,14,4,7,11,4,1,1,,
comp_4643,Bundesliga,2026-05-02,08:30,Eintracht Frankfurt,Hamburger SV,1,2,1-2,finished,32,,thestatsapi,0.65,0.62,9,4,8,9,5,4,13,5,6,1,1,0
comp_4643,Bundesliga,2026-05-02,08:30,FC Bayern München,1. FC Heidenheim,3,3,3-3,finished,32,,thestatsapi,2.31,2.59,13,5,23,12,7,5,6,7,3,2,,
comp_4643,Bundesliga,2026-04-26,10:30,Borussia Dortmund,SC Freiburg,4,0,4-0,finished,31,,thestatsapi,3.37,0.76,5,0,17,7,5,4,19,10,1,0,,
comp_4643,Bundesliga,2026-04-26,08:30,VfB Stuttgart,SV Werder Bremen,1,1,1-1,finished,31,,thestatsapi,1.82,0.93,14,2,20,9,4,3,8,10,0,1,,
comp_4643,Bundesliga,2026-04-25,11:30,Hamburger SV,TSG Hoffenheim,1,2,1-2,finished,31,,thestatsapi,1.37,1.45,4,9,12,15,4,6,11,18,2,4,,
comp_4643,Bundesliga,2026-04-25,08:30,1. FC Köln,Bayer 04 Leverkusen,1,2,1-2,finished,31,,thestatsapi,3.04,1.33,2,5,25,8,10,3,11,5,1,2,,
comp_4643,Bundesliga,2026-04-25,08:30,1. FSV Mainz 05,FC Bayern München,3,4,3-4,finished,31,,thestatsapi,2.69,2.21,4,4,21,11,8,6,14,10,1,2,,
comp_4643,Bundesliga,2026-04-25,08:30,1. FC Heidenheim,FC St. Pauli,2,0,2-0,finished,31,,thestatsapi,1.61,1.06,6,6,12,11,5,2,7,6,0,1,,
comp_4643,Bundesliga,2026-04-25,08:30,VfL Wolfsburg,Borussia M'gladbach,0,0,0-0,finished,31,,thestatsapi,1.47,0.51,8,5,12,10,4,2,11,5,1,3,0,1
comp_4643,Bundesliga,2026-04-25,08:30,FC Augsburg,Eintracht Frankfurt,1,1,1-1,finished,31,,thestatsapi,2,1.11,9,7,17,19,3,7,11,13,1,2,,
comp_4643,Bundesliga,2026-04-24,13:30,RB Leipzig,1. FC Union Berlin,3,1,3-1,finished,31,,thestatsapi,4.49,0.19,10,4,20,5,10,1,6,10,1,1,,
comp_4643,Bundesliga,2026-04-19,12:30,Borussia M'gladbach,1. FSV Mainz 05,1,1,1-1,finished,30,,thestatsapi,0.62,2.32,0,6,9,17,4,7,12,8,5,2,,
comp_4643,Bundesliga,2026-04-19,10:30,FC Bayern München,VfB Stuttgart,4,2,4-2,finished,30,,thestatsapi,4.61,1.35,11,3,28,11,9,7,6,3,,,,
comp_4643,Bundesliga,2026-04-19,08:30,SC Freiburg,1. FC Heidenheim,2,1,2-1,finished,30,,thestatsapi,1.62,1.58,5,4,17,13,4,2,10,9,1,0,,
comp_4643,Bundesliga,2026-04-18,11:30,Eintracht Frankfurt,RB Leipzig,1,3,1-3,finished,30,,thestatsapi,1.45,2.09,4,6,16,19,5,8,7,7,0,1,,
comp_4643,Bundesliga,2026-04-18,08:30,TSG Hoffenheim,Borussia Dortmund,2,1,2-1,finished,30,,thestatsapi,2.25,0.7,4,3,13,8,4,3,14,11,2,3,,
comp_4643,Bundesliga,2026-04-18,08:30,1. FC Union Berlin,VfL Wolfsburg,1,2,1-2,finished,30,,thestatsapi,1.79,0.19,11,4,25,5,7,4,13,15,1,1,,
comp_4643,Bundesliga,2026-04-18,08:30,SV Werder Bremen,Hamburger SV,3,1,3-1,finished,30,,thestatsapi,1.74,0.57,7,3,18,11,10,3,14,14,4,3,0,1
comp_4643,Bundesliga,2026-04-18,08:30,Bayer 04 Leverkusen,FC Augsburg,1,2,1-2,finished,30,,thestatsapi,3.8,1.33,11,4,36,11,10,5,5,8,2,1,,
comp_4643,Bundesliga,2026-04-17,13:30,FC St. Pauli,1. FC Köln,1,1,1-1,finished,30,,thestatsapi,2.01,1.33,8,5,14,10,6,1,6,2,4,1,,
comp_4643,Bundesliga,2026-04-12,12:30,1. FSV Mainz 05,SC Freiburg,0,1,0-1,finished,29,,thestatsapi,0.55,0.56,6,4,10,8,3,3,10,13,1,3,,
comp_4643,Bundesliga,2026-04-12,10:30,VfB Stuttgart,Hamburger SV,4,0,4-0,finished,29,,thestatsapi,3.48,0.71,8,2,23,9,11,5,10,14,2,1,,
comp_4643,Bundesliga,2026-04-12,08:30,1. FC Köln,SV Werder Bremen,3,1,3-1,finished,29,,thestatsapi,3.33,0.99,8,5,25,6,8,2,16,7,3,2,0,1
comp_4643,Bundesliga,2026-04-11,11:30,FC St. Pauli,FC Bayern München,0,5,0-5,finished,29,,thestatsapi,0.49,3.84,3,4,6,20,3,8,9,7,1,2,,
comp_4643,Bundesliga,2026-04-11,08:30,1. FC Heidenheim,1. FC Union Berlin,3,1,3-1,finished,29,,thestatsapi,1.85,0.99,3,5,7,10,3,3,7,13,0,2,,
comp_4643,Bundesliga,2026-04-11,08:30,VfL Wolfsburg,Eintracht Frankfurt,1,2,1-2,finished,29,,thestatsapi,2.33,1.29,7,7,22,10,7,4,9,8,2,1,,
comp_4643,Bundesliga,2026-04-11,08:30,Borussia Dortmund,Bayer 04 Leverkusen,0,1,0-1,finished,29,,thestatsapi,1.3,0.63,5,5,14,11,1,4,5,6,3,0,,
comp_4643,Bundesliga,2026-04-11,08:30,RB Leipzig,Borussia M'gladbach,1,0,1-0,finished,29,,thestatsapi,2.43,1.78,11,4,24,15,11,3,9,6,4,1,,
comp_4643,Bundesliga,2026-04-10,13:30,FC Augsburg,TSG Hoffenheim,2,2,2-2,finished,29,,thestatsapi,1.93,0.99,4,4,17,13,8,4,6,18,5,3,,
comp_4643,Bundesliga,2026-04-05,10:30,Eintracht Frankfurt,1. FC Köln,2,2,2-2,finished,28,,thestatsapi,2.34,3.11,8,0,20,14,7,9,10,7,1,2,,
comp_4643,Bundesliga,2026-04-05,08:30,1. FC Union Berlin,FC St. Pauli,1,1,1-1,finished,28,,thestatsapi,1.95,0.33,7,2,16,9,8,2,10,8,0,2,0,1
comp_4643,Bundesliga,2026-04-04,11:30,VfB Stuttgart,Borussia Dortmund,0,2,0-2,finished,28,,thestatsapi,0.58,0.5,5,2,13,5,3,3,10,12,2,4,,
comp_4643,Bundesliga,2026-04-04,08:30,Hamburger SV,FC Augsburg,1,1,1-1,finished,28,,thestatsapi,1.59,2.29,9,2,18,18,4,3,12,12,2,3,1,0
comp_4643,Bundesliga,2026-04-04,08:30,TSG Hoffenheim,1. FSV Mainz 05,1,2,1-2,finished,28,,thestatsapi,1.23,2.16,7,3,16,9,5,5,11,5,4,1,,
comp_4643,Bundesliga,2026-04-04,08:30,Borussia M'gladbach,1. FC Heidenheim,2,2,2-2,finished,28,,thestatsapi,0.73,1.14,2,3,15,15,7,7,12,11,4,0,,
comp_4643,Bundesliga,2026-04-04,08:30,SC Freiburg,FC Bayern München,2,3,2-3,finished,28,,thestatsapi,1.82,2.8,5,8,13,21,4,9,9,13,3,3,,
comp_4643,Bundesliga,2026-04-04,08:30,SV Werder Bremen,RB Leipzig,1,2,1-2,finished,28,,thestatsapi,1.34,1.49,1,0,13,7,5,2,13,14,2,1,,
comp_4643,Bundesliga,2026-04-04,08:30,Bayer 04 Leverkusen,VfL Wolfsburg,6,3,6-3,finished,28,,thestatsapi,4.25,2.02,12,2,25,11,11,5,8,11,1,3,,
comp_4643,Bundesliga,2026-03-22,13:30,FC Augsburg,VfB Stuttgart,2,5,2-5,finished,27,,thestatsapi,1.2,3.77,2,5,13,13,7,8,11,14,1,3,,
comp_4643,Bundesliga,2026-03-22,11:30,FC St. Pauli,SC Freiburg,1,2,1-2,finished,27,,thestatsapi,0.76,2.04,3,2,11,15,5,6,9,6,1,1,,
comp_4643,Bundesliga,2026-03-22,09:30,1. FSV Mainz 05,Eintracht Frankfurt,2,1,2-1,finished,27,,thestatsapi,1.55,1.23,5,3,8,12,5,4,12,5,2,1,,
comp_4643,Bundesliga,2026-03-21,12:30,Borussia Dortmund,Hamburger SV,3,2,3-2,finished,27,,thestatsapi,6.2,1.47,11,3,24,4,8,4,10,8,2,3,,
comp_4643,Bundesliga,2026-03-21,09:30,1. FC Köln,Borussia M'gladbach,3,3,3-3,finished,27,,thestatsapi,1.55,1.3,5,3,12,9,5,4,8,14,8,2,1,0
comp_4643,Bundesliga,2026-03-21,09:30,1. FC Heidenheim,Bayer 04 Leverkusen,3,3,3-3,finished,27,,thestatsapi,1.57,1.62,2,5,9,14,5,5,11,12,4,4,,
comp_4643,Bundesliga,2026-03-21,09:30,VfL Wolfsburg,SV Werder Bremen,0,1,0-1,finished,27,,thestatsapi,0.76,0.37,8,4,11,8,4,3,16,6,3,0,1,0
comp_4643,Bundesliga,2026-03-21,09:30,FC Bayern München,1. FC Union Berlin,4,0,4-0,finished,27,,thestatsapi,5.53,0.21,12,1,31,5,9,1,5,8,1,2,,
comp_4643,Bundesliga,2026-03-20,14:30,RB Leipzig,TSG Hoffenheim,5,0,5-0,finished,27,,thestatsapi,2.39,0.78,1,3,14,8,9,2,8,16,1,1,,
comp_4643,Bundesliga,2026-03-15,13:30,VfB Stuttgart,RB Leipzig,1,0,1-0,finished,26,,thestatsapi,1.2,1.12,5,6,13,9,4,4,5,16,1,2,,
comp_4643,Bundesliga,2026-03-15,11:30,SC Freiburg,1. FC Union Berlin,0,1,0-1,finished,26,,thestatsapi,1.11,0.54,6,2,19,9,6,4,6,19,0,2,,
comp_4643,Bundesliga,2026-03-15,09:30,SV Werder Bremen,1. FSV Mainz 05,0,2,0-2,finished,26,,thestatsapi,0.88,1.08,9,4,16,11,3,2,7,7,2,1,,
comp_4643,Bundesliga,2026-03-14,12:30,Hamburger SV,1. FC Köln,1,1,1-1,finished,26,,thestatsapi,0.32,1.22,1,8,5,11,1,2,11,12,2,4,,
comp_4643,Bundesliga,2026-03-14,09:30,TSG Hoffenheim,VfL Wolfsburg,1,1,1-1,finished,26,,thestatsapi,1.86,0.27,16,4,20,4,6,2,10,10,0,3,,
comp_4643,Bundesliga,2026-03-14,09:30,Eintracht Frankfurt,1. FC Heidenheim,1,0,1-0,finished,26,,thestatsapi,0.92,0.15,5,4,12,4,4,1,5,9,3,2,1,0
comp_4643,Bundesliga,2026-03-14,09:30,Borussia Dortmund,FC Augsburg,2,0,2-0,finished,26,,thestatsapi,2.62,0.71,12,2,16,7,5,3,7,7,,,,
comp_4643,Bundesliga,2026-03-14,09:30,Bayer 04 Leverkusen,FC Bayern München,1,1,1-1,finished,26,,thestatsapi,2.59,1.29,4,1,20,11,6,5,12,13,3,4,0,2
comp_4643,Bundesliga,2026-03-13,14:30,Borussia M'gladbach,FC St. Pauli,2,0,2-0,finished,26,,thestatsapi,0.71,0.51,2,2,10,8,4,1,9,7,1,2,,
comp_4643,Bundesliga,2026-03-08,11:30,1. FC Union Berlin,SV Werder Bremen,1,4,1-4,finished,25,,thestatsapi,1.16,1.96,1,3,9,15,2,5,5,13,1,3,1,0
comp_4643,Bundesliga,2026-03-08,09:30,FC St. Pauli,Eintracht Frankfurt,0,0,0-0,finished,25,,thestatsapi,0.48,0.41,6,5,11,8,2,2,13,8,2,1,,
comp_4643,Bundesliga,2026-03-07,12:30,1. FC Köln,Borussia Dortmund,1,2,1-2,finished,25,,thestatsapi,1.14,1.95,9,4,14,13,4,5,9,13,1,1,1,0
comp_4643,Bundesliga,2026-03-07,09:30,1. FC Heidenheim,TSG Hoffenheim,2,4,2-4,finished,25,,thestatsapi,1.07,2.34,4,3,8,16,2,7,7,15,,,,
comp_4643,Bundesliga,2026-03-07,09:30,RB Leipzig,FC Augsburg,2,1,2-1,finished,25,,thestatsapi,2.26,2.88,6,8,17,16,8,5,8,9,0,2,,
comp_4643,Bundesliga,2026-03-07,09:30,1. FSV Mainz 05,VfB Stuttgart,2,2,2-2,finished,25,,thestatsapi,2.84,0.98,5,6,18,11,6,4,7,12,0,2,,
comp_4643,Bundesliga,2026-03-07,09:30,VfL Wolfsburg,Hamburger SV,1,2,1-2,finished,25,,thestatsapi,1.84,1.82,7,3,14,10,4,7,18,6,3,2,,
comp_4643,Bundesliga,2026-03-07,09:30,SC Freiburg,Bayer 04 Leverkusen,3,3,3-3,finished,25,,thestatsapi,2.5,2.04,5,2,22,17,9,5,7,8,3,3,,
comp_4643,Bundesliga,2026-03-06,14:30,FC Bayern München,Borussia M'gladbach,4,1,4-1,finished,25,,thestatsapi,3.05,1.04,7,1,18,10,9,5,7,12,1,0,0,1
comp_4643,Bundesliga,2026-03-04,14:30,Hamburger SV,Bayer 04 Leverkusen,0,1,0-1,finished,17,,thestatsapi,1.27,1.93,2,7,10,14,3,4,12,11,0,2,,
comp_4643,Bundesliga,2026-03-01,13:30,Hamburger SV,RB Leipzig,1,2,1-2,finished,24,,thestatsapi,0.55,2.7,4,9,7,13,3,5,8,12,3,2,,
comp_4643,Bundesliga,2026-03-01,11:30,Eintracht Frankfurt,SC Freiburg,2,0,2-0,finished,24,,thestatsapi,1.08,0.55,5,6,15,4,7,2,9,11,1,2,,
comp_4643,Bundesliga,2026-03-01,09:30,VfB Stuttgart,VfL Wolfsburg,4,0,4-0,finished,24,,thestatsapi,3.06,0.8,7,3,24,10,11,3,5,17,1,0,,
comp_4643,Bundesliga,2026-02-28,12:30,Borussia Dortmund,FC Bayern München,2,3,2-3,finished,24,,thestatsapi,1.04,2.05,5,2,10,14,2,6,15,10,1,0,,
comp_4643,Bundesliga,2026-02-28,09:30,TSG Hoffenheim,FC St. Pauli,0,1,0-1,finished,24,,thestatsapi,2.71,0.78,10,3,21,11,11,3,13,7,1,2,,
comp_4643,Bundesliga,2026-02-28,09:30,SV Werder Bremen,1. FC Heidenheim,2,0,2-0,finished,24,,thestatsapi,2.64,1.36,3,2,17,9,6,0,14,9,1,0,,
comp_4643,Bundesliga,2026-02-28,09:30,Bayer 04 Leverkusen,1. FSV Mainz 05,1,1,1-1,finished,24,,thestatsapi,1.23,0.73,6,2,12,8,5,4,9,13,1,2,,
comp_4643,Bundesliga,2026-02-28,09:30,Borussia M'gladbach,1. FC Union Berlin,1,0,1-0,finished,24,,thestatsapi,2.68,0.13,6,2,20,6,7,2,5,18,4,5,,
comp_4643,Bundesliga,2026-02-27,14:30,FC Augsburg,1. FC Köln,2,0,2-0,finished,24,,thestatsapi,1.65,0.48,6,9,14,10,4,3,15,4,4,1,,
comp_4643,Bundesliga,2026-02-22,13:30,1. FC Heidenheim,VfB Stuttgart,3,3,3-3,finished,23,,thestatsapi,2.04,2.24,3,4,10,12,6,8,13,7,1,2,,
comp_4643,Bundesliga,2026-02-22,11:30,FC St. Pauli,SV Werder Bremen,2,1,2-1,finished,23,,thestatsapi,0.21,1.63,1,5,4,13,4,4,6,10,2,6,,
comp_4643,Bundesliga,2026-02-22,09:30,SC Freiburg,Borussia M'gladbach,2,1,2-1,finished,23,,thestatsapi,1.74,0.67,3,3,10,12,6,2,9,8,1,2,,
comp_4643,Bundesliga,2026-02-21,12:30,RB Leipzig,Borussia Dortmund,2,2,2-2,finished,23,,thestatsapi,1.81,1.39,6,2,14,11,3,5,11,17,3,4,,
comp_4643,Bundesliga,2026-02-21,09:30,1. FC Köln,TSG Hoffenheim,2,2,2-2,finished,23,,thestatsapi,1.07,1.47,3,10,9,18,4,6,6,12,1,3,,
comp_4643,Bundesliga,2026-02-21,09:30,VfL Wolfsburg,FC Augsburg,2,3,2-3,finished,23,,thestatsapi,1.59,1.79,4,10,10,15,4,6,10,16,3,4,,
comp_4643,Bundesliga,2026-02-21,09:30,1. FC Union Berlin,Bayer 04 Leverkusen,1,0,1-0,finished,23,,thestatsapi,0.64,0.95,4,5,8,16,4,1,15,7,5,2,,
comp_4643,Bundesliga,2026-02-21,09:30,FC Bayern München,Eintracht Frankfurt,3,2,3-2,finished,23,,thestatsapi,2.79,2.35,8,2,24,9,11,3,9,10,0,3,,
comp_4643,Bundesliga,2026-02-20,14:30,1. FSV Mainz 05,Hamburger SV,1,1,1-1,finished,23,,thestatsapi,1.53,0.7,7,2,17,14,3,5,16,13,3,2,,
comp_4643,Bundesliga,2026-02-15,11:30,RB Leipzig,VfL Wolfsburg,2,2,2-2,finished,22,,thestatsapi,2.69,0.62,6,2,20,10,10,3,6,10,1,2,,
comp_4643,Bundesliga,2026-02-15,09:30,FC Augsburg,1. FC Heidenheim,1,0,1-0,finished,22,,thestatsapi,1.91,0.97,4,5,12,16,4,2,9,9,1,2,,
comp_4643,Bundesliga,2026-02-14,12:30,VfB Stuttgart,1. FC Köln,3,1,3-1,finished,22,,thestatsapi,2.24,1.59,2,5,13,10,4,3,10,10,4,1,,
comp_4643,Bundesliga,2026-02-14,09:30,TSG Hoffenheim,SC Freiburg,3,0,3-0,finished,22,,thestatsapi,1.8,0.77,6,6,25,13,7,3,8,5,3,1,,
comp_4643,Bundesliga,2026-02-14,09:30,Hamburger SV,1. FC Union Berlin,3,2,3-2,finished,22,,thestatsapi,1.82,2.11,6,3,13,12,4,5,10,6,3,0,,
comp_4643,Bundesliga,2026-02-14,09:30,Eintracht Frankfurt,Borussia M'gladbach,3,0,3-0,finished,22,,thestatsapi,1.82,1.18,2,8,12,20,9,3,9,11,3,2,,
comp_4643,Bundesliga,2026-02-14,09:30,SV Werder Bremen,FC Bayern München,0,3,0-3,finished,22,,thestatsapi,0.98,1.9,2,4,14,11,3,8,9,4,3,1,,
comp_4643,Bundesliga,2026-02-14,09:30,Bayer 04 Leverkusen,FC St. Pauli,4,0,4-0,finished,22,,thestatsapi,1.4,0.49,8,3,12,11,7,1,7,10,0,1,,
comp_4643,Bundesliga,2026-02-13,14:30,Borussia Dortmund,1. FSV Mainz 05,4,0,4-0,finished,22,,thestatsapi,1.8,1.52,7,2,14,10,8,5,10,5,3,2,,
comp_4643,Bundesliga,2026-02-08,11:30,FC Bayern München,TSG Hoffenheim,5,1,5-1,finished,21,,thestatsapi,5.6,2.03,8,3,27,9,14,4,11,9,2,2,0,1
comp_4643,Bundesliga,2026-02-08,09:30,1. FC Köln,RB Leipzig,1,2,1-2,finished,21,,thestatsapi,1.05,1.92,4,3,10,19,3,4,7,13,1,4,,
comp_4643,Bundesliga,2026-02-07,12:30,Borussia M'gladbach,Bayer 04 Leverkusen,1,1,1-1,finished,21,,thestatsapi,0.6,0.8,2,2,9,10,6,2,7,11,2,3,,
comp_4643,Bundesliga,2026-02-07,09:30,1. FC Heidenheim,Hamburger SV,0,2,0-2,finished,21,,thestatsapi,1.53,1.48,10,8,20,14,4,5,6,11,0,2,,
comp_4643,Bundesliga,2026-02-07,09:30,FC St. Pauli,VfB Stuttgart,2,1,2-1,finished,21,,thestatsapi,1.77,0.88,5,5,15,8,7,3,9,10,0,2,,
comp_4643,Bundesliga,2026-02-07,09:30,VfL Wolfsburg,Borussia Dortmund,1,2,1-2,finished,21,,thestatsapi,1.45,1.27,4,8,12,21,2,4,13,10,1,1,,
comp_4643,Bundesliga,2026-02-07,09:30,1. FSV Mainz 05,FC Augsburg,2,0,2-0,finished,21,,thestatsapi,2.31,0.7,6,4,10,14,6,6,12,10,2,2,,
comp_4643,Bundesliga,2026-02-07,09:30,SC Freiburg,SV Werder Bremen,1,0,1-0,finished,21,,thestatsapi,0.46,0.83,4,8,7,17,2,5,9,12,0,1,1,0
comp_4643,Bundesliga,2026-02-06,14:30,1. FC Union Berlin,Eintracht Frankfurt,1,1,1-1,finished,21,,thestatsapi,1.25,0.14,5,2,11,3,3,1,9,11,4,3,0,1
comp_4643,Bundesliga,2026-02-01,11:30,Borussia Dortmund,1. FC Heidenheim,3,2,3-2,finished,20,,thestatsapi,3.32,2.26,12,3,19,12,5,3,11,11,2,2,,
comp_4643,Bundesliga,2026-02-01,09:30,VfB Stuttgart,SC Freiburg,1,0,1-0,finished,20,,thestatsapi,1.62,0.7,6,2,18,11,7,2,14,14,3,1,,
comp_4643,Bundesliga,2026-01-31,12:30,Hamburger SV,FC Bayern München,2,2,2-2,finished,20,,thestatsapi,2.26,2.35,3,9,14,13,4,7,12,16,6,4,,
comp_4643,Bundesliga,2026-01-31,09:30,TSG Hoffenheim,1. FC Union Berlin,3,1,3-1,finished,20,,thestatsapi,1.37,1.61,3,10,9,16,4,3,11,18,2,2,,
comp_4643,Bundesliga,2026-01-31,09:30,FC Augsburg,FC St. Pauli,2,1,2-1,finished,20,,thestatsapi,1.35,2.43,5,5,12,17,6,5,15,13,3,1,,
comp_4643,Bundesliga,2026-01-31,09:30,SV Werder Bremen,Borussia M'gladbach,1,1,1-1,finished,20,,thestatsapi,1.16,0.9,7,3,18,7,6,2,10,14,0,1,,
comp_4643,Bundesliga,2026-01-31,09:30,Eintracht Frankfurt,Bayer 04 Leverkusen,1,3,1-3,finished,20,,thestatsapi,1.21,0.89,8,3,11,11,4,4,11,10,3,1,1,0
comp_4643,Bundesliga,2026-01-31,09:30,RB Leipzig,1. FSV Mainz 05,1,2,1-2,finished,20,,thestatsapi,1.43,2.33,5,4,15,11,4,4,4,13,0,4,,
comp_4643,Bundesliga,2026-01-30,14:30,1. FC Köln,VfL Wolfsburg,1,0,1-0,finished,20,,thestatsapi,1.24,1.27,3,4,15,14,3,3,8,16,1,4,,
comp_4643,Bundesliga,2026-01-27,14:30,FC St. Pauli,RB Leipzig,1,1,1-1,finished,16,,thestatsapi,1.45,1.09,4,3,7,12,2,5,6,8,0,1,,
comp_4643,Bundesliga,2026-01-27,14:30,SV Werder Bremen,TSG Hoffenheim,0,2,0-2,finished,16,,thestatsapi,1.83,0.61,6,7,27,12,3,3,7,10,2,2,0,1
comp_4643,Bundesliga,2026-01-25,11:30,SC Freiburg,1. FC Köln,2,1,2-1,finished,19,,thestatsapi,2.23,1.29,5,5,13,19,5,4,5,9,1,2,,
comp_4643,Bundesliga,2026-01-25,09:30,Borussia M'gladbach,VfB Stuttgart,0,3,0-3,finished,19,,thestatsapi,1.17,1.83,1,4,12,17,3,8,11,7,1,1,,
comp_4643,Bundesliga,2026-01-24,12:30,1. FC Union Berlin,Borussia Dortmund,0,3,0-3,finished,19,,thestatsapi,1.24,1.89,7,2,10,15,3,5,10,16,0,1,,
comp_4643,Bundesliga,2026-01-24,09:30,1. FC Heidenheim,RB Leipzig,0,3,0-3,finished,19,,thestatsapi,1.26,1.69,4,0,7,11,2,8,10,9,1,0,,
comp_4643,Bundesliga,2026-01-24,09:30,1. FSV Mainz 05,VfL Wolfsburg,3,1,3-1,finished,19,,thestatsapi,4.04,0.67,15,1,20,7,9,2,8,11,3,2,,
comp_4643,Bundesliga,2026-01-24,09:30,Eintracht Frankfurt,TSG Hoffenheim,1,3,1-3,finished,19,,thestatsapi,0.65,1.35,6,6,9,10,3,5,8,16,0,4,,
comp_4643,Bundesliga,2026-01-24,09:30,FC Bayern München,FC Augsburg,1,2,1-2,finished,19,,thestatsapi,1.48,0.94,9,3,15,16,6,6,10,5,1,0,,
comp_4643,Bundesliga,2026-01-24,09:30,Bayer 04 Leverkusen,SV Werder Bremen,1,0,1-0,finished,19,,thestatsapi,2.56,0.7,5,5,13,17,4,3,6,9,2,3,,
comp_4643,Bundesliga,2026-01-23,14:30,FC St. Pauli,Hamburger SV,0,0,0-0,finished,19,,thestatsapi,0.26,0.35,5,4,8,5,3,2,15,13,1,1,,
comp_4643,Bundesliga,2026-01-18,11:30,FC Augsburg,SC Freiburg,2,2,2-2,finished,18,,thestatsapi,0.85,1.16,9,6,13,12,5,5,11,14,3,2,,
comp_4643,Bundesliga,2026-01-18,09:30,VfB Stuttgart,1. FC Union Berlin,1,1,1-1,finished,18,,thestatsapi,2.05,1.71,3,8,13,20,4,3,6,11,1,1,,
comp_4643,Bundesliga,2026-01-17,12:30,RB Leipzig,FC Bayern München,1,5,1-5,finished,18,,thestatsapi,2.45,4.56,5,9,17,19,4,12,7,6,1,0,,
comp_4643,Bundesliga,2026-01-17,09:30,Hamburger SV,Borussia M'gladbach,0,0,0-0,finished,18,,thestatsapi,1.19,0.47,2,5,25,6,12,0,16,18,1,2,,
comp_4643,Bundesliga,2026-01-17,09:30,1. FC Köln,1. FSV Mainz 05,2,1,2-1,finished,18,,thestatsapi,2.08,1.52,9,5,20,10,6,7,6,10,4,4,,
comp_4643,Bundesliga,2026-01-17,09:30,TSG Hoffenheim,Bayer 04 Leverkusen,1,0,1-0,finished,18,,thestatsapi,1.55,0.96,3,5,19,8,8,2,17,7,2,1,,
comp_4643,Bundesliga,2026-01-17,09:30,VfL Wolfsburg,1. FC Heidenheim,1,1,1-1,finished,18,,thestatsapi,0.92,0.99,9,6,13,13,4,3,10,12,4,3,,
comp_4643,Bundesliga,2026-01-17,09:30,Borussia Dortmund,FC St. Pauli,3,2,3-2,finished,18,,thestatsapi,3.2,0.54,5,5,10,9,6,5,9,11,3,1,,
comp_4643,Bundesliga,2026-01-16,14:30,SV Werder Bremen,Eintracht Frankfurt,3,3,3-3,finished,18,,thestatsapi,1.96,0.98,4,1,13,8,4,4,8,15,1,4,,
comp_4643,Bundesliga,2026-01-15,14:30,FC Augsburg,1. FC Union Berlin,1,1,1-1,finished,17,,thestatsapi,0.55,1.31,3,3,9,16,5,3,9,18,1,0,0,1
comp_4643,Bundesliga,2026-01-14,14:30,1. FC Köln,FC Bayern München,1,3,1-3,finished,17,,thestatsapi,0.72,1.5,4,6,8,19,3,8,3,4,,,,
comp_4643,Bundesliga,2026-01-14,14:30,TSG Hoffenheim,Borussia M'gladbach,5,1,5-1,finished,17,,thestatsapi,3.42,0.94,6,2,18,7,10,5,16,10,1,1,,
comp_4643,Bundesliga,2026-01-14,14:30,RB Leipzig,SC Freiburg,2,0,2-0,finished,17,,thestatsapi,2.48,0.17,7,2,21,3,7,1,12,16,0,4,,
comp_4643,Bundesliga,2026-01-14,12:30,VfL Wolfsburg,FC St. Pauli,2,1,2-1,finished,17,,thestatsapi,1.88,0.89,7,4,13,9,5,4,10,9,1,2,,
comp_4643,Bundesliga,2026-01-13,14:30,1. FSV Mainz 05,1. FC Heidenheim,2,1,2-1,finished,17,,thestatsapi,1.39,1.55,4,1,13,15,6,4,11,10,2,2,,
comp_4643,Bundesliga,2026-01-13,14:30,Borussia Dortmund,SV Werder Bremen,3,0,3-0,finished,17,,thestatsapi,2.42,0.52,3,3,18,6,8,3,14,8,2,0,,
comp_4643,Bundesliga,2026-01-13,12:30,VfB Stuttgart,Eintracht Frankfurt,3,2,3-2,finished,17,,thestatsapi,2.31,0.98,10,2,20,12,11,5,8,15,2,2,,
comp_4643,Bundesliga,2026-01-11,11:30,FC Bayern München,VfL Wolfsburg,8,1,8-1,finished,16,,thestatsapi,3.3,1.36,6,2,16,8,10,3,7,6,0,1,,
comp_4643,Bundesliga,2026-01-11,09:30,Borussia M'gladbach,FC Augsburg,4,0,4-0,finished,16,,thestatsapi,2.99,1.79,2,2,12,17,7,2,16,9,0,1,,
comp_4643,Bundesliga,2026-01-10,12:30,Bayer 04 Leverkusen,VfB Stuttgart,1,4,1-4,finished,16,,thestatsapi,1.96,2.6,5,3,16,10,4,7,13,11,4,2,,
comp_4643,Bundesliga,2026-01-10,09:30,1. FC Heidenheim,1. FC Köln,2,2,2-2,finished,16,,thestatsapi,1.93,2.99,5,4,14,21,6,9,9,7,2,1,,
comp_4643,Bundesliga,2026-01-10,09:30,1. FC Union Berlin,1. FSV Mainz 05,2,2,2-2,finished,16,,thestatsapi,3.35,1.01,2,1,17,9,5,6,9,8,2,0,,
comp_4643,Bundesliga,2026-01-10,09:30,SC Freiburg,Hamburger SV,2,1,2-1,finished,16,,thestatsapi,2.85,0.66,0,3,20,10,7,5,13,11,3,5,0,1
comp_4643,Bundesliga,2026-01-09,14:30,Eintracht Frankfurt,Borussia Dortmund,3,3,3-3,finished,16,,thestatsapi,1.58,2.38,2,5,12,16,6,6,14,6,3,3,,
comp_4643,Bundesliga,2025-12-21,11:30,1. FC Heidenheim,FC Bayern München,0,4,0-4,finished,15,,thestatsapi,1.04,4.44,0,6,7,23,1,11,8,6,,,,
comp_4643,Bundesliga,2025-12-21,09:30,1. FSV Mainz 05,FC St. Pauli,0,0,0-0,finished,15,,thestatsapi,1.12,0.3,9,5,13,5,1,1,5,9,1,1,,
comp_4643,Bundesliga,2025-12-20,12:30,RB Leipzig,Bayer 04 Leverkusen,1,3,1-3,finished,15,,thestatsapi,1.77,2.72,2,8,19,15,7,8,10,12,1,2,,
comp_4643,Bundesliga,2025-12-20,09:30,VfL Wolfsburg,SC Freiburg,3,4,3-4,finished,15,,thestatsapi,1.66,3.53,2,6,13,15,6,8,16,8,1,1,,
comp_4643,Bundesliga,2025-12-20,09:30,VfB Stuttgart,TSG Hoffenheim,0,0,0-0,finished,15,,thestatsapi,1.27,0.13,4,2,10,4,3,1,10,17,3,2,,
comp_4643,Bundesliga,2025-12-20,09:30,FC Augsburg,SV Werder Bremen,0,0,0-0,finished,15,,thestatsapi,1.03,0.6,6,11,14,9,6,0,10,20,3,4,,
comp_4643,Bundesliga,2025-12-20,09:30,1. FC Köln,1. FC Union Berlin,0,1,0-1,finished,15,,thestatsapi,0.55,1.26,3,6,13,11,2,3,9,18,2,5,1,0
comp_4643,Bundesliga,2025-12-20,09:30,Hamburger SV,Eintracht Frankfurt,1,1,1-1,finished,15,,thestatsapi,0.75,1.59,5,5,9,9,3,3,8,12,,,,
comp_4643,Bundesliga,2025-12-19,14:30,Borussia Dortmund,Borussia M'gladbach,2,0,2-0,finished,15,,thestatsapi,1.43,0.28,6,4,10,6,4,1,15,13,2,1,,
comp_4643,Bundesliga,2025-12-14,13:30,SV Werder Bremen,VfB Stuttgart,0,4,0-4,finished,14,,thestatsapi,0.91,2.17,0,9,9,24,3,12,11,6,2,0,1,0
comp_4643,Bundesliga,2025-12-14,11:30,FC Bayern München,1. FSV Mainz 05,2,2,2-2,finished,14,,thestatsapi,4.5,0.6,7,0,24,5,11,2,7,8,2,2,,
comp_4643,Bundesliga,2025-12-14,09:30,SC Freiburg,Borussia Dortmund,1,1,1-1,finished,14,,thestatsapi,1.5,0.93,6,0,21,9,6,4,11,10,3,2,0,1
comp_4643,Bundesliga,2025-12-13,12:30,Bayer 04 Leverkusen,1. FC Köln,2,0,2-0,finished,14,,thestatsapi,2.07,0.2,8,3,17,5,6,4,8,6,2,1,,
comp_4643,Bundesliga,2025-12-13,09:30,Eintracht Frankfurt,FC Augsburg,1,0,1-0,finished,14,,thestatsapi,1.05,0.62,2,6,11,12,4,1,14,10,2,3,,
comp_4643,Bundesliga,2025-12-13,09:30,FC St. Pauli,1. FC Heidenheim,2,1,2-1,finished,14,,thestatsapi,0.8,2.44,4,11,8,20,5,7,6,15,2,3,1,0
comp_4643,Bundesliga,2025-12-13,09:30,Borussia M'gladbach,VfL Wolfsburg,1,3,1-3,finished,14,,thestatsapi,0.8,1.72,6,3,14,11,4,6,6,8,0,1,,
comp_4643,Bundesliga,2025-12-13,09:30,TSG Hoffenheim,Hamburger SV,4,1,4-1,finished,14,,thestatsapi,1.31,1.38,3,3,10,14,6,5,16,10,1,3,,
comp_4643,Bundesliga,2025-12-12,14:30,1. FC Union Berlin,RB Leipzig,3,1,3-1,finished,14,,thestatsapi,1.42,0.55,4,6,12,9,6,3,7,8,2,2,,
comp_4643,Bundesliga,2025-12-07,11:30,Borussia Dortmund,TSG Hoffenheim,2,0,2-0,finished,13,,thestatsapi,1.26,1.14,7,5,8,11,4,3,7,9,0,2,,
comp_4643,Bundesliga,2025-12-07,09:30,Hamburger SV,SV Werder Bremen,3,2,3-2,finished,13,,thestatsapi,1.31,0.71,5,3,12,10,6,3,8,13,2,6,,
comp_4643,Bundesliga,2025-12-06,12:30,RB Leipzig,Eintracht Frankfurt,6,0,6-0,finished,13,,thestatsapi,3.7,0.65,4,0,16,8,7,2,9,17,1,2,,
comp_4643,Bundesliga,2025-12-06,09:30,1. FC Heidenheim,SC Freiburg,2,1,2-1,finished,13,,thestatsapi,2.22,0.84,8,6,16,15,3,2,11,10,2,1,,
comp_4643,Bundesliga,2025-12-06,09:30,1. FC Köln,FC St. Pauli,1,1,1-1,finished,13,,thestatsapi,1.66,0.14,5,4,11,5,8,1,6,6,0,1,,
comp_4643,Bundesliga,2025-12-06,09:30,VfL Wolfsburg,1. FC Union Berlin,3,1,3-1,finished,13,,thestatsapi,0.81,1.92,0,11,4,21,3,6,13,10,4,1,,
comp_4643,Bundesliga,2025-12-06,09:30,FC Augsburg,Bayer 04 Leverkusen,2,0,2-0,finished,13,,thestatsapi,1.28,1.63,5,7,13,20,6,2,12,6,4,3,,
comp_4643,Bundesliga,2025-12-06,09:30,VfB Stuttgart,FC Bayern München,0,5,0-5,finished,13,,thestatsapi,0.88,3.54,3,4,13,19,1,11,6,11,2,4,1,0
comp_4643,Bundesliga,2025-12-05,14:30,1. FSV Mainz 05,Borussia M'gladbach,0,1,0-1,finished,13,,thestatsapi,0.97,1.85,8,6,8,14,2,5,12,4,2,1,,
comp_4643,Bundesliga,2025-11-30,13:30,SC Freiburg,1. FSV Mainz 05,4,0,4-0,finished,12,,thestatsapi,4.6,0.11,6,2,23,1,10,1,9,12,0,2,0,1
comp_4643,Bundesliga,2025-11-30,11:30,Eintracht Frankfurt,VfL Wolfsburg,1,1,1-1,finished,12,,thestatsapi,1.59,1.86,14,1,15,10,3,3,7,9,1,4,,
comp_4643,Bundesliga,2025-11-30,09:30,Hamburger SV,VfB Stuttgart,2,1,2-1,finished,12,,thestatsapi,0.98,0.75,4,6,9,14,2,3,16,12,2,4,1,0
comp_4643,Bundesliga,2025-11-29,12:30,Bayer 04 Leverkusen,Borussia Dortmund,1,2,1-2,finished,12,,thestatsapi,0.82,0.99,10,3,14,7,4,4,7,9,3,4,,
comp_4643,Bundesliga,2025-11-29,09:30,1. FC Union Berlin,1. FC Heidenheim,1,2,1-2,finished,12,,thestatsapi,0.97,0.59,5,5,9,10,2,2,13,10,3,2,,
comp_4643,Bundesliga,2025-11-29,09:30,TSG Hoffenheim,FC Augsburg,3,0,3-0,finished,12,,thestatsapi,2.08,0.96,7,2,17,14,3,4,17,9,1,0,,
comp_4643,Bundesliga,2025-11-29,09:30,SV Werder Bremen,1. FC Köln,1,1,1-1,finished,12,,thestatsapi,1.17,0.94,4,0,17,10,4,2,11,11,2,4,1,0
comp_4643,Bundesliga,2025-11-29,09:30,FC Bayern München,FC St. Pauli,3,1,3-1,finished,12,,thestatsapi,2.3,0.64,10,2,19,10,4,1,5,8,1,1,,
comp_4643,Bundesliga,2025-11-28,14:30,Borussia M'gladbach,RB Leipzig,0,0,0-0,finished,12,,thestatsapi,0.42,0.93,5,6,7,20,0,4,9,9,0,3,,
comp_4643,Bundesliga,2025-11-23,11:30,FC St. Pauli,1. FC Union Berlin,0,1,0-1,finished,11,,thestatsapi,0.72,0.55,8,2,12,7,3,3,10,8,1,1,,
comp_4643,Bundesliga,2025-11-23,09:30,RB Leipzig,SV Werder Bremen,2,0,2-0,finished,11,,thestatsapi,2.1,0.8,13,7,22,15,13,6,5,7,1,2,,
comp_4643,Bundesliga,2025-11-22,12:30,1. FC Köln,Eintracht Frankfurt,3,4,3-4,finished,11,,thestatsapi,1.22,1.81,3,3,11,11,5,7,6,5,,,,
comp_4643,Bundesliga,2025-11-22,09:30,1. FC Heidenheim,Borussia M'gladbach,0,3,0-3,finished,11,,thestatsapi,0.33,2.18,4,5,7,16,2,4,13,12,2,0,,
comp_4643,Bundesliga,2025-11-22,09:30,FC Augsburg,Hamburger SV,1,0,1-0,finished,11,,thestatsapi,1.7,1.36,4,3,13,15,6,6,13,10,2,3,1,0
comp_4643,Bundesliga,2025-11-22,09:30,VfL Wolfsburg,Bayer 04 Leverkusen,1,3,1-3,finished,11,,thestatsapi,2.13,1.1,9,1,21,7,10,3,12,7,2,1,,
comp_4643,Bundesliga,2025-11-22,09:30,FC Bayern München,SC Freiburg,6,2,6-2,finished,11,,thestatsapi,3.03,0.57,3,5,22,8,8,2,9,7,1,0,,
comp_4643,Bundesliga,2025-11-22,09:30,Borussia Dortmund,VfB Stuttgart,3,3,3-3,finished,11,,thestatsapi,2.99,1.55,2,4,14,16,6,6,12,10,1,1,,
comp_4643,Bundesliga,2025-11-21,14:30,1. FSV Mainz 05,TSG Hoffenheim,1,1,1-1,finished,11,,thestatsapi,2.03,1.38,7,4,17,19,3,5,13,13,3,2,1,0
comp_4643,Bundesliga,2025-11-09,13:30,Eintracht Frankfurt,1. FSV Mainz 05,1,0,1-0,finished,10,,thestatsapi,1.21,0.16,4,3,14,3,4,0,8,14,0,5,,
comp_4643,Bundesliga,2025-11-09,11:30,VfB Stuttgart,FC Augsburg,3,2,3-2,finished,10,,thestatsapi,2.35,1.93,4,4,17,17,6,6,13,10,2,3,,
comp_4643,Bundesliga,2025-11-09,09:30,SC Freiburg,FC St. Pauli,2,1,2-1,finished,10,,thestatsapi,1.02,0.53,9,3,8,7,4,2,8,12,2,2,,
comp_4643,Bundesliga,2025-11-08,12:30,Borussia M'gladbach,1. FC Köln,3,1,3-1,finished,10,,thestatsapi,2.98,2.22,2,6,9,19,4,5,11,13,2,3,,
comp_4643,Bundesliga,2025-11-08,09:30,Hamburger SV,Borussia Dortmund,1,1,1-1,finished,10,,thestatsapi,0.57,1.03,2,6,9,17,3,1,14,8,1,1,,
comp_4643,Bundesliga,2025-11-08,09:30,TSG Hoffenheim,RB Leipzig,3,1,3-1,finished,10,,thestatsapi,1.82,1.81,5,5,12,17,4,5,13,5,3,2,,
comp_4643,Bundesliga,2025-11-08,09:30,1. FC Union Berlin,FC Bayern München,2,2,2-2,finished,10,,thestatsapi,0.8,1.41,6,5,12,12,4,4,8,8,2,4,,
comp_4643,Bundesliga,2025-11-08,09:30,Bayer 04 Leverkusen,1. FC Heidenheim,6,0,6-0,finished,10,,thestatsapi,3.31,0.12,11,1,25,1,10,0,5,7,0,1,,
comp_4643,Bundesliga,2025-11-07,14:30,SV Werder Bremen,VfL Wolfsburg,2,1,2-1,finished,10,,thestatsapi,1.45,0.57,13,3,20,7,7,4,13,8,2,0,,
comp_4643,Bundesliga,2025-11-02,11:30,VfL Wolfsburg,TSG Hoffenheim,2,3,2-3,finished,9,,thestatsapi,1.54,1.23,2,2,12,10,6,4,10,17,0,2,,
comp_4643,Bundesliga,2025-11-02,09:30,1. FC Köln,Hamburger SV,4,1,4-1,finished,9,,thestatsapi,3.72,1.09,2,3,23,11,10,5,8,18,1,6,0,2
comp_4643,Bundesliga,2025-11-01,12:30,FC Bayern München,Bayer 04 Leverkusen,3,0,3-0,finished,9,,thestatsapi,2.03,0.23,10,4,18,7,4,1,11,3,1,1,,
comp_4643,Bundesliga,2025-11-01,09:30,1. FC Heidenheim,Eintracht Frankfurt,1,1,1-1,finished,9,,thestatsapi,0.62,0.94,2,8,9,16,4,3,7,11,0,2,,
comp_4643,Bundesliga,2025-11-01,09:30,FC St. Pauli,Borussia M'gladbach,0,4,0-4,finished,9,,thestatsapi,0.88,2.32,8,1,16,15,4,11,11,8,4,0,,
comp_4643,Bundesliga,2025-11-01,09:30,1. FC Union Berlin,SC Freiburg,0,0,0-0,finished,9,,thestatsapi,1.16,1.17,5,5,11,13,2,4,20,13,6,1,,
comp_4643,Bundesliga,2025-11-01,09:30,RB Leipzig,VfB Stuttgart,3,1,3-1,finished,9,,thestatsapi,2.09,1.49,5,5,16,14,9,4,8,10,1,2,,
comp_4643,Bundesliga,2025-11-01,09:30,1. FSV Mainz 05,SV Werder Bremen,1,1,1-1,finished,9,,thestatsapi,1.42,1.04,2,0,10,5,5,3,19,11,1,3,,
comp_4643,Bundesliga,2025-10-31,14:30,FC Augsburg,Borussia Dortmund,0,1,0-1,finished,9,,thestatsapi,0.83,0.32,4,3,9,5,1,1,14,16,4,1,,
comp_4643,Bundesliga,2025-10-26,11:30,VfB Stuttgart,1. FSV Mainz 05,2,1,2-1,finished,8,,thestatsapi,1.94,1.45,7,5,19,13,8,2,11,12,4,3,,
comp_4643,Bundesliga,2025-10-26,09:30,Bayer 04 Leverkusen,SC Freiburg,2,0,2-0,finished,8,,thestatsapi,1.71,0.72,2,3,19,10,4,3,9,8,1,2,0,1
comp_4643,Bundesliga,2025-10-25,11:30,Borussia Dortmund,1. FC Köln,1,0,1-0,finished,8,,thestatsapi,1.9,0.39,17,2,27,5,9,0,10,8,2,2,,
comp_4643,Bundesliga,2025-10-25,08:45,Borussia M'gladbach,FC Bayern München,0,3,0-3,finished,8,,thestatsapi,0.79,3.97,1,8,1,27,0,11,6,9,0,3,1,0
comp_4643,Bundesliga,2025-10-25,08:30,Hamburger SV,VfL Wolfsburg,0,1,0-1,finished,8,,thestatsapi,2.77,0.37,11,1,27,6,6,2,8,18,1,5,,
comp_4643,Bundesliga,2025-10-25,08:30,FC Augsburg,RB Leipzig,0,6,0-6,finished,8,,thestatsapi,0.73,2.77,2,3,15,15,2,8,9,10,3,1,,
comp_4643,Bundesliga,2025-10-25,08:30,TSG Hoffenheim,1. FC Heidenheim,3,1,3-1,finished,8,,thestatsapi,2.37,1.11,7,5,14,12,7,3,14,13,1,1,,
comp_4643,Bundesliga,2025-10-25,08:30,Eintracht Frankfurt,FC St. Pauli,2,0,2-0,finished,8,,thestatsapi,2.26,0.39,1,3,10,9,6,1,11,6,0,1,,
comp_4643,Bundesliga,2025-10-24,13:30,SV Werder Bremen,1. FC Union Berlin,1,0,1-0,finished,8,,thestatsapi,0.95,0.58,5,6,16,12,3,2,6,13,4,0,,
comp_4643,Bundesliga,2025-10-19,10:30,FC St. Pauli,TSG Hoffenheim,0,3,0-3,finished,7,,thestatsapi,0.99,2.34,9,7,10,14,2,5,10,17,1,3,,
comp_4643,Bundesliga,2025-10-19,08:30,SC Freiburg,Eintracht Frankfurt,2,2,2-2,finished,7,,thestatsapi,1.14,0.89,3,1,12,8,5,3,,,2,3,,
comp_4643,Bundesliga,2025-10-18,11:30,FC Bayern München,Borussia Dortmund,2,1,2-1,finished,7,,thestatsapi,2.48,1.58,4,3,15,8,7,1,12,17,1,3,,
comp_4643,Bundesliga,2025-10-18,08:30,1. FC Köln,FC Augsburg,1,1,1-1,finished,7,,thestatsapi,0.58,1.12,5,2,9,10,2,4,,,2,2,,
comp_4643,Bundesliga,2025-10-18,08:30,1. FC Heidenheim,SV Werder Bremen,2,2,2-2,finished,7,,thestatsapi,3,1.33,12,2,31,11,11,4,,,1,3,,
comp_4643,Bundesliga,2025-10-18,08:30,VfL Wolfsburg,VfB Stuttgart,0,3,0-3,finished,7,,thestatsapi,0.32,1.9,3,8,11,15,3,7,12,8,1,1,,
comp_4643,Bundesliga,2025-10-18,08:30,RB Leipzig,Hamburger SV,2,1,2-1,finished,7,,thestatsapi,1.06,1.53,3,5,10,15,4,3,,,3,1,,
comp_4643,Bundesliga,2025-10-18,08:30,1. FSV Mainz 05,Bayer 04 Leverkusen,3,4,3-4,finished,7,,thestatsapi,1.66,3.48,2,3,12,20,4,8,,,4,4,,
comp_4643,Bundesliga,2025-10-17,13:30,1. FC Union Berlin,Borussia M'gladbach,3,1,3-1,finished,7,,thestatsapi,1.23,0.63,6,6,16,8,5,2,,,5,3,,
comp_4643,Bundesliga,2025-10-05,12:30,Borussia M'gladbach,SC Freiburg,0,0,0-0,finished,6,,thestatsapi,0.58,0.7,4,1,9,12,5,1,15,7,3,1,,
comp_4643,Bundesliga,2025-10-05,10:30,Hamburger SV,1. FSV Mainz 05,4,0,4-0,finished,6,,thestatsapi,1.91,0.67,1,4,15,11,9,4,14,13,2,3,,
comp_4643,Bundesliga,2025-10-05,08:30,VfB Stuttgart,1. FC Heidenheim,1,0,1-0,finished,6,,thestatsapi,0.99,0.38,1,1,18,5,6,1,11,12,1,1,,
comp_4643,Bundesliga,2025-10-04,11:30,Eintracht Frankfurt,FC Bayern München,0,3,0-3,finished,6,,thestatsapi,0.39,1.71,4,3,6,12,1,3,11,11,1,2,,
comp_4643,Bundesliga,2025-10-04,08:30,FC Augsburg,VfL Wolfsburg,3,1,3-1,finished,6,,thestatsapi,1.71,1.19,10,5,10,14,5,4,9,7,2,1,,
comp_4643,Bundesliga,2025-10-04,08:30,SV Werder Bremen,FC St. Pauli,1,0,1-0,finished,6,,thestatsapi,1.86,0.76,4,0,15,13,5,3,8,9,3,1,,
comp_4643,Bundesliga,2025-10-04,08:30,Bayer 04 Leverkusen,1. FC Union Berlin,2,0,2-0,finished,6,,thestatsapi,2.87,0.74,4,4,20,10,3,3,11,13,1,3,,
comp_4643,Bundesliga,2025-10-04,08:30,Borussia Dortmund,RB Leipzig,1,1,1-1,finished,6,,thestatsapi,0.89,1.09,7,7,15,13,3,3,13,14,1,3,,
comp_4643,Bundesliga,2025-10-03,13:30,TSG Hoffenheim,1. FC Köln,0,1,0-1,finished,6,,thestatsapi,1.12,0.94,11,6,15,10,4,4,15,6,3,1,,
comp_4643,Bundesliga,2025-09-28,12:30,1. FC Union Berlin,Hamburger SV,0,0,0-0,finished,5,,thestatsapi,1.37,1.08,5,3,11,16,2,6,18,17,2,2,0,1
comp_4643,Bundesliga,2025-09-28,10:30,1. FC Köln,VfB Stuttgart,1,2,1-2,finished,5,,thestatsapi,1.13,1.87,8,8,14,15,6,5,12,12,2,2,,
comp_4643,Bundesliga,2025-09-28,08:30,SC Freiburg,TSG Hoffenheim,1,1,1-1,finished,5,,thestatsapi,1.31,2.54,6,8,6,15,1,4,9,15,2,1,,
comp_4643,Bundesliga,2025-09-27,11:30,Borussia M'gladbach,Eintracht Frankfurt,4,6,4-6,finished,5,,thestatsapi,1.7,2.8,4,6,11,21,8,7,14,8,1,2,,
comp_4643,Bundesliga,2025-09-27,08:30,VfL Wolfsburg,RB Leipzig,0,1,0-1,finished,5,,thestatsapi,3.05,2.41,6,11,22,20,4,6,7,9,2,2,,
comp_4643,Bundesliga,2025-09-27,08:30,1. FC Heidenheim,FC Augsburg,2,1,2-1,finished,5,,thestatsapi,1.24,0.82,3,2,11,8,5,2,16,20,1,6,,
comp_4643,Bundesliga,2025-09-27,08:30,FC St. Pauli,Bayer 04 Leverkusen,1,2,1-2,finished,5,,thestatsapi,0.82,0.69,13,1,13,5,6,4,13,11,3,5,,
comp_4643,Bundesliga,2025-09-27,08:30,1. FSV Mainz 05,Borussia Dortmund,0,2,0-2,finished,5,,thestatsapi,0.48,1.44,7,5,8,10,2,4,12,14,2,1,1,0
comp_4643,Bundesliga,2025-09-26,13:30,FC Bayern München,SV Werder Bremen,4,0,4-0,finished,5,,thestatsapi,3.46,0.41,7,6,26,9,13,3,9,4,2,0,,
comp_4643,Bundesliga,2025-09-21,12:30,Borussia Dortmund,VfL Wolfsburg,1,0,1-0,finished,4,,thestatsapi,1.1,0.8,9,3,12,9,4,0,10,9,1,0,,
comp_4643,Bundesliga,2025-09-21,10:30,Bayer 04 Leverkusen,Borussia M'gladbach,1,1,1-1,finished,4,,thestatsapi,1.58,0.76,3,4,13,13,9,7,12,15,5,5,,
comp_4643,Bundesliga,2025-09-21,08:30,Eintracht Frankfurt,1. FC Union Berlin,3,4,3-4,finished,4,,thestatsapi,1.9,1.64,5,1,19,11,10,5,10,11,3,2,,
comp_4643,Bundesliga,2025-09-20,11:30,RB Leipzig,1. FC Köln,3,1,3-1,finished,4,,thestatsapi,3.28,1.7,9,5,18,13,8,2,10,8,1,1,,
comp_4643,Bundesliga,2025-09-20,08:30,TSG Hoffenheim,FC Bayern München,1,4,1-4,finished,4,,thestatsapi,0.75,3.04,5,5,12,18,4,10,17,9,1,2,,
comp_4643,Bundesliga,2025-09-20,08:30,FC Augsburg,1. FSV Mainz 05,1,4,1-4,finished,4,,thestatsapi,1.12,2.52,6,6,18,12,5,4,13,10,1,2,0,1
comp_4643,Bundesliga,2025-09-20,08:30,Hamburger SV,1. FC Heidenheim,2,1,2-1,finished,4,,thestatsapi,2.35,2.98,1,12,22,20,9,8,15,10,5,1,,
comp_4643,Bundesliga,2025-09-20,08:30,SV Werder Bremen,SC Freiburg,0,3,0-3,finished,4,,thestatsapi,1.22,2.42,2,0,12,10,5,5,13,7,5,2,,
comp_4643,Bundesliga,2025-09-19,13:30,VfB Stuttgart,FC St. Pauli,2,0,2-0,finished,4,,thestatsapi,2.11,0.95,8,4,17,9,8,2,13,15,0,2,,
comp_4643,Bundesliga,2025-09-14,10:30,Borussia M'gladbach,SV Werder Bremen,0,4,0-4,finished,3,,thestatsapi,1.48,2.09,9,4,19,12,3,7,12,9,1,0,,
comp_4643,Bundesliga,2025-09-14,08:30,FC St. Pauli,FC Augsburg,2,1,2-1,finished,3,,thestatsapi,1.9,0.78,3,1,13,10,7,5,10,12,1,4,,
comp_4643,Bundesliga,2025-09-13,11:30,FC Bayern München,Hamburger SV,5,0,5-0,finished,3,,thestatsapi,2.54,0.58,5,3,22,9,12,2,11,14,2,2,,
comp_4643,Bundesliga,2025-09-13,08:30,1. FC Heidenheim,Borussia Dortmund,0,2,0-2,finished,3,,thestatsapi,0.4,2.76,5,4,6,17,1,8,5,9,2,3,1,0
comp_4643,Bundesliga,2025-09-13,08:30,1. FC Union Berlin,TSG Hoffenheim,2,4,2-4,finished,3,,thestatsapi,2.59,2.76,9,2,20,9,7,8,13,12,1,1,1,0
comp_4643,Bundesliga,2025-09-13,08:30,SC Freiburg,VfB Stuttgart,3,1,3-1,finished,3,,thestatsapi,1.55,0.53,7,1,14,7,6,2,8,13,0,1,1,0
comp_4643,Bundesliga,2025-09-13,08:30,1. FSV Mainz 05,RB Leipzig,0,1,0-1,finished,3,,thestatsapi,0.9,1.79,3,5,13,19,2,3,12,11,1,0,,
comp_4643,Bundesliga,2025-09-13,08:30,VfL Wolfsburg,1. FC Köln,3,3,3-3,finished,3,,thestatsapi,1.5,1.65,7,4,14,14,6,8,15,11,2,3,,
comp_4643,Bundesliga,2025-09-12,13:30,Bayer 04 Leverkusen,Eintracht Frankfurt,3,1,3-1,finished,3,,thestatsapi,2.11,0.65,4,8,18,13,8,2,10,9,5,3,2,0
comp_4643,Bundesliga,2025-08-31,12:30,1. FC Köln,SC Freiburg,4,1,4-1,finished,2,,thestatsapi,2.11,0.91,3,5,18,12,6,2,12,9,2,1,,
comp_4643,Bundesliga,2025-08-31,10:30,Borussia Dortmund,1. FC Union Berlin,3,0,3-0,finished,2,,thestatsapi,2.51,1.14,4,6,11,12,6,3,14,7,,,,
comp_4643,Bundesliga,2025-08-31,08:30,VfL Wolfsburg,1. FSV Mainz 05,1,1,1-1,finished,2,,thestatsapi,0.62,1.95,3,10,11,17,3,3,15,14,3,5,1,0
comp_4643,Bundesliga,2025-08-30,11:30,FC Augsburg,FC Bayern München,2,3,2-3,finished,2,,thestatsapi,0.51,4.24,7,5,10,20,3,10,14,11,3,4,,
comp_4643,Bundesliga,2025-08-30,08:30,TSG Hoffenheim,Eintracht Frankfurt,1,3,1-3,finished,2,,thestatsapi,1.37,1.56,4,5,17,9,5,6,14,10,2,3,,
comp_4643,Bundesliga,2025-08-30,08:30,VfB Stuttgart,Borussia M'gladbach,1,0,1-0,finished,2,,thestatsapi,0.84,1.82,6,10,13,15,5,6,5,13,2,1,,
comp_4643,Bundesliga,2025-08-30,08:30,RB Leipzig,1. FC Heidenheim,2,0,2-0,finished,2,,thestatsapi,2.23,1.02,4,3,19,5,5,3,7,13,2,5,,
comp_4643,Bundesliga,2025-08-30,08:30,SV Werder Bremen,Bayer 04 Leverkusen,3,3,3-3,finished,2,,thestatsapi,2.59,2.1,3,7,12,10,5,4,11,10,4,3,1,0
comp_4643,Bundesliga,2025-08-29,13:30,Hamburger SV,FC St. Pauli,0,2,0-2,finished,2,,thestatsapi,0.35,1.44,2,5,5,17,2,6,13,19,3,3,1,0
comp_4643,Bundesliga,2025-08-24,10:30,Borussia M'gladbach,Hamburger SV,0,0,0-0,finished,1,,thestatsapi,1.04,0.41,7,6,17,7,4,2,10,10,2,1,,
comp_4643,Bundesliga,2025-08-24,08:30,1. FSV Mainz 05,1. FC Köln,0,1,0-1,finished,1,,thestatsapi,1.52,1.36,8,3,19,12,2,2,7,9,0,2,1,0
comp_4643,Bundesliga,2025-08-23,11:30,FC St. Pauli,Borussia Dortmund,3,3,3-3,finished,1,,thestatsapi,1.29,1.56,5,2,11,8,7,7,13,12,2,3,0,1
comp_4643,Bundesliga,2025-08-23,08:30,SC Freiburg,FC Augsburg,1,3,1-3,finished,1,,thestatsapi,2.6,1.34,5,5,16,14,4,5,14,18,4,5,,
comp_4643,Bundesliga,2025-08-23,08:30,1. FC Heidenheim,VfL Wolfsburg,1,3,1-3,finished,1,,thestatsapi,0.72,2.45,2,5,7,15,2,5,12,12,2,3,,
comp_4643,Bundesliga,2025-08-23,08:30,Bayer 04 Leverkusen,TSG Hoffenheim,1,2,1-2,finished,1,,thestatsapi,0.71,0.45,6,4,7,10,2,5,9,17,0,4,,
comp_4643,Bundesliga,2025-08-23,08:30,1. FC Union Berlin,VfB Stuttgart,2,1,2-1,finished,1,,thestatsapi,0.35,1.72,5,11,8,21,2,6,21,13,4,4,,
comp_4643,Bundesliga,2025-08-23,08:30,Eintracht Frankfurt,SV Werder Bremen,4,1,4-1,finished,1,,thestatsapi,2.74,0.53,7,1,18,10,5,5,9,9,1,3,,
comp_4643,Bundesliga,2025-08-22,13:30,FC Bayern München,RB Leipzig,6,0,6-0,finished,1,,thestatsapi,1.63,0.54,5,5,19,12,10,1,13,13,4,1,,
comp_5840,Serie A,2026-05-24,14:45,Torino,Juventus,2,2,2-2,finished,38,,thestatsapi,0.85,1.92,6,6,12,17,5,4,10,10,1,2,,
comp_5840,Serie A,2026-05-24,13:45,Milan,Cagliari,1,2,1-2,finished,38,,thestatsapi,1.74,2.78,5,5,16,25,3,10,8,9,2,2,,
comp_5840,Serie A,2026-05-24,13:45,Cremonese,Como,1,4,1-4,finished,38,,thestatsapi,1.06,2.47,2,4,6,15,1,6,14,12,4,2,3,0
comp_5840,Serie A,2026-05-24,13:45,Lecce,Genoa,1,0,1-0,finished,38,,thestatsapi,1.43,0.68,1,6,9,8,4,1,11,6,2,0,,
comp_5840,Serie A,2026-05-24,13:45,Hellas Verona,Roma,0,2,0-2,finished,38,,thestatsapi,0.84,3.39,6,6,8,19,3,7,12,10,3,1,1,0
comp_5840,Serie A,2026-05-24,11:00,Napoli,Udinese,1,0,1-0,finished,38,,thestatsapi,1.76,0.37,3,3,14,10,6,3,3,13,0,3,0,1
comp_5840,Serie A,2026-05-24,08:00,Parma,Sassuolo,1,0,1-0,finished,38,,thestatsapi,1.12,0.91,1,1,16,6,3,1,10,14,2,2,,
comp_5840,Serie A,2026-05-23,13:45,Lazio,Pisa,2,1,2-1,finished,38,,thestatsapi,1.11,1.56,5,1,15,8,9,2,9,8,2,1,,
comp_5840,Serie A,2026-05-23,11:00,Bologna,Inter,3,3,3-3,finished,38,,thestatsapi,1.4,1.78,1,4,11,11,3,5,15,14,0,2,,
comp_5840,Serie A,2026-05-22,13:45,Fiorentina,Atalanta,1,1,1-1,finished,38,,thestatsapi,0.85,1.38,3,3,11,21,4,6,11,14,0,2,,
comp_5840,Serie A,2026-05-17,13:45,Sassuolo,Lecce,2,3,2-3,finished,37,,thestatsapi,2.45,1.26,2,8,15,11,6,6,7,13,1,4,,
comp_5840,Serie A,2026-05-17,13:45,Udinese,Cremonese,0,1,0-1,finished,37,,thestatsapi,0.35,0.45,5,5,10,7,2,4,10,9,1,3,,
comp_5840,Serie A,2026-05-17,13:45,Cagliari,Torino,2,1,2-1,finished,37,,thestatsapi,1.32,0.99,5,1,13,10,4,3,8,13,1,1,,
comp_5840,Serie A,2026-05-17,11:00,Atalanta,Bologna,0,1,0-1,finished,37,,thestatsapi,0.76,0.69,2,5,10,10,1,5,17,6,1,1,,
comp_5840,Serie A,2026-05-17,08:00,Inter,Hellas Verona,1,1,1-1,finished,37,,thestatsapi,2.56,1.19,10,2,17,14,6,5,9,12,0,2,,
comp_5840,Serie A,2026-05-17,05:00,Juventus,Fiorentina,0,2,0-2,finished,37,,thestatsapi,1.98,0.47,6,2,26,10,9,4,15,12,1,3,0,1
comp_5840,Serie A,2026-05-17,05:00,Como,Parma,1,0,1-0,finished,37,,thestatsapi,2.77,0.43,15,2,23,2,7,2,10,14,2,0,,
comp_5840,Serie A,2026-05-17,05:00,Genoa,Milan,1,2,1-2,finished,37,,thestatsapi,1.32,1.75,4,4,11,8,2,6,8,19,2,3,,
comp_5840,Serie A,2026-05-17,05:00,Pisa,Napoli,0,3,0-3,finished,37,,thestatsapi,0.82,1.09,1,6,4,10,2,5,13,8,2,2,,
comp_5840,Serie A,2026-05-17,05:00,Roma,Lazio,2,0,2-0,finished,37,,thestatsapi,1.19,0.69,8,3,16,6,7,2,15,17,2,3,1,1
comp_5840,Serie A,2026-05-11,13:45,Napoli,Bologna,2,3,2-3,finished,36,,thestatsapi,0.8,1.26,7,1,14,10,5,4,10,12,1,4,,
comp_5840,Serie A,2026-05-10,13:45,Milan,Atalanta,2,3,2-3,finished,36,,thestatsapi,2.21,1.38,2,2,20,9,9,5,8,17,3,3,,
comp_5840,Serie A,2026-05-10,11:00,Parma,Roma,2,3,2-3,finished,36,,thestatsapi,0.73,2.62,3,6,11,15,3,7,14,8,4,0,1,0
comp_5840,Serie A,2026-05-10,08:00,Cremonese,Pisa,3,0,3-0,finished,36,,thestatsapi,1.32,0,7,1,10,0,6,0,10,12,0,4,0,2
comp_5840,Serie A,2026-05-10,08:00,Fiorentina,Genoa,0,0,0-0,finished,36,,thestatsapi,1,0.5,4,3,13,9,1,3,13,14,,,,
comp_5840,Serie A,2026-05-10,05:30,Hellas Verona,Como,0,1,0-1,finished,36,,thestatsapi,1.07,0.85,7,7,11,11,3,4,17,14,1,1,,
comp_5840,Serie A,2026-05-09,13:45,Lecce,Juventus,0,1,0-1,finished,36,,thestatsapi,0.88,2.29,1,7,8,15,3,6,7,18,1,1,,
comp_5840,Serie A,2026-05-09,11:00,Lazio,Inter,0,3,0-3,finished,36,,thestatsapi,0.63,1.23,5,1,9,14,5,5,10,8,2,1,1,0
comp_5840,Serie A,2026-05-09,08:00,Cagliari,Udinese,0,2,0-2,finished,36,,thestatsapi,1.47,2.47,8,4,22,9,5,6,10,13,1,1,,
comp_5840,Serie A,2026-05-08,13:45,Torino,Sassuolo,2,1,2-1,finished,36,,thestatsapi,3.26,2.24,7,5,18,13,4,7,13,9,4,2,,
comp_5840,Serie A,2026-05-04,13:45,Roma,Fiorentina,4,0,4-0,finished,35,,thestatsapi,2.24,0.14,4,5,14,4,7,1,12,10,2,2,,
comp_5840,Serie A,2026-05-04,11:30,Cremonese,Lazio,1,2,1-2,finished,35,,thestatsapi,0.55,0.8,3,3,13,8,5,3,16,13,1,2,,
comp_5840,Serie A,2026-05-03,13:45,Inter,Parma,2,0,2-0,finished,35,,thestatsapi,2.09,0.27,8,3,12,4,5,0,9,7,1,0,,
comp_5840,Serie A,2026-05-03,11:00,Juventus,Hellas Verona,1,1,1-1,finished,35,,thestatsapi,2.6,0.3,14,1,29,7,7,3,9,19,1,4,,
comp_5840,Serie A,2026-05-03,08:00,Sassuolo,Milan,2,0,2-0,finished,35,,thestatsapi,1.58,0.24,2,3,13,7,4,1,16,16,4,4,0,1
comp_5840,Serie A,2026-05-03,05:30,Bologna,Cagliari,0,0,0-0,finished,35,,thestatsapi,0.53,1.07,7,2,13,8,4,2,13,12,2,1,,
comp_5840,Serie A,2026-05-02,13:45,Atalanta,Genoa,0,0,0-0,finished,35,,thestatsapi,1.96,0.52,6,2,21,7,7,2,14,10,2,1,,
comp_5840,Serie A,2026-05-02,11:00,Como,Napoli,0,0,0-0,finished,35,,thestatsapi,1.79,0.66,3,2,16,8,5,1,11,10,1,1,,
comp_5840,Serie A,2026-05-02,08:00,Udinese,Torino,2,0,2-0,finished,35,,thestatsapi,2,0.83,5,2,19,9,8,1,11,18,1,1,,
comp_5840,Serie A,2026-05-01,13:45,Pisa,Lecce,1,2,1-2,finished,35,,thestatsapi,2.23,0.88,6,1,17,7,7,4,15,13,4,2,,
comp_5840,Serie A,2026-04-27,13:45,Lazio,Udinese,3,3,3-3,finished,34,,thestatsapi,2.46,1.93,4,5,13,16,5,7,17,14,3,1,,
comp_5840,Serie A,2026-04-27,11:30,Cagliari,Atalanta,3,2,3-2,finished,34,,thestatsapi,1.56,1.18,4,6,9,12,4,6,8,11,,,,
comp_5840,Serie A,2026-04-26,13:45,Milan,Juventus,0,0,0-0,finished,34,,thestatsapi,0.65,0.52,1,3,8,10,1,5,12,8,2,3,,
comp_5840,Serie A,2026-04-26,11:00,Torino,Inter,2,2,2-2,finished,34,,thestatsapi,2.46,1.6,5,5,14,14,2,5,10,8,1,2,,
comp_5840,Serie A,2026-04-26,08:00,Genoa,Como,0,2,0-2,finished,34,,thestatsapi,0.59,1.06,2,3,9,8,1,2,12,15,1,3,,
comp_5840,Serie A,2026-04-26,05:30,Fiorentina,Sassuolo,0,0,0-0,finished,34,,thestatsapi,1.94,0.88,7,4,22,11,5,1,13,12,2,1,,
comp_5840,Serie A,2026-04-25,13:45,Hellas Verona,Lecce,0,0,0-0,finished,34,,thestatsapi,0.32,0.66,2,4,6,12,3,2,15,19,2,5,,
comp_5840,Serie A,2026-04-25,11:00,Bologna,Roma,0,2,0-2,finished,34,,thestatsapi,0.5,2.13,7,7,10,7,2,2,10,16,0,3,,
comp_5840,Serie A,2026-04-25,08:00,Parma,Pisa,1,0,1-0,finished,34,,thestatsapi,1.64,1.71,7,4,15,12,5,3,10,19,1,2,,
comp_5840,Serie A,2026-04-24,13:45,Napoli,Cremonese,4,0,4-0,finished,34,,thestatsapi,3.16,0.28,7,5,25,7,9,4,7,11,,,,
comp_5840,Serie A,2026-04-20,13:45,Lecce,Fiorentina,1,1,1-1,finished,33,,thestatsapi,1.26,1.14,5,2,14,5,4,3,8,13,2,4,,
comp_5840,Serie A,2026-04-19,13:45,Juventus,Bologna,2,0,2-0,finished,33,,thestatsapi,1.31,0.59,6,1,14,7,4,0,10,5,1,0,,
comp_5840,Serie A,2026-04-19,11:00,Pisa,Genoa,1,2,1-2,finished,33,,thestatsapi,1.13,1.65,5,5,12,13,4,5,21,16,3,1,,
comp_5840,Serie A,2026-04-19,08:00,Hellas Verona,Milan,0,1,0-1,finished,33,,thestatsapi,0.71,0.85,6,1,13,6,2,3,13,6,2,0,,
comp_5840,Serie A,2026-04-19,05:30,Cremonese,Torino,0,0,0-0,finished,33,,thestatsapi,0.64,0.14,6,1,14,4,4,1,11,12,0,3,,
comp_5840,Serie A,2026-04-18,13:45,Roma,Atalanta,1,1,1-1,finished,33,,thestatsapi,1.07,0.68,7,6,19,8,9,2,4,14,1,2,,
comp_5840,Serie A,2026-04-18,11:00,Napoli,Lazio,0,2,0-2,finished,33,,thestatsapi,0.51,2.27,12,0,12,14,0,7,11,9,1,3,,
comp_5840,Serie A,2026-04-18,08:00,Udinese,Parma,0,1,0-1,finished,33,,thestatsapi,1.13,1.23,10,5,16,10,3,1,11,8,2,0,,
comp_5840,Serie A,2026-04-17,13:45,Inter,Cagliari,3,0,3-0,finished,33,,thestatsapi,2.23,0.41,4,9,18,10,5,1,17,6,0,2,,
comp_5840,Serie A,2026-04-17,11:30,Sassuolo,Como,2,1,2-1,finished,33,,thestatsapi,1.38,0.59,5,8,11,12,4,3,14,11,3,3,,
comp_5840,Serie A,2026-04-13,13:45,Fiorentina,Lazio,1,0,1-0,finished,32,,thestatsapi,0.61,1.33,5,6,8,13,2,6,10,10,3,2,,
comp_5840,Serie A,2026-04-12,13:45,Como,Inter,3,4,3-4,finished,32,,thestatsapi,3.12,0.88,1,1,24,7,8,5,12,17,3,7,,
comp_5840,Serie A,2026-04-12,11:00,Bologna,Lecce,2,0,2-0,finished,32,,thestatsapi,2.16,0.32,8,6,12,6,4,1,15,19,0,2,,
comp_5840,Serie A,2026-04-12,08:00,Parma,Napoli,1,1,1-1,finished,32,,thestatsapi,0.19,1.22,3,7,3,20,2,6,4,8,1,0,,
comp_5840,Serie A,2026-04-12,05:30,Genoa,Sassuolo,2,1,2-1,finished,32,,thestatsapi,1.18,1.24,5,3,14,15,7,6,9,14,2,3,1,1
comp_5840,Serie A,2026-04-11,13:45,Atalanta,Juventus,0,1,0-1,finished,32,,thestatsapi,1.68,0.61,13,2,22,7,3,2,7,11,1,3,,
comp_5840,Serie A,2026-04-11,11:00,Milan,Udinese,0,3,0-3,finished,32,,thestatsapi,1.78,1.19,4,3,20,12,3,6,9,14,1,1,,
comp_5840,Serie A,2026-04-11,08:00,Torino,Hellas Verona,2,1,2-1,finished,32,,thestatsapi,1.31,1.48,3,6,11,18,2,4,13,17,1,4,,
comp_5840,Serie A,2026-04-11,08:00,Cagliari,Cremonese,1,0,1-0,finished,32,,thestatsapi,1.17,0.28,6,5,17,5,5,2,9,17,1,1,,
comp_5840,Serie A,2026-04-10,13:45,Roma,Pisa,3,0,3-0,finished,32,,thestatsapi,1.53,1.26,1,3,8,9,3,5,11,12,1,1,,
comp_5840,Serie A,2026-04-06,13:45,Napoli,Milan,1,0,1-0,finished,31,,thestatsapi,0.75,0.47,4,3,10,7,3,1,7,6,2,0,,
comp_5840,Serie A,2026-04-06,11:00,Juventus,Genoa,2,0,2-0,finished,31,,thestatsapi,2.2,1.37,5,5,16,12,5,3,10,8,4,1,,
comp_5840,Serie A,2026-04-06,08:00,Lecce,Atalanta,0,3,0-3,finished,31,,thestatsapi,0.33,2.2,2,5,11,16,0,6,10,18,0,2,,
comp_5840,Serie A,2026-04-06,05:30,Udinese,Como,0,0,0-0,finished,31,,thestatsapi,0.96,0.6,6,2,14,12,4,4,10,12,2,3,,
comp_5840,Serie A,2026-04-05,13:45,Inter,Roma,5,2,5-2,finished,31,,thestatsapi,1.17,0.96,7,4,17,9,9,3,11,10,0,1,,
comp_5840,Serie A,2026-04-05,11:00,Pisa,Torino,0,1,0-1,finished,31,,thestatsapi,0.32,1.84,1,2,7,13,1,2,12,12,1,0,,
comp_5840,Serie A,2026-04-05,08:00,Cremonese,Bologna,1,2,1-2,finished,31,,thestatsapi,1.42,1.11,2,4,9,14,3,7,15,15,2,3,1,1
comp_5840,Serie A,2026-04-04,13:45,Lazio,Parma,1,1,1-1,finished,31,,thestatsapi,0.4,0.44,7,2,7,7,3,4,12,8,1,2,,
comp_5840,Serie A,2026-04-04,11:00,Hellas Verona,Fiorentina,0,1,0-1,finished,31,,thestatsapi,1.3,0.36,9,1,21,5,8,1,15,7,3,1,1,1
comp_5840,Serie A,2026-04-04,08:00,Sassuolo,Cagliari,2,1,2-1,finished,31,,thestatsapi,0.47,1.63,2,2,9,11,2,3,14,11,1,0,,
comp_5840,Serie A,2026-03-22,14:45,Fiorentina,Inter,1,1,1-1,finished,30,,thestatsapi,2.28,1.32,3,5,16,12,6,4,16,12,3,3,,
comp_5840,Serie A,2026-03-22,12:00,Roma,Lecce,1,0,1-0,finished,30,,thestatsapi,0.84,1.08,10,2,14,8,2,3,14,17,2,2,,
comp_5840,Serie A,2026-03-22,09:00,Bologna,Lazio,0,2,0-2,finished,30,,thestatsapi,1.35,1.6,2,1,15,9,4,5,13,8,1,1,,
comp_5840,Serie A,2026-03-22,09:00,Atalanta,Hellas Verona,1,0,1-0,finished,30,,thestatsapi,1.02,1.11,2,4,12,12,3,3,12,16,1,3,,
comp_5840,Serie A,2026-03-22,06:30,Como,Pisa,5,0,5-0,finished,30,,thestatsapi,1.49,0.41,7,1,14,7,7,0,5,6,0,2,,
comp_5840,Serie A,2026-03-21,14:45,Juventus,Sassuolo,1,1,1-1,finished,30,,thestatsapi,2.13,0.48,9,4,18,7,8,1,7,7,1,2,,
comp_5840,Serie A,2026-03-21,12:00,Milan,Torino,3,2,3-2,finished,30,,thestatsapi,1.43,2.22,4,6,15,18,6,7,9,10,3,1,,
comp_5840,Serie A,2026-03-21,09:00,Parma,Cremonese,0,2,0-2,finished,30,,thestatsapi,0.34,0.72,3,1,8,7,1,4,20,15,3,3,,
comp_5840,Serie A,2026-03-20,14:45,Genoa,Udinese,0,2,0-2,finished,30,,thestatsapi,1.36,1.19,7,1,18,6,2,4,5,13,1,5,,
comp_5840,Serie A,2026-03-20,12:30,Cagliari,Napoli,0,1,0-1,finished,30,,thestatsapi,0.35,1.77,2,7,7,17,0,5,12,16,2,2,,
comp_5840,Serie A,2026-03-16,14:45,Cremonese,Fiorentina,1,4,1-4,finished,29,,thestatsapi,1.44,1.79,4,6,13,13,3,6,17,16,1,0,,
comp_5840,Serie A,2026-03-15,14:45,Lazio,Milan,1,0,1-0,finished,29,,thestatsapi,0.41,1.19,1,9,7,17,2,3,7,19,4,1,,
comp_5840,Serie A,2026-03-15,12:00,Como,Roma,2,1,2-1,finished,29,,thestatsapi,2.22,0.86,7,1,22,3,7,1,16,18,2,3,0,1
comp_5840,Serie A,2026-03-15,09:00,Sassuolo,Bologna,0,1,0-1,finished,29,,thestatsapi,0.54,0.7,7,4,9,16,4,3,16,11,1,2,,
comp_5840,Serie A,2026-03-15,09:00,Pisa,Cagliari,3,1,3-1,finished,29,,thestatsapi,2.47,1.31,1,5,10,14,6,4,14,16,1,4,1,1
comp_5840,Serie A,2026-03-15,06:30,Hellas Verona,Genoa,0,2,0-2,finished,29,,thestatsapi,0.3,0.51,4,2,8,11,1,3,22,9,2,1,,
comp_5840,Serie A,2026-03-14,14:45,Udinese,Juventus,0,1,0-1,finished,29,,thestatsapi,0.66,3.08,2,6,10,22,2,8,12,14,3,1,,
comp_5840,Serie A,2026-03-14,12:00,Napoli,Lecce,2,1,2-1,finished,29,,thestatsapi,1.3,0.76,7,7,12,12,4,2,11,7,0,1,,
comp_5840,Serie A,2026-03-14,09:00,Inter,Atalanta,1,1,1-1,finished,29,,thestatsapi,1.58,1.12,2,3,16,8,3,3,11,5,2,2,,
comp_5840,Serie A,2026-03-13,14:45,Torino,Parma,4,1,4-1,finished,29,,thestatsapi,1.95,0.56,2,7,15,6,6,3,17,13,1,3,,
comp_5840,Serie A,2026-03-09,14:45,Lazio,Sassuolo,2,1,2-1,finished,28,,thestatsapi,2.59,0.67,1,6,13,7,5,4,7,8,0,4,,
comp_5840,Serie A,2026-03-08,14:45,Milan,Inter,1,0,1-0,finished,28,,thestatsapi,0.77,1.24,1,6,9,11,2,2,8,12,2,2,,
comp_5840,Serie A,2026-03-08,12:00,Genoa,Roma,2,1,2-1,finished,28,,thestatsapi,2.75,0.35,3,6,11,8,5,1,11,17,1,3,,
comp_5840,Serie A,2026-03-08,09:00,Fiorentina,Parma,0,0,0-0,finished,28,,thestatsapi,1.3,0.25,7,1,12,8,1,0,12,14,2,0,,
comp_5840,Serie A,2026-03-08,09:00,Bologna,Hellas Verona,1,2,1-2,finished,28,,thestatsapi,1.28,1.98,5,3,19,15,2,5,5,20,1,2,,
comp_5840,Serie A,2026-03-08,06:30,Lecce,Cremonese,2,1,2-1,finished,28,,thestatsapi,1.6,0.96,4,4,9,10,3,5,19,27,1,4,0,1
comp_5840,Serie A,2026-03-07,14:45,Juventus,Pisa,4,0,4-0,finished,28,,thestatsapi,2.67,0.45,4,4,25,7,7,2,7,7,1,3,,
comp_5840,Serie A,2026-03-07,12:00,Atalanta,Udinese,2,2,2-2,finished,28,,thestatsapi,2,0.77,11,3,22,8,4,2,7,10,1,2,,
comp_5840,Serie A,2026-03-07,09:00,Cagliari,Como,1,2,1-2,finished,28,,thestatsapi,0.47,0.55,2,3,8,8,3,2,17,18,3,1,,
comp_5840,Serie A,2026-03-06,14:45,Napoli,Torino,2,1,2-1,finished,28,,thestatsapi,1.24,0.37,11,2,14,7,9,4,9,11,0,3,,
comp_5840,Serie A,2026-03-02,14:45,Udinese,Fiorentina,3,0,3-0,finished,27,,thestatsapi,1.65,0.66,5,2,10,10,7,0,16,12,1,4,,
comp_5840,Serie A,2026-03-02,12:30,Pisa,Bologna,0,1,0-1,finished,27,,thestatsapi,0.46,0.61,7,4,6,8,3,1,15,11,0,2,,
comp_5840,Serie A,2026-03-01,14:45,Roma,Juventus,3,3,3-3,finished,27,,thestatsapi,1.65,1.4,4,1,11,13,5,5,7,12,1,0,,
comp_5840,Serie A,2026-03-01,12:00,Torino,Lazio,2,0,2-0,finished,27,,thestatsapi,0.69,0.94,6,9,13,12,5,3,13,5,4,1,,
comp_5840,Serie A,2026-03-01,09:00,Sassuolo,Atalanta,2,1,2-1,finished,27,,thestatsapi,1.52,2.98,3,9,7,26,5,7,3,13,2,2,1,0
comp_5840,Serie A,2026-03-01,06:30,Cremonese,Milan,0,2,0-2,finished,27,,thestatsapi,0.99,3.51,6,7,15,20,3,6,14,10,2,0,,
comp_5840,Serie A,2026-02-28,14:45,Inter,Genoa,2,0,2-0,finished,27,,thestatsapi,1.54,0.21,10,2,14,6,6,2,13,8,2,1,,
comp_5840,Serie A,2026-02-28,12:00,Hellas Verona,Napoli,1,2,1-2,finished,27,,thestatsapi,0.31,0.85,2,5,8,8,2,5,11,11,3,4,,
comp_5840,Serie A,2026-02-28,09:00,Como,Lecce,3,1,3-1,finished,27,,thestatsapi,2.77,0.24,5,1,12,5,7,2,15,12,0,1,,
comp_5840,Serie A,2026-02-27,14:45,Parma,Cagliari,1,1,1-1,finished,27,,thestatsapi,1.28,0.52,6,3,18,11,4,5,14,8,2,4,,
comp_5840,Serie A,2026-02-23,14:45,Bologna,Udinese,1,0,1-0,finished,26,,thestatsapi,1.27,0.56,4,7,11,8,6,2,9,12,1,1,,
comp_5840,Serie A,2026-02-23,12:30,Fiorentina,Pisa,1,0,1-0,finished,26,,thestatsapi,1.84,0.28,4,3,15,7,5,1,8,19,3,3,,
comp_5840,Serie A,2026-02-22,14:45,Roma,Cremonese,3,0,3-0,finished,26,,thestatsapi,2,0.07,9,1,23,2,5,0,12,11,1,1,,
comp_5840,Serie A,2026-02-22,12:00,Milan,Parma,0,1,0-1,finished,26,,thestatsapi,1.33,0.46,5,2,25,9,6,3,13,10,2,1,,
comp_5840,Serie A,2026-02-22,09:00,Atalanta,Napoli,2,1,2-1,finished,26,,thestatsapi,0.75,1.08,6,1,10,10,7,4,10,9,1,1,,
comp_5840,Serie A,2026-02-22,06:30,Genoa,Torino,3,0,3-0,finished,26,,thestatsapi,1.8,0.57,1,3,16,7,5,3,9,14,0,1,0,1
comp_5840,Serie A,2026-02-21,14:45,Cagliari,Lazio,0,0,0-0,finished,26,,thestatsapi,0.67,0.69,3,6,11,10,2,3,12,15,3,2,1,0
comp_5840,Serie A,2026-02-21,12:00,Lecce,Inter,0,2,0-2,finished,26,,thestatsapi,0.12,2.15,2,10,3,24,0,9,10,8,1,2,,
comp_5840,Serie A,2026-02-21,09:00,Juventus,Como,0,2,0-2,finished,26,,thestatsapi,0.7,1.41,7,2,11,11,3,2,10,15,1,0,,
comp_5840,Serie A,2026-02-20,14:45,Sassuolo,Hellas Verona,3,0,3-0,finished,26,,thestatsapi,2,0.65,6,5,8,12,4,1,12,14,2,3,0,1
comp_5840,Serie A,2026-02-18,14:45,Milan,Como,1,1,1-1,finished,24,,thestatsapi,0.76,1.45,4,4,6,10,4,4,11,12,2,3,,
comp_5840,Serie A,2026-02-16,14:45,Cagliari,Lecce,0,2,0-2,finished,25,,thestatsapi,1.01,1.35,8,2,11,13,0,4,16,14,,,,
comp_5840,Serie A,2026-02-15,14:45,Napoli,Roma,2,2,2-2,finished,25,,thestatsapi,0.58,1.7,2,1,11,9,7,2,14,14,1,1,,
comp_5840,Serie A,2026-02-15,12:00,Torino,Bologna,1,2,1-2,finished,25,,thestatsapi,0.49,1.35,4,2,7,14,2,6,14,10,3,1,,
comp_5840,Serie A,2026-02-15,09:00,Parma,Hellas Verona,2,1,2-1,finished,25,,thestatsapi,1.71,0.91,12,1,27,4,8,1,7,14,2,1,0,1
comp_5840,Serie A,2026-02-15,09:00,Cremonese,Genoa,0,0,0-0,finished,25,,thestatsapi,2.36,1.25,6,11,19,19,8,6,10,12,2,0,,
comp_5840,Serie A,2026-02-15,06:30,Udinese,Sassuolo,1,2,1-2,finished,25,,thestatsapi,0.54,1.37,7,6,8,10,2,3,14,14,3,3,,
comp_5840,Serie A,2026-02-14,14:45,Inter,Juventus,3,2,3-2,finished,25,,thestatsapi,1.88,0.92,4,1,21,10,9,8,15,7,4,2,0,1
comp_5840,Serie A,2026-02-14,12:00,Lazio,Atalanta,0,2,0-2,finished,25,,thestatsapi,1.02,1.61,5,4,18,12,5,5,10,16,1,4,,
comp_5840,Serie A,2026-02-14,09:00,Como,Fiorentina,1,2,1-2,finished,25,,thestatsapi,0.84,1.53,4,2,16,7,3,3,14,12,4,2,1,0
comp_5840,Serie A,2026-02-13,14:45,Pisa,Milan,1,2,1-2,finished,25,,thestatsapi,0.77,2.35,3,1,7,7,2,2,14,9,1,3,0,1
comp_5840,Serie A,2026-02-09,14:45,Roma,Cagliari,2,0,2-0,finished,24,,thestatsapi,1.33,0.35,7,1,15,3,5,1,18,14,2,4,,
comp_5840,Serie A,2026-02-09,12:30,Atalanta,Cremonese,2,1,2-1,finished,24,,thestatsapi,2.11,0.62,13,2,29,12,9,2,11,11,2,0,,
comp_5840,Serie A,2026-02-08,14:45,Juventus,Lazio,2,2,2-2,finished,24,,thestatsapi,2.73,1.06,8,1,34,9,8,2,10,4,0,2,,
comp_5840,Serie A,2026-02-08,12:00,Sassuolo,Inter,0,5,0-5,finished,24,,thestatsapi,0.78,2.59,5,6,7,23,2,11,6,10,2,1,1,0
comp_5840,Serie A,2026-02-08,09:00,Lecce,Udinese,2,1,2-1,finished,24,,thestatsapi,1.59,0.88,7,0,16,6,5,1,9,21,1,2,,
comp_5840,Serie A,2026-02-08,06:30,Bologna,Parma,0,1,0-1,finished,24,,thestatsapi,1.22,0.18,4,5,16,5,2,1,10,14,1,3,1,1
comp_5840,Serie A,2026-02-07,14:45,Fiorentina,Torino,2,2,2-2,finished,24,,thestatsapi,1.58,0.88,9,4,21,12,5,4,6,23,2,5,,
comp_5840,Serie A,2026-02-07,12:00,Genoa,Napoli,2,3,2-3,finished,24,,thestatsapi,1.32,2.3,4,3,12,14,3,5,16,12,2,4,0,1
comp_5840,Serie A,2026-02-06,14:45,Hellas Verona,Pisa,0,0,0-0,finished,24,,thestatsapi,0.06,0.82,8,4,3,11,0,3,13,16,1,2,,
comp_5840,Serie A,2026-02-03,14:45,Bologna,Milan,0,3,0-3,finished,23,,thestatsapi,0.45,2.62,5,0,13,10,2,7,14,10,3,0,,
comp_5840,Serie A,2026-02-02,14:45,Udinese,Roma,1,0,1-0,finished,23,,thestatsapi,0.69,0.73,4,7,7,10,4,3,18,17,5,4,,
comp_5840,Serie A,2026-02-01,14:45,Parma,Juventus,1,4,1-4,finished,23,,thestatsapi,0.55,4.03,5,3,11,15,4,8,10,13,1,3,,
comp_5840,Serie A,2026-02-01,12:00,Cremonese,Inter,0,2,0-2,finished,23,,thestatsapi,0.6,1.34,1,6,9,15,3,4,19,14,3,0,,
comp_5840,Serie A,2026-02-01,09:00,Como,Atalanta,0,0,0-0,finished,23,,thestatsapi,5.24,0.52,7,1,28,6,9,2,9,11,4,3,0,1
comp_5840,Serie A,2026-02-01,06:30,Torino,Lecce,1,0,1-0,finished,23,,thestatsapi,1.87,0.58,3,8,17,14,5,2,14,12,2,2,,
comp_5840,Serie A,2026-01-31,14:45,Cagliari,Hellas Verona,4,0,4-0,finished,23,,thestatsapi,1.68,0.46,6,3,14,9,7,3,9,14,0,2,0,1
comp_5840,Serie A,2026-01-31,12:00,Napoli,Fiorentina,2,1,2-1,finished,23,,thestatsapi,1.8,1.36,4,4,19,15,6,5,21,13,1,1,,
comp_5840,Serie A,2026-01-31,09:00,Pisa,Sassuolo,1,3,1-3,finished,23,,thestatsapi,0.79,1.63,2,5,15,21,6,5,13,8,3,3,,
comp_5840,Serie A,2026-01-30,14:45,Lazio,Genoa,3,2,3-2,finished,23,,thestatsapi,2,1.58,5,3,14,16,4,4,12,12,2,3,,
comp_5840,Serie A,2026-01-26,14:45,Hellas Verona,Udinese,1,3,1-3,finished,22,,thestatsapi,0.88,1.67,3,8,7,20,4,7,8,10,2,0,,
comp_5840,Serie A,2026-01-25,14:45,Roma,Milan,1,1,1-1,finished,22,,thestatsapi,2.75,0.44,5,3,15,5,7,2,15,11,0,4,,
comp_5840,Serie A,2026-01-25,12:00,Juventus,Napoli,3,0,3-0,finished,22,,thestatsapi,1.09,0.73,2,2,12,9,6,1,21,11,1,2,,
comp_5840,Serie A,2026-01-25,09:00,Genoa,Bologna,3,2,3-2,finished,22,,thestatsapi,0.54,0.5,5,2,8,13,6,3,14,17,2,2,0,1
comp_5840,Serie A,2026-01-25,09:00,Atalanta,Parma,4,0,4-0,finished,22,,thestatsapi,4.07,1.38,6,9,21,15,9,2,14,8,1,0,,
comp_5840,Serie A,2026-01-25,06:30,Sassuolo,Cremonese,1,0,1-0,finished,22,,thestatsapi,1.1,0.65,3,5,13,10,7,4,13,14,1,2,,
comp_5840,Serie A,2026-01-24,14:45,Lecce,Lazio,0,0,0-0,finished,22,,thestatsapi,0.56,0.39,4,1,15,6,2,1,16,6,2,1,,
comp_5840,Serie A,2026-01-24,12:00,Fiorentina,Cagliari,1,2,1-2,finished,22,,thestatsapi,2.15,1.08,8,3,15,10,3,6,11,17,2,3,,
comp_5840,Serie A,2026-01-24,09:00,Como,Torino,6,0,6-0,finished,22,,thestatsapi,2.89,0.48,2,1,17,7,7,1,9,15,0,1,,
comp_5840,Serie A,2026-01-23,14:45,Inter,Pisa,6,2,6-2,finished,22,,thestatsapi,4.99,0.34,7,5,34,8,13,3,8,11,2,3,,
comp_5840,Serie A,2026-01-19,14:45,Lazio,Como,0,3,0-3,finished,21,,thestatsapi,0.27,1.83,3,2,8,11,4,6,14,9,4,3,,
comp_5840,Serie A,2026-01-19,12:30,Cremonese,Hellas Verona,0,0,0-0,finished,21,,thestatsapi,0.73,0.51,3,6,7,11,1,4,13,13,3,0,,
comp_5840,Serie A,2026-01-18,14:45,Milan,Lecce,1,0,1-0,finished,21,,thestatsapi,2.6,0.17,10,2,20,3,6,0,9,11,1,1,,
comp_5840,Serie A,2026-01-18,12:00,Torino,Roma,0,2,0-2,finished,21,,thestatsapi,0.41,1.84,2,1,8,14,4,5,13,9,2,1,,
comp_5840,Serie A,2026-01-18,09:00,Bologna,Fiorentina,1,2,1-2,finished,21,,thestatsapi,1.31,1.73,7,1,18,11,3,4,14,13,3,0,,
comp_5840,Serie A,2026-01-18,06:30,Parma,Genoa,0,0,0-0,finished,21,,thestatsapi,0.41,1.04,7,3,14,11,2,3,13,18,3,2,,
comp_5840,Serie A,2026-01-17,14:45,Cagliari,Juventus,1,0,1-0,finished,21,,thestatsapi,0.11,1.35,1,18,3,21,1,5,16,12,0,1,,
comp_5840,Serie A,2026-01-17,12:00,Napoli,Sassuolo,1,0,1-0,finished,21,,thestatsapi,0.58,0.91,5,4,11,21,4,4,10,11,0,2,,
comp_5840,Serie A,2026-01-17,09:00,Udinese,Inter,0,1,0-1,finished,21,,thestatsapi,0.22,1.59,2,5,5,14,1,5,17,11,0,1,,
comp_5840,Serie A,2026-01-16,14:45,Pisa,Atalanta,1,1,1-1,finished,21,,thestatsapi,1.19,1.15,10,1,14,9,6,4,12,11,1,2,,
comp_5840,Serie A,2026-01-15,14:45,Como,Milan,1,3,1-3,finished,16,,thestatsapi,1.87,1.28,8,4,18,7,8,4,7,5,1,0,,
comp_5840,Serie A,2026-01-15,12:30,Hellas Verona,Bologna,2,3,2-3,finished,16,,thestatsapi,1.2,0.79,4,5,15,14,5,5,13,14,1,2,,
comp_5840,Serie A,2026-01-14,14:45,Inter,Lecce,1,0,1-0,finished,16,,thestatsapi,1.83,0.48,11,3,21,10,7,1,11,14,2,1,,
comp_5840,Serie A,2026-01-14,12:30,Napoli,Parma,0,0,0-0,finished,16,,thestatsapi,1.37,0.18,7,1,16,4,4,1,11,12,1,3,,
comp_5840,Serie A,2026-01-12,14:45,Juventus,Cremonese,5,0,5-0,finished,20,,thestatsapi,3.4,0.9,4,5,18,9,11,2,16,8,0,1,,
comp_5840,Serie A,2026-01-12,12:30,Genoa,Cagliari,3,0,3-0,finished,20,,thestatsapi,1.08,1.26,2,3,11,15,7,3,17,20,2,5,,
comp_5840,Serie A,2026-01-11,14:45,Inter,Napoli,2,2,2-2,finished,20,,thestatsapi,1.45,0.74,4,1,13,7,4,3,12,11,0,1,,
comp_5840,Serie A,2026-01-11,12:00,Hellas Verona,Lazio,0,1,0-1,finished,20,,thestatsapi,0.53,0.9,2,1,10,11,2,2,12,7,2,1,,
comp_5840,Serie A,2026-01-11,09:00,Fiorentina,Milan,1,1,1-1,finished,20,,thestatsapi,1.9,1.93,8,5,20,13,7,3,10,14,2,3,,
comp_5840,Serie A,2026-01-11,06:30,Lecce,Parma,1,2,1-2,finished,20,,thestatsapi,0.85,1.04,3,3,10,12,1,2,16,17,3,1,2,0
comp_5840,Serie A,2026-01-10,14:45,Atalanta,Torino,2,0,2-0,finished,20,,thestatsapi,2.61,0.75,5,4,18,10,5,3,14,17,1,2,,
comp_5840,Serie A,2026-01-10,12:00,Roma,Sassuolo,2,0,2-0,finished,20,,thestatsapi,2.54,0.74,5,2,26,5,6,3,15,16,2,2,,
comp_5840,Serie A,2026-01-10,09:00,Udinese,Pisa,2,2,2-2,finished,20,,thestatsapi,2.23,1.48,3,8,11,14,2,7,13,16,1,4,,
comp_5840,Serie A,2026-01-10,09:00,Como,Bologna,1,1,1-1,finished,20,,thestatsapi,0.84,1.15,4,2,12,7,3,2,14,3,3,3,0,1
comp_5840,Serie A,2026-01-08,14:45,Milan,Genoa,1,1,1-1,finished,19,,thestatsapi,2.45,1.32,12,1,32,7,8,2,12,8,4,1,,
comp_5840,Serie A,2026-01-08,12:30,Cremonese,Cagliari,2,2,2-2,finished,19,,thestatsapi,1.81,1.8,2,4,12,21,5,5,16,12,2,2,,
comp_5840,Serie A,2026-01-07,14:45,Torino,Udinese,1,2,1-2,finished,19,,thestatsapi,1.09,2.15,3,6,10,9,4,4,16,8,2,1,,
comp_5840,Serie A,2026-01-07,14:45,Parma,Inter,0,2,0-2,finished,19,,thestatsapi,0.33,2.57,1,3,4,26,0,8,4,20,0,3,,
comp_5840,Serie A,2026-01-07,14:45,Lazio,Fiorentina,2,2,2-2,finished,19,,thestatsapi,2.74,1.64,8,2,17,8,9,5,11,15,3,5,,
comp_5840,Serie A,2026-01-07,12:30,Napoli,Hellas Verona,2,2,2-2,finished,19,,thestatsapi,1.22,1.82,6,1,15,11,4,4,7,15,0,3,,
comp_5840,Serie A,2026-01-07,12:30,Bologna,Atalanta,0,2,0-2,finished,19,,thestatsapi,1.1,1.38,6,6,11,11,2,5,16,15,,,,
comp_5840,Serie A,2026-01-06,14:45,Sassuolo,Juventus,0,3,0-3,finished,19,,thestatsapi,0.21,2.57,5,5,6,17,2,10,3,12,,,,
comp_5840,Serie A,2026-01-06,12:00,Lecce,Roma,0,2,0-2,finished,19,,thestatsapi,0.55,1.33,2,2,6,10,1,3,10,20,3,1,,
comp_5840,Serie A,2026-01-06,09:00,Pisa,Como,0,3,0-3,finished,19,,thestatsapi,1.56,1.73,1,5,10,15,4,7,9,13,2,2,,
comp_5840,Serie A,2026-01-04,14:45,Inter,Bologna,3,1,3-1,finished,18,,thestatsapi,2.93,0.85,7,1,19,6,10,2,20,21,3,3,,
comp_5840,Serie A,2026-01-04,12:00,Hellas Verona,Torino,0,3,0-3,finished,18,,thestatsapi,0.14,1.55,4,7,7,21,3,5,13,7,0,2,,
comp_5840,Serie A,2026-01-04,09:00,Fiorentina,Cremonese,1,0,1-0,finished,18,,thestatsapi,2.06,0.73,7,3,22,6,8,2,10,19,1,2,,
comp_5840,Serie A,2026-01-04,06:30,Lazio,Napoli,0,2,0-2,finished,18,,thestatsapi,0.36,1.86,2,6,5,14,0,3,10,13,5,1,2,1
comp_5840,Serie A,2026-01-03,14:45,Atalanta,Roma,1,0,1-0,finished,18,,thestatsapi,1.88,0.78,7,5,13,10,2,4,16,15,1,2,,
comp_5840,Serie A,2026-01-03,12:00,Juventus,Lecce,1,1,1-1,finished,18,,thestatsapi,2.77,0.26,10,1,25,6,5,1,6,7,0,3,,
comp_5840,Serie A,2026-01-03,09:00,Genoa,Pisa,1,1,1-1,finished,18,,thestatsapi,0.54,0.62,2,7,12,10,4,2,9,17,1,3,,
comp_5840,Serie A,2026-01-03,09:00,Sassuolo,Parma,1,1,1-1,finished,18,,thestatsapi,0.86,1.2,4,7,11,16,3,5,12,7,2,1,,
comp_5840,Serie A,2026-01-03,06:30,Como,Udinese,1,0,1-0,finished,18,,thestatsapi,2.24,0.61,3,2,15,3,3,0,12,15,1,3,,
comp_5840,Serie A,2026-01-02,14:45,Cagliari,Milan,0,1,0-1,finished,18,,thestatsapi,0.38,0.7,6,7,6,11,1,4,10,8,2,1,,
comp_5840,Serie A,2025-12-29,14:45,Roma,Genoa,3,1,3-1,finished,17,,thestatsapi,1.37,0.71,6,1,16,10,8,2,13,13,0,1,,
comp_5840,Serie A,2025-12-28,14:45,Atalanta,Inter,0,1,0-1,finished,17,,thestatsapi,0.78,1.16,4,7,7,15,0,4,8,12,2,1,,
comp_5840,Serie A,2025-12-28,12:00,Bologna,Sassuolo,1,1,1-1,finished,17,,thestatsapi,0.88,1.62,2,3,16,8,6,5,18,19,2,3,,
comp_5840,Serie A,2025-12-28,09:00,Cremonese,Napoli,0,2,0-2,finished,17,,thestatsapi,0.46,2.54,1,10,6,22,2,8,13,8,2,2,,
comp_5840,Serie A,2025-12-28,06:30,Milan,Hellas Verona,3,0,3-0,finished,17,,thestatsapi,2.43,0.39,7,3,11,9,5,1,5,15,0,1,,
comp_5840,Serie A,2025-12-27,14:45,Pisa,Juventus,0,2,0-2,finished,17,,thestatsapi,0.65,1.74,2,8,8,15,0,7,10,12,4,1,,
comp_5840,Serie A,2025-12-27,12:00,Udinese,Lazio,1,1,1-1,finished,17,,thestatsapi,0.87,0.54,5,6,15,14,4,1,19,14,3,4,,
comp_5840,Serie A,2025-12-27,09:00,Lecce,Como,0,3,0-3,finished,17,,thestatsapi,0.76,1.63,4,6,11,12,5,6,10,24,2,4,,
comp_5840,Serie A,2025-12-27,09:00,Torino,Cagliari,1,2,1-2,finished,17,,thestatsapi,1.6,0.77,6,2,19,9,10,4,14,13,3,0,,
comp_5840,Serie A,2025-12-27,06:30,Parma,Fiorentina,1,0,1-0,finished,17,,thestatsapi,0.95,1.23,5,6,13,23,2,4,10,15,2,2,,
comp_5840,Serie A,2025-12-21,14:45,Genoa,Atalanta,0,1,0-1,finished,16,,thestatsapi,0.81,1.44,6,10,6,16,3,4,11,19,1,2,1,0
comp_5840,Serie A,2025-12-21,12:00,Fiorentina,Udinese,5,1,5-1,finished,16,,thestatsapi,3.2,0.64,1,4,20,11,7,4,10,8,3,1,0,1
comp_5840,Serie A,2025-12-21,09:00,Sassuolo,Torino,0,1,0-1,finished,16,,thestatsapi,0.43,1.71,2,3,7,10,1,5,15,17,3,1,,
comp_5840,Serie A,2025-12-21,06:30,Cagliari,Pisa,2,2,2-2,finished,16,,thestatsapi,1.43,2.54,2,6,14,15,5,3,15,20,3,2,,
comp_5840,Serie A,2025-12-20,14:45,Juventus,Roma,2,1,2-1,finished,16,,thestatsapi,2.55,1.44,2,4,13,14,9,5,14,13,2,3,,
comp_5840,Serie A,2025-12-20,12:00,Lazio,Cremonese,0,0,0-0,finished,16,,thestatsapi,0.41,0.69,3,0,8,9,2,2,13,21,4,3,0,1
comp_5840,Serie A,2025-12-15,14:45,Roma,Como,1,0,1-0,finished,15,,thestatsapi,1.16,0.6,6,3,14,13,4,1,16,8,3,3,,
comp_5840,Serie A,2025-12-14,14:45,Bologna,Juventus,0,1,0-1,finished,15,,thestatsapi,0.55,1.68,3,4,11,13,4,3,10,11,3,1,1,0
comp_5840,Serie A,2025-12-14,12:00,Genoa,Inter,1,2,1-2,finished,15,,thestatsapi,0.97,1.27,1,6,5,18,3,8,10,20,2,3,,
comp_5840,Serie A,2025-12-14,09:00,Fiorentina,Hellas Verona,1,2,1-2,finished,15,,thestatsapi,1.71,0.94,9,4,20,13,4,3,10,22,1,5,,
comp_5840,Serie A,2025-12-14,09:00,Udinese,Napoli,1,0,1-0,finished,15,,thestatsapi,1.31,0.93,1,3,18,7,5,0,16,9,1,0,,
comp_5840,Serie A,2025-12-14,06:30,Milan,Sassuolo,2,2,2-2,finished,15,,thestatsapi,1.45,1.07,7,3,13,8,5,3,12,12,1,3,,
comp_5840,Serie A,2025-12-13,14:45,Atalanta,Cagliari,2,1,2-1,finished,15,,thestatsapi,2.6,0.54,5,4,17,8,8,1,13,15,1,2,,
comp_5840,Serie A,2025-12-13,12:00,Parma,Lazio,0,1,0-1,finished,15,,thestatsapi,1.08,1.35,4,4,19,15,5,5,14,8,2,1,0,2
comp_5840,Serie A,2025-12-13,09:00,Torino,Cremonese,1,0,1-0,finished,15,,thestatsapi,1.05,0.69,6,6,18,10,6,3,20,13,1,2,,
comp_5840,Serie A,2025-12-12,14:45,Lecce,Pisa,1,0,1-0,finished,15,,thestatsapi,2.2,0.22,12,1,21,5,3,0,17,6,2,1,,
comp_5840,Serie A,2025-12-08,14:45,Torino,Milan,2,3,2-3,finished,14,,thestatsapi,1.03,1.67,2,4,8,17,4,6,16,7,2,1,,
comp_5840,Serie A,2025-12-08,12:00,Udinese,Genoa,1,2,1-2,finished,14,,thestatsapi,1.17,1.57,6,2,23,12,6,6,16,12,1,0,,
comp_5840,Serie A,2025-12-08,09:00,Pisa,Parma,0,1,0-1,finished,14,,thestatsapi,1.52,1.18,6,0,14,9,2,2,15,7,2,2,1,0
comp_5840,Serie A,2025-12-07,14:45,Napoli,Juventus,2,1,2-1,finished,14,,thestatsapi,1.66,0.29,9,0,9,5,4,2,6,15,2,1,,
comp_5840,Serie A,2025-12-07,12:00,Lazio,Bologna,1,1,1-1,finished,14,,thestatsapi,1.21,1.11,7,3,16,13,9,6,13,18,3,3,1,0
comp_5840,Serie A,2025-12-07,09:00,Cagliari,Roma,1,0,1-0,finished,14,,thestatsapi,1.8,0.36,4,1,15,6,8,2,18,16,2,1,0,1
comp_5840,Serie A,2025-12-07,06:30,Cremonese,Lecce,2,0,2-0,finished,14,,thestatsapi,2.08,0.92,5,5,11,9,4,1,15,12,1,2,,
comp_5840,Serie A,2025-12-06,14:45,Hellas Verona,Atalanta,3,1,3-1,finished,14,,thestatsapi,0.99,1.47,5,5,12,12,7,5,14,7,2,1,,
comp_5840,Serie A,2025-12-06,12:00,Inter,Como,4,0,4-0,finished,14,,thestatsapi,1.42,1.02,7,4,11,15,7,3,16,13,1,2,,
comp_5840,Serie A,2025-12-06,09:00,Sassuolo,Fiorentina,3,1,3-1,finished,14,,thestatsapi,1,1.21,7,1,13,9,5,1,15,15,2,3,,
comp_5840,Serie A,2025-12-01,14:45,Bologna,Cremonese,1,3,1-3,finished,13,,thestatsapi,2.72,2.13,13,8,29,10,7,5,13,12,0,2,,
comp_5840,Serie A,2025-11-30,14:45,Roma,Napoli,0,1,0-1,finished,13,,thestatsapi,0.52,1.17,4,2,8,7,2,5,14,13,4,3,,
comp_5840,Serie A,2025-11-30,12:00,Atalanta,Fiorentina,2,0,2-0,finished,13,,thestatsapi,1.6,1.58,4,5,21,15,9,3,15,10,1,3,,
comp_5840,Serie A,2025-11-30,09:00,Pisa,Inter,0,2,0-2,finished,13,,thestatsapi,1.03,2,4,6,10,14,2,3,13,15,2,1,,
comp_5840,Serie A,2025-11-30,06:30,Lecce,Torino,2,1,2-1,finished,13,,thestatsapi,1,1.74,6,6,10,15,2,6,16,22,2,3,,
comp_5840,Serie A,2025-11-29,14:45,Milan,Lazio,1,0,1-0,finished,13,,thestatsapi,1.47,0.68,1,4,16,9,4,4,10,12,3,3,,
comp_5840,Serie A,2025-11-29,12:00,Juventus,Cagliari,2,1,2-1,finished,13,,thestatsapi,1.71,0.54,1,6,14,5,6,3,16,16,1,5,,
comp_5840,Serie A,2025-11-29,09:00,Genoa,Hellas Verona,2,1,2-1,finished,13,,thestatsapi,1.75,2.28,2,3,15,13,4,5,9,19,1,3,,
comp_5840,Serie A,2025-11-29,09:00,Parma,Udinese,0,2,0-2,finished,13,,thestatsapi,0.96,1.74,5,9,17,14,2,5,6,19,1,2,1,0
comp_5840,Serie A,2025-11-28,14:45,Como,Sassuolo,2,0,2-0,finished,13,,thestatsapi,1.8,0.78,4,4,18,12,13,5,11,7,2,1,,
comp_5840,Serie A,2025-11-24,14:45,Sassuolo,Pisa,2,2,2-2,finished,12,,thestatsapi,1.76,1.54,5,2,22,10,7,3,10,10,2,1,,
comp_5840,Serie A,2025-11-24,12:30,Torino,Como,1,5,1-5,finished,12,,thestatsapi,1.4,2.85,3,4,10,15,2,7,6,9,0,1,,
comp_5840,Serie A,2025-11-23,14:45,Inter,Milan,0,1,0-1,finished,12,,thestatsapi,1.92,1.01,9,1,20,7,6,3,7,9,1,2,,
comp_5840,Serie A,2025-11-23,12:00,Lazio,Lecce,2,0,2-0,finished,12,,thestatsapi,1.89,0.62,8,2,19,5,9,1,8,13,1,1,,
comp_5840,Serie A,2025-11-23,09:00,Cremonese,Roma,1,3,1-3,finished,12,,thestatsapi,0.89,1.9,3,5,9,12,4,6,12,16,2,2,,
comp_5840,Serie A,2025-11-23,06:30,Hellas Verona,Parma,1,2,1-2,finished,12,,thestatsapi,0.63,1.44,4,4,10,15,2,7,24,6,4,3,,
comp_5840,Serie A,2025-11-22,14:45,Napoli,Atalanta,3,1,3-1,finished,12,,thestatsapi,1.58,0.78,5,3,11,14,6,3,11,12,1,2,,
comp_5840,Serie A,2025-11-22,12:00,Fiorentina,Juventus,1,1,1-1,finished,12,,thestatsapi,0.58,1.5,7,3,11,17,2,4,11,18,3,3,,
comp_5840,Serie A,2025-11-22,09:00,Cagliari,Genoa,3,3,3-3,finished,12,,thestatsapi,0.9,1.42,6,2,11,13,5,8,22,16,4,3,0,1
comp_5840,Serie A,2025-11-22,09:00,Udinese,Bologna,0,3,0-3,finished,12,,thestatsapi,1.46,2.22,7,2,12,10,3,5,19,16,0,1,,
comp_5840,Serie A,2025-11-09,14:45,Inter,Lazio,2,0,2-0,finished,11,,thestatsapi,1.91,0.63,3,1,8,8,3,5,26,11,3,1,,
comp_5840,Serie A,2025-11-09,12:00,Roma,Udinese,2,0,2-0,finished,11,,thestatsapi,1.53,1.08,3,4,13,10,4,4,13,14,2,1,,
comp_5840,Serie A,2025-11-09,09:00,Genoa,Fiorentina,2,2,2-2,finished,11,,thestatsapi,1.58,1.56,3,7,10,7,6,3,20,15,2,3,,
comp_5840,Serie A,2025-11-09,09:00,Bologna,Napoli,2,0,2-0,finished,11,,thestatsapi,0.92,0.24,5,4,11,4,4,1,14,15,1,3,,
comp_5840,Serie A,2025-11-09,06:30,Atalanta,Sassuolo,0,3,0-3,finished,11,,thestatsapi,0.91,1.81,4,1,14,8,2,4,9,8,0,2,,
comp_5840,Serie A,2025-11-08,14:45,Parma,Milan,2,2,2-2,finished,11,,thestatsapi,1.88,1.95,4,3,14,9,4,5,14,10,1,1,,
comp_5840,Serie A,2025-11-08,12:00,Juventus,Torino,0,0,0-0,finished,11,,thestatsapi,1.21,0.54,6,2,22,8,6,3,9,4,0,1,,
comp_5840,Serie A,2025-11-08,09:00,Como,Cagliari,0,0,0-0,finished,11,,thestatsapi,1.06,0.64,10,0,10,4,6,2,21,15,3,1,,
comp_5840,Serie A,2025-11-08,09:00,Lecce,Hellas Verona,0,0,0-0,finished,11,,thestatsapi,0.49,0.65,7,2,11,5,6,2,10,18,1,4,,
comp_5840,Serie A,2025-11-07,14:45,Pisa,Cremonese,1,0,1-0,finished,11,,thestatsapi,0.81,0.8,4,5,13,13,6,3,11,17,4,2,,
comp_5840,Serie A,2025-11-03,14:45,Lazio,Cagliari,2,0,2-0,finished,10,,thestatsapi,0.69,1.51,7,5,8,17,3,5,8,18,0,2,,
comp_5840,Serie A,2025-11-03,12:30,Sassuolo,Genoa,1,2,1-2,finished,10,,thestatsapi,1.15,1.76,3,7,13,16,4,5,13,13,1,3,,
comp_5840,Serie A,2025-11-02,14:45,Milan,Roma,1,0,1-0,finished,10,,thestatsapi,3.32,1.95,7,8,17,20,8,6,12,13,1,5,,
comp_5840,Serie A,2025-11-02,12:00,Parma,Bologna,1,3,1-3,finished,10,,thestatsapi,0.51,2.72,1,5,7,22,1,6,16,15,3,2,1,0
comp_5840,Serie A,2025-11-02,09:00,Torino,Pisa,2,2,2-2,finished,10,,thestatsapi,0.91,1.53,4,2,15,11,3,3,14,8,2,1,,
comp_5840,Serie A,2025-11-02,09:00,Fiorentina,Lecce,0,1,0-1,finished,10,,thestatsapi,1.46,1.15,4,4,15,11,4,4,14,21,4,1,,
comp_5840,Serie A,2025-11-02,06:30,Hellas Verona,Inter,1,2,1-2,finished,10,,thestatsapi,0.38,1.11,4,8,8,21,2,6,15,4,2,1,,
comp_5840,Serie A,2025-11-01,14:45,Cremonese,Juventus,1,2,1-2,finished,10,,thestatsapi,0.54,2.03,2,3,9,15,2,5,10,14,1,0,,
comp_5840,Serie A,2025-11-01,12:00,Napoli,Como,0,0,0-0,finished,10,,thestatsapi,0.78,1.07,4,2,13,13,8,2,15,16,3,2,,
comp_5840,Serie A,2025-11-01,09:00,Udinese,Atalanta,1,0,1-0,finished,10,,thestatsapi,0.53,0.37,5,4,11,5,5,0,14,11,1,3,,
comp_5840,Serie A,2025-10-30,14:45,Pisa,Lazio,0,0,0-0,finished,9,,thestatsapi,0.93,0.48,3,1,10,11,2,6,16,12,2,2,,
comp_5840,Serie A,2025-10-30,12:30,Cagliari,Sassuolo,1,2,1-2,finished,9,,thestatsapi,0.72,0.56,3,7,8,12,1,4,20,21,4,4,,
comp_5840,Serie A,2025-10-29,14:45,Inter,Fiorentina,3,0,3-0,finished,9,,thestatsapi,2.63,0.72,8,5,22,10,8,2,11,16,1,2,0,1
comp_5840,Serie A,2025-10-29,14:45,Genoa,Cremonese,0,2,0-2,finished,9,,thestatsapi,1.31,1.39,7,3,16,11,1,4,16,13,3,1,,
comp_5840,Serie A,2025-10-29,14:45,Bologna,Torino,0,0,0-0,finished,9,,thestatsapi,0.43,0.54,3,3,11,8,2,2,11,20,2,3,,
comp_5840,Serie A,2025-10-29,12:30,Roma,Parma,2,1,2-1,finished,9,,thestatsapi,1.01,1.21,9,2,18,8,6,5,8,9,0,3,,
comp_5840,Serie A,2025-10-29,12:30,Juventus,Udinese,3,1,3-1,finished,9,,thestatsapi,3.17,0.54,8,4,25,8,11,2,12,13,1,4,,
comp_5840,Serie A,2025-10-29,12:30,Como,Hellas Verona,3,1,3-1,finished,9,,thestatsapi,1.5,1.52,1,3,15,13,5,9,11,21,1,4,,
comp_5840,Serie A,2025-10-28,14:45,Atalanta,Milan,1,1,1-1,finished,9,,thestatsapi,1.34,0.36,9,4,17,6,3,1,9,8,1,3,,
comp_5840,Serie A,2025-10-28,12:30,Lecce,Napoli,0,1,0-1,finished,9,,thestatsapi,1.16,0.83,3,5,7,14,2,3,10,14,2,1,,
comp_5840,Serie A,2025-10-26,14:45,Lazio,Juventus,1,0,1-0,finished,8,,thestatsapi,0.78,1.49,2,5,13,14,3,5,11,18,2,4,,
comp_5840,Serie A,2025-10-26,12:00,Fiorentina,Bologna,2,2,2-2,finished,8,,thestatsapi,3.72,0.55,5,6,19,6,7,3,13,20,3,5,0,1
comp_5840,Serie A,2025-10-26,09:00,Sassuolo,Roma,0,1,0-1,finished,8,,thestatsapi,1.06,1.74,6,6,11,15,1,8,18,16,3,2,,
comp_5840,Serie A,2025-10-26,09:00,Hellas Verona,Cagliari,2,2,2-2,finished,8,,thestatsapi,2.02,0.44,3,2,10,7,6,3,16,12,3,4,,
comp_5840,Serie A,2025-10-26,06:30,Torino,Genoa,2,1,2-1,finished,8,,thestatsapi,1.35,1.9,9,1,13,11,6,3,14,9,2,2,,
comp_5840,Serie A,2025-10-25,13:45,Cremonese,Atalanta,1,1,1-1,finished,8,,thestatsapi,1.12,1.15,2,10,9,20,5,6,6,8,3,1,,
comp_5840,Serie A,2025-10-25,11:00,Napoli,Inter,3,1,3-1,finished,8,,thestatsapi,1.25,1.89,1,4,7,15,3,3,15,10,2,1,,
comp_5840,Serie A,2025-10-25,08:00,Parma,Como,0,0,0-0,finished,8,,thestatsapi,0.57,0.43,3,3,10,6,3,2,7,14,0,1,,
comp_5840,Serie A,2025-10-25,08:00,Udinese,Lecce,3,2,3-2,finished,8,,thestatsapi,1.03,0.38,4,9,8,13,4,3,12,12,2,2,,
comp_5840,Serie A,2025-10-24,13:45,Milan,Pisa,2,2,2-2,finished,8,,thestatsapi,1.54,1.42,6,2,20,8,7,2,8,21,1,3,,
comp_5840,Serie A,2025-10-20,13:45,Cremonese,Udinese,1,1,1-1,finished,7,,thestatsapi,1.07,0.55,5,4,11,8,4,1,15,14,4,2,,
comp_5840,Serie A,2025-10-19,13:45,Milan,Fiorentina,2,1,2-1,finished,7,,thestatsapi,1.98,1.08,1,3,14,5,4,1,,,3,3,,
comp_5840,Serie A,2025-10-19,11:00,Atalanta,Lazio,0,0,0-0,finished,7,,thestatsapi,2.18,0.25,7,1,16,4,6,1,,,4,0,,
comp_5840,Serie A,2025-10-19,08:00,Cagliari,Bologna,0,2,0-2,finished,7,,thestatsapi,0.22,1.11,2,7,4,10,3,7,15,22,1,3,,
comp_5840,Serie A,2025-10-19,08:00,Genoa,Parma,0,0,0-0,finished,7,,thestatsapi,2.2,0.05,3,0,23,1,7,0,,,2,5,0,1
comp_5840,Serie A,2025-10-19,05:30,Como,Juventus,2,0,2-0,finished,7,,thestatsapi,1.46,0.88,4,1,12,15,6,3,,,3,1,,
comp_5840,Serie A,2025-10-18,13:45,Roma,Inter,0,1,0-1,finished,7,,thestatsapi,1.35,0.63,4,5,15,12,5,3,,,4,3,,
comp_5840,Serie A,2025-10-18,11:00,Torino,Napoli,1,0,1-0,finished,7,,thestatsapi,2,2.06,3,11,12,22,2,5,,,1,2,,
comp_5840,Serie A,2025-10-18,08:00,Lecce,Sassuolo,0,0,0-0,finished,7,,thestatsapi,0.7,0.39,6,4,11,9,2,2,,,2,2,,
comp_5840,Serie A,2025-10-18,08:00,Pisa,Hellas Verona,0,0,0-0,finished,7,,thestatsapi,0.65,1.54,3,8,7,15,0,3,,,4,2,,
comp_5840,Serie A,2025-10-05,13:45,Juventus,Milan,0,0,0-0,finished,6,,thestatsapi,1.13,1.74,6,0,12,13,3,4,15,8,2,2,,
comp_5840,Serie A,2025-10-05,11:00,Napoli,Genoa,2,1,2-1,finished,6,,thestatsapi,1.31,0.44,7,5,12,6,5,1,16,15,1,3,,
comp_5840,Serie A,2025-10-05,08:00,Fiorentina,Roma,1,2,1-2,finished,6,,thestatsapi,1.1,1.35,3,4,11,8,3,3,19,21,2,3,,
comp_5840,Serie A,2025-10-05,08:00,Bologna,Pisa,4,0,4-0,finished,6,,thestatsapi,3.62,0.04,2,2,24,2,7,0,16,12,0,1,0,1
comp_5840,Serie A,2025-10-05,05:30,Udinese,Cagliari,1,1,1-1,finished,6,,thestatsapi,2.68,0.97,7,2,23,8,4,2,14,16,1,2,,
comp_5840,Serie A,2025-10-04,13:45,Atalanta,Como,1,1,1-1,finished,6,,thestatsapi,1.4,1.32,8,3,16,12,4,4,10,19,1,3,,
comp_5840,Serie A,2025-10-04,11:00,Inter,Cremonese,4,1,4-1,finished,6,,thestatsapi,3.57,0.64,13,1,27,3,9,2,9,8,1,1,,
comp_5840,Serie A,2025-10-04,08:00,Parma,Lecce,0,1,0-1,finished,6,,thestatsapi,0.59,0.5,4,9,10,7,2,3,16,16,1,2,,
comp_5840,Serie A,2025-10-04,08:00,Lazio,Torino,3,3,3-3,finished,6,,thestatsapi,1.35,1.76,3,5,9,16,4,8,13,22,3,3,,
comp_5840,Serie A,2025-10-03,13:45,Hellas Verona,Sassuolo,0,1,0-1,finished,6,,thestatsapi,0.8,1.67,4,2,17,11,9,3,14,12,2,3,,
comp_5840,Serie A,2025-09-29,13:45,Genoa,Lazio,0,3,0-3,finished,5,,thestatsapi,1.63,1.07,6,0,17,9,5,6,18,16,5,1,,
comp_5840,Serie A,2025-09-29,11:30,Parma,Torino,2,1,2-1,finished,5,,thestatsapi,1.34,0.76,4,3,13,15,2,4,10,12,3,3,,
comp_5840,Serie A,2025-09-28,13:45,Milan,Napoli,2,1,2-1,finished,5,,thestatsapi,0.75,2.96,1,7,6,19,3,7,7,7,1,0,1,0
comp_5840,Serie A,2025-09-28,11:00,Lecce,Bologna,2,2,2-2,finished,5,,thestatsapi,1.8,1.37,3,9,12,14,4,5,13,13,4,2,,
comp_5840,Serie A,2025-09-28,08:00,Roma,Hellas Verona,2,0,2-0,finished,5,,thestatsapi,0.95,1.38,8,1,10,12,5,3,11,19,0,4,,
comp_5840,Serie A,2025-09-28,08:00,Pisa,Fiorentina,0,0,0-0,finished,5,,thestatsapi,0.8,0.89,4,6,11,14,1,2,15,15,0,1,,
comp_5840,Serie A,2025-09-28,05:30,Sassuolo,Udinese,3,1,3-1,finished,5,,thestatsapi,1.24,1.32,1,5,11,12,5,5,5,22,0,3,,
comp_5840,Serie A,2025-09-27,13:45,Cagliari,Inter,0,2,0-2,finished,5,,thestatsapi,0.18,2.82,4,4,6,20,0,5,13,14,0,2,,
comp_5840,Serie A,2025-09-27,11:00,Juventus,Atalanta,1,1,1-1,finished,5,,thestatsapi,1.59,0.73,14,5,24,12,10,2,6,7,0,3,0,1
comp_5840,Serie A,2025-09-27,08:00,Como,Cremonese,1,1,1-1,finished,5,,thestatsapi,1.3,0.45,4,3,14,9,6,2,16,17,3,4,1,0
comp_5840,Serie A,2025-09-22,13:45,Napoli,Pisa,3,2,3-2,finished,4,,thestatsapi,1.08,2.61,5,3,18,15,6,6,10,18,1,2,,
comp_5840,Serie A,2025-09-21,13:45,Inter,Sassuolo,2,1,2-1,finished,4,,thestatsapi,1.89,0.89,7,3,20,9,6,5,15,8,2,1,,
comp_5840,Serie A,2025-09-21,11:00,Fiorentina,Como,1,2,1-2,finished,4,,thestatsapi,0.49,1.25,2,6,8,19,1,7,16,19,4,3,,
comp_5840,Serie A,2025-09-21,08:00,Cremonese,Parma,0,0,0-0,finished,4,,thestatsapi,0.12,0.84,3,3,3,15,1,3,16,8,1,0,,
comp_5840,Serie A,2025-09-21,08:00,Torino,Atalanta,0,3,0-3,finished,4,,thestatsapi,1.2,1.64,1,0,11,9,5,5,11,9,,,,
comp_5840,Serie A,2025-09-21,05:30,Lazio,Roma,0,1,0-1,finished,4,,thestatsapi,1.04,1.16,3,6,10,13,2,6,14,22,1,1,2,0
comp_5840,Serie A,2025-09-20,13:45,Udinese,Milan,0,3,0-3,finished,4,,thestatsapi,0.34,1.44,1,4,10,13,4,6,9,7,2,0,,
comp_5840,Serie A,2025-09-20,11:00,Hellas Verona,Juventus,1,1,1-1,finished,4,,thestatsapi,1.53,0.47,5,3,14,10,4,4,18,10,3,3,,
comp_5840,Serie A,2025-09-20,08:00,Bologna,Genoa,2,1,2-1,finished,4,,thestatsapi,1.59,0.53,8,2,14,7,6,4,12,15,1,5,,
comp_5840,Serie A,2025-09-19,13:45,Lecce,Cagliari,1,2,1-2,finished,4,,thestatsapi,0.99,2.24,4,7,11,15,5,6,10,19,2,3,,
comp_5840,Serie A,2025-09-15,13:45,Como,Genoa,1,1,1-1,finished,3,,thestatsapi,1.83,2.34,0,8,13,12,4,6,13,17,2,2,1,0
comp_5840,Serie A,2025-09-15,11:30,Hellas Verona,Cremonese,0,0,0-0,finished,3,,thestatsapi,1.52,0.24,10,1,20,6,9,2,18,3,2,1,,
comp_5840,Serie A,2025-09-14,13:45,Milan,Bologna,1,0,1-0,finished,3,,thestatsapi,1,0.17,7,4,14,5,3,0,17,16,3,2,,
comp_5840,Serie A,2025-09-14,11:00,Sassuolo,Lazio,1,0,1-0,finished,3,,thestatsapi,1.16,0.76,3,7,10,13,3,3,15,11,6,3,,
comp_5840,Serie A,2025-09-14,08:00,Atalanta,Lecce,4,1,4-1,finished,3,,thestatsapi,2.12,0.46,8,2,19,12,8,3,12,7,,,,
comp_5840,Serie A,2025-09-14,08:00,Pisa,Udinese,0,1,0-1,finished,3,,thestatsapi,0.53,1,8,6,12,13,2,3,13,15,1,2,,
comp_5840,Serie A,2025-09-14,05:30,Roma,Torino,0,1,0-1,finished,3,,thestatsapi,1.14,0.65,7,4,22,8,5,4,11,17,2,3,,
comp_5840,Serie A,2025-09-13,13:45,Fiorentina,Napoli,1,3,1-3,finished,3,,thestatsapi,1.65,3.29,8,5,19,14,3,9,14,14,,,,
comp_5840,Serie A,2025-09-13,11:00,Juventus,Inter,4,3,4-3,finished,3,,thestatsapi,0.68,0.96,5,9,12,18,4,4,14,10,2,1,,
comp_5840,Serie A,2025-09-13,08:00,Cagliari,Parma,2,0,2-0,finished,3,,thestatsapi,1.13,1.96,4,5,12,17,5,5,15,18,3,1,,
comp_5840,Serie A,2025-08-31,13:45,Lazio,Hellas Verona,4,0,4-0,finished,2,,thestatsapi,3.85,0.77,8,1,22,12,6,4,8,19,,,,
comp_5840,Serie A,2025-08-31,13:45,Inter,Udinese,1,2,1-2,finished,2,,thestatsapi,1.97,1.21,13,2,16,10,4,5,17,5,1,3,,
comp_5840,Serie A,2025-08-31,11:30,Genoa,Juventus,0,1,0-1,finished,2,,thestatsapi,0.55,1.03,3,4,10,13,1,3,14,15,1,2,,
comp_5840,Serie A,2025-08-31,11:30,Torino,Fiorentina,0,0,0-0,finished,2,,thestatsapi,1.02,1.74,7,3,7,16,4,4,21,13,2,2,,
comp_5840,Serie A,2025-08-30,13:45,Pisa,Roma,0,1,0-1,finished,2,,thestatsapi,0.56,0.78,1,7,7,10,3,5,14,10,2,1,,
comp_5840,Serie A,2025-08-30,13:45,Napoli,Cagliari,1,0,1-0,finished,2,,thestatsapi,1.58,0.53,13,0,20,10,6,1,16,12,2,1,,
comp_5840,Serie A,2025-08-30,11:30,Bologna,Como,1,0,1-0,finished,2,,thestatsapi,1.1,0.69,7,4,15,13,2,2,13,19,4,3,,
comp_5840,Serie A,2025-08-30,11:30,Parma,Atalanta,1,1,1-1,finished,2,,thestatsapi,0.68,0.81,1,2,7,11,3,3,8,15,2,2,,
comp_5840,Serie A,2025-08-29,13:45,Lecce,Milan,0,2,0-2,finished,2,,thestatsapi,0.3,1.85,4,5,7,14,2,6,10,8,1,0,,
comp_5840,Serie A,2025-08-29,11:30,Cremonese,Sassuolo,3,2,3-2,finished,2,,thestatsapi,3.32,1.32,5,4,11,9,6,6,12,17,2,2,,
comp_5840,Serie A,2025-08-25,13:45,Inter,Torino,5,0,5-0,finished,1,,thestatsapi,1.59,0.94,6,5,20,12,9,4,14,6,,,,
comp_5840,Serie A,2025-08-25,11:30,Udinese,Hellas Verona,1,1,1-1,finished,1,,thestatsapi,0.72,0.56,5,1,14,9,4,3,10,14,3,2,,
comp_5840,Serie A,2025-08-24,13:45,Atalanta,Pisa,1,1,1-1,finished,1,,thestatsapi,1.92,0.63,10,4,21,11,6,2,9,10,2,0,,
comp_5840,Serie A,2025-08-24,13:45,Juventus,Parma,2,0,2-0,finished,1,,thestatsapi,2.35,0.62,6,6,25,8,8,2,9,13,1,2,1,0
comp_5840,Serie A,2025-08-24,11:30,Cagliari,Fiorentina,1,1,1-1,finished,1,,thestatsapi,1.13,0.98,3,2,14,4,6,1,18,14,4,2,,
comp_5840,Serie A,2025-08-24,11:30,Como,Lazio,2,0,2-0,finished,1,,thestatsapi,1.54,0.21,6,0,19,5,6,1,15,12,2,3,,
comp_5840,Serie A,2025-08-23,13:45,Milan,Cremonese,1,2,1-2,finished,1,,thestatsapi,1.88,0.21,9,2,24,4,6,3,10,14,1,4,,
comp_5840,Serie A,2025-08-23,13:45,Roma,Bologna,1,0,1-0,finished,1,,thestatsapi,1.56,0.58,2,4,14,10,4,2,15,13,1,1,,
comp_5840,Serie A,2025-08-23,11:30,Sassuolo,Napoli,0,2,0-2,finished,1,,thestatsapi,0.38,1.19,1,2,7,13,2,4,17,17,3,1,1,0
comp_5840,Serie A,2025-08-23,11:30,Genoa,Lecce,0,0,0-0,finished,1,,thestatsapi,0.5,0.37,3,7,5,7,2,0,16,13,2,3,,
comp_0256,Ligue 1,2026-05-29,13:45,Nice,Saint-Étienne,4,1,4-1,finished,29,final,thestatsapi,,,6,4,20,13,10,2,10,5,2,0,,
comp_0256,Ligue 1,2026-05-26,13:45,Saint-Étienne,Nice,0,0,0-0,finished,29,final,thestatsapi,,,6,6,7,4,0,0,10,7,1,0,,
comp_0256,Ligue 1,2026-05-17,14:00,Olympique Lyonnais,RC Lens,0,4,0-4,finished,34,,thestatsapi,1.91,1.54,20,8,16,14,4,4,10,11,1,4,,
comp_0256,Ligue 1,2026-05-17,14:00,Paris FC,Paris Saint-Germain,2,1,2-1,finished,34,,thestatsapi,2.2,0.61,3,3,17,9,9,2,8,9,2,0,,
comp_0256,Ligue 1,2026-05-17,14:00,Nice,Metz,0,0,0-0,finished,34,,thestatsapi,1.64,0.85,10,4,22,16,4,4,11,15,2,1,,
comp_0256,Ligue 1,2026-05-17,14:00,Stade Brestois,Angers,1,1,1-1,finished,34,,thestatsapi,1.57,0.68,6,3,18,8,5,2,9,8,1,1,,
comp_0256,Ligue 1,2026-05-17,14:00,Olympique de Marseille,Stade Rennais,3,1,3-1,finished,34,,thestatsapi,2.92,2.49,4,11,27,27,11,6,11,10,3,1,,
comp_0256,Ligue 1,2026-05-17,14:00,Lille,Auxerre,0,2,0-2,finished,34,,thestatsapi,1.72,0.54,4,2,12,7,3,4,9,16,3,2,,
comp_0256,Ligue 1,2026-05-17,14:00,RC Strasbourg,AS Monaco,5,4,5-4,finished,34,,thestatsapi,1.5,1.13,4,6,15,21,7,8,7,11,1,2,,
comp_0256,Ligue 1,2026-05-17,14:00,Lorient,Le Havre,0,2,0-2,finished,34,,thestatsapi,1.3,1.25,5,1,12,7,2,4,11,11,2,1,,
comp_0256,Ligue 1,2026-05-15,13:30,Saint-Étienne,Rodez AF,0,0,0-0,finished,2,qualifying,thestatsapi,,,8,3,12,13,2,2,13,13,1,1,,
comp_0256,Ligue 1,2026-05-13,14:00,RC Lens,Paris Saint-Germain,0,2,0-2,finished,29,,thestatsapi,2.87,1.22,6,3,25,10,10,3,9,3,0,1,,
comp_0256,Ligue 1,2026-05-13,12:00,Stade Brestois,RC Strasbourg,1,2,1-2,finished,29,,thestatsapi,3.06,2.02,5,4,21,10,6,5,10,11,0,1,,
comp_0256,Ligue 1,2026-05-12,13:30,Red Star FC,Rodez AF,2,3,2-3,finished,1,qualifying,thestatsapi,,,2,3,9,12,4,5,9,14,3,1,1,0
comp_0256,Ligue 1,2026-05-10,14:00,AS Monaco,Lille,0,1,0-1,finished,33,,thestatsapi,0.37,0.39,5,2,7,7,3,2,13,10,1,3,,
comp_0256,Ligue 1,2026-05-10,14:00,Auxerre,Nice,2,1,2-1,finished,33,,thestatsapi,0.84,1.33,10,1,12,10,4,6,15,9,1,0,,
comp_0256,Ligue 1,2026-05-10,14:00,Angers,RC Strasbourg,1,1,1-1,finished,33,,thestatsapi,0.59,2.02,0,2,11,15,4,6,16,13,2,2,,
comp_0256,Ligue 1,2026-05-10,14:00,Metz,Lorient,0,4,0-4,finished,33,,thestatsapi,0.67,2,7,4,8,14,2,7,8,8,2,2,,
comp_0256,Ligue 1,2026-05-10,14:00,Toulouse,Olympique Lyonnais,2,1,2-1,finished,33,,thestatsapi,1.13,1.54,7,8,14,18,6,3,20,9,6,2,1,0
comp_0256,Ligue 1,2026-05-10,14:00,Stade Rennais,Paris FC,2,1,2-1,finished,33,,thestatsapi,1.77,1.2,8,2,14,11,5,1,13,11,0,2,,
comp_0256,Ligue 1,2026-05-10,14:00,Paris Saint-Germain,Stade Brestois,1,0,1-0,finished,33,,thestatsapi,1.49,0.17,13,2,23,3,6,2,5,12,,,,
comp_0256,Ligue 1,2026-05-10,14:00,Le Havre,Olympique de Marseille,0,1,0-1,finished,33,,thestatsapi,1.14,1.21,3,0,10,8,2,3,20,22,4,2,,
comp_0256,Ligue 1,2026-05-08,13:45,RC Lens,Nantes,1,0,1-0,finished,33,,thestatsapi,0.82,1.25,8,3,14,15,5,3,15,15,2,1,,
comp_0256,Ligue 1,2026-05-03,13:45,Olympique Lyonnais,Stade Rennais,4,2,4-2,finished,32,,thestatsapi,3.17,0.84,7,5,16,8,9,5,10,14,0,3,,
comp_0256,Ligue 1,2026-05-03,10:15,Auxerre,Angers,3,1,3-1,finished,32,,thestatsapi,2.03,2.2,4,6,19,9,10,3,12,2,2,4,0,1
comp_0256,Ligue 1,2026-05-03,10:15,Paris FC,Stade Brestois,4,0,4-0,finished,32,,thestatsapi,1.86,0.79,7,3,17,10,8,1,10,8,2,1,,
comp_0256,Ligue 1,2026-05-03,10:15,RC Strasbourg,Toulouse,1,2,1-2,finished,32,,thestatsapi,0.41,1.36,8,3,9,16,4,6,7,15,1,3,,
comp_0256,Ligue 1,2026-05-03,08:00,Lille,Le Havre,1,1,1-1,finished,32,,thestatsapi,1.55,0.14,14,5,22,2,10,2,9,15,2,3,,
comp_0256,Ligue 1,2026-05-02,14:05,Nice,RC Lens,1,1,1-1,finished,32,,thestatsapi,1.07,1.53,7,8,9,16,2,4,11,10,2,3,0,1
comp_0256,Ligue 1,2026-05-02,12:00,Metz,AS Monaco,1,2,1-2,finished,32,,thestatsapi,1.22,1.25,5,9,13,15,1,3,10,15,0,2,,
comp_0256,Ligue 1,2026-05-02,10:00,Paris Saint-Germain,Lorient,2,2,2-2,finished,32,,thestatsapi,2.42,0.96,12,2,24,5,6,3,9,7,1,1,,
comp_0256,Ligue 1,2026-05-02,08:00,Nantes,Olympique de Marseille,3,0,3-0,finished,32,,thestatsapi,3.42,1.36,7,8,17,16,6,8,12,11,1,3,,
comp_0256,Ligue 1,2026-04-26,13:45,Olympique de Marseille,Nice,1,1,1-1,finished,31,,thestatsapi,2.32,1.46,7,1,24,5,6,2,14,7,4,1,,
comp_0256,Ligue 1,2026-04-26,10:15,Paris FC,Lille,0,1,0-1,finished,31,,thestatsapi,1.06,1.71,7,3,7,10,2,4,12,10,6,3,1,0
comp_0256,Ligue 1,2026-04-26,10:15,Le Havre,Metz,4,4,4-4,finished,31,,thestatsapi,1.99,1.58,6,4,14,12,5,5,12,12,3,1,,
comp_0256,Ligue 1,2026-04-26,10:15,Stade Rennais,Nantes,2,1,2-1,finished,31,,thestatsapi,1.3,2.17,6,8,14,24,5,8,15,15,3,2,,
comp_0256,Ligue 1,2026-04-26,08:00,Lorient,RC Strasbourg,2,3,2-3,finished,31,,thestatsapi,2.28,1.34,9,7,14,11,6,5,9,16,1,2,,
comp_0256,Ligue 1,2026-04-25,14:05,Toulouse,AS Monaco,2,2,2-2,finished,31,,thestatsapi,1.75,0.74,4,2,18,8,5,5,17,10,3,2,,
comp_0256,Ligue 1,2026-04-25,12:00,Angers,Paris Saint-Germain,0,3,0-3,finished,31,,thestatsapi,0.7,2.78,5,4,6,17,1,10,9,3,0,2,0,1
comp_0256,Ligue 1,2026-04-25,08:00,Olympique Lyonnais,Auxerre,3,2,3-2,finished,31,,thestatsapi,2.12,0.52,6,3,12,9,6,2,11,15,1,2,,
comp_0256,Ligue 1,2026-04-24,13:45,Stade Brestois,RC Lens,3,3,3-3,finished,31,,thestatsapi,0.25,2.76,0,6,6,25,3,7,7,11,3,3,,
comp_0256,Ligue 1,2026-04-22,12:00,Paris Saint-Germain,Nantes,3,0,3-0,finished,26,,thestatsapi,2.17,0.89,7,6,14,11,6,4,11,8,2,1,,
comp_0256,Ligue 1,2026-04-19,13:45,Paris Saint-Germain,Olympique Lyonnais,1,2,1-2,finished,30,,thestatsapi,3.12,0.62,13,5,23,6,6,5,10,8,5,1,,
comp_0256,Ligue 1,2026-04-19,10:15,Nantes,Stade Brestois,1,1,1-1,finished,30,,thestatsapi,0.92,0.42,11,0,17,4,4,2,13,17,2,2,1,0
comp_0256,Ligue 1,2026-04-19,10:15,Metz,Paris FC,1,3,1-3,finished,30,,thestatsapi,1.01,1.74,6,5,13,15,6,7,9,8,2,2,,
comp_0256,Ligue 1,2026-04-19,10:15,RC Strasbourg,Stade Rennais,0,3,0-3,finished,30,,thestatsapi,1,4.25,2,9,9,26,1,9,10,12,0,1,,
comp_0256,Ligue 1,2026-04-19,08:00,AS Monaco,Auxerre,2,2,2-2,finished,30,,thestatsapi,2.24,0.65,11,3,15,12,6,7,19,8,2,3,,
comp_0256,Ligue 1,2026-04-18,14:05,Lille,Nice,0,0,0-0,finished,30,,thestatsapi,0.54,0.19,5,3,9,5,2,1,9,10,3,1,,
comp_0256,Ligue 1,2026-04-18,12:00,Angers,Le Havre,1,1,1-1,finished,30,,thestatsapi,1.07,1.45,4,3,11,16,5,8,15,20,1,3,0,1
comp_0256,Ligue 1,2026-04-18,10:00,Lorient,Olympique de Marseille,2,0,2-0,finished,30,,thestatsapi,1.33,1.65,1,7,11,16,4,2,6,10,0,3,,
comp_0256,Ligue 1,2026-04-17,13:45,RC Lens,Toulouse,3,2,3-2,finished,30,,thestatsapi,3.76,0.41,14,1,41,5,13,2,9,15,1,1,0,1
comp_0256,Ligue 1,2026-04-12,13:45,Olympique Lyonnais,Lorient,2,0,2-0,finished,29,,thestatsapi,1.16,1.87,4,6,11,12,5,6,17,14,4,1,,
comp_0256,Ligue 1,2026-04-12,10:15,Toulouse,Lille,0,4,0-4,finished,29,,thestatsapi,0.96,2.31,4,2,9,15,1,8,13,12,2,0,1,0
comp_0256,Ligue 1,2026-04-12,10:15,Nice,Le Havre,1,1,1-1,finished,29,,thestatsapi,2.11,1.76,5,2,15,11,5,6,20,14,1,1,,
comp_0256,Ligue 1,2026-04-11,14:05,Stade Rennais,Angers,2,1,2-1,finished,29,,thestatsapi,1.22,1.12,11,3,15,6,7,4,9,15,0,2,,
comp_0256,Ligue 1,2026-04-11,12:00,Auxerre,Nantes,0,0,0-0,finished,29,,thestatsapi,0.66,1.73,3,2,5,13,0,4,20,15,0,4,,
comp_0256,Ligue 1,2026-04-10,14:05,Olympique de Marseille,Metz,3,1,3-1,finished,29,,thestatsapi,3.55,0.48,7,4,18,6,9,2,12,8,1,2,,
comp_0256,Ligue 1,2026-04-10,12:00,Paris FC,AS Monaco,4,1,4-1,finished,29,,thestatsapi,2.61,2.31,1,11,12,19,6,5,5,6,1,0,,
comp_0256,Ligue 1,2026-04-05,13:45,AS Monaco,Olympique de Marseille,2,1,2-1,finished,28,,thestatsapi,1.17,2.11,0,8,7,19,3,9,14,9,2,2,,
comp_0256,Ligue 1,2026-04-05,10:15,Metz,Nantes,0,0,0-0,finished,28,,thestatsapi,2.31,0.46,6,3,19,6,5,2,14,10,2,1,0,1
comp_0256,Ligue 1,2026-04-05,10:15,Lorient,Paris FC,1,1,1-1,finished,28,,thestatsapi,1.18,1.04,5,6,10,7,3,5,8,6,1,2,,
comp_0256,Ligue 1,2026-04-05,10:15,Le Havre,Auxerre,1,1,1-1,finished,28,,thestatsapi,0.5,1.7,5,5,10,12,3,2,16,21,2,2,,
comp_0256,Ligue 1,2026-04-05,08:00,Angers,Olympique Lyonnais,0,0,0-0,finished,28,,thestatsapi,0.29,0.7,3,7,7,11,1,2,14,13,3,0,,
comp_0256,Ligue 1,2026-04-04,14:05,Lille,RC Lens,3,0,3-0,finished,28,,thestatsapi,3.63,0.59,3,3,13,5,7,1,9,13,3,2,,
comp_0256,Ligue 1,2026-04-04,12:00,Stade Brestois,Stade Rennais,3,4,3-4,finished,28,,thestatsapi,1.22,2.89,3,7,10,15,4,7,13,11,2,4,,
comp_0256,Ligue 1,2026-04-04,10:00,RC Strasbourg,Nice,3,1,3-1,finished,28,,thestatsapi,2.26,0.32,4,10,16,8,6,3,7,15,0,1,,
comp_0256,Ligue 1,2026-04-03,13:45,Paris Saint-Germain,Toulouse,3,1,3-1,finished,28,,thestatsapi,1.79,0.16,5,2,17,5,7,1,4,13,0,1,,
comp_0256,Ligue 1,2026-03-22,14:45,Nantes,RC Strasbourg,2,3,2-3,finished,27,,thestatsapi,1.67,2.12,3,6,14,13,9,9,15,17,3,3,,
comp_0256,Ligue 1,2026-03-22,11:15,Olympique de Marseille,Lille,1,2,1-2,finished,27,,thestatsapi,0.61,0.97,6,4,14,11,3,4,8,6,1,3,,
comp_0256,Ligue 1,2026-03-22,11:15,Paris FC,Le Havre,3,2,3-2,finished,27,,thestatsapi,1.94,2.18,9,5,15,20,4,6,9,13,0,1,1,0
comp_0256,Ligue 1,2026-03-22,11:15,Stade Rennais,Metz,0,0,0-0,finished,27,,thestatsapi,1.52,0.33,8,2,25,7,8,2,13,13,1,3,,
comp_0256,Ligue 1,2026-03-22,09:00,Olympique Lyonnais,AS Monaco,1,2,1-2,finished,27,,thestatsapi,1.35,2.68,2,6,15,21,4,7,11,19,0,3,1,0
comp_0256,Ligue 1,2026-03-21,15:05,Nice,Paris Saint-Germain,0,4,0-4,finished,27,,thestatsapi,0.24,3.71,2,5,6,17,1,10,12,5,0,1,1,0
comp_0256,Ligue 1,2026-03-21,13:00,Auxerre,Stade Brestois,3,0,3-0,finished,27,,thestatsapi,1.22,0.91,6,3,11,9,7,2,10,14,0,4,1,0
comp_0256,Ligue 1,2026-03-21,11:00,Toulouse,Lorient,1,0,1-0,finished,27,,thestatsapi,1.15,0.4,1,4,12,7,4,2,9,10,2,3,,
comp_0256,Ligue 1,2026-03-20,14:45,RC Lens,Angers,5,1,5-1,finished,27,,thestatsapi,3.19,1.5,7,3,26,16,9,5,7,5,,,,
comp_0256,Ligue 1,2026-03-15,14:45,Stade Rennais,Lille,1,2,1-2,finished,26,,thestatsapi,1.18,1.63,5,2,12,8,4,3,16,7,2,5,,
comp_0256,Ligue 1,2026-03-15,11:15,Metz,Toulouse,3,4,3-4,finished,26,,thestatsapi,1.65,1.42,4,4,17,19,8,6,10,13,0,3,,
comp_0256,Ligue 1,2026-03-15,11:15,Le Havre,Olympique Lyonnais,0,0,0-0,finished,26,,thestatsapi,0.74,1.1,2,2,12,13,4,4,7,16,1,3,1,0
comp_0256,Ligue 1,2026-03-15,09:00,RC Strasbourg,Paris FC,0,0,0-0,finished,26,,thestatsapi,1.18,0.52,12,4,12,11,3,2,11,17,1,0,,
comp_0256,Ligue 1,2026-03-14,15:05,AS Monaco,Stade Brestois,2,0,2-0,finished,26,,thestatsapi,2.36,1.41,3,8,10,12,4,1,9,8,2,1,,
comp_0256,Ligue 1,2026-03-14,13:00,Angers,Nice,0,2,0-2,finished,26,,thestatsapi,1.02,1.58,7,6,10,12,1,8,10,13,1,3,,
comp_0256,Ligue 1,2026-03-14,11:00,Lorient,RC Lens,2,1,2-1,finished,26,,thestatsapi,1.45,1.34,1,10,6,20,3,6,6,11,2,3,,
comp_0256,Ligue 1,2026-03-13,14:45,Olympique de Marseille,Auxerre,1,0,1-0,finished,26,,thestatsapi,0.88,0.31,9,2,16,8,3,3,12,17,4,2,,
comp_0256,Ligue 1,2026-03-08,14:45,Olympique Lyonnais,Paris FC,1,1,1-1,finished,25,,thestatsapi,1.83,1.72,8,2,14,14,4,4,7,9,2,0,,
comp_0256,Ligue 1,2026-03-08,11:15,Lille,Lorient,1,1,1-1,finished,25,,thestatsapi,0.51,0.45,5,1,12,9,2,5,14,13,4,1,,
comp_0256,Ligue 1,2026-03-08,11:15,Nice,Stade Rennais,0,4,0-4,finished,25,,thestatsapi,2.15,1.66,7,1,14,12,2,6,9,8,2,1,,
comp_0256,Ligue 1,2026-03-08,11:15,Stade Brestois,Le Havre,2,0,2-0,finished,25,,thestatsapi,1.09,0.94,1,3,11,14,2,0,15,17,3,1,,
comp_0256,Ligue 1,2026-03-08,09:00,RC Lens,Metz,3,0,3-0,finished,25,,thestatsapi,3.22,0.4,6,4,24,5,7,0,12,17,0,3,,
comp_0256,Ligue 1,2026-03-07,15:05,Toulouse,Olympique de Marseille,0,1,0-1,finished,25,,thestatsapi,0.98,1.09,4,2,12,10,2,3,15,14,2,3,,
comp_0256,Ligue 1,2026-03-07,13:00,Auxerre,RC Strasbourg,0,0,0-0,finished,25,,thestatsapi,0.73,0.74,5,4,10,13,4,5,10,11,2,2,,
comp_0256,Ligue 1,2026-03-07,11:00,Nantes,Angers,0,1,0-1,finished,25,,thestatsapi,0.84,0.66,3,4,13,11,3,4,14,19,1,1,,
comp_0256,Ligue 1,2026-03-06,14:45,Paris Saint-Germain,AS Monaco,1,3,1-3,finished,25,,thestatsapi,1.09,1.34,7,3,19,11,5,6,12,6,1,3,,
comp_0256,Ligue 1,2026-03-01,14:45,Olympique de Marseille,Olympique Lyonnais,3,2,3-2,finished,24,,thestatsapi,2,1.2,8,1,18,12,7,6,16,8,3,2,,
comp_0256,Ligue 1,2026-03-01,11:15,Lille,Nantes,1,0,1-0,finished,24,,thestatsapi,0.51,0.21,4,1,9,3,3,1,11,15,3,1,,
comp_0256,Ligue 1,2026-03-01,11:15,Metz,Stade Brestois,0,1,0-1,finished,24,,thestatsapi,1.27,0.87,12,4,24,6,6,1,14,11,2,1,0,1
comp_0256,Ligue 1,2026-03-01,11:15,Lorient,Auxerre,2,2,2-2,finished,24,,thestatsapi,1.01,1.54,3,7,15,10,5,3,11,10,1,3,,
comp_0256,Ligue 1,2026-03-01,09:00,Paris FC,Nice,1,0,1-0,finished,24,,thestatsapi,1.2,1.18,8,6,16,10,6,3,7,8,6,3,1,0
comp_0256,Ligue 1,2026-02-28,15:05,Le Havre,Paris Saint-Germain,0,1,0-1,finished,24,,thestatsapi,0.67,3.88,3,3,10,22,2,9,12,10,3,0,,
comp_0256,Ligue 1,2026-02-28,13:00,AS Monaco,Angers,2,0,2-0,finished,24,,thestatsapi,1.51,0.74,5,2,10,6,4,2,9,10,0,3,,
comp_0256,Ligue 1,2026-02-28,11:00,Stade Rennais,Toulouse,1,0,1-0,finished,24,,thestatsapi,0.92,0.49,6,1,10,9,2,2,9,13,1,3,,
comp_0256,Ligue 1,2026-02-27,14:45,RC Strasbourg,RC Lens,1,1,1-1,finished,24,,thestatsapi,0.75,1.68,2,8,8,25,5,5,9,8,2,2,,
comp_0256,Ligue 1,2026-02-22,14:45,RC Strasbourg,Olympique Lyonnais,3,1,3-1,finished,23,,thestatsapi,2.15,0.34,4,2,13,4,7,2,11,12,1,2,,
comp_0256,Ligue 1,2026-02-22,11:15,Angers,Lille,0,1,0-1,finished,23,,thestatsapi,0.38,2.25,1,7,5,14,2,5,14,11,3,1,,
comp_0256,Ligue 1,2026-02-22,11:15,Nantes,Le Havre,2,0,2-0,finished,23,,thestatsapi,1.32,0.58,5,6,9,6,2,1,17,13,4,3,,
comp_0256,Ligue 1,2026-02-22,11:15,Nice,Lorient,3,3,3-3,finished,23,,thestatsapi,3.24,2.24,3,7,8,17,4,5,15,4,2,3,,
comp_0256,Ligue 1,2026-02-22,09:00,Auxerre,Stade Rennais,0,3,0-3,finished,23,,thestatsapi,0.65,0.98,4,5,11,12,2,7,17,22,1,4,,
comp_0256,Ligue 1,2026-02-21,15:05,Paris Saint-Germain,Metz,3,0,3-0,finished,23,,thestatsapi,2.13,0.08,4,1,17,3,7,0,9,15,0,2,,
comp_0256,Ligue 1,2026-02-21,13:00,Toulouse,Paris FC,1,1,1-1,finished,23,,thestatsapi,2.89,0.82,12,3,23,5,10,2,13,7,1,5,,
comp_0256,Ligue 1,2026-02-21,11:00,RC Lens,AS Monaco,2,3,2-3,finished,23,,thestatsapi,1.6,1.95,7,2,18,10,7,5,13,12,2,1,,
comp_0256,Ligue 1,2026-02-20,14:45,Stade Brestois,Olympique de Marseille,2,0,2-0,finished,23,,thestatsapi,1.13,1.42,3,2,12,17,4,4,10,17,1,4,,
comp_0256,Ligue 1,2026-02-15,14:45,Olympique Lyonnais,Nice,2,0,2-0,finished,22,,thestatsapi,1.52,1.26,8,5,9,10,2,3,16,12,3,1,,
comp_0256,Ligue 1,2026-02-15,11:15,Lorient,Angers,2,0,2-0,finished,22,,thestatsapi,0.95,0.37,3,2,8,10,2,3,7,8,,,,
comp_0256,Ligue 1,2026-02-15,11:15,Metz,Auxerre,1,3,1-3,finished,22,,thestatsapi,0.93,0.78,4,3,13,14,4,3,13,12,2,3,,
comp_0256,Ligue 1,2026-02-15,09:00,Le Havre,Toulouse,2,1,2-1,finished,22,,thestatsapi,1.16,2.57,1,10,5,25,2,9,7,16,1,4,1,0
comp_0256,Ligue 1,2026-02-14,15:05,Paris FC,RC Lens,0,5,0-5,finished,22,,thestatsapi,0.58,3.45,3,5,11,17,6,6,13,9,2,1,,
comp_0256,Ligue 1,2026-02-14,13:00,Lille,Stade Brestois,1,1,1-1,finished,22,,thestatsapi,1.54,0.68,13,1,20,11,5,4,6,12,0,1,,
comp_0256,Ligue 1,2026-02-14,11:00,Olympique de Marseille,RC Strasbourg,2,2,2-2,finished,22,,thestatsapi,1.43,1.97,5,5,10,12,6,4,11,10,4,2,,
comp_0256,Ligue 1,2026-02-13,15:05,AS Monaco,Nantes,3,1,3-1,finished,22,,thestatsapi,1.53,0.93,9,3,12,13,6,2,15,8,5,2,1,0
comp_0256,Ligue 1,2026-02-13,13:00,Stade Rennais,Paris Saint-Germain,3,1,3-1,finished,22,,thestatsapi,1.36,3.62,5,8,13,22,4,7,10,9,,,,
comp_0256,Ligue 1,2026-02-08,14:45,Paris Saint-Germain,Olympique de Marseille,5,0,5-0,finished,21,,thestatsapi,4.14,0.66,5,2,22,9,7,3,11,18,2,2,,
comp_0256,Ligue 1,2026-02-08,11:15,Le Havre,RC Strasbourg,2,1,2-1,finished,21,,thestatsapi,0.85,0.44,9,3,15,9,7,3,15,12,2,1,0,1
comp_0256,Ligue 1,2026-02-08,11:15,Angers,Toulouse,1,0,1-0,finished,21,,thestatsapi,0.98,0.45,3,5,12,12,4,5,11,16,3,2,,
comp_0256,Ligue 1,2026-02-08,11:15,Auxerre,Paris FC,0,0,0-0,finished,21,,thestatsapi,1.14,0.87,7,4,12,7,2,4,8,12,1,4,,
comp_0256,Ligue 1,2026-02-08,09:00,Nice,AS Monaco,0,0,0-0,finished,21,,thestatsapi,0.5,0.61,8,6,13,10,4,2,10,11,2,2,,
comp_0256,Ligue 1,2026-02-07,15:05,Nantes,Olympique Lyonnais,0,1,0-1,finished,21,,thestatsapi,0.73,1.21,5,4,13,10,2,3,13,11,4,2,0,1
comp_0256,Ligue 1,2026-02-07,13:00,Stade Brestois,Lorient,2,0,2-0,finished,21,,thestatsapi,1.71,0.77,7,7,11,13,5,2,11,10,2,0,,
comp_0256,Ligue 1,2026-02-07,11:00,RC Lens,Stade Rennais,3,1,3-1,finished,21,,thestatsapi,1.18,1.38,4,4,10,14,3,1,13,17,4,2,1,0
comp_0256,Ligue 1,2026-02-06,14:45,Metz,Lille,0,0,0-0,finished,21,,thestatsapi,0.63,1.65,1,6,6,16,2,2,12,9,1,1,,
comp_0256,Ligue 1,2026-02-01,14:45,RC Strasbourg,Paris Saint-Germain,1,2,1-2,finished,20,,thestatsapi,2.27,1.13,5,6,9,13,4,4,8,6,1,0,0,1
comp_0256,Ligue 1,2026-02-01,11:15,Angers,Metz,1,0,1-0,finished,20,,thestatsapi,1.62,0.45,4,3,17,5,7,0,11,11,2,2,0,1
comp_0256,Ligue 1,2026-02-01,11:15,Nice,Stade Brestois,2,2,2-2,finished,20,,thestatsapi,1.35,1.69,6,5,15,12,7,2,15,21,5,3,,
comp_0256,Ligue 1,2026-02-01,11:15,Toulouse,Auxerre,0,0,0-0,finished,20,,thestatsapi,0.75,0.56,5,4,12,8,4,2,12,13,1,2,,
comp_0256,Ligue 1,2026-02-01,09:00,Olympique Lyonnais,Lille,1,0,1-0,finished,20,,thestatsapi,0.54,0.48,2,7,3,11,2,4,15,11,1,4,,
comp_0256,Ligue 1,2026-01-31,15:05,AS Monaco,Stade Rennais,4,0,4-0,finished,20,,thestatsapi,2.12,0.38,5,2,14,8,6,4,15,9,1,2,,
comp_0256,Ligue 1,2026-01-31,13:00,Lorient,Nantes,2,1,2-1,finished,20,,thestatsapi,0.55,1.05,1,4,5,10,4,2,12,18,4,5,,
comp_0256,Ligue 1,2026-01-31,11:00,Paris FC,Olympique de Marseille,2,2,2-2,finished,20,,thestatsapi,1.76,2.41,4,4,9,18,4,4,12,15,1,4,,
comp_0256,Ligue 1,2026-01-30,14:45,RC Lens,Le Havre,1,0,1-0,finished,20,,thestatsapi,2.14,0.47,4,3,15,8,3,2,20,10,1,2,,
comp_0256,Ligue 1,2026-01-25,14:45,Lille,RC Strasbourg,1,4,1-4,finished,19,,thestatsapi,1.86,3,8,1,20,15,6,6,11,13,2,2,,
comp_0256,Ligue 1,2026-01-25,11:15,Stade Brestois,Toulouse,0,2,0-2,finished,19,,thestatsapi,0.99,0.37,3,2,13,8,5,5,16,16,2,3,,
comp_0256,Ligue 1,2026-01-25,11:15,Metz,Olympique Lyonnais,2,5,2-5,finished,19,,thestatsapi,1.28,2.55,6,4,15,13,6,10,10,5,1,0,,
comp_0256,Ligue 1,2026-01-25,11:15,Paris FC,Angers,0,0,0-0,finished,19,,thestatsapi,0.7,0.66,2,1,8,7,1,1,14,7,1,1,,
comp_0256,Ligue 1,2026-01-25,09:00,Nantes,Nice,1,4,1-4,finished,19,,thestatsapi,1.59,0.87,4,2,20,7,5,4,11,15,2,3,,
comp_0256,Ligue 1,2026-01-24,15:05,Olympique de Marseille,RC Lens,3,1,3-1,finished,19,,thestatsapi,0.88,0.91,2,2,10,7,5,2,18,16,0,3,,
comp_0256,Ligue 1,2026-01-24,13:00,Le Havre,AS Monaco,0,0,0-0,finished,19,,thestatsapi,0.21,0.43,5,6,7,10,1,2,9,20,0,3,,
comp_0256,Ligue 1,2026-01-24,11:00,Stade Rennais,Lorient,0,2,0-2,finished,19,,thestatsapi,1.83,1.3,9,3,22,6,5,4,18,7,2,0,,
comp_0256,Ligue 1,2026-01-23,14:00,Auxerre,Paris Saint-Germain,0,1,0-1,finished,19,,thestatsapi,0.3,2.07,2,7,8,16,0,8,10,12,0,1,,
comp_0256,Ligue 1,2026-01-18,14:45,Olympique Lyonnais,Stade Brestois,2,1,2-1,finished,18,,thestatsapi,1.53,0.69,5,0,19,5,6,2,18,8,2,0,0,1
comp_0256,Ligue 1,2026-01-18,11:15,Stade Rennais,Le Havre,1,1,1-1,finished,18,,thestatsapi,2.61,0.75,10,6,19,7,7,4,18,14,1,4,,
comp_0256,Ligue 1,2026-01-18,11:15,Nantes,Paris FC,1,2,1-2,finished,18,,thestatsapi,0.36,0.97,1,2,5,10,1,3,16,14,1,3,,
comp_0256,Ligue 1,2026-01-18,09:00,RC Strasbourg,Metz,2,1,2-1,finished,18,,thestatsapi,1.12,1.08,4,1,14,9,6,2,12,12,2,3,,
comp_0256,Ligue 1,2026-01-17,15:05,Angers,Olympique de Marseille,2,5,2-5,finished,18,,thestatsapi,0.94,3.28,6,2,7,23,3,11,9,8,1,1,,
comp_0256,Ligue 1,2026-01-17,13:00,Toulouse,Nice,5,1,5-1,finished,18,,thestatsapi,1.84,1.99,6,7,22,15,10,6,12,17,1,2,,
comp_0256,Ligue 1,2026-01-17,11:00,RC Lens,Auxerre,1,0,1-0,finished,18,,thestatsapi,2.66,0.55,1,5,19,5,7,0,19,20,2,5,,
comp_0256,Ligue 1,2026-01-16,15:00,Paris Saint-Germain,Lille,3,0,3-0,finished,18,,thestatsapi,1.4,1.14,4,2,13,7,7,4,14,6,0,1,,
comp_0256,Ligue 1,2026-01-16,13:00,AS Monaco,Lorient,1,3,1-3,finished,18,,thestatsapi,1.25,1.38,4,3,14,14,7,4,16,9,1,0,,
comp_0256,Ligue 1,2026-01-04,14:45,Paris Saint-Germain,Paris FC,2,1,2-1,finished,17,,thestatsapi,1.71,1.01,7,1,20,6,6,3,7,4,1,0,,
comp_0256,Ligue 1,2026-01-04,11:15,Le Havre,Angers,2,1,2-1,finished,17,,thestatsapi,1.05,0.55,6,6,11,9,6,3,15,8,1,1,,
comp_0256,Ligue 1,2026-01-04,11:15,Lorient,Metz,1,1,1-1,finished,17,,thestatsapi,1.44,0.41,4,4,16,8,5,2,9,8,1,2,,
comp_0256,Ligue 1,2026-01-04,11:15,Stade Brestois,Auxerre,2,0,2-0,finished,17,,thestatsapi,1.88,0.74,7,6,11,10,4,1,16,9,3,2,,
comp_0256,Ligue 1,2026-01-04,09:00,Olympique de Marseille,Nantes,0,2,0-2,finished,17,,thestatsapi,0.75,3.63,6,3,11,15,4,9,17,20,2,3,2,0
comp_0256,Ligue 1,2026-01-03,15:05,Lille,Stade Rennais,0,2,0-2,finished,17,,thestatsapi,0.85,1.57,4,7,13,18,3,4,4,14,1,1,1,0
comp_0256,Ligue 1,2026-01-03,13:00,Nice,RC Strasbourg,1,1,1-1,finished,17,,thestatsapi,2.75,1.35,5,7,19,8,6,5,12,12,1,2,,
comp_0256,Ligue 1,2026-01-03,11:00,AS Monaco,Olympique Lyonnais,1,3,1-3,finished,17,,thestatsapi,0.69,1.4,7,2,6,13,2,9,14,12,2,3,1,0
comp_0256,Ligue 1,2026-01-02,14:45,Toulouse,RC Lens,0,3,0-3,finished,17,,thestatsapi,0.66,1.62,2,8,8,16,2,7,16,16,2,3,1,0
comp_0256,Ligue 1,2025-12-14,14:45,Olympique de Marseille,AS Monaco,1,0,1-0,finished,16,,thestatsapi,1.79,2.21,3,7,18,18,8,7,11,11,2,1,,
comp_0256,Ligue 1,2025-12-14,11:15,RC Lens,Nice,2,0,2-0,finished,16,,thestatsapi,1.65,0.76,2,5,15,8,5,4,17,13,0,2,,
comp_0256,Ligue 1,2025-12-14,11:15,RC Strasbourg,Lorient,0,0,0-0,finished,16,,thestatsapi,0.69,0.53,11,3,12,9,2,2,6,3,1,0,,
comp_0256,Ligue 1,2025-12-14,11:15,Auxerre,Lille,3,4,3-4,finished,16,,thestatsapi,2.97,0.52,10,3,18,8,8,5,21,10,5,2,2,2
comp_0256,Ligue 1,2025-12-14,09:00,Olympique Lyonnais,Le Havre,1,0,1-0,finished,16,,thestatsapi,2.56,1.31,5,4,18,10,4,4,14,18,2,4,,
comp_0256,Ligue 1,2025-12-13,15:05,Paris FC,Toulouse,0,3,0-3,finished,16,,thestatsapi,0.46,2.54,7,4,9,7,2,4,12,14,3,1,,
comp_0256,Ligue 1,2025-12-13,13:00,Metz,Paris Saint-Germain,2,3,2-3,finished,16,,thestatsapi,0.62,1.85,4,4,9,14,5,9,10,10,2,1,,
comp_0256,Ligue 1,2025-12-13,11:00,Stade Rennais,Stade Brestois,3,1,3-1,finished,16,,thestatsapi,2.23,0.82,5,7,9,14,5,7,16,22,2,3,,
comp_0256,Ligue 1,2025-12-12,14:45,Angers,Nantes,4,1,4-1,finished,16,,thestatsapi,2.39,0.35,6,3,20,7,9,4,17,13,1,2,,
comp_0256,Ligue 1,2025-12-07,14:45,Lorient,Olympique Lyonnais,1,0,1-0,finished,15,,thestatsapi,2.57,0.43,1,7,14,7,6,4,12,21,2,2,0,1
comp_0256,Ligue 1,2025-12-07,11:15,Auxerre,Metz,3,1,3-1,finished,15,,thestatsapi,1.94,0.55,5,3,14,5,7,3,10,12,2,1,,
comp_0256,Ligue 1,2025-12-07,11:15,Le Havre,Paris FC,0,0,0-0,finished,15,,thestatsapi,1.71,1.23,7,2,13,13,2,2,10,13,0,2,,
comp_0256,Ligue 1,2025-12-07,09:00,Nice,Angers,0,1,0-1,finished,15,,thestatsapi,1.31,0.83,4,1,13,8,3,4,11,9,1,1,1,0
comp_0256,Ligue 1,2025-12-06,15:05,Paris Saint-Germain,Stade Rennais,5,0,5-0,finished,15,,thestatsapi,2.23,0.24,8,6,20,6,9,2,9,5,0,3,0,1
comp_0256,Ligue 1,2025-12-06,13:00,Toulouse,RC Strasbourg,1,0,1-0,finished,15,,thestatsapi,0.5,0.05,1,2,6,3,3,0,21,13,3,3,,
comp_0256,Ligue 1,2025-12-06,11:00,Nantes,RC Lens,1,2,1-2,finished,15,,thestatsapi,1.19,2.3,1,12,10,20,4,6,8,13,1,0,,
comp_0256,Ligue 1,2025-12-05,15:00,Lille,Olympique de Marseille,1,0,1-0,finished,15,,thestatsapi,0.35,0.53,2,5,5,6,2,2,9,11,1,1,,
comp_0256,Ligue 1,2025-12-05,13:00,Stade Brestois,AS Monaco,1,0,1-0,finished,15,,thestatsapi,1.53,0.6,2,3,12,10,4,2,17,15,2,4,1,0
comp_0256,Ligue 1,2025-11-30,14:45,Olympique Lyonnais,Nantes,3,0,3-0,finished,14,,thestatsapi,2.35,0.86,7,0,20,6,8,2,14,9,1,2,0,1
comp_0256,Ligue 1,2025-11-30,11:15,Angers,RC Lens,1,2,1-2,finished,14,,thestatsapi,1.16,2.05,2,8,7,17,5,6,7,11,1,1,,
comp_0256,Ligue 1,2025-11-30,11:15,Lorient,Nice,3,1,3-1,finished,14,,thestatsapi,2.38,0.82,3,7,18,9,7,2,7,11,1,2,,
comp_0256,Ligue 1,2025-11-30,11:15,Le Havre,Lille,0,1,0-1,finished,14,,thestatsapi,1.18,1.62,6,2,14,8,7,2,15,13,1,3,0,1
comp_0256,Ligue 1,2025-11-30,09:00,RC Strasbourg,Stade Brestois,1,2,1-2,finished,14,,thestatsapi,0.8,1.05,5,0,14,7,6,4,12,14,0,3,,
comp_0256,Ligue 1,2025-11-29,15:05,Olympique de Marseille,Toulouse,2,2,2-2,finished,14,,thestatsapi,1.8,0.7,9,1,20,6,5,4,7,10,2,1,,
comp_0256,Ligue 1,2025-11-29,13:00,Paris FC,Auxerre,1,1,1-1,finished,14,,thestatsapi,1.8,1.11,4,3,11,11,2,3,11,17,2,1,,
comp_0256,Ligue 1,2025-11-29,11:00,AS Monaco,Paris Saint-Germain,1,0,1-0,finished,14,,thestatsapi,0.52,1.33,4,4,10,17,5,4,10,13,3,1,1,0
comp_0256,Ligue 1,2025-11-28,14:45,Metz,Stade Rennais,0,1,0-1,finished,14,,thestatsapi,1.02,0.78,6,3,16,9,5,2,9,8,,,,
comp_0256,Ligue 1,2025-11-23,14:45,Lille,Paris FC,4,2,4-2,finished,13,,thestatsapi,4.03,1.52,9,4,17,6,10,3,9,12,1,2,,
comp_0256,Ligue 1,2025-11-23,11:15,Nantes,Lorient,1,1,1-1,finished,13,,thestatsapi,0.84,0.32,1,1,9,7,1,1,17,17,1,1,,
comp_0256,Ligue 1,2025-11-23,11:15,Stade Brestois,Metz,3,2,3-2,finished,13,,thestatsapi,3.11,1.05,6,2,20,7,7,3,11,8,2,3,,
comp_0256,Ligue 1,2025-11-23,11:15,Toulouse,Angers,0,1,0-1,finished,13,,thestatsapi,1.98,0.43,11,1,25,6,6,2,15,15,1,3,,
comp_0256,Ligue 1,2025-11-23,09:00,Auxerre,Olympique Lyonnais,0,0,0-0,finished,13,,thestatsapi,2.07,1.57,7,11,12,16,5,7,10,11,1,3,,
comp_0256,Ligue 1,2025-11-22,15:05,Paris Saint-Germain,Le Havre,3,0,3-0,finished,13,,thestatsapi,3.46,1.19,6,4,31,12,11,4,10,8,2,1,,
comp_0256,Ligue 1,2025-11-22,13:00,Stade Rennais,AS Monaco,4,1,4-1,finished,13,,thestatsapi,3.69,1.33,4,6,17,13,9,3,3,13,0,1,0,1
comp_0256,Ligue 1,2025-11-22,11:00,RC Lens,RC Strasbourg,1,0,1-0,finished,13,,thestatsapi,1.92,0.46,3,1,13,7,5,1,13,13,2,3,1,1
comp_0256,Ligue 1,2025-11-21,14:45,Nice,Olympique de Marseille,1,5,1-5,finished,13,,thestatsapi,1.19,2.86,8,6,15,13,7,11,9,10,2,2,,
comp_0256,Ligue 1,2025-11-09,14:45,Olympique Lyonnais,Paris Saint-Germain,2,3,2-3,finished,12,,thestatsapi,0.69,1.42,5,5,9,9,2,4,10,8,6,2,1,0
comp_0256,Ligue 1,2025-11-09,11:15,Angers,Auxerre,2,0,2-0,finished,12,,thestatsapi,0.66,0.7,3,3,9,12,5,5,19,14,2,2,,
comp_0256,Ligue 1,2025-11-09,11:15,RC Strasbourg,Lille,2,0,2-0,finished,12,,thestatsapi,1.07,0.28,1,4,5,6,2,4,9,20,4,3,0,1
comp_0256,Ligue 1,2025-11-09,11:15,Metz,Nice,2,1,2-1,finished,12,,thestatsapi,1.58,0.95,6,3,9,11,2,4,12,19,2,4,,
comp_0256,Ligue 1,2025-11-09,09:00,Lorient,Toulouse,1,1,1-1,finished,12,,thestatsapi,1.36,1.32,6,4,10,6,2,2,6,18,0,4,,
comp_0256,Ligue 1,2025-11-08,15:05,AS Monaco,RC Lens,1,4,1-4,finished,12,,thestatsapi,2.83,3.16,5,4,16,20,6,12,15,19,1,2,1,0
comp_0256,Ligue 1,2025-11-08,13:00,Le Havre,Nantes,1,1,1-1,finished,12,,thestatsapi,0.94,0.21,8,3,17,5,4,2,15,13,3,3,,
comp_0256,Ligue 1,2025-11-08,11:00,Olympique de Marseille,Stade Brestois,3,0,3-0,finished,12,,thestatsapi,3.46,0.74,6,2,19,4,7,2,12,10,0,1,,
comp_0256,Ligue 1,2025-11-07,14:45,Paris FC,Stade Rennais,0,1,0-1,finished,12,,thestatsapi,1.98,0.75,8,9,20,10,4,3,9,13,4,2,,
comp_0256,Ligue 1,2025-11-02,14:45,Stade Brestois,Olympique Lyonnais,0,0,0-0,finished,11,,thestatsapi,1.49,0.2,12,2,13,4,3,2,19,6,1,0,0,1
comp_0256,Ligue 1,2025-11-02,11:15,Nantes,Metz,0,2,0-2,finished,11,,thestatsapi,0.81,1.34,8,5,16,14,4,7,8,8,1,2,,
comp_0256,Ligue 1,2025-11-02,11:15,RC Lens,Lorient,3,0,3-0,finished,11,,thestatsapi,2.09,1.82,7,6,9,12,6,3,8,10,2,2,,
comp_0256,Ligue 1,2025-11-02,11:15,Lille,Angers,1,0,1-0,finished,11,,thestatsapi,2.04,0.36,9,2,15,6,4,1,10,10,1,0,,
comp_0256,Ligue 1,2025-11-02,11:15,Toulouse,Le Havre,0,0,0-0,finished,11,,thestatsapi,1.12,1.3,10,2,18,9,2,3,12,14,1,2,,
comp_0256,Ligue 1,2025-11-02,09:00,Stade Rennais,RC Strasbourg,4,1,4-1,finished,11,,thestatsapi,2.35,1.6,6,5,13,20,6,2,15,9,1,1,,
comp_0256,Ligue 1,2025-11-01,15:05,Auxerre,Olympique de Marseille,0,1,0-1,finished,11,,thestatsapi,1.17,0.52,3,3,9,6,4,2,12,14,3,4,1,1
comp_0256,Ligue 1,2025-11-01,13:00,AS Monaco,Paris FC,0,1,0-1,finished,11,,thestatsapi,0.61,0.85,3,2,10,9,1,1,10,12,3,2,,
comp_0256,Ligue 1,2025-11-01,11:00,Paris Saint-Germain,Nice,1,0,1-0,finished,11,,thestatsapi,1.84,0.48,11,1,28,5,8,2,12,5,3,1,,
comp_0256,Ligue 1,2025-10-29,15:05,Toulouse,Stade Rennais,2,2,2-2,finished,10,,thestatsapi,1.55,1.58,5,8,15,11,4,5,9,12,2,3,,
comp_0256,Ligue 1,2025-10-29,15:05,Paris FC,Olympique Lyonnais,3,3,3-3,finished,10,,thestatsapi,0.62,1.25,4,2,11,7,3,4,18,16,6,2,1,1
comp_0256,Ligue 1,2025-10-29,15:05,Olympique de Marseille,Angers,2,2,2-2,finished,10,,thestatsapi,1.33,1.04,1,5,11,12,6,6,11,7,2,1,,
comp_0256,Ligue 1,2025-10-29,15:05,Nantes,AS Monaco,3,5,3-5,finished,10,,thestatsapi,1.62,4.31,1,3,18,19,5,9,13,17,3,7,,
comp_0256,Ligue 1,2025-10-29,15:05,RC Strasbourg,Auxerre,3,0,3-0,finished,10,,thestatsapi,4.06,0.43,4,3,18,6,9,1,11,16,1,1,,
comp_0256,Ligue 1,2025-10-29,13:00,Le Havre,Stade Brestois,1,0,1-0,finished,10,,thestatsapi,1.01,0.55,5,1,13,8,3,2,12,11,1,3,,
comp_0256,Ligue 1,2025-10-29,13:00,Nice,Lille,2,0,2-0,finished,10,,thestatsapi,1.77,0.99,2,13,8,21,4,4,11,10,3,3,,
comp_0256,Ligue 1,2025-10-29,13:00,Metz,RC Lens,2,0,2-0,finished,10,,thestatsapi,3.42,1.32,2,5,16,10,7,2,15,15,3,2,1,0
comp_0256,Ligue 1,2025-10-29,13:00,Lorient,Paris Saint-Germain,1,1,1-1,finished,10,,thestatsapi,0.23,1.49,0,8,5,15,2,8,5,13,0,2,,
comp_0256,Ligue 1,2025-10-26,14:45,Olympique Lyonnais,RC Strasbourg,2,1,2-1,finished,9,,thestatsapi,1.67,0.49,4,2,8,7,3,2,15,19,0,4,0,1
comp_0256,Ligue 1,2025-10-26,11:15,Auxerre,Le Havre,0,1,0-1,finished,9,,thestatsapi,0.61,0.94,13,5,14,9,3,4,21,12,2,2,,
comp_0256,Ligue 1,2025-10-26,11:15,Stade Rennais,Nice,1,2,1-2,finished,9,,thestatsapi,1.74,0.73,7,3,19,8,7,3,13,22,5,2,,
comp_0256,Ligue 1,2025-10-26,11:15,Angers,Lorient,2,0,2-0,finished,9,,thestatsapi,0.93,1.99,1,6,7,23,4,4,14,6,1,0,,
comp_0256,Ligue 1,2025-10-26,09:00,Lille,Metz,6,1,6-1,finished,9,,thestatsapi,2.92,1.29,7,8,23,10,12,4,18,12,3,2,,
comp_0256,Ligue 1,2025-10-25,14:05,RC Lens,Olympique de Marseille,2,1,2-1,finished,9,,thestatsapi,1.8,0.66,4,8,8,17,5,3,12,9,3,3,,
comp_0256,Ligue 1,2025-10-25,12:00,AS Monaco,Toulouse,1,0,1-0,finished,9,,thestatsapi,3.08,0.68,2,5,14,10,5,2,15,18,3,4,,
comp_0256,Ligue 1,2025-10-25,10:00,Stade Brestois,Paris Saint-Germain,0,3,0-3,finished,9,,thestatsapi,1.62,2.07,2,7,8,18,2,8,10,10,1,1,,
comp_0256,Ligue 1,2025-10-24,13:45,Paris FC,Nantes,1,2,1-2,finished,9,,thestatsapi,1.19,0.9,8,2,14,11,3,3,10,13,3,2,,
comp_0256,Ligue 1,2025-10-19,13:45,Nantes,Lille,0,2,0-2,finished,8,,thestatsapi,0.45,2.6,5,9,8,23,3,5,12,15,1,4,,
comp_0256,Ligue 1,2025-10-19,10:15,Stade Rennais,Auxerre,2,2,2-2,finished,8,,thestatsapi,2.03,1.51,6,2,19,7,7,4,,,1,3,,
comp_0256,Ligue 1,2025-10-19,10:15,Lorient,Stade Brestois,3,3,3-3,finished,8,,thestatsapi,1.2,1.59,5,2,12,8,7,4,,,3,2,,
comp_0256,Ligue 1,2025-10-19,10:15,Toulouse,Metz,4,0,4-0,finished,8,,thestatsapi,2.54,0.08,5,1,16,2,7,2,14,11,2,1,0,1
comp_0256,Ligue 1,2025-10-19,08:00,RC Lens,Paris FC,2,1,2-1,finished,8,,thestatsapi,1.63,0.52,11,3,11,9,3,3,11,8,2,2,,
comp_0256,Ligue 1,2025-10-18,14:05,Olympique de Marseille,Le Havre,6,2,6-2,finished,8,,thestatsapi,4.01,0.49,2,1,18,8,11,3,,,2,1,0,1
comp_0256,Ligue 1,2025-10-18,12:00,Angers,AS Monaco,1,1,1-1,finished,8,,thestatsapi,1.77,1.88,10,3,16,11,3,4,,,2,2,,
comp_0256,Ligue 1,2025-10-18,10:00,Nice,Olympique Lyonnais,3,2,3-2,finished,8,,thestatsapi,0.6,3.39,1,16,5,29,4,7,10,11,1,2,,
comp_0256,Ligue 1,2025-10-17,13:45,Paris Saint-Germain,RC Strasbourg,3,3,3-3,finished,8,,thestatsapi,2.67,2.15,4,1,21,12,9,7,12,15,2,1,,
comp_0256,Ligue 1,2025-10-05,13:45,Lille,Paris Saint-Germain,1,1,1-1,finished,7,,thestatsapi,0.65,1.5,3,5,9,17,3,5,11,12,1,1,,
comp_0256,Ligue 1,2025-10-05,10:15,RC Strasbourg,Angers,5,0,5-0,finished,7,,thestatsapi,4.73,0.32,2,5,18,5,12,1,12,11,2,2,,
comp_0256,Ligue 1,2025-10-05,10:15,Le Havre,Stade Rennais,2,2,2-2,finished,7,,thestatsapi,1.71,1.11,3,4,10,9,2,3,13,9,1,2,,
comp_0256,Ligue 1,2025-10-05,10:15,AS Monaco,Nice,2,2,2-2,finished,7,,thestatsapi,2.98,1.15,6,7,20,9,6,2,10,9,1,3,0,1
comp_0256,Ligue 1,2025-10-05,08:00,Olympique Lyonnais,Toulouse,1,2,1-2,finished,7,,thestatsapi,1.02,1.16,8,5,13,14,3,4,13,17,1,3,,
comp_0256,Ligue 1,2025-10-04,14:05,Auxerre,RC Lens,1,2,1-2,finished,7,,thestatsapi,1.71,0.41,2,2,18,7,2,4,10,21,3,7,0,1
comp_0256,Ligue 1,2025-10-04,12:00,Stade Brestois,Nantes,0,0,0-0,finished,7,,thestatsapi,1.51,0.15,12,3,17,6,5,0,11,12,2,1,,
comp_0256,Ligue 1,2025-10-04,10:00,Metz,Olympique de Marseille,0,3,0-3,finished,7,,thestatsapi,0.16,2.71,4,4,4,21,1,9,8,7,,,,
comp_0256,Ligue 1,2025-10-03,13:45,Paris FC,Lorient,2,0,2-0,finished,7,,thestatsapi,1.02,0.97,1,5,10,8,2,3,19,10,0,2,,
comp_0256,Ligue 1,2025-09-28,13:45,Stade Rennais,RC Lens,0,0,0-0,finished,6,,thestatsapi,1.19,1.04,8,4,14,13,2,2,16,9,3,2,0,1
comp_0256,Ligue 1,2025-09-28,10:15,Lille,Olympique Lyonnais,0,1,0-1,finished,6,,thestatsapi,1.47,0.52,3,4,14,5,3,2,20,24,4,4,,
comp_0256,Ligue 1,2025-09-28,10:15,Angers,Stade Brestois,0,2,0-2,finished,6,,thestatsapi,0.48,1.56,11,4,11,7,2,3,13,13,1,1,,
comp_0256,Ligue 1,2025-09-28,10:15,Metz,Le Havre,0,0,0-0,finished,6,,thestatsapi,0.47,0.27,4,6,7,10,0,2,16,16,2,2,,
comp_0256,Ligue 1,2025-09-28,08:00,Nice,Paris FC,1,1,1-1,finished,6,,thestatsapi,0.96,1.84,5,5,11,13,5,3,14,14,1,1,,
comp_0256,Ligue 1,2025-09-27,14:05,Paris Saint-Germain,Auxerre,2,0,2-0,finished,6,,thestatsapi,1.77,0.71,5,5,15,12,8,3,17,10,1,2,,
comp_0256,Ligue 1,2025-09-27,12:00,Toulouse,Nantes,2,2,2-2,finished,6,,thestatsapi,2.15,1.46,1,4,20,12,7,2,18,12,2,3,,
comp_0256,Ligue 1,2025-09-27,10:00,Lorient,AS Monaco,3,1,3-1,finished,6,,thestatsapi,1.98,0.92,2,4,19,5,8,2,10,11,2,3,0,1
comp_0256,Ligue 1,2025-09-26,13:45,RC Strasbourg,Olympique de Marseille,1,2,1-2,finished,6,,thestatsapi,1.36,2.02,5,4,9,16,1,9,13,15,2,4,,
comp_0256,Ligue 1,2025-09-22,13:00,Olympique de Marseille,Paris Saint-Germain,1,0,1-0,finished,5,,thestatsapi,1.09,0.67,5,3,9,12,2,5,16,7,3,0,,
comp_0256,Ligue 1,2025-09-21,10:15,AS Monaco,Metz,5,2,5-2,finished,5,,thestatsapi,3.5,2.16,4,5,16,8,6,3,15,6,1,0,,
comp_0256,Ligue 1,2025-09-21,10:15,Le Havre,Lorient,1,1,1-1,finished,5,,thestatsapi,2.47,1.21,6,2,13,8,2,4,20,15,3,6,,
comp_0256,Ligue 1,2025-09-21,10:15,Auxerre,Toulouse,1,0,1-0,finished,5,,thestatsapi,0.75,2.33,3,4,6,13,1,3,12,20,1,6,1,0
comp_0256,Ligue 1,2025-09-21,08:00,Paris FC,RC Strasbourg,2,3,2-3,finished,5,,thestatsapi,1.6,2.38,4,2,18,8,6,4,11,10,1,5,,
comp_0256,Ligue 1,2025-09-20,14:05,RC Lens,Lille,3,0,3-0,finished,5,,thestatsapi,3.54,1.9,4,10,15,17,6,3,17,11,1,3,,
comp_0256,Ligue 1,2025-09-20,12:00,Stade Brestois,Nice,4,1,4-1,finished,5,,thestatsapi,2.03,2.33,2,7,11,21,5,4,17,11,1,3,,
comp_0256,Ligue 1,2025-09-20,10:00,Nantes,Stade Rennais,2,2,2-2,finished,5,,thestatsapi,2.11,1.37,4,4,16,8,4,4,14,18,3,1,,
comp_0256,Ligue 1,2025-09-19,13:45,Olympique Lyonnais,Angers,1,0,1-0,finished,5,,thestatsapi,1.81,1.18,7,4,16,10,5,2,16,10,2,2,,
comp_0256,Ligue 1,2025-09-14,13:45,Stade Rennais,Olympique Lyonnais,3,1,3-1,finished,4,,thestatsapi,2.19,1.71,5,4,23,8,5,5,18,13,2,2,0,1
comp_0256,Ligue 1,2025-09-14,10:15,RC Strasbourg,Le Havre,1,0,1-0,finished,4,,thestatsapi,1.36,0.65,4,3,9,10,7,1,8,16,2,2,1,0
comp_0256,Ligue 1,2025-09-14,10:15,Metz,Angers,1,1,1-1,finished,4,,thestatsapi,1.71,2.27,4,3,9,10,5,4,10,7,0,1,,
comp_0256,Ligue 1,2025-09-14,10:15,Stade Brestois,Paris FC,1,2,1-2,finished,4,,thestatsapi,2.57,1.55,6,1,23,7,8,4,11,10,0,2,0,1
comp_0256,Ligue 1,2025-09-14,10:15,Paris Saint-Germain,RC Lens,2,0,2-0,finished,4,,thestatsapi,1.07,1.16,4,3,14,11,6,3,10,8,1,2,,
comp_0256,Ligue 1,2025-09-14,08:00,Lille,Toulouse,2,1,2-1,finished,4,,thestatsapi,2.21,0.81,7,6,20,9,5,4,12,10,2,3,0,1
comp_0256,Ligue 1,2025-09-13,14:05,Auxerre,AS Monaco,1,2,1-2,finished,4,,thestatsapi,0.67,1.42,5,8,9,13,2,3,12,19,3,6,1,0
comp_0256,Ligue 1,2025-09-13,10:00,Nice,Nantes,1,0,1-0,finished,4,,thestatsapi,1.75,0.75,7,4,19,14,8,3,16,14,2,0,,
comp_0256,Ligue 1,2025-09-12,13:45,Olympique de Marseille,Lorient,4,0,4-0,finished,4,,thestatsapi,2.26,0.14,10,0,15,4,8,1,18,5,3,2,0,1
comp_0256,Ligue 1,2025-08-31,13:45,Olympique Lyonnais,Olympique de Marseille,1,0,1-0,finished,3,,thestatsapi,2.27,0.77,9,4,17,5,5,2,16,11,2,2,0,1
comp_0256,Ligue 1,2025-08-31,10:15,Le Havre,Nice,3,1,3-1,finished,3,,thestatsapi,2.56,0.63,0,5,12,7,8,3,13,16,1,4,,
comp_0256,Ligue 1,2025-08-31,10:15,Paris FC,Metz,3,2,3-2,finished,3,,thestatsapi,3.21,1.84,14,6,24,14,9,2,4,8,1,1,0,1
comp_0256,Ligue 1,2025-08-31,10:15,AS Monaco,RC Strasbourg,3,2,3-2,finished,3,,thestatsapi,1.94,1.62,6,5,12,12,4,4,13,12,2,1,0,1
comp_0256,Ligue 1,2025-08-31,08:00,Angers,Stade Rennais,1,1,1-1,finished,3,,thestatsapi,1.23,1.46,1,7,10,15,7,7,9,11,2,2,,
comp_0256,Ligue 1,2025-08-30,14:05,Toulouse,Paris Saint-Germain,3,6,3-6,finished,3,,thestatsapi,2.22,2.62,5,7,14,13,6,8,7,11,1,0,,
comp_0256,Ligue 1,2025-08-30,12:00,Nantes,Auxerre,1,0,1-0,finished,3,,thestatsapi,0.48,0.68,3,9,4,14,3,4,13,11,1,3,,
comp_0256,Ligue 1,2025-08-30,10:00,Lorient,Lille,1,7,1-7,finished,3,,thestatsapi,1.5,3.49,3,8,6,20,2,11,14,18,3,3,,
comp_0256,Ligue 1,2025-08-29,13:45,RC Lens,Stade Brestois,3,1,3-1,finished,3,,thestatsapi,3.99,1.08,15,1,30,9,10,2,7,12,1,3,0,1
comp_0256,Ligue 1,2025-08-24,13:45,Lille,AS Monaco,1,0,1-0,finished,2,,thestatsapi,2.92,1.25,8,3,18,6,1,1,7,14,1,2,,
comp_0256,Ligue 1,2025-08-24,10:15,RC Strasbourg,Nantes,1,0,1-0,finished,2,,thestatsapi,1.78,0.44,7,6,15,9,4,2,11,9,2,2,,
comp_0256,Ligue 1,2025-08-24,10:15,Toulouse,Stade Brestois,2,0,2-0,finished,2,,thestatsapi,1.28,0.97,3,9,6,16,3,2,14,10,0,1,,
comp_0256,Ligue 1,2025-08-24,10:15,Le Havre,RC Lens,1,2,1-2,finished,2,,thestatsapi,1.89,1.07,7,0,18,6,6,3,17,16,3,1,,
comp_0256,Ligue 1,2025-08-24,08:00,Lorient,Stade Rennais,4,0,4-0,finished,2,,thestatsapi,3.04,0.08,3,2,22,4,7,1,18,7,6,0,0,2
comp_0256,Ligue 1,2025-08-23,14:05,Olympique Lyonnais,Metz,3,0,3-0,finished,2,,thestatsapi,2.77,0.56,4,3,13,11,8,2,13,15,0,2,,
comp_0256,Ligue 1,2025-08-23,12:00,Nice,Auxerre,3,1,3-1,finished,2,,thestatsapi,1.94,1.51,5,4,16,12,6,8,10,15,2,2,0,1
comp_0256,Ligue 1,2025-08-23,10:00,Olympique de Marseille,Paris FC,5,2,5-2,finished,2,,thestatsapi,2.83,1.09,5,2,11,8,7,4,9,12,1,0,,
comp_0256,Ligue 1,2025-08-22,13:45,Paris Saint-Germain,Angers,1,0,1-0,finished,2,,thestatsapi,1.85,0.24,12,0,21,3,4,0,3,9,,,,
