fecha,hora,liga,local,visitante,xg_l,xg_v,xg_total,prob_1,prob_x,prob_2,prob_over_25,prob_under_25,prob_btts_si,cuota_1,cuota_x,cuota_2,cuota_over_25,cuota_under_25,generado_en,cuota_1_cierre,cuota_x_cierre,cuota_2_cierre,cuota_over_25_cierre,cuota_under_25_cierre,clv_1x2_pct,cierre_registrado_en
2026-07-17,18:00,BSA,Mirassol FC,Grêmio FBPA,1.872,1.337,3.209,50.6,22.5,26.9,62.4,37.6,62.6,1.92,3.37,3.96,2.09,1.7,2026-07-17T15:28:18.393690-05:00,,,,,,,
2026-07-17,18:00,BSA,Fluminense FC,RB Bragantino,2.298,0.695,2.993,73.7,17.0,9.3,57.6,42.4,44.7,1.83,3.42,4.36,2.02,1.76,2026-07-17T15:28:18.401400-05:00,,,,,,,
2026-07-17,17:30,BSA,EC Bahia,Chapecoense,1.09,0.945,2.035,38.6,30.8,30.6,33.1,66.9,40.9,1.41,4.71,6.82,1.59,2.26,2026-07-17T15:28:18.405892-05:00,,,,,,,
2026-07-17,19:10,MLS,Nashville SC,Atlanta United FC,1.069,1.613,2.682,25.6,24.8,49.6,50.6,49.4,52.3,1.52,4.34,5.72,1.66,2.16,2026-07-17T15:28:18.409028-05:00,,,,,,,
2026-07-17,21:25,MLS,Los Angeles Galaxy,Los Angeles FC,2.58,1.04,3.62,70.4,16.5,13.1,70.1,29.9,59.5,2.87,3.72,2.24,1.52,2.41,2026-07-17T15:28:18.411774-05:00,,,,,,,
2026-07-21,19:00,comp_1917,Universidad Católica del Ecuador,Barcelona SC,1.764,1.054,2.818,52.2,24.7,23.1,53.5,46.5,53.6,1.9,3.42,4.17,2.08,1.75,2026-07-21T13:40:42.740055-05:00,1.92,3.53,4.05,1.99,1.85,-1.04,2026-07-21T15:41:37.250961-05:00
2026-07-21,11:00,comp_3498,FC Ararat-Armenia,Shamrock Rovers,1.297,1.304,2.601,36.4,27.5,36.1,48.1,51.9,52.4,2.21,3.34,3.06,2.02,1.77,2026-07-21T13:40:42.749230-05:00,,,,,,,
2026-07-21,11:00,comp_3498,Mjällby AIF,Lincoln Red Imps,1.233,0.718,1.951,45.7,32.1,22.2,31.1,68.9,36.4,1.11,8.46,18.13,1.5,2.5,2026-07-21T13:40:42.754285-05:00,,,,,,,
2026-07-21,11:00,comp_3498,Sabah FK,KuPS,1.314,0.828,2.142,46.5,29.4,24.1,36.0,64.0,40.7,1.64,4.21,4.2,1.68,2.13,2026-07-21T13:40:42.760332-05:00,,,,,,,
2026-07-21,12:00,comp_3498,AGF,Lech Poznań,1.591,1.234,2.825,44.9,25.9,29.3,53.9,46.1,56.2,2.19,3.08,3.47,2.31,1.61,2026-07-21T13:40:42.765396-05:00,,,,,,,
2026-07-21,13:00,comp_3498,Fenerbahçe,Górnik Zabrze,0.929,0.76,1.689,36.4,35.3,28.3,23.7,76.3,32.3,1.18,6.95,12.57,1.36,2.88,2026-07-21T13:40:42.770419-05:00,,,,,,,
2026-07-21,13:00,comp_3498,FC Thun,GNK Dinamo Zagreb,0.607,0.501,1.108,30.8,43.7,25.5,10.0,90.0,18.0,3.45,3.68,1.96,1.64,2.24,2026-07-21T13:40:42.776806-05:00,,,,,,,
2026-07-21,19:30,comp_1615,Universidad Central,Santos,1.426,1.236,2.662,40.6,27.4,32.0,49.9,50.1,53.9,4.29,3.39,1.85,2.07,1.74,2026-07-21T13:40:42.782092-05:00,4.3,3.41,1.9,2.14,1.71,-0.23,2026-07-21T15:41:37.254833-05:00
2026-07-21,17:30,comp_4795,Atlético Mineiro,Bahia,1.601,1.174,2.775,45.6,26.7,27.7,52.3,47.7,55.1,2.14,3.35,3.59,1.94,1.93,2026-07-21T13:40:42.787548-05:00,1.93,3.7,4.18,1.87,2.04,10.88,2026-07-21T15:41:37.256714-05:00
2026-07-21,13:45,comp_3498,Klaksvíkar Ítróttarfelag,FK Kauno Žalgiris,1.391,0.942,2.333,45.7,28.9,25.5,41.2,58.8,45.4,2.18,3.07,3.13,2.38,1.53,2026-07-21T13:40:42.794075-05:00,,,,,,,
2026-07-21,14:00,comp_3498,Víkingur Reykjavík,Hapoel Be'er Sheva,1.429,1.129,2.558,42.9,27.5,29.6,47.0,53.0,50.6,2.52,3.47,2.54,1.74,2.06,2026-07-21T13:40:42.799719-05:00,,,,,,,
2026-07-21,14:00,comp_3498,Larne FC,FK Crvena zvezda,1.091,1.209,2.3,32.8,29.3,37.9,40.5,59.5,46.4,13.28,6.73,1.14,1.61,2.25,2026-07-21T13:40:42.806309-05:00,,,,,,,
2026-07-21,16:30,comp_1917,Libertad,Delfín,1.697,0.683,2.38,59.8,24.1,16.2,42.9,57.1,40.2,2.31,3.22,3.2,2.4,1.53,2026-07-21T13:40:42.812084-05:00,2.28,2.96,3.66,2.4,1.53,1.32,2026-07-21T15:41:37.258848-05:00
2026-07-21,20:00,comp_298265,Cruz Azul,Club Puebla,2.116,0.945,3.061,61.3,21.4,17.4,59.6,40.4,53.5,1.31,5.63,8.51,1.65,2.29,2026-07-21T13:40:42.817863-05:00,1.35,5.71,8.04,1.6,2.3,-2.96,2026-07-21T15:41:37.261277-05:00
2026-07-21,22:05,comp_298265,CD Toluca,Pumas UNAM,2.012,1.006,3.018,58.0,23.0,19.0,58.3,41.7,55.0,1.59,4.24,5.17,1.65,2.2,2026-07-21T13:40:42.824571-05:00,1.62,4.36,5.27,1.66,2.32,-1.85,2026-07-21T15:41:37.263718-05:00
2026-07-21,13:30,comp_3498,SK Sturm Graz,Heart of Midlothian,1.077,1.697,2.774,24.3,26.6,49.1,52.0,48.0,53.6,1.76,3.79,4.16,1.75,2.07,2026-07-21T13:40:42.830361-05:00,,,,,,,
2026-07-21,08:00,comp_3498,Sabah FK,FK Vardar Skopje,1.705,1.012,2.717,51.7,25.1,23.2,51.2,48.8,51.5,,,,,,2026-07-21T13:40:42.838682-05:00,,,,,,,
2026-07-21,11:00,comp_3498,FC Iberia 1999,ŠK Slovan Bratislava,1.478,1.109,2.587,44.6,27.1,28.3,48.6,51.4,51.3,3.17,3.29,1.81,1.67,2.15,2026-07-21T13:40:42.845190-05:00,,,,,,,
2026-07-21,17:00,comp_1615,Nacional,Tigre,0.971,1.107,2.078,30.6,32.9,36.5,34.2,65.8,41.4,2.32,3.13,3.28,2.5,1.5,2026-07-21T13:40:42.851456-05:00,2.3,2.79,3.89,2.7,1.44,0.87,2026-07-21T15:41:37.266708-05:00
2026-07-21,13:15,comp_408698,Atert Bissen,ETO FC Győr,1.402,1.332,2.734,39.0,26.0,34.9,51.5,48.5,55.2,4.5,4.33,1.5,1.69,2.07,2026-07-21T13:40:42.859313-05:00,,,,,,,
2026-07-21,12:30,comp_408698,Floriana FC,FC Drita,1.581,1.274,2.855,44.2,25.7,30.1,54.2,45.8,56.9,3.1,3.7,1.91,1.7,2.01,2026-07-21T13:40:42.865376-05:00,,,,,,,
2026-07-21,12:00,comp_408698,IFK Göteborg,FCI Levadia Tallinn,0.967,1.156,2.123,30.1,30.6,39.3,35.3,64.7,42.6,1.42,4.5,5.25,1.67,2.15,2026-07-21T13:40:42.872087-05:00,,,,,,,
2026-07-22,12:30,comp_3498,Levski Sofia,Universitatea Craiova,1.319,1.222,2.541,38.6,28.3,33.1,46.7,53.3,51.6,2.15,3.02,3.54,2.22,1.64,2026-07-21T13:40:42.878093-05:00,2.17,3.03,3.65,2.29,1.62,-0.92,2026-07-22T11:18:18.882851-05:00
2026-07-22,14:00,comp_3498,KF Egnatia,NK Celje,1.574,1.139,2.713,46.3,26.1,27.6,51.3,48.7,53.6,3.49,3.4,2.01,2.05,1.74,2026-07-21T13:40:42.883920-05:00,3.82,3.5,1.88,1.97,1.83,-8.64,2026-07-22T11:18:18.884603-05:00
2026-07-22,18:30,comp_9799,Columbus Crew,New York City FC,1.417,1.714,3.131,31.7,26.0,42.3,60.7,39.3,62.3,1.97,3.71,3.66,1.76,2.08,2026-07-21T13:40:42.890968-05:00,1.88,3.84,4.13,1.84,2.06,4.79,2026-07-22T11:18:18.886154-05:00
2026-07-22,18:30,comp_9799,Inter Miami CF,Chicago Fire,2.557,1.766,4.323,52.2,21.3,26.4,80.3,19.7,76.8,2.11,4.19,2.96,1.33,3.4,2026-07-21T13:40:42.896984-05:00,2.34,4.09,2.76,1.29,3.3,-9.83,2026-07-22T11:18:18.887684-05:00
2026-07-22,14:00,comp_1917,Macará,Deportivo Cuenca,1.641,0.784,2.425,56.3,24.7,19.0,43.2,56.8,43.2,2.14,3.1,3.61,2.5,1.5,2026-07-21T13:40:42.915974-05:00,2.37,2.69,3.88,2.5,1.5,-9.7,2026-07-22T11:18:18.889200-05:00
2026-07-22,19:00,comp_1917,Manta FC,LDU,1.177,1.753,2.93,26.5,24.8,48.7,55.7,44.3,57.0,4.89,3.39,1.75,2.33,1.58,2026-07-21T13:40:42.922567-05:00,4.69,3.3,1.86,2.35,1.57,4.26,2026-07-22T11:18:18.890697-05:00
2026-07-22,12:00,comp_3498,Omonia Nicosia,Kairat Almaty,1.47,0.705,2.175,53.6,27.3,19.1,37.3,62.7,39.2,1.65,3.87,4.71,2.03,1.79,2026-07-21T13:40:42.928623-05:00,1.65,3.72,4.87,2.04,1.75,0.0,2026-07-22T11:18:18.892172-05:00
2026-07-22,18:30,comp_9799,Philadelphia Union,New York Red Bulls,1.892,1.145,3.037,51.9,24.2,23.9,58.3,41.7,57.8,1.77,4.14,4.06,1.48,2.6,2026-07-21T13:40:42.935278-05:00,1.73,4.33,4.42,1.48,2.6,2.31,2026-07-22T11:18:18.893640-05:00
2026-07-22,18:30,comp_9799,New England Revolution,Toronto FC,1.684,1.487,3.171,41.3,25.2,33.5,61.2,38.8,63.1,1.93,3.77,3.74,1.8,2.03,2026-07-21T13:40:42.943649-05:00,2.06,3.75,3.55,1.75,2.17,-6.31,2026-07-22T11:18:18.895440-05:00
2026-07-22,12:00,comp_1992,Bodø/Glimt,HamKam,2.03,1.435,3.465,49.8,23.0,27.2,67.3,32.7,66.4,1.1,11.49,17.7,1.25,4.0,2026-07-21T13:40:42.953444-05:00,1.07,14.1,23.17,1.22,4.2,2.8,2026-07-22T11:18:18.897042-05:00
2026-07-22,12:00,comp_1992,Lillestrøm SK,Viking FK,1.457,1.625,3.082,35.0,24.7,40.3,59.3,40.7,61.6,3.15,3.68,2.2,1.53,2.4,2026-07-21T13:40:42.959634-05:00,3.16,3.88,2.2,1.5,2.5,-0.32,2026-07-22T11:18:18.898523-05:00
2026-07-22,16:30,comp_1917,Independiente del Valle,Técnico Universitario,1.643,0.596,2.239,59.9,25.3,14.8,39.3,60.7,36.8,1.17,6.85,12.67,1.57,2.35,2026-07-21T13:40:42.966613-05:00,1.2,6.82,12.73,1.57,2.35,-2.5,2026-07-22T11:18:18.899952-05:00
2026-07-22,19:15,comp_9799,Charlotte FC,Atlanta United,1.7,0.94,2.64,52.9,25.7,21.5,49.2,50.8,49.4,1.84,3.75,4.13,1.69,2.19,2026-07-21T13:40:42.972710-05:00,2.1,3.61,3.58,1.77,2.13,-12.38,2026-07-22T11:18:18.901433-05:00
2026-07-22,12:00,comp_408698,Bohemian FC,KF Ballkani,1.427,1.012,2.439,45.9,27.4,26.7,43.4,56.6,47.9,1.75,3.5,3.9,1.96,1.8,2026-07-21T13:40:42.978982-05:00,1.5,4.02,5.4,1.91,1.86,16.67,2026-07-22T11:18:18.903051-05:00
2026-07-22,11:00,comp_408698,Neftçi Baku PFK,Dinamo Minsk,1.005,0.705,1.71,40.6,33.6,25.8,24.0,76.0,32.0,2.0,3.2,3.4,2.21,1.61,2026-07-21T13:40:42.985595-05:00,,,,,,,
2026-07-22,19:30,comp_9799,Houston Dynamo,DC United,1.912,1.302,3.214,49.4,24.4,26.2,62.5,37.5,61.9,1.8,3.78,4.29,1.79,2.05,2026-07-21T13:40:42.991706-05:00,1.81,3.85,4.48,1.8,2.09,-0.55,2026-07-22T11:18:18.904901-05:00
2026-07-22,19:30,comp_9799,Sporting Kansas City,Minnesota United,1.223,1.944,3.167,25.1,24.3,50.7,61.3,38.7,60.9,3.69,3.88,1.91,1.5,2.5,2026-07-21T13:40:42.998952-05:00,3.44,4.0,2.02,1.53,2.4,7.27,2026-07-22T11:18:18.906388-05:00
2026-07-22,20:30,comp_9799,Colorado Rapids,San Diego FC,1.536,1.84,3.376,33.1,24.7,42.2,64.9,35.1,65.4,2.09,4.0,3.1,1.4,2.88,2026-07-21T13:40:43.005184-05:00,2.03,4.0,3.42,1.48,2.6,2.96,2026-07-22T11:18:18.907913-05:00
2026-07-22,21:30,comp_9799,Portland Timbers,FC Dallas,1.452,1.716,3.168,33.5,25.0,41.5,61.3,38.7,62.9,2.38,3.73,2.76,1.5,2.5,2026-07-21T13:40:43.012999-05:00,2.32,3.88,2.9,1.5,2.5,2.59,2026-07-22T11:18:18.909398-05:00
2026-07-22,21:30,comp_9799,San Jose Earthquakes,Orlando City SC,2.336,1.457,3.793,53.5,22.4,24.1,73.3,26.7,69.7,1.53,4.98,4.91,1.33,3.4,2026-07-21T13:40:43.019907-05:00,1.59,4.94,4.81,1.29,3.3,-3.77,2026-07-22T11:18:18.910854-05:00
2026-07-22,21:30,comp_9799,LA Galaxy,St.Louis City,2.036,1.488,3.524,48.2,23.5,28.4,68.4,31.6,67.2,1.95,3.7,3.5,1.57,2.35,2026-07-21T13:40:43.026552-05:00,2.0,3.75,3.4,1.57,2.35,-2.5,2026-07-22T11:18:18.912430-05:00
2026-07-22,21:30,comp_9799,Los Angeles FC,Real Salt Lake,2.338,1.023,3.361,62.3,21.1,16.6,66.0,34.0,57.9,1.72,4.15,4.31,1.5,2.4,2026-07-21T13:40:43.033295-05:00,1.69,4.36,4.6,1.45,2.55,1.78,2026-07-22T11:18:18.913918-05:00
2026-07-22,14:00,comp_408698,FK Železničar Pančevo,Sporting Braga,0.836,0.691,1.527,35.4,36.7,28.0,19.2,80.8,28.4,7.0,4.33,1.36,1.67,2.11,2026-07-21T13:40:43.040949-05:00,7.5,5.25,1.27,1.44,2.62,-6.67,2026-07-22T11:18:18.915369-05:00
2026-07-22,13:30,comp_408698,FC Spartak Trnava,FC CSKA 1948 Sofia,1.391,0.92,2.311,46.8,28.2,25.0,41.1,58.9,45.2,2.2,3.2,3.0,2.1,1.67,2026-07-21T13:40:43.048607-05:00,2.25,3.1,2.88,2.15,1.67,-2.22,2026-07-22T11:18:18.916839-05:00
2026-07-22,13:00,comp_408698,FK Vardar Skopje,Riga FC,1.485,1.46,2.945,38.3,25.5,36.3,56.5,43.5,59.8,2.7,3.4,2.2,1.7,2.06,2026-07-21T13:40:43.056975-05:00,2.88,3.5,2.05,1.67,2.15,-6.25,2026-07-22T11:18:18.918644-05:00
2026-07-22,12:45,comp_408698,Başakşehir FK,Inter Turku,1.59,1.085,2.675,48.6,25.2,26.2,50.5,49.5,52.3,1.22,7.0,11.0,1.6,2.3,2026-07-21T13:40:43.066439-05:00,1.2,7.5,10.0,1.4,2.75,1.67,2026-07-22T11:18:18.920484-05:00
2026-07-22,19:30,comp_9799,Austin FC,Seattle Sounders FC,1.695,2.219,3.914,30.5,22.8,46.7,75.2,24.8,73.1,3.36,3.67,2.08,1.67,2.23,2026-07-21T13:40:43.076183-05:00,3.11,3.61,2.3,1.75,2.17,8.04,2026-07-22T11:18:18.922034-05:00
2026-07-22,19:30,comp_9799,Nashville SC,CF Montréal,2.242,1.589,3.831,49.8,22.8,27.4,73.5,26.5,71.4,1.49,4.49,6.19,1.65,2.27,2026-07-21T13:40:43.084421-05:00,1.52,4.55,6.17,1.6,2.3,-1.97,2026-07-22T11:18:18.923702-05:00
2026-07-22,18:30,comp_9799,FC Cincinnati,Vancouver Whitecaps,1.282,2.192,3.474,22.9,22.5,54.5,67.9,32.1,64.4,3.95,4.22,1.77,1.4,2.88,2026-07-21T13:40:43.099872-05:00,3.88,4.23,1.85,1.36,3.1,1.8,2026-07-22T11:18:18.925351-05:00
2026-07-22,17:30,comp_4795,Coritiba,Palmeiras,1.322,1.728,3.05,30.5,25.0,44.4,58.5,41.5,60.5,4.27,3.35,1.95,2.18,1.71,2026-07-21T13:40:43.111032-05:00,4.27,3.2,2.08,2.39,1.64,0.0,2026-07-22T11:18:18.926827-05:00
2026-07-22,19:30,comp_1615,Club Sporting Cristal,Red Bull Bragantino,1.86,0.94,2.8,54.8,25.4,19.8,53.0,47.0,51.3,3.33,3.38,2.12,1.98,1.81,2026-07-21T13:40:43.119553-05:00,3.46,3.34,2.16,2.01,1.83,-3.76,2026-07-22T11:18:18.928356-05:00
2026-07-22,19:30,comp_1615,Lanús,Cienciano,1.086,0.911,1.997,37.7,33.4,28.9,32.4,67.6,39.8,1.31,5.02,8.65,1.79,2.01,2026-07-21T13:40:43.131130-05:00,1.35,4.78,9.29,1.85,1.99,-2.96,2026-07-22T11:18:18.929793-05:00
2026-07-22,19:30,comp_4795,São Paulo,Athletico,1.251,0.838,2.089,43.6,31.0,25.4,34.5,65.5,40.1,2.01,3.27,4.13,2.25,1.67,2026-07-21T13:40:43.146128-05:00,2.04,3.26,4.33,2.32,1.67,-1.47,2026-07-22T11:18:18.931192-05:00
2026-07-22,17:00,comp_1615,Independiente Medellín,Vasco da Gama,1.359,1.54,2.899,32.6,27.4,40.0,55.3,44.7,58.5,2.28,3.13,3.25,2.12,1.68,2026-07-21T13:40:43.156630-05:00,2.38,3.08,3.27,2.19,1.68,-4.2,2026-07-22T11:18:18.932614-05:00
2026-07-22,19:30,comp_4795,Internacional,Cruzeiro,1.05,1.538,2.588,26.1,27.5,46.4,47.4,52.6,51.4,2.25,3.31,3.36,2.07,1.79,2026-07-21T13:40:43.165299-05:00,2.37,3.34,3.27,2.1,1.81,-5.06,2026-07-22T11:18:18.934046-05:00
2026-07-22,19:30,comp_4795,Chapecoense,Flamengo,0.742,1.742,2.484,17.1,24.9,57.9,44.7,55.3,43.3,7.25,4.46,1.45,1.87,1.99,2026-07-21T13:40:43.175666-05:00,8.03,4.5,1.46,1.91,1.99,-9.71,2026-07-22T11:18:18.935565-05:00
2026-07-23,14:15,comp_408698,Valur Reykjavík,HŠK Zrinjski Mostar,1.665,1.101,2.766,49.3,25.5,25.2,51.9,48.1,54.0,2.05,3.3,3.1,1.84,1.92,2026-07-21T13:40:43.184308-05:00,2.61,3.4,2.42,1.81,1.99,-21.46,2026-07-23T06:18:30.661099-05:00
2026-07-23,13:00,comp_408698,Polissya Zhytomyr,FC København,1.669,1.451,3.12,42.0,25.4,32.7,59.8,40.2,62.3,3.8,4.0,1.67,1.7,2.1,2026-07-21T13:40:43.193238-05:00,3.8,4.0,1.67,1.7,2.1,0.0,2026-07-23T06:18:30.662915-05:00
2026-07-23,13:00,comp_408698,NK Aluminij Kidričevo,Dinamo City,1.079,0.826,1.905,40.4,31.4,28.2,29.8,70.2,37.0,2.7,3.4,2.25,1.92,1.83,2026-07-21T13:40:43.202843-05:00,2.64,3.31,2.44,2.04,1.74,2.27,2026-07-23T06:18:30.664625-05:00
2026-07-23,13:00,comp_408698,FK Vojvodina,AFC Ajax,1.555,0.768,2.323,54.2,26.6,19.2,41.0,59.0,42.2,4.33,4.1,1.57,1.83,1.93,2026-07-21T13:40:43.211480-05:00,5.92,4.41,1.5,1.76,2.08,-26.86,2026-07-23T06:18:30.666295-05:00
2026-07-23,13:00,comp_408698,NK Varaždin,FK Jablonec,1.081,0.938,2.019,38.5,30.1,31.4,32.5,67.5,40.0,2.55,3.5,2.3,1.86,1.89,2026-07-21T13:40:43.221208-05:00,2.69,3.21,2.54,1.96,1.86,-5.2,2026-07-23T06:18:30.667898-05:00
2026-07-23,13:30,comp_408698,FC Lugano,Dukagjini,1.19,1.1,2.29,37.5,28.9,33.5,39.5,60.5,46.0,1.17,6.0,21.0,1.7,2.1,2026-07-21T13:40:43.229163-05:00,1.12,6.69,13.36,1.67,2.15,4.46,2026-07-23T06:18:30.669495-05:00
2026-07-23,13:30,comp_408698,Hapoel Tel Aviv,Ludogorets,1.006,0.707,1.713,40.7,33.1,26.1,24.3,75.7,31.9,2.8,3.2,2.25,2.25,1.57,2026-07-21T13:40:43.237918-05:00,3.37,3.07,2.2,2.38,1.53,-16.91,2026-07-23T06:18:30.671210-05:00
2026-07-23,13:30,comp_408698,LNZ Cherkasy,KAA Gent,0.836,0.691,1.527,35.4,36.7,28.0,19.2,80.8,28.4,3.5,3.4,1.85,2.27,1.62,2026-07-21T13:40:43.246332-05:00,4.26,3.26,1.91,2.24,1.66,-17.84,2026-07-23T06:18:30.672794-05:00
2026-07-23,13:30,comp_408698,FK Borac Banja Luka,FC Petrocub Hîncesti,1.737,1.228,2.965,48.0,25.2,26.8,56.5,43.5,58.3,1.4,4.33,6.25,1.5,2.5,2026-07-21T13:40:43.280045-05:00,1.4,4.74,5.91,1.57,2.35,0.0,2026-07-23T06:18:30.674379-05:00
2026-07-23,13:45,comp_408698,HNK Rijeka,Derry City,0.998,0.628,1.626,42.3,34.3,23.5,22.1,77.9,29.6,1.17,6.0,13.0,1.67,2.15,2026-07-21T13:40:43.286977-05:00,1.08,9.95,23.8,1.53,2.38,8.33,2026-07-23T06:18:30.675938-05:00
2026-07-23,17:30,comp_4795,Corinthians,Remo,1.623,1.039,2.662,49.0,26.6,24.3,49.4,50.6,51.2,1.51,4.17,6.66,1.98,1.87,2026-07-21T13:40:43.293847-05:00,1.51,4.25,7.03,2.02,1.88,0.0,2026-07-23T06:18:30.677523-05:00
2026-07-23,13:45,comp_408698,Shelbourne,Nõmme Kalju,0.951,1.08,2.031,31.5,30.9,37.6,33.2,66.8,40.5,1.4,4.2,6.0,1.91,1.85,2026-07-21T13:40:43.300628-05:00,1.4,4.09,7.65,2.05,1.74,0.0,2026-07-23T06:18:30.679087-05:00
2026-07-23,13:45,comp_408698,Motherwell,HB Tórshavn,1.485,0.898,2.383,50.3,26.2,23.5,42.1,57.9,45.0,1.18,7.0,12.0,1.44,2.62,2026-07-21T13:40:43.307283-05:00,1.07,11.06,19.73,1.5,2.5,10.28,2026-07-23T06:18:30.680651-05:00
2026-07-23,13:45,comp_408698,NK Bravo,KF Shkëndija,0.999,0.758,1.757,39.4,33.0,27.6,25.8,74.2,33.6,1.75,3.5,3.9,1.75,1.99,2026-07-21T13:40:43.315720-05:00,1.84,3.58,3.71,1.76,2.01,-4.89,2026-07-23T06:18:30.682200-05:00
2026-07-23,13:45,comp_408698,NSÍ Runavík,FC Koper,2.13,1.217,3.347,56.0,21.7,22.3,65.0,35.0,62.0,3.5,3.5,1.83,1.79,1.97,2026-07-21T13:40:43.323239-05:00,2.74,3.49,2.27,1.84,1.95,27.74,2026-07-23T06:18:30.683753-05:00
2026-07-23,14:00,comp_408698,FK Partizan,Una Strassen,1.36,0.891,2.251,46.8,28.5,24.7,38.7,61.3,43.7,1.25,6.5,7.5,1.5,2.5,2026-07-21T13:40:43.331642-05:00,1.09,7.73,12.75,1.53,2.38,14.68,2026-07-23T06:18:30.685317-05:00
2026-07-23,14:00,comp_408698,Stjarnan Garðabær,Ilves,1.843,1.404,3.247,46.4,23.9,29.7,63.6,36.4,64.1,2.15,3.7,2.7,1.53,2.38,2026-07-21T13:40:43.339238-05:00,2.65,3.99,2.29,1.44,2.62,-18.87,2026-07-23T06:18:30.686883-05:00
2026-07-23,17:30,comp_4795,Botafogo,Vitória,2.248,0.906,3.154,64.1,20.7,15.2,61.2,38.8,53.1,1.76,3.48,5.23,1.83,2.03,2026-07-21T13:40:43.348532-05:00,1.75,3.57,5.41,1.9,1.99,0.57,2026-07-23T06:18:30.688447-05:00
2026-07-23,13:00,comp_408698,Paksi FC,Panathinaikos,1.374,1.033,2.407,44.6,27.4,28.0,43.7,56.3,47.7,4.75,4.1,1.53,1.67,2.15,2026-07-21T13:40:43.356081-05:00,4.36,4.38,1.65,1.67,2.23,8.94,2026-07-23T06:18:30.690017-05:00
2026-07-23,12:30,comp_408698,FC Vaduz,Atlètic Club Escaldes,1.133,1.177,2.31,34.6,29.0,36.4,40.0,60.0,46.9,1.42,4.1,6.5,1.5,2.5,2026-07-21T13:40:43.379842-05:00,1.28,5.1,8.22,1.63,2.19,10.94,2026-07-23T06:18:30.691581-05:00
2026-07-23,12:00,comp_408698,FC Santa Coloma,SK Rapid Wien,1.771,1.098,2.869,52.0,24.1,23.9,54.8,45.2,55.1,9.0,5.5,1.22,1.44,2.62,2026-07-21T13:40:43.387645-05:00,11.87,6.76,1.16,1.44,2.62,-24.18,2026-07-23T06:18:30.693136-05:00
2026-07-23,08:00,comp_408698,KuPS,Riga FC,1.228,1.162,2.39,37.7,28.5,33.7,42.6,57.4,48.3,,,,,,2026-07-21T13:40:43.395611-05:00,,,,,,,2026-07-23T11:29:20.794055-05:00
2026-07-23,09:30,comp_408698,FC Malisheva,Hibernian,1.673,1.264,2.937,46.6,24.4,29.0,56.2,43.8,57.8,4.33,4.0,1.57,1.84,1.92,2026-07-21T13:40:43.403017-05:00,5.44,4.21,1.49,1.7,2.1,-20.4,2026-07-23T06:18:30.696280-05:00
2026-07-23,10:00,comp_408698,FK Liepaja,Austria Wien,1.425,1.339,2.764,39.1,25.9,34.9,52.1,47.9,55.6,6.0,4.75,1.38,1.76,1.98,2026-07-21T13:40:43.411664-05:00,8.38,5.06,1.29,1.75,2.03,-28.4,2026-07-23T06:18:30.697818-05:00
2026-07-23,10:00,comp_408698,FC Alashkert,CFR 1907 Cluj,1.747,1.177,2.924,49.4,24.7,25.8,55.8,44.2,56.8,3.4,3.25,1.95,2.27,1.58,2026-07-21T13:40:43.419274-05:00,3.64,3.06,2.04,2.35,1.57,-6.59,2026-07-23T06:18:30.699405-05:00
2026-07-23,10:30,comp_408698,FK Panevėžys,FC Tobol,0.836,0.691,1.527,35.4,36.7,28.0,19.2,80.8,28.4,3.2,3.4,1.95,2.22,1.61,2026-07-21T13:40:43.429087-05:00,3.18,3.33,2.09,2.27,1.6,0.63,2026-07-23T06:18:30.700917-05:00
2026-07-23,11:00,comp_408698,HJK,Coleraine FC,1.078,0.884,1.962,39.3,31.2,29.5,31.0,69.0,38.6,1.4,4.75,5.5,1.57,2.35,2026-07-21T13:40:43.436952-05:00,1.29,5.89,8.64,1.5,2.5,8.53,2026-07-23T06:18:30.702486-05:00
2026-07-23,11:00,comp_408698,Debreceni VSC,Pyunik Yerevan,1.02,0.976,1.996,35.3,31.4,33.2,32.1,67.9,39.7,1.73,3.6,4.0,1.99,1.77,2026-07-21T13:40:43.444412-05:00,1.78,3.48,4.35,2.03,1.77,-2.81,2026-07-23T06:18:30.704033-05:00
2026-07-23,11:00,comp_408698,Flora Tallinn,The New Saints,1.619,1.044,2.663,49.9,24.9,25.2,49.6,50.4,51.1,2.15,3.4,2.8,1.72,2.03,2026-07-21T13:40:43.455417-05:00,2.17,3.6,2.84,1.68,2.14,-0.92,2026-07-23T06:18:30.705578-05:00
2026-07-23,11:00,comp_408698,FC Dila Gori,Apollon Limassol,1.158,0.966,2.124,39.6,30.1,30.4,35.7,64.3,42.6,3.4,3.25,2.0,2.16,1.64,2026-07-21T13:40:43.464076-05:00,4.22,3.19,1.85,2.21,1.63,-19.43,2026-07-23T06:18:30.707159-05:00
2026-07-23,12:45,comp_408698,FCSB,FK Auda,0.99,0.958,1.948,34.5,31.9,33.6,31.1,68.9,39.1,1.25,4.75,10.0,1.66,2.12,2026-07-21T13:40:43.472925-05:00,1.09,7.63,17.7,1.57,2.35,14.68,2026-07-23T06:18:30.708691-05:00
2026-07-23,11:00,comp_408698,Paide Linnameeskond,Zirə FK,1.232,1.403,2.635,32.9,26.9,40.2,48.8,51.2,53.7,11.0,4.33,1.3,1.74,2.01,2026-07-21T13:40:43.481076-05:00,6.83,4.86,1.35,1.98,1.81,61.05,2026-07-23T06:18:30.710280-05:00
2026-07-23,11:30,comp_408698,DAC 1904,FK Velež Mostar,0.993,0.872,1.865,36.9,32.2,30.9,28.1,71.9,36.3,,,,1.67,2.11,2026-07-21T13:40:43.490298-05:00,1.15,6.11,12.39,1.62,2.12,,2026-07-23T06:18:30.711810-05:00
2026-07-23,11:30,comp_408698,AEK Larnaca,Beitar Jerusalem,1.478,0.897,2.375,50.3,26.5,23.3,42.0,58.0,45.4,1.85,3.5,3.5,2.13,1.7,2026-07-21T13:40:43.499320-05:00,2.09,3.14,3.55,2.16,1.69,-11.48,2026-07-23T06:18:30.713398-05:00
2026-07-23,11:30,comp_408698,RFS,IF Vestri,1.019,0.988,2.007,35.2,31.2,33.7,32.8,67.2,40.1,1.03,12.99,31.04,1.29,3.6,2026-07-21T13:40:43.507812-05:00,1.04,12.74,26.91,1.25,4.0,-0.96,2026-07-23T06:18:30.714957-05:00
2026-07-23,12:00,comp_408698,GAIS,FC Nordsjælland,1.291,0.853,2.144,46.5,28.7,24.8,36.3,63.7,41.1,2.9,3.4,2.1,1.88,1.92,2026-07-21T13:40:43.518830-05:00,2.6,3.5,2.25,1.95,1.9,11.54,2026-07-23T06:18:30.716527-05:00
2026-07-23,12:00,comp_408698,FC Zimbru Chişinău,FC Noah,1.412,1.296,2.708,39.6,27.1,33.4,50.7,49.3,54.9,4.75,3.8,1.57,1.76,1.98,2026-07-21T13:40:43.527217-05:00,4.3,3.62,1.71,1.91,1.88,10.47,2026-07-23T06:18:30.718082-05:00
2026-07-23,12:00,comp_408698,ML Vitebsk,FK Sutjeska Nikšić,1.684,1.201,2.885,47.9,25.0,27.1,55.0,45.0,56.6,1.73,3.6,4.0,2.01,1.74,2026-07-21T13:40:43.536225-05:00,1.69,3.71,4.3,2.0,1.8,2.37,2026-07-23T06:18:30.719712-05:00
2026-07-23,12:00,comp_408698,FC Universitatea Cluj,SK Brann,1.37,1.31,2.68,38.6,26.6,34.8,50.5,49.5,54.2,2.62,3.2,2.4,2.03,1.76,2026-07-21T13:40:43.544565-05:00,3.73,3.31,2.02,2.06,1.77,-29.76,2026-07-23T06:18:30.721289-05:00
2026-07-23,12:00,comp_408698,BATE Borisov,FC Sion,0.995,0.822,1.817,38.0,32.9,29.1,27.3,72.7,35.4,11.0,5.5,1.2,1.65,2.13,2026-07-21T13:40:43.555840-05:00,10.83,5.77,1.21,1.61,2.25,1.57,2026-07-23T06:18:30.722870-05:00
2026-07-23,12:00,comp_408698,Dinamo Tbilisi,FK Žalgiris,1.326,1.098,2.424,41.6,27.8,30.6,44.0,56.0,48.8,1.83,3.3,3.7,2.26,1.58,2026-07-21T13:40:43.567202-05:00,2.1,3.13,3.39,2.25,1.61,-12.86,2026-07-23T06:18:30.724444-05:00
2026-07-23,11:30,comp_408698,Raków Częstochowa,Valletta FC,1.209,0.633,1.842,48.7,30.7,20.5,28.3,71.7,33.3,1.11,8.0,17.0,1.5,2.5,2026-07-21T13:40:43.579098-05:00,1.07,10.21,20.39,1.5,2.5,3.74,2026-07-23T06:18:30.725994-05:00
2026-07-23,13:30,comp_408698,MŠK Žilina,GKS Katowice,1.081,0.987,2.068,37.0,30.4,32.7,34.1,65.9,41.4,2.7,3.4,2.25,1.8,1.96,2026-07-21T15:43:27.410353-05:00,2.52,3.58,2.58,1.85,2.01,7.14,2026-07-23T06:18:30.727566-05:00
2026-07-23,16:30,comp_1917,Orense SC,Aucas,1.318,1.301,2.619,37.6,26.8,35.6,48.7,51.3,53.0,2.61,3.04,2.84,2.22,1.64,2026-07-21T15:43:27.556783-05:00,2.51,3.11,3.03,2.24,1.66,3.98,2026-07-23T06:18:30.729117-05:00
2026-07-23,19:00,comp_1917,Emelec,Mushuc Runa,1.194,0.994,2.188,39.8,29.9,30.3,37.3,62.7,44.0,1.83,3.63,4.03,2.11,1.7,2026-07-21T15:43:27.588857-05:00,1.81,3.67,4.26,2.13,1.72,1.1,2026-07-23T06:18:30.730694-05:00
2026-07-23,16:30,comp_1917,Leones del Norte,Guayaquil City,1.086,0.834,1.92,40.3,32.0,27.8,29.7,70.3,37.4,1.8,3.32,4.68,2.5,1.5,2026-07-21T15:43:27.941911-05:00,1.76,3.49,5.07,2.38,1.53,2.27,2026-07-23T06:18:30.732295-05:00
2026-07-23,17:00,comp_1615,Bolívar,Grêmio,1.094,0.841,1.935,38.8,33.8,27.4,30.4,69.6,37.7,1.6,4.16,4.82,1.72,2.06,2026-07-21T15:43:27.983445-05:00,1.57,3.96,5.06,1.88,1.88,1.91,2026-07-23T06:18:30.733869-05:00
2026-07-23,19:30,comp_1615,Boca Juniors,O'Higgins,1.458,0.774,2.232,49.5,30.0,20.5,38.7,61.3,41.2,1.26,5.28,11.11,1.85,1.93,2026-07-21T15:43:28.015749-05:00,1.24,5.49,13.45,1.82,2.01,1.61,2026-07-23T06:18:30.735448-05:00
2026-07-23,19:30,comp_1615,Independiente Santa Fe,Caracas F.C.,1.219,1.079,2.298,37.2,31.9,30.9,40.4,59.6,46.2,1.43,4.05,7.82,2.26,1.61,2026-07-21T15:43:28.048141-05:00,1.36,4.48,9.39,2.15,1.69,5.15,2026-07-23T06:18:30.737069-05:00
2026-07-23,19:45,comp_4540,Defensa y Justicia,Aldosivi,1.178,0.773,1.951,44.1,30.7,25.2,30.4,69.6,37.2,1.89,3.2,4.71,2.7,1.44,2026-07-21T15:43:28.089312-05:00,1.91,3.25,4.77,2.6,1.48,-1.05,2026-07-23T06:18:30.738628-05:00
2026-07-23,17:30,comp_4540,Sarmiento,Argentinos Juniors,0.74,0.937,1.677,27.6,34.4,38.0,23.6,76.4,32.1,4.7,3.03,1.96,3.1,1.36,2026-07-21T15:43:28.121361-05:00,4.7,2.95,2.05,3.1,1.36,0.0,2026-07-23T06:18:30.740192-05:00
2026-07-23,17:30,comp_4540,Belgrano,Rosario Central,0.569,0.862,1.431,23.3,36.8,39.9,17.3,82.7,25.0,2.53,2.79,3.38,2.88,1.36,2026-07-21T15:43:28.154460-05:00,2.87,2.66,3.18,3.1,1.36,-11.85,2026-07-23T06:18:30.741745-05:00
2026-07-24,18:10,comp_720692,Llaneros FC,Deportivo Pereira,1.821,0.663,2.484,62.9,22.5,14.6,45.5,54.5,40.3,1.6,3.61,6.02,2.25,1.63,2026-07-22T11:18:36.175096-05:00,1.65,3.6,5.82,2.3,1.63,-3.03,2026-07-24T01:55:24.258537-05:00
2026-07-24,12:00,comp_7938,Viborg FF,Odense Boldklub,2.181,1.438,3.619,52.8,21.5,25.6,70.3,29.7,68.0,1.85,3.7,3.6,1.6,2.2,2026-07-22T11:18:36.181875-05:00,1.85,3.7,3.5,1.6,2.2,0.0,2026-07-24T01:55:24.260658-05:00
2026-07-24,17:00,comp_4540,Racing Club,Gimnasia y Esgrima,1.278,0.874,2.152,45.4,28.9,25.7,36.5,63.5,41.6,1.81,3.35,4.96,2.5,1.5,2026-07-22T11:18:36.187897-05:00,1.82,3.35,5.15,2.6,1.48,-0.55,2026-07-24T01:55:24.262650-05:00
2026-07-24,19:15,comp_4540,Platense,Club Atlético Unión de Santa Fe,1.057,1.125,2.182,34.1,29.3,36.6,36.7,63.3,43.3,2.87,2.73,2.99,3.1,1.36,2026-07-22T11:18:36.193844-05:00,2.86,2.78,3.05,3.1,1.36,0.35,2026-07-24T01:55:24.264596-05:00
2026-07-24,21:00,comp_298265,Club Tijuana,Club León,2.147,0.892,3.039,63.2,21.1,15.7,58.8,41.2,52.2,2.05,3.78,3.35,1.65,2.27,2026-07-22T11:18:36.199794-05:00,1.95,3.92,3.64,1.61,2.25,5.13,2026-07-24T01:55:24.266776-05:00
2026-07-24,17:00,comp_4540,Vélez Sarsfield,Instituto De Córdoba,1.397,0.522,1.919,56.6,27.8,15.6,30.6,69.4,30.9,2.16,2.98,3.97,2.88,1.4,2026-07-22T11:18:36.205590-05:00,2.21,2.88,4.18,2.7,1.44,-2.26,2026-07-24T01:55:24.268855-05:00
2026-07-24,19:15,comp_4540,Huracán,Banfield,1.095,0.879,1.974,39.7,31.1,29.2,31.9,68.1,39.2,1.93,3.02,4.96,3.1,1.36,2026-07-22T11:18:36.211395-05:00,1.94,3.05,5.05,3.1,1.36,-0.52,2026-07-24T01:55:24.271270-05:00
2026-07-24,14:45,comp_4540,Gimnasia y Esgrima Mendoza,Central Córdoba,0.863,1.275,2.138,26.0,29.1,44.8,36.1,63.9,41.5,1.76,3.35,5.33,2.88,1.4,2026-07-22T11:18:36.217243-05:00,1.85,3.25,5.2,2.88,1.4,-4.86,2026-07-24T01:55:24.273240-05:00
2026-07-24,15:00,comp_6981,Alianza Atlético de Sullana,Los Chankas CYC,1.543,0.944,2.487,48.7,28.0,23.2,45.0,55.0,47.3,1.72,3.53,4.49,1.94,1.85,2026-07-22T11:18:36.222985-05:00,1.68,3.7,4.69,1.89,1.91,2.38,2026-07-24T01:55:24.275179-05:00
2026-07-24,20:30,comp_6981,Universitario,Cusco FC,1.673,0.899,2.572,52.4,27.1,20.5,47.3,52.7,47.7,1.45,4.35,6.32,1.74,2.06,2026-07-22T11:18:36.228371-05:00,1.45,4.35,6.32,1.74,2.06,0.0,2026-07-24T01:55:24.277167-05:00
2026-07-24,20:15,comp_720692,Deportivo Cali,Jaguares de Córdoba,1.788,0.697,2.485,61.0,23.5,15.4,45.2,54.8,41.6,1.53,3.78,6.73,2.17,1.68,2026-07-22T11:18:36.234094-05:00,1.53,3.82,7.12,2.26,1.66,0.0,2026-07-24T01:55:24.279007-05:00
2026-07-24,21:00,comp_298265,Atlante FC,Club América,1.384,1.524,2.908,35.6,25.1,39.4,55.9,44.1,58.5,4.61,3.81,1.74,1.85,1.99,2026-07-22T11:18:36.240100-05:00,5.29,4.06,1.65,1.84,2.04,-12.85,2026-07-24T01:55:24.280861-05:00
2026-07-25,10:30,comp_6981,Sport Boys,Asociación Deportiva Tarma,1.352,1.093,2.445,41.2,28.9,29.9,44.1,55.9,48.8,1.8,3.52,4.21,1.93,1.88,2026-07-23T06:18:49.532002-05:00,1.68,3.76,4.65,1.83,1.97,7.14,2026-07-25T06:20:37.239114-05:00
2026-07-25,13:00,comp_6981,Sport Huancayo,Club Atlético Grau,2.306,1.164,3.47,58.7,21.7,19.6,67.0,33.0,61.9,1.68,3.59,4.86,2.03,1.79,2026-07-23T06:18:49.539425-05:00,1.68,3.59,4.87,2.02,1.8,0.0,2026-07-25T06:20:37.241301-05:00
2026-07-25,17:30,comp_9799,New York Red Bulls,Charlotte FC,1.24,1.324,2.564,34.1,28.6,37.2,47.3,52.7,52.2,2.21,3.75,3.02,1.53,2.4,2026-07-23T06:18:49.545880-05:00,2.24,3.95,3.0,1.4,2.88,-1.34,2026-07-25T06:20:37.243347-05:00
2026-07-25,22:00,comp_298265,Tigres UANL,Atlético San Luis,2.357,1.018,3.375,64.6,19.4,16.0,65.7,34.3,57.6,1.4,5.08,6.73,1.61,2.25,2026-07-23T06:18:49.552291-05:00,1.43,4.99,6.95,1.61,2.25,-2.1,2026-07-25T06:20:37.245316-05:00
2026-07-25,18:07,comp_298265,CD Guadalajara,FC Juárez,1.9,1.193,3.093,52.1,23.4,24.5,59.5,40.5,59.3,1.44,4.99,6.2,1.6,2.3,2026-07-23T06:18:49.558656-05:00,1.43,5.21,6.45,1.6,2.3,0.7,2026-07-25T06:20:37.247278-05:00
2026-07-25,19:00,comp_1917,Técnico Universitario,Manta FC,1.283,1.076,2.359,41.0,28.2,30.8,42.1,57.9,47.5,1.67,3.44,5.46,2.5,1.5,2026-07-23T06:18:49.564991-05:00,1.68,3.43,5.74,2.4,1.53,-0.6,2026-07-25T06:20:37.249202-05:00
2026-07-25,18:15,comp_9799,Columbus Crew,FC Cincinnati,1.81,1.211,3.021,49.4,24.3,26.3,57.4,42.6,58.5,1.76,4.28,3.99,1.4,2.88,2026-07-23T06:18:49.571394-05:00,2.01,4.14,3.31,1.4,2.88,-12.44,2026-07-25T06:20:37.251163-05:00
2026-07-25,15:15,comp_6981,ADC Juan Pablo II,Cienciano,1.16,1.201,2.361,34.3,29.9,35.9,41.9,58.1,48.1,3.0,3.4,2.25,1.7,2.1,2026-07-23T06:18:49.577857-05:00,3.0,3.4,2.25,1.7,2.1,0.0,2026-07-25T06:20:37.253090-05:00
2026-07-25,22:00,comp_298265,Santos Laguna,Atlas FC,1.77,1.133,2.903,51.1,24.4,24.5,54.9,45.1,55.6,2.59,3.29,2.78,1.88,1.95,2026-07-23T06:18:49.584261-05:00,2.61,3.34,2.81,1.89,1.98,-0.77,2026-07-25T06:20:37.254965-05:00
2026-07-25,20:00,comp_6981,Melgar,Club Sporting Cristal,1.384,1.137,2.521,41.0,29.1,29.8,46.3,53.7,50.4,1.69,3.88,4.38,1.7,2.11,2026-07-23T06:18:49.590518-05:00,1.69,3.84,4.39,1.68,2.15,0.0,2026-07-25T06:20:37.256851-05:00
2026-07-25,09:00,comp_1992,Kristiansund BK,IK Start,1.879,1.299,3.178,49.1,23.9,27.0,61.8,38.2,61.5,2.21,3.6,3.18,1.74,2.13,2026-07-23T06:18:49.596904-05:00,2.19,3.69,3.33,1.79,2.13,0.91,2026-07-25T06:20:37.258727-05:00
2026-07-25,16:30,comp_4795,Athletico,Internacional,2.002,0.937,2.939,58.8,22.7,18.5,56.3,43.7,52.2,2.02,3.37,3.94,2.27,1.66,2026-07-23T06:18:49.603390-05:00,2.03,3.4,4.16,2.35,1.66,-0.49,2026-07-25T06:20:37.260582-05:00
2026-07-25,18:30,comp_9799,DC United,Toronto FC,1.319,1.427,2.746,34.8,26.9,38.4,51.6,48.4,55.7,2.07,3.69,3.37,1.9,1.93,2026-07-23T06:18:49.609721-05:00,2.2,3.64,3.22,1.87,2.0,-5.91,2026-07-25T06:20:37.262452-05:00
2026-07-25,18:30,comp_9799,New England Revolution,Atlanta United,2.031,1.277,3.308,52.3,23.7,24.0,63.7,36.3,62.6,2.06,3.76,3.33,1.75,2.1,2026-07-23T06:18:49.616173-05:00,2.08,3.63,3.54,1.79,2.08,-0.96,2026-07-25T06:20:37.264305-05:00
2026-07-25,20:15,comp_720692,Deportes Tolima,Junior Barranquilla,1.692,0.77,2.462,57.4,24.6,18.0,44.4,55.6,43.7,2.14,2.86,4.07,2.23,1.65,2026-07-23T06:18:49.622611-05:00,2.16,2.92,4.06,2.24,1.66,-0.93,2026-07-25T06:20:37.266178-05:00
2026-07-25,18:10,comp_720692,Millonarios,Atlético Bucaramanga,1.287,1.062,2.349,41.2,28.6,30.2,41.9,58.1,47.3,1.88,3.24,4.45,2.29,1.61,2026-07-23T06:18:49.628995-05:00,1.89,3.29,4.52,2.29,1.64,-0.53,2026-07-25T06:20:37.268037-05:00
2026-07-25,16:05,comp_720692,Independiente Medellín,Deportivo Pasto,1.462,1.169,2.631,43.1,27.3,29.6,48.9,51.1,53.0,1.73,3.44,5.08,2.1,1.72,2026-07-23T06:18:49.635443-05:00,1.75,3.5,5.22,2.13,1.74,-1.14,2026-07-25T06:20:37.269889-05:00
2026-07-25,18:30,comp_9799,New York City FC,Chicago Fire,2.259,1.491,3.75,51.9,22.5,25.6,72.2,27.8,69.6,2.32,3.72,2.85,1.66,2.25,2026-07-23T06:18:49.641913-05:00,2.56,3.73,2.64,1.61,2.25,-9.38,2026-07-25T06:20:37.271751-05:00
2026-07-25,18:30,comp_9799,CF Montréal,Inter Miami CF,1.778,2.19,3.968,32.2,22.9,44.9,75.7,24.3,73.9,2.96,4.06,2.15,1.4,2.88,2026-07-23T06:18:49.648359-05:00,2.95,4.18,2.17,1.4,2.88,0.34,2026-07-25T06:20:37.273610-05:00
2026-07-25,18:30,comp_9799,Orlando City SC,Nashville SC,2.143,2.106,4.249,39.7,22.3,38.0,79.6,20.4,77.8,3.25,3.68,2.12,1.61,2.25,2026-07-23T06:18:49.654950-05:00,2.98,3.81,2.27,1.53,2.4,9.06,2026-07-25T06:20:37.275453-05:00
2026-07-25,14:00,comp_720692,Boyacá Chicó FC,Atlético Nacional,0.934,1.467,2.401,25.0,27.0,48.0,43.3,56.7,47.3,6.11,3.68,1.58,2.03,1.79,2026-07-23T06:18:49.661401-05:00,6.19,3.71,1.62,2.06,1.79,-1.29,2026-07-25T06:20:37.277295-05:00
2026-07-25,16:30,comp_4795,Santos,Chapecoense,2.087,1.021,3.108,58.8,22.2,19.0,60.2,39.8,55.7,1.43,4.73,7.14,1.69,2.21,2026-07-23T06:18:49.667842-05:00,1.39,4.99,8.74,1.74,2.21,2.88,2026-07-25T06:20:37.279155-05:00
2026-07-25,21:30,comp_9799,San Jose Earthquakes,LA Galaxy,1.909,1.483,3.392,45.8,23.8,30.4,65.8,34.2,66.2,1.85,3.9,3.8,1.44,2.7,2026-07-23T06:18:49.674439-05:00,1.85,4.0,3.8,1.4,2.88,0.0,2026-07-25T06:20:37.280997-05:00
2026-07-25,21:30,comp_9799,Portland Timbers,Real Salt Lake,1.857,1.401,3.258,46.8,24.4,28.8,63.5,36.5,63.9,2.43,3.78,2.67,1.48,2.6,2026-07-23T06:18:49.680901-05:00,2.49,3.88,2.64,1.44,2.7,-2.41,2026-07-25T06:20:37.282861-05:00
2026-07-25,21:30,comp_9799,Los Angeles FC,Sporting Kansas City,2.915,0.798,3.713,74.4,15.2,10.5,72.1,27.9,51.9,1.22,6.86,9.98,1.29,3.3,2026-07-23T06:18:49.687407-05:00,1.24,7.21,9.66,1.29,3.3,-1.61,2026-07-25T06:20:37.284697-05:00
2026-07-25,18:30,comp_4795,Vasco da Gama,Mirassol,1.742,1.452,3.194,43.6,24.8,31.6,62.2,37.8,63.0,2.08,3.33,3.8,2.09,1.77,2026-07-23T06:18:49.693951-05:00,2.06,3.38,3.95,2.1,1.79,0.97,2026-07-25T06:20:37.286548-05:00
2026-07-25,19:30,comp_9799,St.Louis City,Colorado Rapids,2.08,1.619,3.699,46.8,22.8,30.4,71.3,28.7,70.3,2.0,4.0,3.32,1.57,2.35,2026-07-23T06:18:49.700533-05:00,1.99,3.95,3.52,1.57,2.35,0.5,2026-07-25T06:20:37.288421-05:00
2026-07-25,19:30,comp_4540,Lanús,San Lorenzo,0.886,0.622,1.508,38.8,36.0,25.2,18.8,81.2,27.3,2.04,2.77,4.96,3.4,1.33,2026-07-23T06:18:49.707110-05:00,2.06,2.95,4.65,3.4,1.33,-0.97,2026-07-25T06:20:37.290287-05:00
2026-07-25,17:15,comp_4540,River Plate,Barracas Central,1.461,0.668,2.129,54.9,27.0,18.1,35.7,64.3,37.1,1.37,4.5,9.55,2.19,1.69,2026-07-23T06:18:49.713740-05:00,1.4,4.44,9.58,2.26,1.68,-2.14,2026-07-25T06:20:37.292220-05:00
2026-07-25,20:30,comp_9799,San Diego FC,FC Dallas,1.787,1.22,3.007,48.5,25.3,26.2,57.8,42.2,58.0,2.1,4.13,3.01,1.44,2.7,2026-07-23T06:18:49.720444-05:00,2.3,3.98,2.83,1.44,2.7,-8.7,2026-07-25T06:20:37.294234-05:00
2026-07-25,12:45,comp_4540,Estudiantes de Río Cuarto,Tigre,0.506,1.265,1.771,16.4,29.7,53.9,26.5,73.5,28.0,3.71,2.91,2.29,3.4,1.33,2026-07-23T06:18:49.727058-05:00,3.67,2.95,2.37,3.4,1.33,1.09,2026-07-25T06:20:37.296266-05:00
2026-07-25,18:30,comp_9799,Philadelphia Union,Seattle Sounders FC,1.677,1.599,3.276,39.7,25.0,35.3,63.8,36.2,65.2,2.15,3.73,3.16,1.61,2.25,2026-07-23T06:18:49.733682-05:00,1.88,3.99,3.83,1.6,2.3,14.36,2026-07-25T06:20:37.298217-05:00
2026-07-25,15:00,comp_4540,Newell's Old Boys,Talleres,0.773,0.9,1.673,29.4,34.8,35.8,23.3,76.7,32.1,2.92,2.84,2.82,2.7,1.44,2026-07-23T06:18:49.740458-05:00,2.85,2.89,2.97,2.7,1.44,2.46,2026-07-25T06:20:37.300201-05:00
2026-07-25,11:00,comp_7938,AGF,Brøndby IF,1.607,1.108,2.715,47.6,25.3,27.0,51.2,48.8,52.8,2.28,3.62,2.98,1.71,2.15,2026-07-23T06:18:49.747243-05:00,2.27,3.72,3.04,1.7,2.21,0.44,2026-07-25T06:20:37.302167-05:00
2026-07-25,19:30,comp_9799,Houston Dynamo,Austin FC,2.188,1.725,3.913,46.4,22.7,30.9,75.2,24.8,73.3,1.71,4.02,4.52,1.72,2.15,2026-07-23T06:18:49.754032-05:00,1.72,4.0,4.72,1.83,2.05,-0.58,2026-07-25T06:20:37.304162-05:00
2026-07-25,19:30,comp_9799,Minnesota United,Vancouver Whitecaps,1.547,1.796,3.343,34.1,24.5,41.4,64.3,35.7,65.1,3.72,3.85,1.91,1.61,2.25,2026-07-23T06:18:49.760773-05:00,3.7,3.98,1.93,1.57,2.35,0.54,2026-07-25T06:20:37.306176-05:00
2026-07-26,14:00,comp_4795,Bahia,Corinthians,1.682,1.03,2.712,50.3,26.0,23.7,50.7,49.3,51.6,2.13,3.38,3.57,2.04,1.82,2026-07-24T01:55:45.869284-05:00,2.47,3.4,3.05,2.04,1.88,-13.77,2026-07-26T06:20:37.200135-05:00
2026-07-26,09:00,comp_7938,FC København,Lyngby,1.102,0.848,1.95,40.9,31.0,28.2,30.8,69.2,38.2,1.39,4.5,6.0,,,2026-07-24T01:55:45.878217-05:00,1.39,4.5,6.0,,,0.0,2026-07-26T06:20:37.202433-05:00
2026-07-26,07:00,comp_7938,Sønderjyske Fodbold,FC Midtjylland,1.345,1.944,3.289,27.7,23.1,49.3,63.3,36.7,63.3,5.2,4.54,1.55,1.5,2.5,2026-07-24T01:55:45.885933-05:00,5.21,4.58,1.58,1.5,2.5,-0.19,2026-07-26T06:20:37.204524-05:00
2026-07-26,15:45,comp_1917,Orense SC,Independiente del Valle,0.876,1.22,2.096,27.2,29.5,43.3,35.1,64.9,41.0,5.05,3.68,1.66,2.03,1.76,2026-07-24T01:55:45.893828-05:00,4.95,3.73,1.71,2.02,1.83,2.02,2026-07-26T06:20:37.206528-05:00
2026-07-26,13:15,comp_1917,Delfín,Leones del Norte,0.848,1.238,2.086,25.7,30.1,44.2,34.7,65.3,40.8,2.32,2.89,3.46,2.62,1.44,2026-07-24T01:55:45.901563-05:00,2.16,3.14,3.71,2.41,1.58,7.41,2026-07-26T06:20:37.208502-05:00
2026-07-26,13:15,comp_1917,Aucas,Macará,1.308,1.467,2.775,34.2,26.4,39.4,52.7,47.3,56.5,1.99,2.73,5.02,2.35,1.57,2026-07-24T01:55:45.909172-05:00,2.12,2.93,4.21,2.36,1.6,-6.13,2026-07-26T06:20:37.210497-05:00
2026-07-26,13:00,comp_4540,Atlético Tucumán,Independiente Rivadavia,1.062,1.442,2.504,28.6,27.1,44.3,46.1,53.9,50.1,2.67,3.1,2.84,2.32,1.53,2026-07-24T01:55:45.916809-05:00,2.73,3.12,2.88,2.46,1.59,-2.2,2026-07-26T06:20:37.212509-05:00
2026-07-26,12:15,comp_1992,Aalesunds FK,Viking FK,1.567,2.254,3.821,27.2,21.9,50.9,73.6,26.4,71.4,5.56,4.85,1.5,1.4,2.88,2026-07-24T01:55:45.924489-05:00,5.63,4.92,1.54,1.4,2.88,-1.24,2026-07-26T06:20:37.214530-05:00
2026-07-26,10:00,comp_1992,Sarpsborg 08,HamKam,1.69,1.688,3.378,38.9,23.9,37.2,65.3,34.7,66.4,1.75,4.09,4.32,1.57,2.35,2026-07-24T01:55:45.932166-05:00,1.63,4.46,5.2,1.53,2.4,7.36,2026-07-26T06:20:37.216495-05:00
2026-07-26,10:00,comp_1992,Sandefjord Fotball,Bodø/Glimt,1.828,1.655,3.483,42.0,23.0,35.0,67.9,32.1,67.9,6.85,5.44,1.39,1.36,3.1,2026-07-24T01:55:45.939865-05:00,8.04,5.99,1.35,1.36,3.1,-14.8,2026-07-26T06:20:37.218490-05:00
2026-07-26,10:00,comp_1992,KFUM Oslo,Molde FK,1.563,1.211,2.774,45.2,25.1,29.7,52.5,47.5,54.9,3.04,3.85,2.19,1.71,2.18,2026-07-24T01:55:45.947490-05:00,3.09,3.82,2.26,1.72,2.2,-1.62,2026-07-26T06:20:37.220606-05:00
2026-07-26,07:30,comp_1992,SK Brann,Vålerenga IF,2.415,1.46,3.875,56.3,20.4,23.3,74.8,25.2,70.5,1.77,4.29,4.01,1.44,2.7,2026-07-24T01:55:45.955159-05:00,1.69,4.48,4.63,1.4,2.88,4.73,2026-07-26T06:20:37.222537-05:00
2026-07-26,13:00,comp_6981,Universidad Técnica de Cajamarca,CD Moquegua,1.563,1.075,2.638,46.6,27.4,25.9,49.2,50.8,51.4,1.6,3.88,5.13,1.88,1.93,2026-07-24T01:55:45.962813-05:00,1.6,3.89,5.1,1.86,1.93,0.0,2026-07-26T06:20:37.224480-05:00
2026-07-26,11:00,comp_7938,AC Horsens,FC Nordsjælland,1.187,0.814,2.001,44.1,29.8,26.2,32.2,67.8,38.2,3.77,3.78,1.92,1.68,2.2,2026-07-24T01:55:45.970486-05:00,3.6,3.66,2.04,1.71,2.2,4.72,2026-07-26T06:20:37.226435-05:00
2026-07-26,20:00,comp_298265,CF Pachuca,Querétaro FC,1.566,0.976,2.542,49.8,26.1,24.1,47.1,52.9,49.3,1.58,3.85,6.16,1.69,2.19,2026-07-24T01:55:45.978136-05:00,1.6,3.86,6.31,1.75,2.14,-1.25,2026-07-26T06:20:37.228348-05:00
2026-07-26,19:15,comp_1917,Barcelona SC,LDU,1.254,1.256,2.51,36.7,27.2,36.1,46.2,53.8,51.1,2.18,3.01,3.63,2.23,1.64,2026-07-24T01:55:45.985758-05:00,2.12,3.22,3.66,2.03,1.81,2.83,2026-07-26T06:20:37.230364-05:00
2026-07-26,15:30,comp_6981,Comerciantes Unidos,Alianza Lima,1.529,1.383,2.912,40.2,26.7,33.1,56.0,44.0,58.7,3.99,3.03,2.01,2.4,1.53,2026-07-24T01:55:45.993460-05:00,4.07,3.04,1.99,2.4,1.53,-1.97,2026-07-26T06:20:37.232574-05:00
2026-07-26,15:15,comp_4540,Estudiantes de La Plata,CA Independiente,1.026,0.652,1.678,42.9,33.2,23.9,23.5,76.5,30.6,2.18,3.06,3.76,2.88,1.4,2026-07-24T01:55:46.001119-05:00,2.21,3.1,3.88,2.7,1.44,-1.36,2026-07-26T06:20:37.234542-05:00
2026-07-26,17:30,comp_4540,Deportivo Riestra,Boca Juniors,1.183,1.211,2.394,35.6,28.0,36.4,42.5,57.5,48.2,4.46,2.88,2.08,3.4,1.33,2026-07-24T01:55:46.008879-05:00,4.65,2.95,2.06,3.4,1.33,-4.09,2026-07-26T06:20:37.236654-05:00
2026-07-26,17:30,comp_4795,Remo,Vitória,2.0,1.224,3.224,52.7,23.4,23.9,62.4,37.6,61.0,2.26,3.49,3.17,2.03,1.83,2026-07-24T01:55:46.016617-05:00,2.16,3.51,3.48,2.06,1.84,4.63,2026-07-26T06:20:37.238711-05:00
2026-07-26,17:30,comp_4795,Palmeiras,Atlético Mineiro,1.887,1.046,2.933,54.1,24.3,21.6,56.7,43.3,54.5,1.68,3.57,5.69,2.01,1.85,2026-07-24T01:55:46.024412-05:00,1.66,3.7,6.08,2.05,1.85,1.2,2026-07-26T06:20:37.240693-05:00
2026-07-26,16:30,comp_4795,Flamengo,São Paulo,1.203,0.622,1.825,47.0,32.8,20.2,27.4,72.6,32.6,1.48,4.31,7.05,1.92,1.93,2026-07-24T01:55:46.032389-05:00,1.46,4.6,7.64,1.86,2.05,1.37,2026-07-26T06:20:37.242674-05:00
2026-07-26,16:30,comp_4795,Red Bull Bragantino,Coritiba,1.845,1.372,3.217,46.9,24.5,28.5,62.9,37.1,63.2,1.62,3.92,5.65,2.0,1.85,2026-07-24T01:55:46.040335-05:00,1.64,3.97,5.72,2.02,1.87,-1.22,2026-07-26T06:20:37.244658-05:00
2026-07-26,16:30,comp_4795,Grêmio,Fluminense,1.545,0.88,2.425,50.8,27.3,22.0,43.8,56.2,45.4,2.64,3.36,2.72,1.93,1.92,2026-07-24T01:55:46.048192-05:00,2.8,3.33,2.71,2.06,1.85,-5.71,2026-07-26T06:20:37.246702-05:00
2026-07-26,14:00,comp_4795,Cruzeiro,Botafogo,1.373,0.96,2.333,45.1,28.7,26.3,41.0,59.0,45.4,1.78,3.78,4.53,1.88,1.97,2026-07-24T01:55:46.056124-05:00,1.78,3.93,4.65,1.81,2.07,0.0,2026-07-26T06:20:37.248676-05:00
2026-07-26,14:00,comp_720692,Internacional de Bogotá,América de Cali,1.292,1.115,2.407,40.7,27.6,31.7,43.1,56.9,48.1,3.13,3.13,2.37,2.21,1.66,2026-07-24T01:55:46.063920-05:00,3.24,3.17,2.38,2.24,1.68,-3.4,2026-07-26T06:20:37.250652-05:00
2026-07-26,16:05,comp_720692,Rionegro Águilas Doradas,Independiente Santa Fe,1.444,0.861,2.305,49.7,27.4,22.9,40.3,59.7,43.7,2.8,2.95,2.75,2.4,1.53,2026-07-24T01:55:46.071811-05:00,2.79,3.01,2.83,2.4,1.53,0.36,2026-07-26T06:20:37.252675-05:00
2026-07-26,18:10,comp_720692,Alianza Valledupar FC,Fortaleza CEIF,1.121,1.056,2.177,36.7,30.0,33.3,36.8,63.2,43.7,2.05,3.1,3.4,2.25,1.57,2026-07-24T01:55:46.079655-05:00,2.0,3.1,3.7,2.25,1.57,2.5,2026-07-26T06:20:37.254591-05:00
2026-07-26,20:15,comp_720692,Once Caldas,Cúcuta Deportivo,2.462,0.885,3.347,68.6,18.3,13.1,64.2,35.8,53.5,1.42,4.33,7.33,1.83,1.98,2026-07-24T01:55:46.087534-05:00,1.42,4.49,7.58,1.79,2.05,0.0,2026-07-26T06:20:37.256602-05:00
2026-07-26,18:00,comp_298265,Club Necaxa,CF Monterrey,1.743,1.648,3.391,40.7,23.5,35.8,65.8,34.2,66.3,3.05,3.9,2.14,1.57,2.35,2026-07-24T01:55:46.095328-05:00,3.15,3.9,2.15,1.66,2.3,-3.17,2026-07-26T06:20:37.258878-05:00
2026-07-26,19:00,comp_6981,Deportivo Garcilaso,FC Cajamarca,1.936,1.22,3.156,51.7,24.2,24.1,61.4,38.6,60.3,1.52,3.91,6.13,2.0,1.81,2026-07-24T01:55:46.103211-05:00,1.68,3.68,4.72,1.92,1.88,-9.52,2026-07-26T06:20:37.260819-05:00
2026-07-27,12:00,comp_1992,Rosenborg BK,Fredrikstad FK,1.476,1.176,2.652,43.5,26.2,30.3,49.7,50.3,53.2,1.7,3.97,4.77,1.77,2.09,2026-07-25T06:21:00.217770-05:00,1.62,4.36,5.37,1.72,2.21,4.94,2026-07-27T06:06:52.818321-05:00
2026-07-27,14:00,comp_1917,Mushuc Runa,Libertad,1.208,0.945,2.153,41.0,30.5,28.6,36.3,63.7,43.1,1.6,3.86,5.26,1.89,1.89,2026-07-25T06:21:00.227609-05:00,1.62,4.05,5.21,1.83,2.02,-1.23,2026-07-27T06:06:52.819849-05:00
2026-07-27,19:00,comp_1917,Deportivo Cuenca,Emelec,1.244,0.969,2.213,42.1,28.8,29.2,38.0,62.0,43.9,2.48,3.01,3.04,2.25,1.57,2026-07-25T06:21:00.236525-05:00,2.31,3.07,3.37,2.5,1.5,7.36,2026-07-27T06:06:52.821508-05:00
2026-07-27,12:00,comp_7938,Randers FC,Silkeborg IF,1.383,1.314,2.697,38.6,26.8,34.6,51.1,48.9,54.7,1.74,3.98,4.3,1.65,2.26,2026-07-25T06:21:00.245062-05:00,1.77,3.96,4.47,1.67,2.28,-1.69,2026-07-27T06:06:52.822988-05:00
2026-07-27,16:30,comp_1917,Guayaquil City,Universidad Católica del Ecuador,1.107,1.444,2.551,29.6,26.6,43.8,46.7,53.3,51.3,3.89,3.38,1.93,2.02,1.78,2026-07-25T06:21:00.253524-05:00,3.61,3.32,2.12,2.04,1.79,7.76,2026-07-27T06:06:52.824488-05:00
2026-07-28,11:00,comp_3498,Lincoln Red Imps,Mjällby AIF,0.93,0.951,1.881,32.6,33.9,33.5,29.0,71.0,37.2,4.95,4.6,1.52,1.76,2.03,2026-07-26T06:20:58.618192-05:00,4.78,4.58,1.54,1.69,2.13,3.56,2026-07-28T06:06:54.788396-05:00
2026-07-28,13:00,comp_408698,FC Drita,Floriana FC,2.04,1.477,3.517,47.3,24.8,27.8,68.3,31.7,67.3,1.5,4.0,5.75,1.85,1.95,2026-07-26T06:20:58.627859-05:00,1.45,3.95,5.65,1.83,1.9,3.45,2026-07-28T06:06:54.790309-05:00
2026-07-28,19:15,comp_4540,Argentinos Juniors,Estudiantes de Río Cuarto,1.541,0.42,1.961,62.6,25.9,11.5,31.2,68.8,26.9,1.41,4.21,9.07,2.4,1.53,2026-07-26T06:20:58.636422-05:00,1.43,4.18,9.63,2.4,1.53,-1.4,2026-07-28T06:06:54.792119-05:00
2026-07-28,19:15,comp_4540,Rosario Central,Racing Club,1.259,0.602,1.861,50.9,29.8,19.3,28.5,71.5,32.3,2.31,2.99,3.55,2.5,1.5,2026-07-26T06:20:58.644800-05:00,2.43,2.93,3.49,2.5,1.5,-4.94,2026-07-28T06:06:54.793957-05:00
2026-07-28,17:00,comp_4540,Banfield,Sarmiento,1.151,0.906,2.057,40.5,30.7,28.8,33.9,66.1,41.0,2.05,3.06,4.25,2.88,1.4,2026-07-26T06:20:58.653288-05:00,2.1,3.0,4.43,2.7,1.44,-2.38,2026-07-28T06:06:54.795665-05:00
2026-07-28,17:00,comp_4540,San Lorenzo,Gimnasia y Esgrima Mendoza,1.158,0.759,1.917,44.0,31.1,24.9,30.1,69.9,36.7,2.01,3.0,4.51,3.1,1.36,2026-07-26T06:20:58.661674-05:00,2.12,3.09,4.18,2.7,1.44,-5.19,2026-07-28T06:06:54.797324-05:00
2026-07-28,12:00,comp_408698,Apollon Limassol,FC Dila Gori,1.547,1.081,2.628,45.0,28.2,26.7,48.9,51.1,51.8,1.29,5.0,7.5,1.57,2.25,2026-07-26T06:20:58.670196-05:00,1.31,5.03,7.81,1.62,2.23,-1.53,2026-07-28T06:06:54.799039-05:00
2026-07-28,13:15,comp_3498,NK Celje,KF Egnatia,1.476,1.215,2.691,42.6,26.4,31.0,50.5,49.5,54.0,1.37,4.92,6.94,1.65,2.2,2026-07-26T06:20:58.678651-05:00,1.41,4.86,6.2,1.6,2.3,-2.84,2026-07-28T06:06:54.800719-05:00
2026-07-28,12:30,comp_408698,FC CSKA 1948 Sofia,FC Spartak Trnava,1.472,1.3,2.772,39.5,28.4,32.2,52.9,47.1,55.7,1.9,3.3,3.7,2.0,1.8,2026-07-26T06:20:58.687048-05:00,1.8,3.3,4.1,2.08,1.73,5.56,2026-07-28T06:06:54.802566-05:00
2026-07-28,13:45,comp_3498,Heart of Midlothian,SK Sturm Graz,2.199,0.831,3.03,65.0,20.4,14.5,58.4,41.6,50.0,1.79,3.86,3.83,1.57,2.35,2026-07-26T06:20:58.695496-05:00,1.88,3.73,3.49,1.57,2.35,-4.79,2026-07-28T06:06:54.804216-05:00
2026-07-28,14:00,comp_3498,Shamrock Rovers,FC Ararat-Armenia,1.69,1.001,2.691,51.1,26.0,22.9,50.4,49.6,51.2,1.82,3.64,3.94,1.74,2.06,2026-07-26T06:20:58.703973-05:00,1.68,3.88,4.42,1.68,2.14,8.33,2026-07-28T06:06:54.805843-05:00
2026-07-28,08:00,comp_3498,FK Vardar Skopje,Sabah FK,1.311,1.316,2.627,36.4,27.9,35.8,48.7,51.3,53.2,,,,,,2026-07-26T06:20:58.712569-05:00,,,,,,,2026-07-28T07:29:51.978789-05:00
2026-07-28,10:00,comp_3498,KuPS,Sabah FK,1.073,1.014,2.087,35.9,31.0,33.1,34.8,65.2,42.0,3.37,3.35,2.07,1.93,1.88,2026-07-26T06:20:58.721071-05:00,2.72,3.41,2.4,1.88,1.93,23.9,2026-07-28T06:06:54.809258-05:00
2026-07-28,17:00,comp_1615,Tigre,Nacional,1.419,0.758,2.177,49.0,29.9,21.1,37.3,62.7,40.4,2.08,3.29,3.54,1.93,1.86,2026-07-26T06:20:58.729546-05:00,2.08,3.23,3.84,2.12,1.72,0.0,2026-07-28T06:06:54.810871-05:00
2026-07-28,19:30,comp_1615,Santos,Universidad Central,1.584,1.114,2.698,45.3,27.9,26.8,50.3,49.7,53.0,1.23,5.84,10.06,,,2026-07-26T06:20:58.738034-05:00,1.23,5.61,10.37,1.6,2.3,0.0,2026-07-28T06:06:54.812475-05:00
2026-07-28,13:00,comp_3498,GNK Dinamo Zagreb,FC Thun,0.649,0.468,1.117,32.8,44.2,23.1,10.0,90.0,18.4,1.34,5.13,7.38,1.67,2.15,2026-07-26T06:20:58.746562-05:00,1.34,5.21,7.84,1.57,2.35,0.0,2026-07-28T06:06:54.814089-05:00
2026-07-28,12:00,comp_408698,Riga FC,FK Vardar Skopje,2.337,1.387,3.724,53.4,23.6,23.1,71.8,28.2,68.2,1.36,4.5,7.0,1.57,2.25,2026-07-26T06:20:58.755052-05:00,1.34,4.86,7.23,1.53,2.38,1.49,2026-07-28T06:06:54.815703-05:00
2026-07-29,10:00,comp_3498,Kairat Almaty,Omonia Nicosia,0.912,1.134,2.046,29.3,31.4,39.3,33.5,66.5,40.7,2.16,3.35,3.15,2.17,1.67,2026-07-27T06:07:08.429418-05:00,2.06,3.26,3.5,2.24,1.63,4.85,2026-07-29T06:06:48.023770-05:00
2026-07-29,12:00,comp_408698,FC København,Polissya Zhytomyr,2.324,1.559,3.883,50.6,23.2,26.1,74.6,25.4,71.7,1.55,3.9,5.0,1.62,2.25,2026-07-27T06:07:08.437930-05:00,1.55,3.9,5.0,1.62,2.25,0.0,2026-07-29T06:06:48.025889-05:00
2026-07-29,09:30,comp_408698,Dukagjini,FC Lugano,1.761,1.112,2.873,48.6,27.5,23.9,54.6,45.4,54.8,4.13,3.72,1.72,1.98,1.81,2026-07-27T06:07:08.445307-05:00,4.99,4.24,1.53,1.79,2.01,-17.23,2026-07-29T06:06:48.027933-05:00
2026-07-29,13:30,comp_408698,SK Rapid Wien,FC Santa Coloma,1.759,1.655,3.414,39.0,25.9,35.1,65.4,34.6,66.7,1.13,8.29,12.34,1.36,3.0,2026-07-27T06:07:08.452685-05:00,1.07,10.71,18.21,1.36,3.0,5.61,2026-07-29T06:06:48.029911-05:00
2026-07-29,12:30,comp_3498,Hapoel Be'er Sheva,Víkingur Reykjavík,1.463,1.102,2.565,44.1,27.5,28.4,47.2,52.8,51.0,1.56,4.03,5.22,1.7,2.11,2026-07-27T06:07:08.460160-05:00,1.63,4.01,4.64,1.61,2.27,-4.29,2026-07-29T06:06:48.031880-05:00
2026-07-29,13:00,comp_3498,FK Crvena zvezda,Larne FC,1.567,0.842,2.409,52.0,27.7,20.4,42.9,57.1,44.7,1.05,14.48,25.39,1.29,3.5,2026-07-27T06:07:08.467377-05:00,1.04,14.5,21.48,1.29,3.5,0.96,2026-07-29T06:06:48.033783-05:00
2026-07-29,19:30,comp_4540,Instituto De Córdoba,Platense,0.995,1.06,2.055,33.1,30.5,36.4,33.8,66.2,40.9,2.1,2.87,4.4,3.1,1.36,2026-07-27T06:07:08.474165-05:00,2.16,2.86,4.42,2.88,1.4,-2.78,2026-07-29T06:06:48.035783-05:00
2026-07-29,19:30,comp_1615,Cienciano,Lanús,1.166,0.848,2.014,40.5,32.7,26.8,32.5,67.5,39.4,2.04,3.4,3.55,2.05,1.73,2026-07-27T06:07:08.481432-05:00,2.3,3.33,3.12,2.17,1.68,-11.3,2026-07-29T06:06:48.037704-05:00
2026-07-29,17:30,comp_4795,Mirassol,Remo,2.338,0.812,3.15,67.1,19.8,13.2,60.7,39.3,50.1,1.74,3.74,4.9,2.0,1.85,2026-07-27T06:07:08.489031-05:00,1.72,3.77,5.27,2.02,1.88,1.16,2026-07-29T06:06:48.039586-05:00
2026-07-29,17:30,comp_4795,Internacional,Flamengo,0.917,1.461,2.378,24.2,27.9,47.9,42.2,57.8,46.2,3.84,3.49,2.0,1.93,1.92,2026-07-27T06:07:08.496704-05:00,4.61,3.47,1.88,2.03,1.86,-16.7,2026-07-29T06:06:48.041448-05:00
2026-07-29,19:30,comp_4795,Fluminense,Bahia,1.665,1.241,2.906,45.6,26.2,28.2,55.5,44.5,57.6,1.79,3.62,4.69,1.83,2.04,2026-07-27T06:07:08.504040-05:00,1.79,3.68,4.87,1.87,2.02,0.0,2026-07-29T06:06:48.043315-05:00
2026-07-29,19:30,comp_4795,Vitória,Palmeiras,1.335,1.979,3.314,26.9,23.6,49.4,65.0,35.0,63.7,4.14,3.3,1.99,2.12,1.75,2026-07-27T06:07:08.511256-05:00,4.4,3.32,1.97,2.18,1.72,-5.91,2026-07-29T06:06:48.045171-05:00
2026-07-29,19:30,comp_1615,Red Bull Bragantino,Club Sporting Cristal,1.203,1.452,2.655,31.1,28.3,40.5,49.3,50.7,53.8,1.32,5.18,8.07,1.57,2.35,2026-07-27T06:07:08.518494-05:00,1.29,5.27,10.16,1.57,2.35,2.33,2026-07-29T06:06:48.047834-05:00
2026-07-29,17:00,comp_1615,Vasco da Gama,Independiente Medellín,1.971,1.061,3.032,54.6,24.5,21.0,58.6,41.4,56.2,1.64,3.8,4.98,1.9,1.88,2026-07-27T06:07:08.525754-05:00,1.59,3.98,5.66,1.93,1.91,3.14,2026-07-29T06:06:48.050423-05:00
2026-07-29,12:00,comp_3498,Lech Poznań,AGF,1.599,1.227,2.826,44.9,25.8,29.4,54.0,46.0,56.2,1.7,3.71,4.51,1.74,2.07,2026-07-27T06:07:08.533455-05:00,1.61,3.89,5.04,1.65,2.2,5.59,2026-07-29T06:06:48.052360-05:00
2026-07-29,17:15,comp_4540,Gimnasia y Esgrima,River Plate,0.936,1.127,2.063,30.7,30.4,38.9,34.6,65.4,41.3,3.99,3.12,2.08,2.6,1.48,2026-07-27T06:07:08.541120-05:00,3.95,3.15,2.16,2.6,1.48,1.01,2026-07-29T06:06:48.054291-05:00
2026-07-29,13:15,comp_3498,ŠK Slovan Bratislava,FC Iberia 1999,1.437,1.141,2.578,42.7,27.4,29.9,48.0,52.0,51.7,1.36,4.87,7.36,1.6,2.3,2026-07-27T06:07:08.548461-05:00,1.31,5.37,7.66,1.64,2.22,3.82,2026-07-29T06:06:48.056171-05:00
2026-07-29,13:00,comp_3498,Górnik Zabrze,Fenerbahçe,0.985,0.717,1.702,39.3,35.0,25.7,23.8,76.2,32.0,6.17,4.15,1.48,1.75,2.04,2026-07-27T06:07:08.555799-05:00,6.17,4.25,1.5,1.77,2.05,0.0,2026-07-29T06:06:48.058053-05:00
2026-07-29,15:00,comp_4540,Defensa y Justicia,Deportivo Riestra,1.134,1.023,2.157,38.0,29.3,32.7,36.5,63.5,42.8,2.1,2.99,4.17,3.1,1.36,2026-07-27T06:07:08.563495-05:00,2.36,2.92,3.74,3.1,1.36,-11.02,2026-07-29T06:06:48.059949-05:00
2026-07-29,12:30,comp_4540,Barracas Central,Aldosivi,1.086,0.864,1.95,40.1,31.0,29.0,30.5,69.5,38.0,2.38,2.79,3.69,3.4,1.33,2026-07-27T06:07:08.571156-05:00,2.44,2.78,3.79,3.4,1.33,-2.46,2026-07-29T06:06:48.061858-05:00
2026-07-29,11:00,comp_3498,FK Kauno Žalgiris,Klaksvíkar Ítróttarfelag,1.221,1.074,2.295,38.6,29.6,31.8,40.3,59.7,46.2,1.73,3.53,4.59,1.99,1.82,2026-07-27T06:07:08.578647-05:00,1.76,3.45,4.55,2.08,1.72,-1.7,2026-07-29T06:06:48.063726-05:00
2026-07-29,12:30,comp_3498,Universitatea Craiova,Levski Sofia,1.583,1.017,2.6,48.7,26.5,24.8,48.5,51.5,49.7,1.81,3.48,4.16,2.01,1.81,2026-07-27T06:07:08.586369-05:00,1.93,3.39,3.99,2.16,1.69,-6.22,2026-07-29T06:06:48.065598-05:00
2026-07-30,13:00,comp_408698,Ludogorets,Hapoel Tel Aviv,1.132,0.94,2.072,37.3,33.3,29.4,34.2,65.8,41.5,1.74,3.83,3.82,1.83,1.94,2026-07-28T06:07:14.745766-05:00,1.75,3.9,3.88,1.85,1.96,-0.57,2026-07-30T06:06:33.076053-05:00
2026-07-30,12:30,comp_408698,Valletta FC,Raków Częstochowa,1.014,1.13,2.144,30.8,33.4,35.7,36.5,63.5,42.7,6.16,4.42,1.42,1.65,2.18,2026-07-28T06:07:14.756534-05:00,6.47,4.37,1.41,1.65,2.17,-4.79,2026-07-30T06:06:33.078198-05:00
2026-07-30,12:30,comp_408698,Derry City,HNK Rijeka,1.005,0.932,1.937,33.7,35.6,30.7,30.7,69.3,38.5,4.71,3.58,1.65,1.93,1.83,2026-07-28T06:07:14.766235-05:00,4.82,3.64,1.66,1.95,1.85,-2.28,2026-07-30T06:06:33.080181-05:00
2026-07-30,12:30,comp_408698,Beitar Jerusalem,AEK Larnaca,1.436,1.381,2.817,37.0,28.7,34.3,53.1,46.9,57.5,2.18,3.17,3.08,2.04,1.73,2026-07-28T06:07:14.775904-05:00,2.19,3.23,3.13,2.04,1.75,-0.46,2026-07-30T06:06:33.082202-05:00
2026-07-30,13:00,comp_408698,KF Shkëndija,NK Bravo,1.214,0.933,2.147,39.2,33.0,27.8,36.3,63.7,42.9,1.55,3.88,5.11,1.74,2.02,2026-07-28T06:07:14.785685-05:00,1.57,3.94,4.98,1.74,2.04,-1.27,2026-07-30T06:06:33.084183-05:00
2026-07-30,13:00,comp_408698,AFC Ajax,FK Vojvodina,1.23,1.453,2.683,31.2,29.1,39.6,50.3,49.7,54.7,1.19,6.38,10.5,1.5,2.5,2026-07-28T06:07:14.795392-05:00,1.16,6.58,11.73,1.33,3.25,2.59,2026-07-30T06:06:33.086105-05:00
2026-07-30,13:00,comp_408698,KF Ballkani,Bohemian FC,1.619,1.333,2.952,41.9,27.7,30.3,57.0,43.0,59.1,2.24,3.32,2.84,1.92,1.85,2026-07-28T06:07:14.805408-05:00,2.19,3.4,2.88,1.85,1.93,2.28,2026-07-30T06:06:33.088035-05:00
2026-07-30,12:00,comp_408698,FK Žalgiris,Dinamo Tbilisi,1.757,1.239,2.996,46.1,27.4,26.5,57.2,42.8,58.3,1.93,3.56,3.41,1.67,2.15,2026-07-28T06:07:14.815297-05:00,1.86,3.61,3.59,1.66,2.16,3.76,2026-07-30T06:06:33.089953-05:00
2026-07-30,12:30,comp_408698,The New Saints,Flora Tallinn,1.672,1.513,3.185,39.2,27.6,33.2,61.4,38.6,63.4,1.75,3.42,4.39,2.05,1.73,2026-07-28T06:07:14.825166-05:00,1.73,3.58,4.26,1.85,1.94,1.16,2026-07-30T06:06:33.091840-05:00
2026-07-30,13:45,comp_408698,FC Koper,NSÍ Runavík,1.949,1.99,3.939,37.6,24.3,38.2,75.2,24.8,74.0,1.45,4.45,5.58,1.5,2.5,2026-07-28T06:07:14.834900-05:00,1.4,4.65,6.07,1.53,2.38,3.57,2026-07-30T06:06:33.093824-05:00
2026-07-30,13:15,comp_408698,FC Sion,BATE Borisov,1.316,0.929,2.245,42.1,31.7,26.2,38.9,61.1,43.8,1.05,11.64,23.26,1.4,2.75,2026-07-28T06:07:14.844668-05:00,1.07,10.04,19.94,1.44,2.62,-1.87,2026-07-30T06:06:33.095734-05:00
2026-07-30,13:15,comp_408698,Una Strassen,FK Partizan,1.427,1.271,2.698,38.3,29.6,32.1,50.4,49.6,54.5,5.2,4.05,1.53,1.67,2.15,2026-07-28T06:07:14.854494-05:00,5.23,4.07,1.53,1.67,2.15,-0.57,2026-07-30T06:06:33.097672-05:00
2026-07-30,13:30,comp_408698,HŠK Zrinjski Mostar,Valur Reykjavík,1.764,1.556,3.32,40.9,26.4,32.6,64.5,35.5,65.6,1.18,6.06,12.42,1.6,2.3,2026-07-28T06:07:14.864111-05:00,1.18,6.06,12.42,1.5,2.5,0.0,2026-07-30T06:06:33.099582-05:00
2026-07-30,13:30,comp_408698,KAA Gent,LNZ Cherkasy,1.106,0.781,1.887,39.4,35.4,25.2,28.9,71.1,36.5,1.47,3.79,5.74,1.98,1.76,2026-07-28T06:07:14.873870-05:00,1.44,4.15,6.43,1.91,1.88,2.08,2026-07-30T06:06:33.101433-05:00
2026-07-30,13:30,comp_408698,Panathinaikos,Paksi FC,1.653,1.284,2.937,43.3,28.2,28.6,56.7,43.3,58.2,1.25,5.45,8.7,1.53,2.38,2026-07-28T06:07:14.883030-05:00,1.25,5.48,8.7,1.5,2.5,0.0,2026-07-30T06:06:33.103299-05:00
2026-07-30,13:30,comp_408698,Austria Wien,FK Liepaja,2.144,1.331,3.475,51.3,24.6,24.0,67.9,32.1,65.1,1.18,6.44,11.46,1.53,2.38,2026-07-28T06:07:14.892043-05:00,1.18,6.44,11.46,1.53,2.38,0.0,2026-07-30T06:06:33.105197-05:00
2026-07-30,13:30,comp_408698,GKS Katowice,MŠK Žilina,1.71,0.933,2.643,50.4,28.3,21.2,49.5,50.5,49.2,1.62,3.84,4.53,1.67,2.12,2026-07-28T06:07:14.900917-05:00,1.61,3.94,4.73,1.68,2.14,0.62,2026-07-30T06:06:33.107087-05:00
2026-07-30,13:30,comp_408698,CFR 1907 Cluj,FC Alashkert,1.885,1.633,3.518,41.7,25.5,32.8,68.5,31.5,68.1,1.54,4.03,5.11,1.71,2.09,2026-07-28T06:07:14.910296-05:00,1.52,4.09,5.29,1.7,2.1,1.32,2026-07-30T06:06:33.108982-05:00
2026-07-30,14:00,comp_408698,Hibernian,FC Malisheva,2.024,1.563,3.587,45.9,25.1,29.0,69.7,30.3,69.0,1.2,6.07,10.1,1.5,2.5,2026-07-28T06:07:14.919759-05:00,1.21,6.05,9.74,1.5,2.5,-0.83,2026-07-30T06:06:33.110883-05:00
2026-07-30,14:00,comp_408698,Dinamo City,NK Aluminij Kidričevo,1.322,1.008,2.33,40.5,31.8,27.7,41.1,58.9,46.4,1.71,3.64,4.26,1.77,1.99,2026-07-28T06:07:14.929467-05:00,1.75,3.5,4.28,1.95,1.83,-2.29,2026-07-30T06:06:33.112799-05:00
2026-07-30,14:00,comp_408698,FK Sutjeska Nikšić,ML Vitebsk,1.923,1.574,3.497,44.0,24.9,31.1,68.1,31.9,67.9,2.73,3.47,2.29,1.71,2.08,2026-07-28T06:07:14.939357-05:00,2.73,3.36,2.34,1.71,2.08,0.0,2026-07-30T06:06:33.114785-05:00
2026-07-30,14:00,comp_408698,Sporting Braga,FK Železničar Pančevo,1.106,0.781,1.887,39.4,35.4,25.2,28.9,71.1,36.5,1.15,6.83,13.2,1.57,2.35,2026-07-28T06:07:14.949050-05:00,1.14,7.1,13.48,1.53,2.38,0.88,2026-07-30T06:06:33.116665-05:00
2026-07-30,12:00,comp_408698,SK Brann,FC Universitatea Cluj,2.097,1.279,3.376,51.7,24.8,23.5,65.4,34.6,63.4,1.38,4.43,6.79,1.69,2.08,2026-07-28T06:07:14.958885-05:00,1.41,4.65,6.6,1.5,2.5,-2.13,2026-07-30T06:06:33.118575-05:00
2026-07-30,13:45,comp_408698,Coleraine FC,HJK,1.415,1.008,2.423,42.5,30.8,26.8,43.2,56.8,47.9,3.27,4.17,1.83,1.53,2.38,2026-07-28T06:07:14.968872-05:00,3.4,4.17,1.79,1.7,2.1,-3.82,2026-07-30T06:06:33.120416-05:00
2026-07-30,13:00,comp_408698,IF Vestri,RFS,1.581,0.951,2.532,47.2,30.0,22.8,46.7,53.3,48.4,8.82,5.88,1.23,1.42,2.55,2026-07-28T06:07:14.978803-05:00,8.92,5.96,1.23,1.44,2.62,-1.12,2026-07-30T06:06:33.122285-05:00
2026-07-30,12:00,comp_408698,ETO FC Győr,Atert Bissen,2.132,1.31,3.442,51.3,25.0,23.7,67.0,33.0,64.7,1.22,5.98,9.52,1.44,2.62,2026-07-28T06:07:14.988809-05:00,1.19,6.42,9.86,1.33,3.25,2.52,2026-07-30T06:06:33.124157-05:00
2026-07-30,11:00,comp_408698,Ilves,Stjarnan Garðabær,2.248,1.722,3.97,46.7,23.8,29.5,76.4,23.6,73.9,1.79,3.61,3.82,1.6,2.3,2026-07-28T06:07:14.998888-05:00,1.68,3.9,4.42,1.61,2.25,6.55,2026-07-30T06:06:33.126044-05:00
2026-07-30,09:00,comp_408698,Atlètic Club Escaldes,FC Vaduz,1.885,1.059,2.944,51.5,27.0,21.5,56.6,43.4,55.2,4.98,4.1,1.54,1.6,2.3,2026-07-28T06:07:15.008892-05:00,5.05,3.96,1.56,1.72,2.07,-1.39,2026-07-30T06:06:33.127913-05:00
2026-07-30,19:30,comp_4795,Coritiba,Cruzeiro,1.261,1.233,2.494,36.3,28.6,35.1,45.6,54.4,51.2,3.34,3.35,2.24,2.13,1.75,2026-07-28T06:07:15.019160-05:00,3.47,3.28,2.27,2.17,1.73,-3.75,2026-07-30T06:06:33.129935-05:00
2026-07-30,11:00,comp_408698,FC Noah,FC Zimbru Chişinău,2.074,1.32,3.394,50.8,24.5,24.7,66.2,33.8,64.1,1.27,5.22,8.95,1.7,2.1,2026-07-28T06:07:15.029335-05:00,1.27,5.18,8.94,1.7,2.1,0.0,2026-07-30T06:06:33.131944-05:00
2026-07-30,11:00,comp_408698,FK Auda,FCSB,1.534,0.925,2.459,46.8,30.2,23.0,44.5,55.5,46.8,4.46,4.33,1.57,1.69,2.11,2026-07-28T06:07:15.039418-05:00,4.25,4.11,1.63,1.65,2.17,4.94,2026-07-30T06:06:33.134012-05:00
2026-07-30,17:00,comp_4540,Talleres,Vélez Sarsfield,0.697,0.806,1.503,29.0,36.1,34.9,18.6,81.4,27.4,2.38,2.79,3.68,2.7,1.44,2026-07-28T06:07:15.049620-05:00,2.54,2.81,3.46,2.7,1.44,-6.3,2026-07-30T06:06:33.136073-05:00
2026-07-30,20:00,comp_720692,Atlético Bucaramanga,Llaneros FC,1.416,0.68,2.096,53.3,27.5,19.2,35.1,64.9,37.0,1.49,3.98,6.88,1.99,1.82,2026-07-28T06:07:15.059902-05:00,1.5,3.95,7.16,2.08,1.76,-0.67,2026-07-30T06:06:33.138037-05:00
2026-07-30,17:00,comp_4540,Independiente Rivadavia,Huracán,1.333,0.683,2.016,51.3,28.7,20.0,32.8,67.2,36.1,2.24,2.9,3.86,3.1,1.36,2026-07-28T06:07:15.070218-05:00,2.27,2.95,3.86,3.1,1.36,-1.32,2026-07-30T06:06:33.139964-05:00
2026-07-30,19:15,comp_4540,Central Córdoba,Atlético Tucumán,1.666,0.711,2.377,58.4,24.4,17.2,42.3,57.7,40.6,3.26,2.98,2.45,2.6,1.48,2026-07-28T06:07:15.080577-05:00,3.31,3.01,2.48,2.6,1.48,-1.51,2026-07-30T06:06:33.141871-05:00
2026-07-30,19:15,comp_4540,CA Independiente,Newell's Old Boys,1.194,0.674,1.868,47.2,31.0,21.8,28.6,71.4,34.2,1.66,3.61,5.68,2.35,1.61,2026-07-28T06:07:15.090909-05:00,1.68,3.66,5.73,2.37,1.62,-1.19,2026-07-30T06:06:33.144029-05:00
2026-07-30,19:30,comp_1615,O'Higgins,Boca Juniors,1.049,1.076,2.125,32.9,33.1,34.0,35.9,64.1,42.9,3.97,3.31,1.94,2.29,1.59,2026-07-28T06:07:15.101185-05:00,3.95,3.28,2.0,2.35,1.58,0.51,2026-07-30T06:06:33.145928-05:00
2026-07-30,19:30,comp_1615,Caracas F.C.,Independiente Santa Fe,1.46,0.899,2.359,47.0,29.6,23.4,42.4,57.6,45.3,3.0,3.28,2.34,2.27,1.6,2026-07-28T06:07:15.111608-05:00,3.02,3.31,2.37,2.32,1.59,-0.66,2026-07-30T06:06:33.147843-05:00
2026-07-30,17:00,comp_1615,Grêmio,Bolívar,1.14,0.807,1.947,40.4,33.5,26.1,30.6,69.4,37.6,1.31,5.07,8.66,1.65,2.2,2026-07-28T06:07:15.121800-05:00,1.32,5.16,8.94,1.61,2.25,-0.76,2026-07-30T06:06:33.149705-05:00
2026-07-30,11:00,comp_408698,Inter Turku,Başakşehir FK,1.737,1.486,3.223,41.3,26.7,32.0,62.4,37.6,63.4,4.71,3.76,1.61,1.79,1.99,2026-07-28T06:07:15.132242-05:00,4.86,3.8,1.64,1.79,2.01,-3.09,2026-07-30T06:06:33.151572-05:00
2026-07-30,11:00,comp_408698,Pyunik Yerevan,Debreceni VSC,1.563,0.953,2.516,47.3,29.3,23.4,45.7,54.3,48.6,2.03,3.09,3.62,2.15,1.67,2026-07-28T06:07:15.142414-05:00,2.09,3.08,3.47,2.1,1.7,-2.87,2026-07-30T06:06:33.153425-05:00
2026-07-30,11:00,comp_408698,Nõmme Kalju,Shelbourne,1.728,0.889,2.617,52.2,27.3,20.6,48.9,51.1,48.0,3.2,3.37,2.07,1.76,2.01,2026-07-28T06:07:15.152495-05:00,3.16,3.49,2.05,1.65,2.18,1.27,2026-07-30T06:06:33.155369-05:00
2026-07-30,11:00,comp_408698,FK Jablonec,NK Varaždin,1.502,1.01,2.512,44.8,29.7,25.5,45.8,54.2,49.3,1.65,3.81,4.31,1.61,2.25,2026-07-28T06:07:15.162722-05:00,1.71,3.78,4.35,1.67,2.19,-3.51,2026-07-30T06:06:33.157237-05:00
2026-07-30,11:00,comp_408698,Zirə FK,Paide Linnameeskond,2.247,1.151,3.398,56.3,23.8,19.9,66.3,33.7,60.9,1.17,5.75,10.53,1.66,2.07,2026-07-28T06:07:15.172989-05:00,1.18,5.75,10.4,1.66,2.07,-0.85,2026-07-30T06:06:33.159129-05:00
2026-07-30,11:30,comp_408698,FCI Levadia Tallinn,IFK Göteborg,1.852,0.904,2.756,54.0,26.8,19.2,52.2,47.8,50.1,3.07,3.45,2.07,1.57,2.35,2026-07-28T06:07:15.183187-05:00,3.18,3.6,2.06,1.6,2.3,-3.46,2026-07-30T06:06:33.161069-05:00
2026-07-30,12:00,comp_408698,HB Tórshavn,Motherwell,1.437,1.388,2.825,36.6,28.7,34.6,53.8,46.2,57.4,5.35,3.82,1.55,1.88,1.9,2026-07-28T06:07:15.193928-05:00,5.61,3.91,1.52,1.87,1.92,-4.63,2026-07-30T06:06:33.163026-05:00
2026-07-30,12:00,comp_408698,FC Nordsjælland,GAIS,1.366,1.207,2.573,37.4,31.0,31.5,47.2,52.8,52.0,1.43,4.3,6.08,1.67,2.13,2026-07-28T06:07:15.204251-05:00,1.5,4.19,5.78,1.72,2.11,-4.67,2026-07-30T06:06:33.164953-05:00
2026-07-30,12:00,comp_408698,FK Velež Mostar,DAC 1904,1.395,0.928,2.323,43.3,31.5,25.2,41.0,59.0,44.8,3.86,3.38,1.86,1.98,1.81,2026-07-28T06:07:15.214142-05:00,3.4,3.24,2.05,1.98,1.81,13.53,2026-07-30T06:06:33.166886-05:00
2026-07-30,12:00,comp_408698,Dinamo Minsk,Neftçi Baku PFK,1.128,0.939,2.067,37.1,33.7,29.2,34.5,65.5,41.6,2.88,3.15,2.34,2.03,1.77,2026-07-28T06:07:15.223987-05:00,2.95,3.21,2.26,1.93,1.86,-2.37,2026-07-30T06:06:33.168770-05:00
2026-07-30,12:00,comp_408698,FC Petrocub Hîncesti,FK Borac Banja Luka,1.965,1.623,3.588,43.3,25.2,31.5,69.4,30.6,69.2,3.74,3.53,1.85,1.68,2.12,2026-07-28T06:07:15.233534-05:00,3.81,3.4,1.87,1.75,2.02,-1.84,2026-07-30T06:06:33.170643-05:00
2026-07-30,09:00,comp_408698,FC Tobol,FK Panevėžys,1.106,0.781,1.887,39.4,35.4,25.2,28.9,71.1,36.5,1.26,5.22,9.39,1.72,2.06,2026-07-28T06:07:15.243273-05:00,1.27,5.34,8.56,1.6,2.26,-0.79,2026-07-30T06:06:33.172551-05:00
2026-07-30,17:30,comp_4795,Corinthians,Athletico,1.365,1.054,2.419,43.3,28.3,28.4,43.8,56.2,48.1,1.96,3.24,4.41,2.5,1.5,2026-07-28T06:07:15.253516-05:00,1.94,3.3,4.58,2.5,1.5,1.03,2026-07-30T06:06:33.174470-05:00
2026-07-31,22:00,comp_298265,Atlético San Luis,Club Tijuana,1.66,1.42,3.08,43.0,24.7,32.3,59.6,40.4,61.5,2.48,3.28,2.93,1.72,2.14,2026-07-29T06:07:09.437077-05:00,2.46,3.43,2.9,1.8,2.06,0.81,2026-07-31T06:06:07.323302-05:00
2026-07-31,20:00,comp_298265,Club Puebla,CD Guadalajara,1.376,1.551,2.927,34.4,25.2,40.4,56.0,44.0,58.8,4.59,4.15,1.68,1.71,2.16,2026-07-29T06:07:09.448400-05:00,4.74,4.2,1.68,1.71,2.19,-3.16,2026-07-31T06:06:07.325386-05:00
2026-07-31,22:00,comp_298265,FC Juárez,Pumas UNAM,1.704,1.343,3.047,45.3,24.4,30.3,58.7,41.3,60.2,2.62,3.24,2.78,1.86,1.98,2026-07-29T06:07:09.458613-05:00,2.62,3.39,2.73,1.85,2.01,0.0,2026-07-31T06:06:07.327366-05:00
2026-07-31,18:30,comp_9799,New York City FC,Toronto FC,1.564,0.851,2.415,55.8,22.9,21.3,43.1,56.9,44.7,1.64,4.06,5.03,1.76,2.09,2026-07-29T06:07:09.468710-05:00,1.63,4.14,5.15,1.71,2.18,0.61,2026-07-31T06:06:07.329268-05:00
2026-07-31,15:00,comp_6981,Los Chankas CYC,Comerciantes Unidos,1.819,1.182,3.001,49.7,25.4,24.9,57.8,42.2,57.8,1.83,3.47,4.08,1.97,1.83,2026-07-29T06:07:09.478714-05:00,1.85,3.42,3.99,1.97,1.82,-1.08,2026-07-31T06:06:07.331176-05:00
2026-07-31,14:00,comp_6387,Dundee United,Rangers,1.613,1.147,2.76,47.2,25.6,27.2,52.2,47.8,54.4,5.46,4.54,1.51,1.5,2.62,2026-07-29T06:07:09.488715-05:00,5.35,4.36,1.58,1.5,2.62,2.06,2026-07-31T06:06:07.333082-05:00
2026-07-31,20:00,comp_720692,Fortaleza CEIF,Deportivo Pereira,1.969,0.847,2.816,61.7,21.6,16.7,53.6,46.4,48.9,1.5,3.88,7.04,2.15,1.69,2026-07-29T06:07:09.498777-05:00,1.48,3.97,7.5,2.14,1.71,1.35,2026-07-31T06:06:07.335066-05:00
2026-07-31,14:00,comp_1992,Bodø/Glimt,Lillestrøm SK,1.838,1.288,3.126,49.4,23.6,27.0,60.2,39.8,60.8,1.24,6.78,9.52,1.3,3.5,2026-07-29T06:07:09.508862-05:00,1.26,6.85,10.04,1.3,3.5,-1.59,2026-07-31T06:06:07.336959-05:00
2026-07-31,12:00,comp_1992,Vålerenga IF,HamKam,1.862,1.583,3.445,43.9,23.6,32.5,66.4,33.6,67.2,1.62,4.38,4.91,1.48,2.6,2026-07-29T06:07:09.518949-05:00,1.62,4.41,5.17,1.48,2.6,0.0,2026-07-31T06:06:07.338886-05:00
2026-08-01,18:30,comp_9799,FC Cincinnati,San Jose Earthquakes,1.147,1.134,2.281,37.4,26.1,36.5,39.7,60.3,46.0,1.96,4.16,3.32,1.3,3.5,2026-07-30T06:06:54.400093-05:00,1.88,4.27,3.55,1.3,3.5,4.26,2026-08-01T06:06:18.744988-05:00
2026-08-01,18:30,comp_9799,CF Montréal,New England Revolution,1.516,1.204,2.72,45.8,23.3,30.9,51.0,49.0,54.4,2.25,3.55,3.08,1.73,2.13,2026-07-30T06:06:54.412101-05:00,2.05,3.65,3.54,1.72,2.17,9.76,2026-08-01T06:06:18.746729-05:00
2026-08-01,20:30,comp_9799,Colorado Rapids,Austin FC,1.888,1.289,3.177,52.1,21.2,26.6,61.7,38.3,61.5,1.74,4.16,4.2,1.61,2.25,2026-07-30T06:06:54.423162-05:00,1.77,4.06,4.28,1.7,2.2,-1.69,2026-08-01T06:06:18.748461-05:00
2026-08-01,18:30,comp_9799,DC United,Nashville SC,1.171,1.333,2.504,34.1,25.4,40.5,45.7,54.3,50.8,2.91,3.47,2.39,1.89,1.94,2026-07-30T06:06:54.433838-05:00,2.95,3.52,2.39,1.89,1.96,-1.36,2026-08-01T06:06:18.750015-05:00
2026-08-01,19:30,comp_9799,St.Louis City,Real Salt Lake,1.504,1.043,2.547,49.2,23.9,26.9,46.5,53.5,49.8,2.12,3.76,3.19,1.53,2.4,2026-07-30T06:06:54.444394-05:00,2.03,3.92,3.37,1.5,2.5,4.43,2026-08-01T06:06:18.751591-05:00
2026-08-01,19:00,comp_1917,Emelec,Aucas,1.374,1.307,2.681,38.7,26.5,34.8,50.3,49.7,54.2,2.23,3.11,3.38,2.4,1.53,2026-07-30T06:06:54.455081-05:00,2.16,3.19,3.51,2.35,1.57,3.24,2026-08-01T06:06:18.753124-05:00
2026-08-01,16:30,comp_1917,Universidad Católica del Ecuador,Técnico Universitario,2.071,0.777,2.848,64.2,20.9,14.9,54.3,45.7,47.0,1.43,4.42,6.71,1.83,1.95,2026-07-30T06:06:54.465956-05:00,1.47,4.35,6.61,1.87,1.94,-2.72,2026-08-01T06:06:18.754673-05:00
2026-08-01,14:00,comp_1917,Manta FC,Mushuc Runa,1.232,1.273,2.505,35.4,27.8,36.8,45.7,54.3,51.2,3.05,3.16,2.38,2.24,1.63,2026-07-30T06:06:54.476791-05:00,2.79,3.14,2.66,2.3,1.6,9.32,2026-08-01T06:06:18.756206-05:00
2026-08-01,18:30,comp_9799,New York Red Bulls,Orlando City SC,1.592,1.213,2.805,47.6,22.9,29.5,53.2,46.8,55.6,2.04,4.14,3.12,1.33,3.4,2026-07-30T06:06:54.487652-05:00,2.29,4.09,2.75,1.3,3.5,-10.92,2026-08-01T06:06:18.757713-05:00
2026-08-01,19:30,comp_9799,Minnesota United,San Diego FC,1.097,1.052,2.149,38.4,26.8,34.8,36.2,63.8,43.0,2.03,3.86,3.35,1.5,2.5,2026-07-30T06:06:54.498339-05:00,2.04,3.85,3.39,1.53,2.4,-0.49,2026-08-01T06:06:18.759172-05:00
2026-08-01,19:30,comp_9799,Sporting Kansas City,Houston Dynamo,1.257,1.386,2.643,35.9,23.7,40.4,50.0,50.0,54.4,3.4,3.38,2.17,1.57,2.35,2026-07-30T06:06:54.509005-05:00,3.18,3.42,2.3,1.66,2.26,6.92,2026-08-01T06:06:18.760638-05:00
2026-08-01,11:30,comp_6387,Aberdeen,Heart of Midlothian,0.775,1.521,2.296,20.4,26.1,53.5,40.5,59.5,42.4,3.09,3.63,2.19,1.76,2.07,2026-07-30T06:06:54.519561-05:00,3.07,3.61,2.27,1.78,2.07,0.65,2026-08-01T06:06:18.762082-05:00
2026-08-01,09:00,comp_6387,Falkirk FC,St. Mirren,1.522,0.987,2.509,48.4,26.5,25.1,45.6,54.4,48.7,2.02,3.53,3.58,1.79,2.02,2026-07-30T06:06:54.530340-05:00,2.03,3.59,3.71,1.85,2.03,-0.49,2026-08-01T06:06:18.763665-05:00
2026-08-01,18:30,comp_9799,Philadelphia Union,Atlanta United,1.525,0.799,2.324,56.0,23.2,20.8,40.8,59.2,42.8,1.71,4.08,4.43,1.57,2.35,2026-07-30T06:06:54.541297-05:00,1.69,4.11,4.7,1.6,2.3,1.18,2026-08-01T06:06:18.765115-05:00
2026-08-01,18:30,comp_9799,Inter Miami CF,Columbus Crew,1.927,0.977,2.904,60.7,19.8,19.5,55.2,44.8,52.9,1.7,4.03,4.56,1.36,3.1,2026-07-30T06:06:54.551946-05:00,1.57,4.51,5.26,1.33,3.4,8.28,2026-08-01T06:06:18.766559-05:00
2026-08-01,18:30,comp_9799,Vancouver Whitecaps,Los Angeles FC,1.464,1.073,2.537,47.5,23.8,28.7,46.6,53.4,50.6,1.79,4.24,3.87,1.5,2.4,2026-07-30T06:06:54.562466-05:00,2.0,4.08,3.35,1.5,2.4,-10.5,2026-08-01T06:06:18.767996-05:00
2026-08-01,19:30,comp_9799,Chicago Fire,Charlotte FC,1.342,0.972,2.314,46.8,25.8,27.3,40.8,59.2,45.5,1.51,4.86,5.24,1.44,2.7,2026-07-30T06:06:54.573018-05:00,1.52,4.9,5.42,1.44,2.7,-0.66,2026-08-01T06:06:18.769490-05:00
2026-08-01,21:30,comp_9799,LA Galaxy,FC Dallas,1.391,1.237,2.628,41.7,24.9,33.4,49.1,50.9,53.4,2.15,3.7,2.9,1.53,2.4,2026-07-30T06:06:54.583661-05:00,2.15,3.75,3.1,1.5,2.5,0.0,2026-08-01T06:06:18.770923-05:00
2026-08-01,20:15,comp_720692,Junior Barranquilla,Millonarios,1.538,1.249,2.787,43.5,25.5,31.0,52.8,47.2,55.6,1.93,3.36,4.08,1.99,1.82,2026-07-30T06:06:54.594160-05:00,2.28,3.21,3.3,1.96,1.85,-15.35,2026-08-01T06:06:18.772381-05:00
2026-08-01,18:00,comp_298265,Querétaro FC,Tigres UANL,1.184,1.619,2.803,28.7,25.4,45.8,53.1,46.9,55.7,3.82,3.74,1.92,1.85,1.99,2026-07-30T06:06:54.604700-05:00,3.58,3.7,2.02,1.87,1.99,6.7,2026-08-01T06:06:18.773807-05:00
2026-08-01,18:10,comp_720692,Independiente Medellín,Deportivo Cali,1.259,0.936,2.195,43.3,29.1,27.6,37.7,62.3,43.6,1.94,3.26,4.14,2.18,1.67,2026-07-30T06:06:54.615473-05:00,2.07,3.25,3.79,2.21,1.67,-6.28,2026-08-01T06:06:18.775240-05:00
2026-08-01,16:05,comp_720692,Alianza Valledupar FC,Deportes Tolima,0.805,1.024,1.829,28.4,32.1,39.5,27.7,72.3,35.1,2.62,3.1,2.5,2.2,1.6,2026-07-30T06:06:54.626083-05:00,2.62,3.1,2.6,2.2,1.6,0.0,2026-08-01T06:06:18.776697-05:00
2026-08-01,14:00,comp_720692,Deportivo Pasto,Rionegro Águilas Doradas,1.68,0.864,2.544,55.2,24.8,19.9,46.9,53.1,46.8,1.85,3.29,4.5,2.25,1.63,2026-07-30T06:06:54.636717-05:00,2.01,3.27,4.06,2.25,1.66,-7.96,2026-08-01T06:06:18.778121-05:00
2026-08-01,11:00,comp_7938,Lyngby,AGF,0.883,1.105,1.988,29.4,31.1,39.5,32.0,68.0,39.0,3.33,3.8,2.05,1.65,2.26,2026-07-30T06:06:54.647356-05:00,2.9,3.61,2.41,1.69,2.25,14.83,2026-08-01T06:06:18.779585-05:00
2026-08-01,21:45,comp_9799,Portland Timbers,Seattle Sounders FC,1.179,1.412,2.591,33.0,24.5,42.5,48.4,51.6,52.8,2.13,4.01,3.01,1.48,2.6,2026-07-30T06:06:54.658030-05:00,2.17,4.16,2.91,1.48,2.6,-1.84,2026-08-01T06:06:18.780994-05:00
2026-08-01,11:00,comp_1992,IK Start,Viking FK,1.231,2.329,3.56,20.1,20.9,59.0,68.7,31.3,64.4,5.78,4.79,1.5,1.5,2.5,2026-07-30T06:06:54.668684-05:00,5.6,4.66,1.56,1.53,2.4,3.21,2026-08-01T06:06:18.782441-05:00
2026-08-01,09:00,comp_1992,Fredrikstad FK,Sandefjord Fotball,1.533,1.003,2.536,48.4,26.3,25.3,46.2,53.8,49.2,2.39,3.27,3.13,1.77,2.1,2026-07-30T06:06:54.679337-05:00,2.36,3.4,3.18,1.78,2.1,1.27,2026-08-01T06:06:18.783865-05:00
2026-08-01,13:30,comp_4540,Gimnasia y Esgrima Mendoza,Club Atlético Unión de Santa Fe,0.975,1.102,2.077,31.4,31.1,37.5,34.2,65.8,41.4,3.11,2.96,2.57,2.4,1.53,2026-07-30T06:06:54.690019-05:00,3.3,3.0,2.5,2.4,1.53,-5.76,2026-08-01T06:06:18.785324-05:00
2026-08-01,13:30,comp_4540,Estudiantes de Río Cuarto,Banfield,0.794,1.224,2.018,24.8,30.0,45.2,33.2,66.8,38.9,2.66,2.81,3.15,3.1,1.36,2026-07-30T06:06:54.700696-05:00,2.81,2.95,2.93,2.7,1.44,-5.34,2026-08-01T06:06:18.786769-05:00
2026-08-01,20:30,comp_6981,Alianza Lima,Alianza Atlético de Sullana,1.729,0.828,2.557,55.3,25.7,19.0,46.8,53.2,45.7,1.45,4.2,6.59,1.92,1.88,2026-07-30T06:06:54.711937-05:00,1.47,4.01,6.69,2.02,1.78,-1.36,2026-08-01T06:06:18.788198-05:00
2026-08-01,18:00,comp_6981,Cusco FC,Universidad Técnica de Cajamarca,2.263,0.738,3.001,66.6,20.5,12.8,57.6,42.4,46.4,1.58,3.85,5.2,1.85,1.94,2026-07-30T06:06:54.722817-05:00,1.54,4.07,5.3,1.69,2.11,2.6,2026-08-01T06:06:18.789777-05:00
2026-08-01,15:30,comp_6981,Club Atlético Grau,Sport Boys,1.507,0.97,2.477,47.4,28.3,24.3,45.3,54.7,48.1,2.11,3.1,3.54,2.4,1.53,2026-07-30T06:06:54.734055-05:00,2.2,3.04,3.35,2.4,1.53,-4.09,2026-08-01T06:06:18.791289-05:00
2026-08-01,16:00,comp_4540,Belgrano,Argentinos Juniors,0.759,0.768,1.527,31.6,36.1,32.4,19.9,80.1,28.9,2.59,2.84,3.21,3.1,1.36,2026-07-30T06:06:54.745027-05:00,2.52,2.92,3.36,3.1,1.36,2.78,2026-08-01T06:06:18.792770-05:00
2026-08-01,16:00,comp_4540,Estudiantes de La Plata,Defensa y Justicia,1.137,0.769,1.906,43.0,31.8,25.2,29.2,70.8,36.5,1.81,3.34,4.95,2.5,1.5,2026-07-30T06:06:54.755894-05:00,1.67,3.55,6.29,2.5,1.5,8.38,2026-08-01T06:06:18.794276-05:00
2026-08-01,22:05,comp_298265,Cruz Azul,Atlante FC,1.881,0.99,2.871,56.3,23.0,20.7,55.1,44.9,52.8,1.31,5.26,9.54,1.53,2.4,2026-07-30T06:06:54.766803-05:00,1.33,5.28,9.3,1.53,2.4,-1.5,2026-08-01T06:06:18.795737-05:00
2026-08-01,20:05,comp_298265,Atlas FC,CF Monterrey,1.584,1.773,3.357,34.7,25.0,40.2,64.8,35.2,65.8,2.83,3.44,2.47,1.83,2.01,2026-07-30T06:06:54.777552-05:00,2.65,3.39,2.71,1.93,1.92,6.79,2026-08-01T06:06:18.797151-05:00
2026-08-01,20:00,comp_298265,Club León,CF Pachuca,1.198,1.296,2.494,33.9,28.5,37.6,45.1,54.9,50.7,3.06,3.43,2.32,1.76,2.09,2026-07-30T06:06:54.788369-05:00,2.97,3.4,2.43,1.81,2.05,3.03,2026-08-01T06:06:18.798661-05:00
2026-08-01,18:30,comp_4540,Racing Club,Tigre,0.97,0.921,1.891,35.3,32.0,32.7,29.2,70.8,37.3,2.02,3.07,4.32,2.6,1.48,2026-07-30T06:06:54.799209-05:00,2.08,3.06,4.25,2.88,1.4,-2.88,2026-08-01T06:06:18.800095-05:00
2026-08-01,13:00,comp_6981,FC Cajamarca,Sport Huancayo,2.272,1.651,3.923,49.3,22.4,28.4,75.6,24.4,72.8,3.24,3.12,2.19,1.9,1.88,2026-07-30T06:06:54.810050-05:00,2.97,3.14,2.34,1.89,1.89,9.09,2026-08-01T06:06:18.801527-05:00
2026-07-31,19:00,comp_1917,Libertad,Orense SC,1.243,0.884,2.127,43.8,29.8,26.4,35.6,64.4,41.3,2.67,3.21,2.69,2.04,1.78,2026-07-31T06:06:30.413847-05:00,2.97,3.22,2.46,2.05,1.79,-10.1,2026-07-31T07:50:33.980393-05:00
2026-08-02,20:05,comp_298265,CD Toluca,Club Necaxa,2.566,0.925,3.491,69.2,17.5,13.3,67.6,32.4,55.4,1.51,4.28,6.1,1.48,2.6,2026-07-31T06:06:30.615256-05:00,1.59,4.2,5.54,1.53,2.4,-5.03,2026-08-02T06:06:04.459969-05:00
2026-08-02,18:00,comp_298265,Club América,Santos Laguna,2.119,0.867,2.986,63.6,20.4,16.0,57.4,42.6,50.7,1.43,4.72,6.58,1.6,2.3,2026-07-31T06:06:30.626443-05:00,1.44,4.79,6.87,1.67,2.26,-0.69,2026-08-02T06:06:04.462256-05:00
2026-08-02,18:10,comp_1917,Leones del Norte,Barcelona SC,1.068,0.987,2.055,36.9,30.8,32.3,33.3,66.7,41.3,2.88,3.25,2.41,2.32,1.58,2026-07-31T06:06:30.637234-05:00,2.48,3.18,2.94,2.5,1.5,16.13,2026-08-02T06:06:04.464177-05:00
2026-08-02,13:00,comp_1917,Independiente del Valle,Deportivo Cuenca,1.568,0.72,2.288,56.0,25.9,18.1,40.1,59.9,40.4,1.3,5.13,8.54,1.74,2.05,2026-07-31T06:06:30.648033-05:00,1.29,5.48,9.43,1.7,2.15,0.78,2026-08-02T06:06:04.466031-05:00
2026-08-02,10:30,comp_6387,Hibernian,Motherwell,1.357,1.214,2.571,40.0,27.3,32.7,47.8,52.2,52.2,2.27,3.38,3.1,1.82,1.99,2026-07-31T06:06:30.658807-05:00,2.2,3.35,3.46,1.99,1.86,3.18,2026-08-02T06:06:04.467875-05:00
2026-08-02,08:00,comp_6387,St. Johnstone,Kilmarnock,1.4,0.743,2.143,51.6,27.8,20.6,36.2,63.8,39.5,2.17,3.46,3.24,1.79,2.01,2026-07-31T06:06:30.669472-05:00,2.23,3.47,3.26,1.9,1.95,-2.69,2026-08-02T06:06:04.469722-05:00
2026-08-02,17:15,comp_4540,River Plate,Rosario Central,0.821,0.873,1.694,31.4,34.4,34.2,23.6,76.4,32.7,2.08,3.05,4.07,2.7,1.44,2026-07-31T06:06:30.680490-05:00,2.09,3.05,4.28,2.6,1.48,-0.48,2026-08-02T06:06:04.471597-05:00
2026-08-02,15:00,comp_4540,Newell's Old Boys,Boca Juniors,0.863,1.504,2.367,22.8,26.1,51.1,42.2,57.8,45.0,4.06,3.1,2.05,2.5,1.5,2026-07-31T06:06:30.691305-05:00,3.13,3.05,2.13,2.6,1.48,29.71,2026-08-02T06:06:04.473420-05:00
2026-08-02,15:30,comp_1917,Macará,Guayaquil City,1.615,0.686,2.301,57.8,25.0,17.1,40.4,59.6,39.2,1.52,3.79,6.4,2.18,1.65,2026-07-31T06:06:30.702338-05:00,1.52,3.86,6.95,2.28,1.63,0.0,2026-08-02T06:06:04.475228-05:00
2026-08-02,13:15,comp_6981,Asociación Deportiva Tarma,Deportivo Garcilaso,1.696,1.007,2.703,51.0,26.1,22.9,50.6,49.4,51.5,1.96,3.37,3.31,1.96,1.77,2026-07-31T06:06:30.713127-05:00,2.06,3.39,3.24,2.0,1.78,-4.85,2026-08-02T06:06:04.477035-05:00
2026-08-02,19:30,comp_4540,Lanús,Instituto De Córdoba,1.142,0.524,1.666,48.9,32.4,18.7,23.2,76.8,27.9,2.06,3.02,4.17,2.88,1.4,2026-07-31T06:06:30.724091-05:00,2.13,3.03,4.09,2.88,1.4,-3.29,2026-08-02T06:06:04.478816-05:00
2026-08-02,11:00,comp_7938,Silkeborg IF,FC København,1.569,1.602,3.171,37.7,24.7,37.6,61.3,38.7,63.1,1.0,1.0,1.0,,,2026-07-31T06:06:30.734842-05:00,1.0,1.0,1.0,,,0.0,2026-08-02T06:06:04.480587-05:00
2026-08-02,20:00,comp_720692,Independiente Santa Fe,Once Caldas,1.147,1.322,2.469,32.4,27.6,40.0,44.4,55.6,49.7,2.11,3.21,3.58,2.06,1.74,2026-07-31T06:06:30.745571-05:00,2.13,3.26,3.59,2.08,1.75,-0.94,2026-08-02T06:06:04.482394-05:00
2026-08-02,07:00,comp_7938,FC Midtjylland,AC Horsens,1.494,0.674,2.168,55.1,26.5,18.3,36.7,63.3,37.5,1.32,5.53,8.11,1.5,2.5,2026-07-31T06:06:30.756305-05:00,1.33,5.65,8.84,1.57,2.35,-0.75,2026-08-02T06:06:04.484187-05:00
2026-08-02,07:00,comp_7938,FC Nordsjælland,Randers FC,1.28,1.194,2.474,38.2,28.3,33.5,45.0,55.0,50.2,1.63,4.17,4.81,1.61,2.25,2026-07-31T06:06:30.767452-05:00,1.62,4.39,5.1,1.57,2.35,0.62,2026-08-02T06:06:04.485995-05:00
2026-08-02,17:45,comp_720692,América de Cali,Boyacá Chicó FC,1.901,0.618,2.519,64.7,22.1,13.2,46.4,53.6,39.4,1.34,4.53,9.43,1.98,1.81,2026-07-31T06:06:30.778248-05:00,1.35,4.64,9.92,2.0,1.84,-0.74,2026-08-02T06:06:04.488326-05:00
2026-08-02,12:15,comp_1992,SK Brann,Rosenborg BK,1.74,1.283,3.023,47.1,24.6,28.3,57.8,42.2,59.4,1.91,3.95,3.67,1.5,2.5,2026-07-31T06:06:30.789227-05:00,2.09,3.93,3.33,1.5,2.5,-8.61,2026-08-02T06:06:04.490224-05:00
2026-08-02,10:00,comp_1992,Molde FK,Sarpsborg 08,2.347,1.251,3.598,59.5,20.3,20.2,69.7,30.3,64.9,1.64,4.07,5.03,1.44,2.7,2026-07-31T06:06:30.800087-05:00,1.68,4.15,5.09,1.44,2.7,-2.38,2026-08-02T06:06:04.492053-05:00
2026-08-02,10:00,comp_1992,Aalesunds FK,Tromsø IL,1.565,1.358,2.923,42.1,25.2,32.7,55.9,44.1,58.6,3.53,3.71,2.01,1.69,2.18,2026-07-31T06:06:30.810888-05:00,3.64,3.87,2.0,1.66,2.29,-3.02,2026-08-02T06:06:04.493880-05:00
2026-08-02,09:00,comp_7938,Brøndby IF,Viborg FF,1.548,1.217,2.765,44.3,26.1,29.6,52.3,47.7,55.1,1.91,3.73,3.78,1.71,2.15,2026-07-31T06:06:30.821667-05:00,1.9,3.91,3.87,1.6,2.3,0.53,2026-08-02T06:06:04.495664-05:00
2026-08-02,11:00,comp_6981,Club Sporting Cristal,ADC Juan Pablo II,1.966,0.605,2.571,64.6,22.6,12.8,47.6,52.4,39.4,1.2,6.0,12.0,1.48,2.6,2026-07-31T06:06:30.832527-05:00,1.2,6.0,12.0,1.48,2.6,0.0,2026-08-02T06:06:04.497467-05:00
2026-08-02,15:30,comp_6981,CD Moquegua,Melgar,1.348,1.228,2.576,38.8,28.4,32.8,48.1,51.9,52.7,3.43,3.24,2.04,2.01,1.75,2026-07-31T06:06:30.843368-05:00,3.88,3.36,1.89,2.03,1.75,-11.6,2026-08-02T06:06:04.499278-05:00
2026-08-02,10:00,comp_1992,KFUM Oslo,Kristiansund BK,2.162,1.083,3.245,59.6,21.2,19.1,63.5,36.5,58.9,1.71,3.69,5.07,1.71,2.13,2026-07-31T06:06:30.854218-05:00,1.74,3.91,4.94,1.6,2.2,-1.72,2026-08-02T06:06:04.501121-05:00
2026-08-02,18:30,comp_6981,Cienciano,Universitario,1.279,1.318,2.597,35.1,28.6,36.3,48.7,51.3,52.8,2.38,3.07,2.99,2.0,1.79,2026-07-31T06:06:30.865144-05:00,2.37,3.08,2.99,2.0,1.8,0.42,2026-08-02T06:06:04.502919-05:00
2026-08-02,15:45,comp_720692,Jaguares de Córdoba,Atlético Nacional,1.055,1.658,2.713,25.1,25.6,49.4,50.6,49.4,52.7,4.46,3.67,1.75,1.89,1.89,2026-07-31T06:06:30.876062-05:00,4.59,3.71,1.77,1.93,1.9,-2.83,2026-08-02T06:06:04.504686-05:00
2026-08-02,12:30,comp_4540,Aldosivi,Gimnasia y Esgrima,1.031,0.985,2.016,36.0,30.8,33.3,32.5,67.5,40.2,3.18,2.76,2.65,3.1,1.36,2026-07-31T06:06:30.886986-05:00,3.25,2.76,2.72,3.1,1.36,-2.15,2026-08-02T06:06:04.506471-05:00
2026-08-02,12:30,comp_4540,Deportivo Riestra,Barracas Central,1.422,0.841,2.263,50.0,27.2,22.7,39.3,60.7,42.8,2.09,2.89,4.33,3.4,1.33,2026-07-31T06:06:30.897959-05:00,2.24,2.7,4.53,4.0,1.25,-6.7,2026-08-02T06:06:04.508285-05:00
2026-08-03,19:00,comp_1917,LDU,Delfín,2.374,0.661,3.035,71.6,17.6,10.8,58.8,41.2,43.7,1.25,5.26,11.22,1.87,1.9,2026-08-01T06:06:39.536021-05:00,1.31,4.93,10.08,1.87,1.93,-4.58,2026-08-03T06:06:22.714951-05:00
2026-08-03,20:00,comp_720692,Atlético Bucaramanga,Cúcuta Deportivo,2.105,0.809,2.914,64.7,20.4,14.8,55.6,44.4,48.3,1.58,3.7,5.9,2.09,1.71,2026-08-01T06:06:39.548645-05:00,1.59,3.76,6.04,2.1,1.74,-0.63,2026-08-03T06:06:22.716781-05:00
2026-08-03,13:30,comp_6387,Celtic,Dundee FC,1.869,0.766,2.635,60.9,22.6,16.5,49.0,51.0,44.8,1.19,7.27,11.47,1.36,3.2,2026-08-01T06:06:39.559738-05:00,1.18,7.85,12.69,1.33,3.4,0.85,2026-08-03T06:06:22.718482-05:00
2026-08-03,14:45,comp_4540,Sarmiento,Independiente Rivadavia,0.873,1.129,2.002,28.9,30.0,41.1,32.5,67.5,38.9,3.2,3.0,2.46,2.5,1.5,2026-08-01T06:06:39.570794-05:00,3.58,3.01,2.35,2.5,1.5,-10.61,2026-08-03T06:06:22.720122-05:00
2026-08-03,17:00,comp_4540,Platense,Talleres,0.945,0.86,1.805,35.4,33.8,30.9,27.2,72.8,35.7,2.61,2.84,3.15,3.1,1.36,2026-08-01T06:06:39.581841-05:00,2.74,2.73,3.28,3.1,1.36,-4.74,2026-08-03T06:06:22.721742-05:00
2026-08-03,17:00,comp_4540,Vélez Sarsfield,CA Independiente,1.087,0.598,1.685,45.7,33.5,20.8,23.8,76.2,30.5,2.65,2.79,3.15,2.5,1.5,2026-08-01T06:06:39.593027-05:00,2.69,2.88,3.15,2.6,1.48,-1.49,2026-08-03T06:06:22.723329-05:00
2026-08-03,19:15,comp_4540,Central Córdoba,San Lorenzo,1.143,0.614,1.757,47.3,31.2,21.5,25.6,74.4,31.3,3.1,2.85,2.63,2.88,1.4,2026-08-01T06:06:39.604013-05:00,3.3,2.73,2.68,2.88,1.4,-6.06,2026-08-03T06:06:22.724989-05:00
2026-08-03,19:15,comp_4540,Huracán,Atlético Tucumán,1.127,0.842,1.969,41.5,31.3,27.3,31.2,68.8,38.5,2.1,2.96,4.13,2.7,1.44,2026-08-01T06:06:39.614936-05:00,2.12,2.96,4.26,2.88,1.4,-0.94,2026-08-03T06:06:22.726632-05:00
2026-08-03,12:00,comp_7938,Odense Boldklub,Sønderjyske Fodbold,1.647,1.904,3.551,34.4,23.3,42.3,68.1,31.9,68.5,2.0,3.7,3.1,1.57,2.25,2026-08-01T06:06:39.625953-05:00,2.1,3.4,3.0,1.57,2.25,-4.76,2026-08-03T06:06:22.728212-05:00
2026-08-04,14:00,comp_7739,Larne FC,FC Iberia 1999,1.206,1.122,2.328,38.1,27.7,34.2,41.2,58.8,46.3,3.11,3.07,2.3,2.1,1.7,2026-08-02T06:06:26.565375-05:00,3.34,3.12,2.16,2.11,1.69,-6.89,2026-08-04T06:06:26.132851-05:00
2026-08-04,20:20,comp_720692,Millonarios,Deportivo Pasto,1.656,1.084,2.74,49.5,24.9,25.6,52.3,47.7,53.3,1.57,3.79,5.81,1.99,1.8,2026-08-02T06:06:26.577575-05:00,1.47,4.21,7.13,1.91,1.91,6.8,2026-08-04T06:06:26.134613-05:00
2026-08-04,14:00,comp_7739,Shamrock Rovers,KF Egnatia,1.303,1.293,2.596,37.3,26.6,36.1,48.4,51.6,52.4,1.7,3.6,4.6,1.9,1.88,2026-08-02T06:06:26.588831-05:00,1.94,3.3,3.76,1.95,1.84,-12.37,2026-08-04T06:06:26.136234-05:00
2026-08-04,13:00,comp_3498,GNK Dinamo Zagreb,FK Kauno Žalgiris,1.699,1.251,2.95,46.8,24.8,28.4,56.8,43.2,58.1,1.13,7.49,15.81,1.57,2.35,2026-08-02T06:06:26.600121-05:00,1.11,8.78,19.89,1.57,2.35,1.8,2026-08-04T06:06:26.137826-05:00
2026-08-04,13:00,comp_3498,AC Sparta Praha,Olympique Lyonnais,1.337,1.022,2.359,42.5,29.5,28.0,41.8,58.2,47.0,3.09,3.47,2.1,1.74,2.03,2026-08-02T06:06:26.611355-05:00,3.33,3.61,2.04,1.72,2.11,-7.21,2026-08-04T06:06:26.139349-05:00
2026-08-04,13:00,comp_3498,Olympiacos FC,NEC Nijmegen,0.848,0.719,1.567,34.9,36.7,28.4,20.6,79.4,29.5,1.51,4.12,5.36,1.61,2.23,2026-08-02T06:06:26.622471-05:00,1.5,4.34,5.89,1.64,2.23,0.67,2026-08-04T06:06:26.140882-05:00
2026-08-04,16:10,comp_720692,Llaneros FC,Fortaleza CEIF,1.498,0.812,2.31,52.1,27.5,20.4,40.6,59.4,43.3,2.1,3.01,3.87,2.35,1.57,2026-08-02T06:06:26.633673-05:00,2.19,2.86,4.12,2.5,1.5,-4.11,2026-08-04T06:06:26.142429-05:00
2026-08-04,18:15,comp_720692,Deportes Tolima,Independiente Medellín,1.556,0.736,2.292,55.1,26.1,18.8,40.3,59.7,41.2,1.95,3.22,4.1,2.09,1.72,2026-08-02T06:06:26.644913-05:00,1.98,3.22,4.16,2.13,1.72,-1.52,2026-08-04T06:06:26.143935-05:00
2026-08-04,13:00,comp_3498,AC Sparta Praha,SK Sturm Graz,1.819,0.688,2.507,60.8,23.8,15.4,45.7,54.3,41.2,,,,,,2026-08-02T06:06:26.656136-05:00,,,,,,,2026-08-04T07:52:25.131244-05:00
2026-08-04,11:00,comp_408698,FK Auda,Dinamo City,1.353,0.897,2.25,43.7,31.3,25.0,38.6,61.4,43.5,,,,,,2026-08-02T06:06:26.667372-05:00,2.25,3.19,2.95,2.05,1.72,,2026-08-04T06:06:26.146909-05:00
2026-08-04,13:00,comp_3498,Royale Union Saint-Gilloise,Bodø/Glimt,1.352,1.728,3.08,30.8,25.4,43.8,59.0,41.0,61.3,2.03,3.66,3.09,,,2026-08-02T06:06:26.678601-05:00,2.39,3.53,2.74,1.65,2.22,-15.06,2026-08-04T06:06:26.148388-05:00
2026-08-04,12:30,comp_3498,Levski Sofia,Kairat Almaty,1.54,0.758,2.298,53.5,27.1,19.4,40.5,59.5,41.5,1.62,3.63,5.12,2.03,1.74,2026-08-02T06:06:26.689782-05:00,1.64,3.58,5.57,2.26,1.63,-1.22,2026-08-04T06:06:26.149867-05:00
2026-08-04,12:30,comp_3498,Hapoel Be'er Sheva,FK Crvena zvezda,1.006,0.944,1.95,35.4,32.4,32.2,30.2,69.8,38.4,3.48,3.6,1.91,1.74,2.03,2026-08-02T06:06:26.701037-05:00,4.83,4.03,1.63,1.68,2.17,-27.95,2026-08-04T06:06:26.151306-05:00
2026-08-04,11:00,comp_3498,Mjällby AIF,ŠK Slovan Bratislava,0.997,0.656,1.653,40.9,35.1,24.0,22.6,77.4,30.7,1.99,3.6,3.24,1.84,1.93,2026-08-02T06:06:26.712232-05:00,2.09,3.3,3.48,1.89,1.93,-4.78,2026-08-04T06:06:26.152807-05:00
2026-08-04,11:00,comp_3498,FC Ararat-Armenia,NK Celje,1.505,1.332,2.837,40.7,26.8,32.6,54.3,45.7,57.2,2.87,3.17,2.35,1.93,1.84,2026-08-02T06:06:26.723460-05:00,2.81,3.06,2.59,1.95,1.87,2.14,2026-08-04T06:06:26.154263-05:00
2026-08-05,11:30,comp_3498,AGF,Sabah FK,1.666,0.969,2.635,51.9,25.4,22.6,48.9,51.1,50.6,1.63,3.79,4.72,1.81,1.97,2026-08-03T06:06:43.349401-05:00,1.64,3.97,4.8,1.73,2.09,-0.61,2026-08-05T06:06:38.430982-05:00
2026-08-05,13:15,comp_7739,Ferencváros TC,Górnik Zabrze,1.282,0.918,2.2,44.2,28.9,26.9,37.5,62.5,43.0,1.71,3.67,4.43,1.82,1.97,2026-08-03T06:06:43.361193-05:00,1.68,3.75,4.58,1.81,1.99,1.79,2026-08-05T06:06:38.433078-05:00
2026-08-05,12:00,comp_408698,SK Brann,Apollon Limassol,1.343,0.935,2.278,43.1,30.6,26.4,39.8,60.2,44.5,1.63,3.77,4.46,1.79,1.98,2026-08-03T06:06:43.372182-05:00,1.6,4.03,4.76,1.69,2.14,1.87,2026-08-05T06:06:38.435101-05:00
2026-08-05,13:30,comp_408698,Panathinaikos,FC CSKA 1948 Sofia,1.219,0.855,2.074,41.2,33.0,25.8,34.2,65.8,40.2,1.22,5.0,11.0,1.73,2.08,2026-08-03T06:06:43.383173-05:00,1.25,5.0,11.0,1.7,2.1,-2.4,2026-08-05T06:06:38.437023-05:00
2026-08-05,20:30,comp_720692,Once Caldas,América de Cali,1.666,0.882,2.548,54.8,25.0,20.3,46.6,53.4,47.4,2.1,3.2,3.63,2.1,1.71,2026-08-03T06:06:43.393979-05:00,2.13,3.23,3.64,2.12,1.72,-1.41,2026-08-05T06:06:38.438983-05:00
2026-08-05,13:00,comp_3498,Fenerbahçe,SK Sturm Graz,1.538,0.756,2.294,53.4,27.2,19.4,40.5,59.5,41.8,1.36,4.71,7.16,1.64,2.18,2026-08-03T06:06:43.404793-05:00,1.37,5.13,6.91,1.57,2.35,-0.73,2026-08-05T06:06:38.440879-05:00
2026-08-05,18:15,comp_720692,Internacional de Bogotá,Jaguares de Córdoba,1.983,0.87,2.853,61.3,21.5,17.2,54.0,46.0,49.5,1.58,3.73,5.9,2.07,1.74,2026-08-03T06:06:43.415782-05:00,1.54,3.89,6.5,2.05,1.77,2.6,2026-08-05T06:06:38.442842-05:00
2026-08-05,19:15,comp_4540,Tigre,Belgrano,1.034,0.628,1.662,42.4,34.6,23.0,23.3,76.7,30.5,2.7,2.7,3.0,3.1,1.36,2026-08-03T06:06:43.426515-05:00,2.64,2.77,3.3,3.1,1.36,2.27,2026-08-05T06:06:38.444731-05:00
2026-08-05,17:00,comp_4540,Boca Juniors,Estudiantes de La Plata,1.345,0.901,2.246,45.8,29.0,25.2,38.9,61.1,43.9,2.1,2.9,4.2,2.88,1.4,2026-08-03T06:06:43.437295-05:00,2.17,3.0,4.11,2.7,1.44,-3.23,2026-08-05T06:06:38.446597-05:00
2026-08-06,14:00,comp_7739,Benfica,Heart of Midlothian,0.984,1.271,2.255,29.3,28.4,42.3,39.4,60.6,44.6,1.07,10.61,26.16,1.3,3.4,2026-08-04T06:06:46.811513-05:00,1.09,10.65,18.26,1.3,3.4,-1.83,2026-08-06T06:06:40.181537-05:00
2026-08-06,13:00,comp_7739,FC Thun,Víkingur Reykjavík,1.201,0.973,2.174,40.5,29.8,29.7,37.0,63.0,43.5,1.4,4.87,6.12,1.4,2.75,2026-08-04T06:06:46.824680-05:00,1.55,4.33,5.2,1.5,2.5,-9.68,2026-08-06T06:06:40.183731-05:00
2026-08-06,14:00,comp_408698,Hibernian,KF Shkëndija,1.786,1.076,2.862,50.5,26.1,23.4,53.9,46.1,54.4,1.37,4.29,7.56,1.87,1.9,2026-08-04T06:06:46.836198-05:00,1.43,4.1,6.51,1.85,1.92,-4.2,2026-08-06T06:06:40.185820-05:00
2026-08-06,14:00,comp_408698,FK Partizan,FC Tobol,1.601,0.842,2.443,51.1,28.4,20.5,44.0,56.0,45.0,1.29,5.06,8.29,1.67,2.12,2026-08-04T06:06:46.847759-05:00,1.24,5.53,9.42,1.63,2.19,4.03,2026-08-06T06:06:40.187844-05:00
2026-08-06,12:00,comp_7739,Lech Poznań,Klaksvíkar Ítróttarfelag,1.556,1.148,2.704,46.1,25.7,28.2,51.4,48.6,53.5,1.06,11.0,23.69,1.4,2.75,2026-08-04T06:06:46.860214-05:00,1.11,9.26,18.84,1.4,2.75,-4.5,2026-08-06T06:06:40.189856-05:00
2026-08-06,10:00,comp_7739,KuPS,Universitatea Craiova,0.995,1.331,2.326,28.7,27.5,43.8,41.2,58.8,46.1,3.69,3.41,1.93,1.9,1.88,2026-08-04T06:06:46.871890-05:00,3.16,3.41,2.18,1.93,1.88,16.77,2026-08-06T06:06:40.191827-05:00
2026-08-06,11:00,comp_7739,Jagiellonia Białystok,Rangers,1.756,0.785,2.541,57.9,24.4,17.7,46.6,53.4,44.6,3.04,3.1,2.32,1.97,1.83,2026-08-04T06:06:46.883474-05:00,3.03,3.1,2.41,2.02,1.81,0.33,2026-08-06T06:06:40.193847-05:00
2026-08-06,11:00,comp_7739,Maccabi Tel Aviv,CSKA Sofia,1.166,1.437,2.603,30.5,27.1,42.4,48.2,51.8,52.8,1.97,3.3,3.68,1.98,1.81,2026-08-04T06:06:46.894961-05:00,1.98,3.13,4.09,2.12,1.71,-0.51,2026-08-06T06:06:40.195809-05:00
2026-08-06,12:00,comp_7739,Lincoln Red Imps,Omonia Nicosia,0.934,1.841,2.775,20.6,23.9,55.6,52.5,47.5,51.4,5.25,4.17,1.53,1.68,2.13,2026-08-04T06:06:46.906553-05:00,5.49,4.22,1.54,1.72,2.1,-4.37,2026-08-06T06:06:40.198060-05:00
2026-08-06,15:00,comp_6981,Alianza Atlético de Sullana,Cienciano,1.317,1.025,2.342,41.2,30.0,28.8,41.6,58.4,46.9,2.24,2.84,3.53,1.88,1.91,2026-08-04T06:06:46.918910-05:00,2.22,2.88,3.52,1.88,1.9,0.9,2026-08-06T06:06:40.200017-05:00
2026-08-06,12:00,comp_7739,FC Hradec Králové,Beşiktaş,1.361,1.099,2.46,42.6,27.5,29.9,44.8,55.2,49.1,3.99,3.42,1.85,1.83,1.97,2026-08-04T06:06:46.930540-05:00,4.06,3.46,1.88,1.87,1.95,-1.72,2026-08-06T06:06:40.201961-05:00
2026-08-06,12:45,comp_7739,PAOK,RSC Anderlecht,1.707,1.115,2.822,50.0,24.5,25.5,53.6,46.4,54.3,1.77,3.56,4.21,1.89,1.89,2026-08-04T06:06:46.942019-05:00,1.6,4.05,5.05,1.75,2.06,10.62,2026-08-06T06:06:40.203866-05:00
2026-08-06,12:00,comp_7739,Red Bull Salzburg,Pafos FC,1.302,1.136,2.438,40.7,27.0,32.3,43.9,56.1,48.5,1.54,4.07,5.33,1.67,2.15,2026-08-04T06:06:46.953595-05:00,1.53,4.15,5.73,1.65,2.23,0.65,2026-08-06T06:06:40.205803-05:00
2026-08-06,14:00,comp_408698,SP Tre Fiori,FC Drita,1.88,1.195,3.075,49.9,25.7,24.4,59.7,40.3,59.0,9.21,5.04,1.27,1.66,2.14,2026-08-04T06:06:46.965074-05:00,9.12,4.94,1.28,1.67,2.13,0.99,2026-08-06T06:06:40.207715-05:00
2026-08-06,11:30,comp_408698,CFR 1907 Cluj,Tromsø IL,1.45,1.462,2.912,36.3,27.3,36.4,55.3,44.7,59.4,2.67,3.26,2.37,2.0,1.75,2026-08-04T06:06:46.976942-05:00,3.12,3.23,2.21,2.02,1.77,-14.42,2026-08-06T06:06:40.209604-05:00
2026-08-06,16:00,comp_720692,Boyacá Chicó FC,Alianza Valledupar FC,1.248,0.768,2.016,46.3,30.5,23.2,32.6,67.4,38.5,,,,,,2026-08-04T06:06:46.989838-05:00,,,,,,,
2026-08-06,12:00,comp_408698,Inter Club d'Escaldes,Flora Tallinn,1.935,1.683,3.618,41.8,26.0,32.2,70.1,29.9,69.6,1.82,3.4,3.59,1.65,2.08,2026-08-04T06:06:47.002136-05:00,1.91,3.09,3.64,1.98,1.75,-4.71,2026-08-06T06:06:40.212161-05:00
2026-08-06,12:00,comp_408698,Dynamo Kyiv,Qarabağ,1.781,1.498,3.279,42.4,26.0,31.6,63.2,36.8,64.7,2.19,3.32,2.95,1.83,1.95,2026-08-04T06:06:47.014983-05:00,2.26,3.19,2.94,1.97,1.81,-3.1,2026-08-06T06:06:40.214140-05:00
2026-08-06,12:00,comp_408698,Raków Częstochowa,Hammarby IF,1.64,0.699,2.339,54.6,28.3,17.1,41.4,58.6,40.2,2.29,3.08,2.94,1.87,1.88,2026-08-04T06:06:47.028149-05:00,2.25,3.3,2.9,1.82,1.99,1.78,2026-08-06T06:06:40.216063-05:00
2026-08-06,12:00,comp_408698,FK Žalgiris,HNK Hajduk Split,1.505,1.223,2.728,41.3,29.1,29.6,51.3,48.7,54.7,3.67,3.47,1.87,1.76,1.99,2026-08-04T06:06:47.040785-05:00,3.74,3.45,1.85,1.74,2.02,-1.87,2026-08-06T06:06:40.218296-05:00
2026-08-06,13:00,comp_408698,AFC Ajax,Shelbourne,1.56,1.372,2.932,40.6,27.0,32.4,56.0,44.0,58.9,1.02,14.47,42.56,1.33,3.25,2026-08-04T06:06:47.052716-05:00,1.02,13.79,42.42,1.29,3.5,0.0,2026-08-06T06:06:40.220955-05:00
2026-08-06,13:00,comp_408698,FC Twente,DAC 1904,1.354,1.005,2.359,42.4,30.0,27.6,41.5,58.5,46.6,1.13,7.32,13.4,,,2026-08-04T06:06:47.065024-05:00,1.12,7.8,14.37,,,0.89,2026-08-06T06:06:40.222929-05:00
2026-08-06,12:00,comp_408698,Sheriff Tiraspol,FC St. Gallen 1879,1.39,1.76,3.15,30.1,26.4,43.5,60.3,39.7,62.0,3.72,3.52,1.84,1.66,2.14,2026-08-04T06:06:47.076822-05:00,3.6,3.55,1.86,1.67,2.14,3.33,2026-08-06T06:06:40.224846-05:00
2026-08-06,12:00,comp_408698,IFK Göteborg,KAA Gent,1.053,0.744,1.797,39.4,35.4,25.2,26.7,73.3,33.9,2.96,3.29,2.17,1.9,1.85,2026-08-04T06:06:47.088479-05:00,2.7,3.4,2.25,1.85,1.96,9.63,2026-08-06T06:06:40.226736-05:00
2026-08-06,17:00,comp_4540,Club Atlético Unión de Santa Fe,Lanús,0.962,0.775,1.737,37.3,34.5,28.2,24.6,75.4,33.4,2.35,3.1,3.27,2.5,1.5,2026-08-04T06:06:47.100164-05:00,2.45,2.86,3.51,2.6,1.48,-4.08,2026-08-06T06:06:40.228624-05:00
2026-08-06,12:00,comp_408698,Riga FC,ETO FC Győr,1.919,1.391,3.31,46.9,25.6,27.5,64.8,35.2,64.2,2.0,3.38,3.34,1.93,1.85,2026-08-04T06:06:47.111715-05:00,1.96,3.56,3.28,1.74,2.03,2.04,2026-08-06T06:06:40.230490-05:00
2026-08-06,12:30,comp_408698,Beitar Jerusalem,Austria Wien,2.148,1.721,3.869,45.8,23.7,30.5,74.6,25.4,73.0,2.29,3.19,2.84,1.97,1.79,2026-08-04T06:06:47.124148-05:00,2.27,3.14,3.1,2.02,1.8,0.88,2026-08-06T06:06:40.232384-05:00
2026-08-06,13:00,comp_408698,Hapoel Tel Aviv,GKS Katowice,1.053,0.744,1.797,39.4,35.4,25.2,26.7,73.3,33.9,2.12,3.23,3.12,1.97,1.79,2026-08-04T06:06:47.136184-05:00,2.2,3.23,3.14,1.98,1.83,-3.64,2026-08-06T06:06:40.234278-05:00
2026-08-06,11:00,comp_408698,Paide Linnameeskond,SK Rapid Wien,2.17,1.313,3.483,52.8,23.6,23.6,68.0,32.0,64.7,10.34,5.76,1.21,1.5,2.5,2026-08-04T06:06:47.147849-05:00,11.09,5.77,1.16,1.61,2.25,-6.76,2026-08-06T06:06:40.236169-05:00
2026-08-06,12:00,comp_408698,Debreceni VSC,FC København,1.377,1.057,2.434,41.7,29.5,28.8,44.2,55.8,48.8,4.2,3.5,1.7,1.8,2.0,2026-08-04T06:06:47.159671-05:00,4.2,3.5,1.7,1.8,2.0,0.0,2026-08-06T06:06:40.238042-05:00
2026-08-06,11:00,comp_408698,HJK,Motherwell,1.509,1.332,2.841,40.3,27.1,32.6,54.3,45.7,57.1,2.37,3.3,2.65,1.77,1.97,2026-08-04T06:06:47.171294-05:00,2.2,3.4,2.88,1.84,1.96,7.73,2026-08-06T06:06:40.239930-05:00
2026-08-06,13:30,comp_408698,FK Borac Banja Luka,ML Vitebsk,1.817,1.336,3.153,46.8,25.1,28.1,60.9,39.1,61.8,1.65,3.5,4.36,2.0,1.7,2026-08-04T06:06:47.183311-05:00,1.72,3.4,4.02,2.03,1.68,-4.07,2026-08-06T06:06:40.241920-05:00
2026-08-06,13:30,comp_408698,FC Lugano,NSÍ Runavík,1.782,1.432,3.214,43.5,26.3,30.2,62.4,37.6,63.3,1.1,9.0,17.0,1.4,2.75,2026-08-04T06:06:47.195641-05:00,1.11,9.0,15.0,1.36,3.0,-0.9,2026-08-06T06:06:40.243840-05:00
2026-08-06,13:30,comp_408698,Sporting Braga,Dinamo Minsk,2.127,0.689,2.816,64.5,21.9,13.6,53.7,46.3,43.7,1.09,8.0,23.0,1.44,2.62,2026-08-04T06:06:47.207468-05:00,1.09,8.5,26.0,1.53,2.38,0.0,2026-08-06T06:06:40.245739-05:00
2026-08-06,13:30,comp_408698,Valur Reykjavík,FC Nordsjælland,2.054,1.248,3.302,51.5,24.6,23.9,64.4,35.6,62.1,7.72,5.13,1.29,1.5,2.5,2026-08-04T06:06:47.219260-05:00,12.3,6.57,1.18,1.33,3.25,-37.24,2026-08-06T06:06:40.247623-05:00
2026-08-06,13:45,comp_408698,Bohemian FC,FC Midtjylland,1.306,1.589,2.895,30.7,27.6,41.7,54.7,45.3,58.2,7.14,5.15,1.31,1.61,2.23,2026-08-04T06:06:47.230996-05:00,7.51,5.51,1.31,1.57,2.35,-4.93,2026-08-06T06:06:40.249875-05:00
2026-08-06,13:45,comp_408698,HNK Rijeka,Ilves,1.897,1.201,3.098,50.2,25.0,24.8,59.9,40.1,59.3,1.09,7.83,25.07,1.53,2.38,2026-08-04T06:06:47.242991-05:00,1.19,6.2,11.84,1.67,2.15,-8.4,2026-08-06T06:06:40.251779-05:00
2026-08-06,11:00,comp_408698,FC Noah,FC Sion,1.353,1.019,2.372,41.2,31.5,27.3,42.2,57.8,47.1,2.67,3.4,2.34,1.72,2.04,2026-08-04T06:06:47.255914-05:00,2.58,3.19,2.53,1.92,1.85,3.49,2026-08-06T06:06:40.253668-05:00
2026-08-06,10:00,comp_408698,Inter Turku,FC Vaduz,1.749,0.968,2.717,52.5,26.4,21.1,51.0,49.0,50.8,2.0,3.48,3.16,1.66,2.13,2026-08-04T06:06:47.267959-05:00,1.96,3.67,3.33,1.67,2.15,2.04,2026-08-06T06:06:40.255557-05:00
2026-08-06,11:00,comp_408698,FK Jablonec,RFS,1.59,0.847,2.437,51.0,28.4,20.6,44.0,56.0,45.4,1.7,3.61,4.33,1.99,1.79,2026-08-04T06:06:47.280240-05:00,1.59,3.77,4.89,2.0,1.79,6.92,2026-08-06T06:06:40.257437-05:00
2026-08-07,17:30,comp_4540,Rosario Central,Aldosivi,1.481,0.507,1.988,58.4,27.0,14.6,31.8,68.2,30.8,1.51,3.76,7.38,2.5,1.5,2026-08-05T06:07:01.733300-05:00,1.48,3.98,8.58,2.6,1.48,2.03,2026-08-07T06:06:16.365308-05:00
2026-08-07,12:00,comp_1992,Sandefjord Fotball,KFUM Oslo,1.741,1.193,2.934,49.7,23.7,26.6,56.0,44.0,56.6,2.03,3.65,3.54,1.71,2.16,2026-08-05T06:07:01.746926-05:00,2.04,3.75,3.63,1.72,2.18,-0.49,2026-08-07T06:06:16.366703-05:00
2026-08-07,19:00,comp_1917,LDU,Independiente del Valle,1.258,1.163,2.421,38.6,27.8,33.6,43.7,56.3,48.8,2.63,3.12,2.72,1.98,1.79,2026-08-05T06:07:01.759302-05:00,2.84,3.15,2.58,2.0,1.81,-7.39,2026-08-07T06:06:16.367999-05:00
2026-08-07,20:30,comp_6981,Universitario,Club Sporting Cristal,1.657,0.869,2.526,52.2,27.3,20.5,46.1,53.9,46.6,1.74,3.68,4.26,1.86,1.93,2026-08-05T06:07:01.771617-05:00,1.81,3.53,4.07,1.96,1.83,-3.87,2026-08-07T06:06:16.369226-05:00
2026-08-07,15:15,comp_6981,Comerciantes Unidos,Cusco FC,1.28,1.389,2.669,33.5,28.7,37.8,49.4,50.6,53.8,2.87,3.15,2.4,1.99,1.81,2026-08-05T06:07:01.783902-05:00,2.53,3.29,2.61,1.95,1.83,13.44,2026-08-07T06:06:16.370442-05:00
2026-08-07,12:00,comp_7938,Sønderjyske Fodbold,Viborg FF,1.723,1.456,3.179,43.8,23.8,32.4,61.7,38.3,63.0,3.06,3.71,2.19,1.61,2.25,2026-08-05T06:07:01.796184-05:00,3.49,4.08,1.97,1.6,2.3,-12.32,2026-08-07T06:06:16.371664-05:00
2026-08-07,13:00,comp_6981,Sport Huancayo,Los Chankas CYC,2.376,1.405,3.781,55.3,21.9,22.8,72.9,27.1,69.1,1.59,3.89,5.02,1.7,2.09,2026-08-05T06:07:01.808534-05:00,1.63,3.82,4.78,1.72,2.07,-2.45,2026-08-07T06:06:16.372916-05:00
2026-08-07,19:45,comp_4540,Independiente Rivadavia,Estudiantes de Río Cuarto,1.936,0.516,2.452,66.8,21.8,11.4,44.4,55.6,34.4,1.48,4.01,7.38,2.24,1.65,2026-08-06T06:07:03.704188-05:00,1.49,4.09,7.48,2.26,1.66,-0.67,2026-08-07T06:06:16.374111-05:00
2026-08-08,07:00,comp_1992,Vålerenga IF,Bodø/Glimt,2.039,2.063,4.102,39.2,21.5,39.3,77.4,22.6,76.2,5.93,5.2,1.44,1.33,3.4,2026-08-06T06:07:03.736772-05:00,5.4,5.15,1.52,1.36,3.1,9.81,2026-08-08T06:06:12.829817-05:00
2026-08-08,20:00,comp_6981,Sport Boys,Alianza Lima,1.294,1.384,2.678,34.2,27.7,38.1,49.9,50.1,54.3,3.82,3.06,2.02,2.3,1.58,2026-08-06T06:07:03.749660-05:00,3.59,3.12,2.07,2.3,1.58,6.41,2026-08-08T06:06:12.831268-05:00
2026-08-08,16:30,comp_1917,Aucas,Leones del Norte,1.59,0.986,2.576,50.1,26.1,23.9,47.6,52.4,49.6,1.75,3.41,4.78,2.24,1.61,2026-08-06T06:07:03.762664-05:00,1.76,3.51,4.87,2.33,1.61,-0.57,2026-08-08T06:06:12.832549-05:00
2026-08-08,13:00,comp_6981,Universidad Técnica de Cajamarca,Asociación Deportiva Tarma,1.431,1.146,2.577,42.2,27.8,30.0,47.2,52.8,51.9,2.14,3.24,3.28,1.98,1.81,2026-08-06T06:07:03.775550-05:00,1.92,3.48,3.66,1.99,1.81,11.46,2026-08-08T06:06:12.833788-05:00
2026-08-08,19:00,comp_1917,Barcelona SC,Macará,1.037,1.243,2.28,30.7,28.7,40.6,39.4,60.6,45.7,1.81,2.95,5.4,2.12,1.68,2026-08-06T06:07:03.788496-05:00,1.68,3.31,5.95,2.08,1.74,7.74,2026-08-08T06:06:12.835053-05:00
2026-08-08,09:00,comp_1992,Viking FK,Sarpsborg 08,3.0,1.153,4.153,70.7,16.0,13.3,78.3,21.7,65.4,1.38,5.5,6.66,1.33,3.4,2026-08-06T06:07:03.801634-05:00,1.43,5.55,6.68,1.36,3.1,-3.5,2026-08-08T06:06:12.836273-05:00
2026-08-08,09:00,comp_6387,St. Mirren,St. Johnstone,0.902,0.949,1.851,32.7,32.6,34.7,27.9,72.1,36.3,2.34,3.42,2.99,1.82,2.0,2026-08-06T06:07:03.814505-05:00,2.41,3.28,3.15,1.88,2.0,-2.9,2026-08-08T06:06:12.837521-05:00
2026-08-08,09:00,comp_6387,Dundee FC,Aberdeen,1.292,0.956,2.248,43.8,28.7,27.4,39.0,61.0,44.4,2.68,3.32,2.64,1.85,1.97,2026-08-06T06:07:03.827676-05:00,2.78,3.41,2.6,1.88,1.99,-3.6,2026-08-08T06:06:12.838733-05:00
2026-08-08,15:30,comp_6981,ADC Juan Pablo II,Club Atlético Grau,1.32,0.915,2.235,43.9,30.1,26.0,38.5,61.5,43.5,2.3,3.2,3.0,2.08,1.73,2026-08-06T06:07:03.840691-05:00,2.3,3.2,3.0,2.08,1.73,0.0,2026-08-08T06:06:12.839945-05:00
2026-08-08,11:00,comp_1992,IK Start,Fredrikstad FK,1.202,1.228,2.43,35.8,27.7,36.5,44.0,56.0,49.6,2.32,3.39,3.1,1.82,2.03,2026-08-06T06:07:03.853644-05:00,2.22,3.64,3.25,1.74,2.17,4.5,2026-08-08T06:06:12.841138-05:00
2026-08-08,15:30,comp_9799,New England Revolution,Houston Dynamo,1.843,1.293,3.136,49.9,22.9,27.2,60.5,39.5,61.0,2.41,3.41,2.9,1.77,2.05,2026-08-06T06:07:03.866539-05:00,2.48,3.44,2.91,1.83,2.05,-2.82,2026-08-08T06:06:12.842303-05:00
2026-08-08,14:00,comp_4795,Grêmio,São Paulo,1.025,0.812,1.837,38.3,33.5,28.3,27.6,72.4,35.4,2.45,3.17,3.09,2.11,1.75,2026-08-06T06:07:03.879264-05:00,2.37,3.27,3.3,2.18,1.72,3.38,2026-08-08T06:06:12.843473-05:00
2026-08-08,18:30,comp_4795,Coritiba,Chapecoense,2.138,0.975,3.113,60.5,21.3,18.1,60.6,39.4,54.7,1.63,3.96,5.33,1.99,1.85,2026-08-06T06:07:03.892101-05:00,1.65,3.91,5.55,1.99,1.88,-1.21,2026-08-08T06:06:12.844665-05:00
2026-08-08,19:00,comp_4795,Botafogo,Fluminense,1.871,0.895,2.766,57.0,24.3,18.8,52.4,47.6,50.0,2.6,3.09,2.95,1.96,1.88,2026-08-06T06:07:03.904876-05:00,2.43,3.17,3.23,2.03,1.85,7.0,2026-08-08T06:06:12.845850-05:00
2026-08-08,12:45,comp_4540,Atlético Tucumán,Sarmiento,1.15,0.971,2.121,39.2,30.1,30.7,35.1,64.9,42.4,1.75,3.3,5.5,2.7,1.44,2026-08-06T06:07:03.917700-05:00,1.85,3.1,5.64,2.6,1.48,-5.41,2026-08-08T06:06:12.847018-05:00
2026-08-08,12:45,comp_4540,Deportivo Riestra,Estudiantes de La Plata,1.202,1.024,2.226,39.1,30.2,30.7,37.6,62.4,44.2,3.5,2.7,2.5,4.2,1.22,2026-08-06T06:07:03.930460-05:00,2.95,2.75,2.99,3.4,1.33,18.64,2026-08-08T06:06:12.848191-05:00
2026-08-08,16:30,comp_4795,Remo,Atlético Mineiro,1.294,1.415,2.709,34.5,26.9,38.6,50.7,49.3,54.6,3.05,3.21,2.45,2.18,1.7,2026-08-06T06:07:03.943259-05:00,3.1,3.26,2.49,2.2,1.71,-1.61,2026-08-08T06:06:12.849387-05:00
2026-08-08,17:15,comp_4540,Boca Juniors,Vélez Sarsfield,1.215,0.939,2.154,41.2,30.4,28.4,36.5,63.5,42.7,1.75,3.3,5.5,2.6,1.48,2026-08-06T06:07:03.956161-05:00,1.88,3.28,4.9,2.7,1.44,-6.91,2026-08-08T06:06:12.850546-05:00
2026-08-08,19:30,comp_4540,Instituto De Córdoba,Gimnasia y Esgrima Mendoza,1.017,1.02,2.037,34.2,31.0,34.8,33.1,66.9,40.5,1.61,3.4,7.0,2.6,1.48,2026-08-06T06:07:03.969127-05:00,1.61,3.67,6.55,2.5,1.5,0.0,2026-08-08T06:06:12.851743-05:00
2026-08-08,20:30,comp_720692,Deportivo Pasto,Deportivo Cali,1.451,0.864,2.315,49.9,27.3,22.7,40.7,59.3,44.0,2.45,2.88,3.23,2.5,1.5,2026-08-06T06:07:03.982156-05:00,2.61,3.05,2.92,2.4,1.5,-6.13,2026-08-08T06:06:12.852922-05:00
2026-08-08,15:00,comp_4540,Tigre,River Plate,1.029,0.892,1.921,36.3,33.9,29.8,30.2,69.8,37.5,3.5,3.0,2.3,2.7,1.44,2026-08-06T06:07:03.995111-05:00,3.75,2.93,2.33,3.1,1.36,-6.67,2026-08-08T06:06:12.854087-05:00
2026-08-08,16:20,comp_720692,Fortaleza CEIF,Cúcuta Deportivo,1.886,1.141,3.027,53.2,23.3,23.4,58.3,41.7,57.5,1.68,3.45,5.35,2.2,1.65,2026-08-06T06:07:04.008214-05:00,1.63,3.63,6.05,2.16,1.71,3.07,2026-08-08T06:06:12.855268-05:00
2026-08-08,14:00,comp_720692,Independiente Santa Fe,Boyacá Chicó FC,1.582,0.766,2.348,55.1,26.2,18.7,41.5,58.5,42.4,1.31,4.61,10.82,2.05,1.74,2026-08-06T06:07:04.021369-05:00,1.42,4.16,8.89,2.14,1.72,-7.75,2026-08-08T06:06:12.856425-05:00
2026-08-08,19:30,comp_4540,CA Independiente,Platense,1.191,0.86,2.051,42.6,30.7,26.7,33.5,66.5,39.9,1.65,3.4,6.5,2.5,1.5,2026-08-06T06:07:04.034602-05:00,1.86,3.13,5.29,2.6,1.48,-11.29,2026-08-08T06:06:12.857566-05:00
2026-08-08,18:25,comp_720692,Deportes Tolima,Internacional de Bogotá,1.542,0.754,2.296,54.3,26.0,19.7,39.6,60.4,41.2,1.62,3.67,5.47,2.07,1.74,2026-08-06T06:07:04.047652-05:00,1.65,3.65,5.62,2.06,1.77,-1.82,2026-08-08T06:06:12.858725-05:00
2026-08-09,15:45,comp_4540,Gimnasia y Esgrima,Barracas Central,1.236,0.845,2.081,44.6,29.9,25.5,34.1,65.9,40.1,1.79,3.29,5.14,2.6,1.48,2026-08-07T06:06:31.924352-05:00,1.85,3.22,5.13,2.88,1.4,-3.24,2026-08-09T06:06:37.225861-05:00
2026-08-09,16:30,comp_4795,Red Bull Bragantino,Corinthians,1.619,1.246,2.865,44.7,26.0,29.3,54.1,45.9,56.8,2.13,3.23,3.7,2.28,1.65,2026-08-07T06:06:31.935819-05:00,2.22,3.24,3.67,2.33,1.64,-4.05,2026-08-09T06:06:37.227968-05:00
2026-08-09,12:15,comp_1992,Kristiansund BK,Molde FK,1.497,1.697,3.194,35.0,24.0,41.1,61.9,38.1,63.4,5.05,3.75,1.7,1.57,2.35,2026-08-07T06:06:31.946411-05:00,5.03,4.03,1.7,1.5,2.5,0.4,2026-08-09T06:06:37.229946-05:00
2026-08-09,10:00,comp_1992,HamKam,Aalesunds FK,2.19,1.233,3.423,57.4,20.7,21.9,67.0,33.0,62.8,2.12,3.81,3.18,1.53,2.4,2026-08-07T06:06:31.956697-05:00,2.1,3.97,3.27,1.5,2.5,0.95,2026-08-09T06:06:37.231851-05:00
2026-08-09,07:30,comp_1992,Lillestrøm SK,Rosenborg BK,1.906,1.093,2.999,54.6,23.2,22.2,57.2,42.8,56.4,2.36,3.64,2.86,1.57,2.25,2026-08-07T06:06:31.967028-05:00,2.49,3.67,2.79,1.67,2.28,-5.22,2026-08-09T06:06:37.233765-05:00
2026-08-09,16:30,comp_4795,Santos,Athletico,1.467,1.258,2.725,41.1,27.5,31.3,51.4,48.6,55.4,2.14,3.26,3.62,2.11,1.74,2026-08-07T06:06:31.977206-05:00,2.16,3.3,3.67,2.13,1.75,-0.93,2026-08-09T06:06:37.235641-05:00
2026-08-09,17:30,comp_4795,Flamengo,Vitória,2.407,0.619,3.026,71.7,17.8,10.5,58.1,41.9,41.9,1.22,6.35,11.99,1.6,2.3,2026-08-07T06:06:31.987459-05:00,1.24,6.31,12.61,1.6,2.3,-1.61,2026-08-09T06:06:37.237568-05:00
2026-08-09,07:30,comp_6387,Kilmarnock,Celtic,1.203,1.36,2.563,33.4,26.9,39.6,47.4,52.6,52.3,6.71,5.17,1.39,1.44,2.75,2026-08-07T06:06:31.997720-05:00,7.19,5.39,1.39,1.44,2.75,-6.68,2026-08-09T06:06:37.239434-05:00
2026-08-09,09:00,comp_6387,Motherwell,Falkirk FC,1.76,0.87,2.63,56.6,23.8,19.6,48.5,51.5,47.4,1.85,3.79,3.95,1.75,2.09,2026-08-07T06:06:32.007995-05:00,1.82,3.9,4.27,1.76,2.13,1.65,2026-08-09T06:06:37.241307-05:00
2026-08-09,15:30,comp_6981,Melgar,FC Cajamarca,2.162,1.034,3.196,59.3,22.0,18.8,62.2,37.8,56.8,1.28,4.88,8.25,1.57,2.35,2026-08-07T06:06:32.018333-05:00,1.28,5.19,9.35,1.57,2.35,0.0,2026-08-09T06:06:37.243115-05:00
2026-08-09,13:00,comp_6981,Deportivo Garcilaso,CD Moquegua,1.706,1.024,2.73,50.5,26.9,22.6,51.3,48.7,52.2,1.52,3.89,5.97,1.94,1.85,2026-08-07T06:06:32.028575-05:00,1.49,3.94,6.34,1.98,1.81,2.01,2026-08-09T06:06:37.244946-05:00
2026-08-09,09:00,comp_6387,Heart of Midlothian,Dundee United,2.104,0.932,3.036,62.0,21.3,16.7,58.6,41.4,52.9,1.63,4.0,5.03,1.74,2.1,2026-08-07T06:06:32.038862-05:00,1.71,4.16,4.62,1.7,2.22,-4.68,2026-08-09T06:06:37.246788-05:00
2026-08-09,09:00,comp_7938,Randers FC,Lyngby,0.817,0.823,1.64,32.4,35.3,32.3,22.6,77.4,31.5,2.13,3.66,3.21,1.75,2.09,2026-08-07T06:06:32.049176-05:00,2.36,3.66,2.95,1.7,2.23,-9.75,2026-08-09T06:06:37.248619-05:00
2026-08-09,18:15,comp_4540,Argentinos Juniors,Racing Club,1.13,0.81,1.94,41.9,31.3,26.9,30.1,69.9,37.8,2.15,2.88,4.1,2.6,1.48,2026-08-07T06:06:32.059505-05:00,2.17,2.97,4.04,2.7,1.44,-0.92,2026-08-09T06:06:37.250462-05:00
2026-08-09,13:00,comp_4540,San Lorenzo,Huracán,0.91,0.626,1.536,39.2,36.1,24.6,20.2,79.8,28.2,2.89,2.66,3.02,4.0,1.25,2026-08-07T06:06:32.069919-05:00,2.88,2.76,3.06,3.5,1.3,0.35,2026-08-09T06:06:37.252294-05:00
2026-08-09,19:00,comp_1917,Guayaquil City,Emelec,1.118,0.928,2.046,39.5,29.9,30.7,33.4,66.6,40.3,3.08,3.16,2.34,2.5,1.5,2026-08-07T06:06:32.080197-05:00,2.86,3.08,2.6,2.5,1.5,7.69,2026-08-09T06:06:37.254118-05:00
2026-08-09,16:00,comp_1917,Delfín,Orense SC,0.886,1.295,2.181,26.4,29.2,44.4,37.2,62.8,42.7,2.42,3.04,3.07,2.5,1.5,2026-08-07T06:06:32.090555-05:00,2.62,3.02,2.94,2.5,1.5,-7.63,2026-08-09T06:06:37.255958-05:00
2026-08-09,15:45,comp_4540,Defensa y Justicia,Newell's Old Boys,1.418,0.752,2.17,51.6,27.5,20.9,36.4,63.6,40.2,2.29,2.95,3.6,2.6,1.48,2026-08-07T06:06:32.100851-05:00,2.29,3.05,3.67,2.5,1.5,0.0,2026-08-09T06:06:37.257812-05:00
2026-08-09,11:00,comp_7938,AC Horsens,Brøndby IF,0.88,0.88,1.76,33.4,33.5,33.1,26.0,74.0,34.3,4.37,3.73,1.79,1.88,1.94,2026-08-07T06:06:32.111153-05:00,5.52,4.14,1.62,1.88,1.99,-20.83,2026-08-09T06:06:37.259693-05:00
2026-08-09,10:00,comp_6387,Rangers,Hibernian,1.313,1.387,2.7,35.8,26.1,38.1,51.0,49.0,54.8,1.54,4.38,5.51,1.57,2.38,2026-08-07T06:06:32.121505-05:00,1.55,4.51,5.65,1.57,2.38,-0.65,2026-08-09T06:06:37.261537-05:00
2026-08-09,09:00,comp_4795,Cruzeiro,Mirassol,1.375,1.015,2.39,44.1,28.1,27.8,43.1,56.9,47.7,1.68,3.76,5.23,1.96,1.88,2026-08-07T06:06:32.131886-05:00,1.76,3.6,5.36,2.02,1.87,-4.55,2026-08-09T06:06:37.263382-05:00
2026-08-09,14:00,comp_4795,Palmeiras,Internacional,2.608,0.909,3.517,68.9,17.8,13.3,67.8,32.2,55.1,1.59,3.84,6.04,2.0,1.85,2026-08-07T06:06:32.142298-05:00,1.58,4.01,6.49,2.01,1.88,0.63,2026-08-09T06:06:37.265180-05:00
2026-08-09,16:05,comp_720692,Alianza Valledupar FC,Atlético Bucaramanga,0.796,1.178,1.974,25.0,31.3,43.7,31.6,68.4,38.0,2.7,3.1,2.5,2.4,1.5,2026-08-07T06:06:32.152678-05:00,2.9,3.0,2.3,2.4,1.5,-6.9,2026-08-09T06:06:37.267014-05:00
2026-08-09,18:10,comp_720692,Jaguares de Córdoba,Once Caldas,1.075,1.637,2.712,25.7,25.6,48.6,50.9,49.1,53.1,4.27,3.15,1.93,2.06,1.74,2026-08-07T06:06:32.163145-05:00,4.08,3.25,1.99,2.05,1.77,4.66,2026-08-09T06:06:37.268832-05:00
2026-08-09,20:15,comp_720692,América de Cali,Atlético Nacional,1.354,1.08,2.434,43.1,27.1,29.7,44.4,55.6,48.6,2.4,3.1,3.08,2.12,1.7,2026-08-07T06:06:32.173742-05:00,2.42,3.13,3.12,2.14,1.71,-0.83,2026-08-09T06:06:37.270675-05:00
2026-08-09,14:00,comp_4795,Bahia,Vasco da Gama,1.978,1.492,3.47,47.1,23.9,29.0,67.7,32.3,67.0,2.0,3.57,3.72,1.9,1.93,2026-08-07T06:06:32.184094-05:00,2.03,3.58,3.82,1.96,1.93,-1.48,2026-08-09T06:06:37.272507-05:00
2026-08-10,20:05,comp_720692,Junior Barranquilla,Deportivo Pereira,2.037,0.911,2.948,61.1,21.7,17.2,56.0,44.0,51.3,1.31,4.88,9.33,1.74,2.06,2026-08-08T06:06:28.593184-05:00,1.32,4.95,9.92,1.76,2.09,-0.76,2026-08-10T06:06:31.962055-05:00
2026-08-10,16:00,comp_720692,Rionegro Águilas Doradas,Llaneros FC,1.158,0.872,2.03,41.9,30.0,28.2,32.5,67.5,39.4,1.98,3.13,4.13,2.29,1.6,2026-08-08T06:06:28.604639-05:00,2.04,3.23,4.05,2.31,1.64,-2.94,2026-08-10T06:06:31.964193-05:00
2026-08-10,19:00,comp_1917,Deportivo Cuenca,Manta FC,1.593,1.0,2.593,50.4,25.1,24.5,47.9,52.1,49.8,1.6,3.5,6.03,2.4,1.53,2026-08-08T06:06:28.615515-05:00,1.68,3.56,5.36,2.19,1.68,-4.76,2026-08-10T06:06:31.966201-05:00
2026-08-10,16:30,comp_1917,Libertad,Universidad Católica del Ecuador,1.238,1.434,2.672,32.9,26.7,40.4,49.8,50.2,54.4,3.81,3.44,1.93,1.92,1.85,2026-08-08T06:06:28.626350-05:00,4.3,3.63,1.83,1.85,1.98,-11.4,2026-08-10T06:06:31.968196-05:00
2026-08-10,14:00,comp_1917,Técnico Universitario,Mushuc Runa,0.968,1.071,2.039,32.2,30.5,37.4,33.7,66.3,40.6,2.73,3.08,2.64,2.17,1.65,2026-08-08T06:06:28.636996-05:00,2.83,3.11,2.65,2.37,1.59,-3.53,2026-08-10T06:06:31.970100-05:00
2026-08-10,12:00,comp_7938,Silkeborg IF,Odense Boldklub,2.177,1.602,3.779,49.2,22.2,28.6,72.9,27.1,71.3,2.5,3.8,2.3,1.44,2.6,2026-08-08T06:06:28.647573-05:00,2.5,3.5,2.4,1.44,2.6,0.0,2026-08-10T06:06:31.972065-05:00
2026-08-10,17:00,comp_4540,Banfield,Belgrano,0.963,0.949,1.912,34.7,31.9,33.5,29.7,70.3,37.9,3.23,2.94,2.48,2.88,1.4,2026-08-08T06:06:28.658128-05:00,3.36,2.95,2.49,2.7,1.44,-3.87,2026-08-10T06:06:31.973991-05:00
2026-08-10,18:00,comp_720692,Independiente Medellín,Millonarios,1.469,1.149,2.618,44.0,26.6,29.3,48.6,51.4,52.3,2.62,3.09,2.78,2.05,1.75,2026-08-08T06:06:28.669276-05:00,2.62,3.15,2.85,2.08,1.77,0.0,2026-08-10T06:06:31.976159-05:00
2026-08-10,19:15,comp_4540,Club Atlético Unión de Santa Fe,Central Córdoba,0.923,0.97,1.893,33.0,32.2,34.8,29.1,70.9,37.7,1.51,4.08,6.61,2.03,1.79,2026-08-08T06:06:28.679853-05:00,1.54,4.05,6.69,2.1,1.77,-1.95,2026-08-10T06:06:31.978033-05:00
2026-08-11,19:30,comp_1615,Bolívar,São Paulo,0.918,0.834,1.752,33.8,35.9,30.3,25.4,74.6,34.1,1.79,3.71,4.07,1.77,1.98,2026-08-09T06:06:59.462386-05:00,1.75,3.74,4.48,1.85,1.95,2.29,2026-08-11T06:06:29.569407-05:00
2026-08-11,13:15,comp_3498,NK Celje,FC Ararat-Armenia,1.892,1.108,3.0,52.8,24.4,22.8,57.8,42.2,56.7,1.44,4.39,6.46,1.7,2.08,2026-08-09T06:06:59.478071-05:00,1.43,4.63,6.87,1.64,2.24,0.7,2026-08-11T06:06:29.571092-05:00
2026-08-11,19:30,comp_0499,Deportes Tolima,Independiente del Valle,1.026,0.854,1.88,35.9,35.4,28.7,29.1,70.9,36.5,2.93,3.1,2.54,2.07,1.73,2026-08-09T06:06:59.492194-05:00,3.02,3.03,2.62,2.32,1.62,-2.98,2026-08-11T06:06:29.572711-05:00
2026-08-11,17:00,comp_1615,Boca Juniors,Recoleta FC,1.402,0.77,2.172,48.0,30.9,21.1,36.7,63.3,40.9,1.22,5.75,13.0,1.66,1.89,2026-08-09T06:06:59.506756-05:00,1.26,5.57,10.39,1.69,2.07,-3.17,2026-08-11T06:06:29.574433-05:00
2026-08-11,13:00,comp_3498,FK Crvena zvezda,Hapoel Be'er Sheva,1.34,0.741,2.081,48.9,29.9,21.2,34.5,65.5,38.2,1.27,5.77,8.45,1.44,2.62,2026-08-09T06:06:59.521998-05:00,1.22,6.75,10.5,1.44,2.62,4.1,2026-08-11T06:06:29.576003-05:00
2026-08-11,19:30,comp_0499,Estudiantes de La Plata,Universidad Católica,1.146,0.824,1.97,39.8,34.2,25.9,31.4,68.6,38.1,1.58,3.77,6.01,2.17,1.67,2026-08-09T06:06:59.536042-05:00,1.69,3.52,5.7,2.4,1.53,-6.51,2026-08-11T06:06:29.577541-05:00
2026-08-11,10:00,comp_3498,Kairat Almaty,Levski Sofia,1.076,1.135,2.211,33.0,31.3,35.8,37.7,62.3,44.4,2.41,3.37,2.8,2.27,1.59,2026-08-09T06:06:59.549996-05:00,2.8,3.12,2.67,2.38,1.53,-13.93,2026-08-11T06:06:29.579065-05:00
2026-08-11,11:00,comp_3498,Bodø/Glimt,Royale Union Saint-Gilloise,2.454,0.997,3.451,64.9,19.9,15.2,67.2,32.8,57.4,1.57,4.86,4.23,,,2026-08-09T06:06:59.563914-05:00,1.61,4.42,4.71,,,-2.48,2026-08-11T06:06:29.580595-05:00
2026-08-11,11:00,comp_3498,Sabah FK,AGF,1.376,1.228,2.604,39.4,28.1,32.5,48.7,51.3,52.7,1.99,3.47,3.56,1.75,2.01,2026-08-09T06:06:59.578225-05:00,1.93,3.68,3.74,1.61,2.25,3.11,2026-08-11T06:06:29.582070-05:00
2026-08-11,12:00,comp_3498,FK Kauno Žalgiris,GNK Dinamo Zagreb,1.775,1.252,3.027,47.8,24.8,27.4,58.5,41.5,59.0,6.86,4.85,1.37,1.53,2.38,2026-08-09T06:06:59.595146-05:00,7.47,4.91,1.38,1.68,2.16,-8.17,2026-08-11T06:06:29.583546-05:00
2026-08-11,12:30,comp_3498,NEC Nijmegen,Olympiacos FC,1.021,0.626,1.647,41.6,35.5,22.9,22.8,77.2,29.8,2.65,3.43,2.5,1.98,1.79,2026-08-09T06:06:59.609502-05:00,2.7,3.49,2.52,1.72,2.11,-1.85,2026-08-11T06:06:29.584985-05:00
2026-08-11,19:00,comp_4540,Talleres,Lanús,0.726,0.683,1.409,31.6,38.7,29.7,16.5,83.5,25.6,2.44,2.82,3.48,3.1,1.36,2026-08-09T06:06:59.623430-05:00,2.43,2.99,3.38,2.7,1.44,0.41,2026-08-11T06:06:29.586438-05:00
2026-08-11,12:30,comp_408698,FC CSKA 1948 Sofia,Panathinaikos,1.153,0.82,1.973,41.2,32.2,26.6,31.3,68.7,38.1,4.75,3.4,1.7,1.85,1.95,2026-08-09T06:06:59.637433-05:00,4.5,3.3,1.75,2.0,1.8,5.56,2026-08-11T06:06:29.587860-05:00
2026-08-11,12:00,comp_408698,Apollon Limassol,SK Brann,1.262,0.904,2.166,42.4,30.9,26.7,36.3,63.7,42.3,2.28,3.2,2.84,1.93,1.83,2026-08-09T06:06:59.651334-05:00,2.18,3.42,3.07,1.75,2.07,4.59,2026-08-11T06:06:29.589315-05:00
2026-08-11,14:00,comp_3498,Olympique Lyonnais,AC Sparta Praha,1.45,0.986,2.436,46.2,28.0,25.8,43.9,56.1,47.5,1.49,4.38,5.55,1.61,2.22,2026-08-09T06:06:59.665324-05:00,1.4,5.08,6.7,1.5,2.5,6.43,2026-08-11T06:06:29.590751-05:00
2026-08-11,13:30,comp_3498,SK Sturm Graz,Fenerbahçe,1.073,1.134,2.207,33.5,30.2,36.4,38.0,62.0,44.4,3.85,3.82,1.81,1.63,2.18,2026-08-09T06:06:59.679215-05:00,4.17,3.86,1.79,1.67,2.19,-7.67,2026-08-11T06:06:29.592188-05:00
2026-08-11,13:15,comp_3498,ŠK Slovan Bratislava,Mjällby AIF,0.931,0.736,1.667,37.1,35.3,27.6,23.2,76.8,31.8,1.77,3.63,4.27,1.85,1.91,2026-08-09T06:06:59.692933-05:00,1.83,3.65,4.24,1.85,1.97,-3.28,2026-08-11T06:06:29.593653-05:00
2026-08-11,11:00,comp_7739,FC Iberia 1999,Larne FC,1.388,0.975,2.363,46.0,27.2,26.8,42.3,57.7,46.5,1.68,3.63,4.63,2.08,1.7,2026-08-09T06:06:59.706703-05:00,1.62,3.77,5.37,2.03,1.81,3.7,2026-08-11T06:06:29.595096-05:00
2026-08-11,17:00,comp_0499,Fluminense,Independiente Rivadavia,1.403,1.117,2.52,40.3,30.5,29.3,46.6,53.4,50.3,1.65,3.61,5.48,2.16,1.68,2026-08-09T06:06:59.720679-05:00,1.71,3.6,5.4,2.3,1.63,-3.51,2026-08-11T06:06:29.596577-05:00
2026-08-12,17:00,comp_0499,Palmeiras,Cerro Porteño,1.426,0.69,2.116,49.1,31.4,19.5,35.0,65.0,37.4,1.31,4.81,10.33,1.97,1.84,2026-08-10T06:06:55.013593-05:00,1.31,5.03,11.38,2.06,1.81,0.0,2026-08-12T06:06:32.597465-05:00
2026-08-12,19:30,comp_0499,Cruzeiro,Flamengo,0.938,0.818,1.756,34.2,37.2,28.6,25.7,74.3,34.2,3.07,2.9,2.59,2.04,1.75,2026-08-10T06:06:55.029823-05:00,3.05,2.88,2.68,2.39,1.58,0.66,2026-08-12T06:06:32.599195-05:00
2026-08-12,11:00,comp_408698,SK Rapid Wien,Paide Linnameeskond,1.772,1.46,3.232,43.6,25.3,31.1,62.2,37.8,63.8,1.06,10.73,22.44,1.36,3.0,2026-08-10T06:06:55.044850-05:00,1.07,10.04,19.58,1.36,3.0,-0.93,2026-08-12T06:06:32.600815-05:00
2026-08-12,11:00,comp_408698,GKS Katowice,Hapoel Tel Aviv,1.003,0.709,1.712,39.4,35.4,25.2,24.4,75.6,32.0,2.0,3.07,3.7,2.29,1.58,2026-08-10T06:06:55.059760-05:00,1.93,3.33,3.52,1.99,1.78,3.63,2026-08-12T06:06:32.602371-05:00
2026-08-12,17:00,comp_1615,Red Bull Bragantino,Atlético Mineiro,1.308,1.335,2.643,35.1,28.7,36.2,49.6,50.4,53.9,1.93,3.29,3.96,2.06,1.71,2026-08-10T06:06:55.074605-05:00,2.03,3.24,3.93,2.21,1.66,-4.93,2026-08-12T06:06:32.603880-05:00
2026-08-12,17:00,comp_1615,Tigre,Montevideo City Torque,1.097,0.876,1.973,38.4,33.1,28.6,31.4,68.6,39.0,1.75,3.49,4.62,2.07,1.71,2026-08-10T06:06:55.089077-05:00,1.83,3.29,4.88,2.5,1.5,-4.37,2026-08-12T06:06:32.605405-05:00
2026-08-12,19:30,comp_1615,Independiente Santa Fe,River Plate,0.921,1.178,2.099,28.7,31.9,39.4,34.8,65.2,41.4,3.16,3.07,2.34,2.27,1.59,2026-08-10T06:06:55.103573-05:00,,,,,,,
2026-08-12,17:00,comp_0499,Platense,Coquimbo Unido,1.333,1.214,2.547,37.2,30.5,32.3,46.5,53.5,51.6,1.89,3.09,4.74,2.7,1.44,2026-08-10T06:06:55.118209-05:00,1.99,3.08,4.59,2.88,1.4,-5.03,2026-08-12T06:06:32.607287-05:00
2026-08-12,11:00,comp_408698,FC København,Debreceni VSC,1.426,0.927,2.353,46.1,29.6,24.3,41.7,58.3,45.9,1.22,5.5,10.0,1.57,2.35,2026-08-10T06:06:55.132961-05:00,1.22,5.5,10.0,1.57,2.35,0.0,2026-08-12T06:06:32.608711-05:00
2026-08-13,12:00,comp_408698,DAC 1904,FC Twente,1.356,0.911,2.267,44.7,29.8,25.4,39.7,60.3,44.3,5.53,4.23,1.47,1.63,2.19,2026-08-11T06:06:50.525793-05:00,5.55,4.31,1.46,,,-0.36,2026-08-13T06:06:29.678196-05:00
2026-08-13,13:30,comp_408698,ETO FC Győr,Riga FC,1.877,1.291,3.168,49.0,24.3,26.7,61.0,39.0,61.1,2.33,3.21,2.82,1.77,1.98,2026-08-11T06:06:50.542067-05:00,2.21,3.28,2.96,1.76,1.99,5.43,2026-08-13T06:06:29.680007-05:00
2026-08-13,13:30,comp_408698,Motherwell,HJK,1.796,1.015,2.811,52.3,25.5,22.2,52.9,47.1,52.7,1.63,3.63,4.63,1.81,1.94,2026-08-11T06:06:50.556732-05:00,1.65,3.69,4.72,1.83,1.96,-1.21,2026-08-13T06:06:29.681648-05:00
2026-08-13,13:30,comp_408698,KAA Gent,IFK Göteborg,1.003,0.709,1.712,39.4,35.4,25.2,24.4,75.6,32.0,1.5,4.06,5.54,1.74,2.02,2026-08-11T06:06:50.571106-05:00,1.49,4.07,5.56,1.74,2.02,0.67,2026-08-13T06:06:29.683227-05:00
2026-08-13,13:30,comp_408698,Austria Wien,Beitar Jerusalem,2.322,1.445,3.767,53.9,22.0,24.0,72.8,27.2,69.4,2.16,3.49,2.83,1.7,2.06,2026-08-11T06:06:50.585612-05:00,2.22,3.59,2.78,1.7,2.09,-2.7,2026-08-13T06:06:29.684742-05:00
2026-08-13,13:45,comp_408698,Shelbourne,AFC Ajax,1.851,1.05,2.901,52.6,25.1,22.3,54.9,45.1,54.4,13.32,7.55,1.13,1.4,2.75,2026-08-11T06:06:50.600123-05:00,12.74,7.39,1.14,1.4,2.75,4.55,2026-08-13T06:06:29.686319-05:00
2026-08-13,14:00,comp_408698,Dinamo City,FK Auda,1.211,0.91,2.121,41.1,31.8,27.1,35.3,64.7,42.1,1.8,3.27,4.15,1.93,1.82,2026-08-11T06:06:50.614597-05:00,1.9,3.18,3.91,1.97,1.81,-5.26,2026-08-13T06:06:29.687896-05:00
2026-08-13,14:00,comp_408698,HNK Hajduk Split,FK Žalgiris,1.649,1.012,2.661,49.6,27.0,23.4,49.2,50.8,51.1,1.26,5.4,8.36,1.44,2.62,2026-08-11T06:06:50.628917-05:00,1.26,5.4,8.2,1.44,2.62,0.0,2026-08-13T06:06:29.689502-05:00
2026-08-13,12:00,comp_408698,Dinamo Minsk,Sporting Braga,0.929,1.431,2.36,24.6,29.9,45.6,42.1,57.9,46.6,7.69,4.95,1.31,1.69,2.09,2026-08-11T06:06:50.643285-05:00,7.69,4.95,1.31,1.69,2.09,0.0,2026-08-13T06:06:29.690971-05:00
2026-08-13,12:00,comp_7739,Pafos FC,Red Bull Salzburg,1.404,1.053,2.457,44.0,27.7,28.3,44.6,55.4,48.7,2.82,3.53,2.22,1.75,2.0,2026-08-11T06:06:50.658606-05:00,2.84,3.6,2.24,1.71,2.11,-0.7,2026-08-13T06:06:29.692453-05:00
2026-08-13,12:00,comp_7739,Beşiktaş,FC Hradec Králové,1.359,1.101,2.46,42.5,27.4,30.1,44.9,55.1,49.4,1.28,5.33,9.02,1.65,2.2,2026-08-11T06:06:50.672982-05:00,1.28,5.49,9.41,1.61,2.25,0.0,2026-08-13T06:06:29.693902-05:00
2026-08-13,12:00,comp_7739,Górnik Zabrze,Ferencváros TC,1.135,1.037,2.172,38.0,28.9,33.1,36.6,63.4,42.9,2.01,3.45,3.31,1.85,1.93,2026-08-11T06:06:50.687213-05:00,2.27,3.47,2.89,1.95,1.85,-11.45,2026-08-13T06:06:29.695347-05:00
2026-08-13,12:30,comp_7739,Víkingur Reykjavík,FC Thun,1.203,0.971,2.174,40.8,29.1,30.1,36.2,63.8,42.9,2.34,3.73,2.67,1.5,2.5,2026-08-11T06:06:50.701702-05:00,2.36,3.77,2.69,1.5,2.5,-0.85,2026-08-13T06:06:29.696774-05:00
2026-08-13,12:30,comp_7739,Klaksvíkar Ítróttarfelag,Lech Poznań,1.419,1.258,2.677,40.4,26.8,32.8,49.8,50.2,54.1,5.78,4.63,1.45,1.57,2.35,2026-08-11T06:06:50.716355-05:00,5.03,4.34,1.57,1.6,2.3,14.91,2026-08-13T06:06:29.698210-05:00
2026-08-13,13:00,comp_7739,CSKA Sofia,Maccabi Tel Aviv,1.776,0.943,2.719,55.1,24.2,20.7,50.4,49.6,50.3,2.23,3.24,3.2,2.02,1.77,2026-08-11T06:06:50.731210-05:00,2.35,3.36,2.98,2.02,1.79,-5.11,2026-08-13T06:06:29.699633-05:00
2026-08-13,13:30,comp_7739,Rangers,Jagiellonia Białystok,0.971,1.42,2.391,26.0,27.8,46.2,42.6,57.4,47.3,1.53,4.16,5.36,1.71,2.07,2026-08-11T06:06:50.746107-05:00,1.56,4.14,5.43,1.73,2.08,-1.92,2026-08-13T06:06:29.701227-05:00
2026-08-13,13:30,comp_7739,RSC Anderlecht,PAOK,1.379,1.381,2.76,37.6,25.5,36.9,52.6,47.4,56.0,2.81,3.36,2.4,1.88,1.89,2026-08-11T06:06:50.761029-05:00,2.93,3.5,2.32,1.88,1.93,-4.1,2026-08-13T06:06:29.702680-05:00
2026-08-13,13:45,comp_7739,Heart of Midlothian,Benfica,1.571,0.796,2.367,54.3,25.8,19.9,42.1,57.9,43.2,6.06,4.85,1.41,1.44,2.62,2026-08-11T06:06:50.775989-05:00,6.17,5.01,1.42,1.44,2.62,-1.78,2026-08-13T06:06:29.704102-05:00
2026-08-13,12:00,comp_7739,Omonia Nicosia,Lincoln Red Imps,2.276,0.756,3.032,68.0,19.4,12.7,58.9,41.1,47.7,1.1,8.91,20.39,1.5,2.5,2026-08-11T06:06:50.791481-05:00,1.1,9.05,21.53,1.5,2.5,0.0,2026-08-13T06:06:29.705510-05:00
2026-08-13,12:00,comp_7739,Universitatea Craiova,KuPS,1.646,0.804,2.45,55.6,25.0,19.4,44.1,55.9,44.1,1.32,4.77,8.62,1.84,1.93,2026-08-11T06:06:50.806640-05:00,1.4,4.48,7.82,1.89,1.91,-5.71,2026-08-13T06:06:29.706924-05:00
2026-08-13,13:15,comp_408698,FC Sion,FC Noah,1.376,0.91,2.286,45.9,29.2,25.0,40.1,59.9,44.2,1.44,4.25,6.03,1.69,2.09,2026-08-11T06:06:50.821835-05:00,1.42,4.33,6.13,1.68,2.1,1.41,2026-08-13T06:06:29.708344-05:00
2026-08-13,11:00,comp_408698,Qarabağ,Dynamo Kyiv,2.022,1.198,3.22,52.4,24.7,22.9,63.1,36.9,60.5,1.79,3.49,3.57,1.84,1.87,2026-08-11T06:06:50.837005-05:00,1.75,3.59,3.67,1.83,1.88,2.29,2026-08-13T06:06:29.709737-05:00
2026-08-13,12:00,comp_408698,FC Nordsjælland,Valur Reykjavík,1.684,1.382,3.066,42.9,25.8,31.4,59.1,40.9,61.3,1.05,11.26,22.77,1.29,3.5,2026-08-11T06:06:50.852281-05:00,1.06,10.94,21.91,1.25,3.75,-0.94,2026-08-13T06:06:29.711154-05:00
2026-08-13,12:00,comp_408698,Hammarby IF,Raków Częstochowa,0.942,1.103,2.045,29.9,32.6,37.5,33.5,66.5,40.7,1.62,3.75,4.88,1.65,2.2,2026-08-11T06:06:50.867558-05:00,1.75,3.54,4.55,1.82,2.01,-7.43,2026-08-13T06:06:29.712547-05:00
2026-08-13,12:00,comp_408698,ML Vitebsk,FK Borac Banja Luka,1.803,1.223,3.026,48.8,25.1,26.1,58.4,41.6,58.7,2.39,3.28,2.69,1.94,1.83,2026-08-11T06:06:50.882678-05:00,2.4,3.3,2.67,1.93,1.83,-0.42,2026-08-13T06:06:29.713943-05:00
2026-08-13,12:30,comp_408698,NSÍ Runavík,FC Lugano,1.931,1.2,3.131,51.3,24.3,24.4,60.6,39.4,59.7,8.06,5.28,1.28,1.5,2.5,2026-08-11T06:06:50.898124-05:00,8.06,5.28,1.28,1.53,2.38,0.0,2026-08-13T06:06:29.715398-05:00
2026-08-13,12:30,comp_408698,FC Vaduz,Inter Turku,1.306,1.177,2.483,37.9,30.0,32.1,45.1,54.9,50.1,1.7,3.63,4.14,1.7,2.05,2026-08-11T06:06:50.913626-05:00,1.72,3.7,4.22,1.72,2.07,-1.16,2026-08-13T06:06:29.716857-05:00
2026-08-13,13:00,comp_408698,FC Drita,SP Tre Fiori,1.613,1.265,2.878,43.8,26.5,29.7,55.2,44.8,57.4,1.09,8.84,18.52,1.4,2.75,2026-08-11T06:06:50.929062-05:00,1.09,8.8,18.43,1.4,2.75,0.0,2026-08-13T06:06:29.718297-05:00
2026-08-13,13:00,comp_408698,KF Shkëndija,Hibernian,1.453,1.201,2.654,41.7,27.5,30.8,49.9,50.1,53.4,2.46,3.33,2.57,1.85,1.92,2026-08-11T06:06:50.944450-05:00,2.33,3.49,2.58,1.64,2.16,5.58,2026-08-13T06:06:29.719710-05:00
2026-08-13,19:30,comp_0499,Rosario Central,Corinthians,1.507,0.508,2.015,55.5,30.6,13.8,33.1,66.9,31.4,2.31,2.84,3.66,2.88,1.4,2026-08-11T06:06:50.959649-05:00,2.32,2.82,3.66,2.88,1.4,-0.43,2026-08-13T06:06:29.721144-05:00
2026-08-13,17:00,comp_0499,Mirassol,LDU,1.768,0.967,2.735,51.7,27.9,20.4,51.2,48.8,51.0,1.71,3.29,5.73,2.27,1.61,2026-08-11T06:06:50.974925-05:00,1.72,3.29,5.62,2.3,1.6,-0.58,2026-08-13T06:06:29.722537-05:00
2026-08-13,10:00,comp_408698,FC Tobol,FK Partizan,1.137,1.077,2.214,35.9,30.7,33.4,38.2,61.8,44.9,2.84,3.49,2.19,1.6,2.3,2026-08-11T06:06:50.990136-05:00,2.91,3.25,2.25,1.81,1.97,-2.41,2026-08-13T06:06:29.723935-05:00
2026-08-13,17:00,comp_1615,Santos,Macará,1.081,1.411,2.492,29.1,28.8,42.1,45.4,54.6,50.3,1.44,3.98,7.59,1.65,2.15,2026-08-11T06:06:51.006702-05:00,1.41,4.01,8.3,1.71,2.08,2.13,2026-08-13T06:06:29.725355-05:00
2026-08-13,12:00,comp_408698,FC Midtjylland,Bohemian FC,2.143,0.878,3.021,61.8,21.7,16.5,58.2,41.8,51.3,1.17,6.58,11.03,1.4,2.75,2026-08-11T06:06:51.021761-05:00,1.18,6.43,10.5,1.4,2.75,-0.85,2026-08-13T06:06:29.726754-05:00
2026-08-13,14:00,comp_7739,KF Egnatia,Shamrock Rovers,1.599,1.054,2.653,49.0,25.0,26.0,49.4,50.6,51.3,2.0,3.58,3.22,1.72,2.05,2026-08-11T06:06:51.036438-05:00,2.03,3.64,3.24,1.72,2.09,-1.48,2026-08-13T06:06:29.728181-05:00
2026-08-13,11:30,comp_408698,RFS,FK Jablonec,1.143,1.07,2.213,35.7,31.4,32.9,38.0,62.0,44.1,1.85,3.57,3.31,2.06,1.66,2026-08-11T06:06:51.051552-05:00,1.93,3.57,3.08,2.07,1.66,-4.15,2026-08-13T06:06:29.729571-05:00
2026-08-13,11:00,comp_408698,Flora Tallinn,Inter Club d'Escaldes,2.271,1.302,3.573,55.7,22.1,22.2,69.3,30.7,65.2,1.81,3.39,3.65,1.95,1.77,2026-08-11T06:06:51.066190-05:00,1.83,3.36,3.61,1.95,1.77,-1.09,2026-08-13T06:06:29.730969-05:00
2026-08-13,11:00,comp_408698,Ilves,HNK Rijeka,1.621,1.275,2.896,44.0,26.5,29.5,55.2,44.8,57.5,4.29,3.5,1.71,2.01,1.74,2026-08-11T06:06:51.080910-05:00,4.21,3.44,1.78,2.06,1.73,1.9,2026-08-13T06:06:29.732454-05:00
2026-08-13,13:00,comp_408698,FC St. Gallen 1879,Sheriff Tiraspol,2.374,0.935,3.309,64.3,20.4,15.3,64.5,35.5,54.6,1.29,5.19,8.04,1.57,2.35,2026-08-11T06:06:51.095761-05:00,1.28,5.22,8.07,1.57,2.35,0.78,2026-08-13T06:06:29.733882-05:00
2026-08-13,19:30,comp_1615,Cienciano,Botafogo,1.201,1.179,2.38,35.4,30.8,33.8,42.4,57.6,47.9,2.28,3.15,3.18,1.91,1.86,2026-08-11T06:06:51.110667-05:00,2.45,3.08,2.97,2.0,1.8,-6.94,2026-08-13T06:06:29.735325-05:00
2026-08-13,17:00,comp_1615,Vasco da Gama,Olimpia,1.581,1.167,2.748,44.7,27.9,27.4,52.0,48.0,54.3,1.63,3.63,5.3,1.88,1.88,2026-08-11T06:06:51.125474-05:00,1.7,3.53,4.92,1.9,1.88,-4.12,2026-08-13T06:06:29.736719-05:00
2026-08-13,12:00,comp_408698,Tromsø IL,CFR 1907 Cluj,1.972,0.976,2.948,56.5,23.7,19.7,56.5,43.5,53.1,1.45,4.27,5.8,1.7,2.1,2026-08-11T06:06:51.140184-05:00,1.39,4.49,6.24,1.61,2.25,4.32,2026-08-13T06:06:29.738153-05:00
2026-08-14,15:00,comp_6981,Club Atlético Grau,Comerciantes Unidos,1.506,1.147,2.653,43.6,28.2,28.2,49.1,50.9,52.7,1.87,3.19,4.26,2.35,1.57,2026-08-12T06:06:53.050792-05:00,,,,,,,
2026-08-14,18:00,comp_6981,Cusco FC,ADC Juan Pablo II,2.035,0.612,2.647,65.1,22.4,12.5,49.4,50.6,39.9,2.45,3.1,2.8,2.25,1.62,2026-08-12T06:06:53.066555-05:00,,,,,,,
2026-08-14,19:00,comp_1917,Independiente del Valle,Delfín,2.216,0.523,2.739,72.2,17.7,10.1,51.9,48.1,36.2,1.18,6.51,12.97,1.61,2.25,2026-08-12T06:06:53.081056-05:00,,,,,,,
2026-08-14,18:30,comp_4540,Racing Club,Banfield,1.579,0.925,2.504,51.1,26.6,22.3,45.6,54.4,47.7,1.7,3.5,5.37,2.35,1.57,2026-08-12T06:06:53.095474-05:00,,,,,,,
2026-08-14,12:00,comp_7938,Viborg FF,AGF,1.412,1.68,3.092,33.3,24.9,41.8,59.4,40.6,61.5,2.01,3.7,3.48,1.65,2.24,2026-08-12T06:06:53.110245-05:00,,,,,,,
2026-08-14,12:00,comp_1992,Rosenborg BK,Viking FK,1.7,2.082,3.782,33.1,21.9,44.9,72.8,27.2,71.6,2.54,4.06,2.44,1.48,2.6,2026-08-12T06:06:53.124744-05:00,,,,,,,
2026-08-15,18:30,comp_9799,CF Montréal,DC United,1.675,1.006,2.681,53.2,23.4,23.4,49.7,50.3,51.3,2.23,3.54,3.09,1.72,2.12,2026-08-13T06:06:50.208685-05:00,,,,,,,
2026-08-15,20:00,comp_298265,CF Monterrey,FC Juárez,2.253,1.377,3.63,55.6,20.8,23.7,70.4,29.6,67.1,1.5,4.61,5.59,1.5,2.5,2026-08-13T06:06:50.225174-05:00,,,,,,,
2026-08-15,14:00,comp_1917,Manta FC,Leones del Norte,1.232,1.152,2.384,37.9,28.8,33.3,42.3,57.7,47.8,2.77,3.05,2.63,2.62,1.44,2026-08-13T06:06:50.240255-05:00,,,,,,,
2026-08-15,22:10,comp_298265,Atlas FC,Tigres UANL,1.183,1.809,2.992,26.2,23.9,49.9,57.4,42.6,57.6,3.41,3.25,2.21,2.11,1.73,2026-08-13T06:06:50.254987-05:00,,,,,,,
2026-08-15,19:00,comp_1917,Mushuc Runa,Barcelona SC,1.213,1.015,2.228,39.8,30.1,30.1,39.0,61.0,44.7,2.18,3.12,3.44,2.09,1.7,2026-08-13T06:06:50.270020-05:00,,,,,,,
2026-08-15,16:30,comp_1917,Guayaquil City,Libertad,1.079,0.952,2.031,37.9,31.2,30.9,33.4,66.6,40.7,2.0,3.16,3.93,2.35,1.57,2026-08-13T06:06:50.284989-05:00,,,,,,,
2026-08-15,18:00,comp_298265,Atlante FC,CD Toluca,1.309,1.716,3.025,30.4,25.2,44.4,57.5,42.5,59.9,6.39,4.55,1.46,1.61,2.25,2026-08-13T06:06:50.300293-05:00,,,,,,,
2026-08-15,21:30,comp_9799,Los Angeles FC,San Diego FC,1.451,0.957,2.408,49.0,25.4,25.6,43.5,56.5,46.9,1.59,4.49,4.76,1.36,2.88,2026-08-13T06:06:50.315182-05:00,,,,,,,
2026-08-15,21:30,comp_9799,San Jose Earthquakes,St.Louis City,1.598,1.097,2.695,49.2,24.0,26.8,50.4,49.6,53.0,2.05,3.93,3.19,1.5,2.5,2026-08-13T06:06:50.330106-05:00,,,,,,,
2026-08-15,20:30,comp_9799,Real Salt Lake,Minnesota United,1.32,1.313,2.633,37.5,26.1,36.4,49.4,50.6,53.4,1.76,3.64,4.66,1.57,2.35,2026-08-13T06:06:50.344972-05:00,,,,,,,
2026-08-15,20:30,comp_9799,Colorado Rapids,Sporting Kansas City,2.277,1.048,3.325,63.5,19.1,17.5,65.1,34.9,58.3,1.48,4.83,5.69,1.48,2.6,2026-08-13T06:06:50.359912-05:00,,,,,,,
2026-08-15,19:30,comp_9799,Houston Dynamo,LA Galaxy,1.581,1.554,3.135,38.9,24.0,37.1,60.8,39.2,62.8,1.67,3.9,4.5,1.57,2.35,2026-08-13T06:06:50.374909-05:00,,,,,,,
2026-08-15,19:30,comp_9799,Nashville SC,Inter Miami CF,1.726,1.824,3.55,37.5,22.1,40.4,68.4,31.6,68.8,2.2,3.64,3.07,1.44,2.7,2026-08-13T06:06:50.391823-05:00,,,,,,,
2026-08-15,18:30,comp_9799,Toronto FC,New England Revolution,1.575,1.128,2.703,47.8,25.1,27.1,50.9,49.1,53.1,2.15,3.64,3.19,1.68,2.19,2026-08-13T06:06:50.406734-05:00,,,,,,,
2026-08-15,18:30,comp_9799,Orlando City SC,FC Cincinnati,1.732,1.36,3.092,46.2,23.2,30.7,59.2,40.8,61.2,2.12,4.11,2.93,1.29,3.6,2026-08-13T06:06:50.421843-05:00,,,,,,,
2026-08-15,18:30,comp_9799,Charlotte FC,Columbus Crew,1.343,0.861,2.204,49.0,26.3,24.7,37.8,62.2,42.4,2.29,3.54,2.99,1.68,2.18,2026-08-13T06:06:50.436691-05:00,,,,,,,
2026-08-15,13:00,comp_6981,Asociación Deportiva Tarma,Alianza Atlético de Sullana,1.366,0.866,2.232,45.7,30.3,23.9,38.8,61.2,43.0,2.0,3.27,3.63,1.93,1.85,2026-08-13T06:06:50.452026-05:00,,,,,,,
2026-08-15,15:30,comp_6981,Los Chankas CYC,Melgar,1.541,1.29,2.831,41.7,27.0,31.3,54.0,46.0,56.6,2.85,3.33,2.32,1.9,1.88,2026-08-13T06:06:50.467368-05:00,,,,,,,
2026-08-15,18:30,comp_9799,Atlanta United,New York Red Bulls,1.37,1.123,2.493,43.0,26.5,30.5,45.3,54.7,49.9,1.92,4.04,3.49,1.4,2.88,2026-08-13T06:06:50.482734-05:00,,,,,,,
2026-08-15,16:30,comp_4795,Athletico,Red Bull Bragantino,1.491,0.784,2.275,56.8,22.5,20.6,40.0,60.0,41.9,1.98,3.18,4.34,2.1,1.76,2026-08-13T06:06:50.497802-05:00,,,,,,,
2026-08-15,19:15,comp_4540,Platense,Boca Juniors,1.11,1.51,2.62,28.5,27.2,44.4,48.9,51.1,52.6,3.96,2.89,2.19,3.1,1.36,2026-08-13T06:06:50.512947-05:00,,,,,,,
2026-08-15,17:00,comp_4540,Newell's Old Boys,Deportivo Riestra,1.049,1.435,2.484,27.5,28.2,44.2,45.6,54.4,49.8,2.3,2.9,3.65,3.1,1.36,2026-08-13T06:06:50.528293-05:00,,,,,,,
2026-08-15,17:00,comp_4540,Belgrano,Independiente Rivadavia,0.941,0.972,1.913,32.7,32.9,34.4,29.7,70.3,38.0,2.0,3.03,4.42,2.6,1.48,2026-08-13T06:06:50.543552-05:00,,,,,,,
2026-08-15,14:45,comp_4540,Estudiantes de La Plata,Gimnasia y Esgrima,1.281,0.841,2.122,45.0,30.2,24.7,35.2,64.8,40.5,1.97,2.98,4.68,2.6,1.48,2026-08-13T06:06:50.558880-05:00,,,,,,,
2026-08-15,09:00,comp_1992,KFUM Oslo,Lillestrøm SK,1.295,1.227,2.522,38.3,27.1,34.5,46.3,53.7,51.1,2.76,3.42,2.55,1.66,2.25,2026-08-13T06:06:50.574116-05:00,,,,,,,
2026-08-15,12:30,comp_4540,Aldosivi,Tigre,0.822,1.092,1.914,27.7,32.5,39.9,29.9,70.1,36.6,3.18,2.8,2.62,3.1,1.36,2026-08-13T06:06:50.589408-05:00,,,,,,,
2026-08-15,12:30,comp_4540,San Lorenzo,Club Atlético Unión de Santa Fe,0.906,0.834,1.74,35.0,33.9,31.2,25.0,75.0,33.1,2.55,2.94,3.12,2.6,1.48,2026-08-13T06:06:50.604750-05:00,,,,,,,
2026-08-15,19:30,comp_6981,Alianza Lima,Universidad Técnica de Cajamarca,2.253,0.882,3.135,63.8,20.5,15.7,60.5,39.5,52.2,1.17,6.22,13.14,1.63,2.16,2026-08-13T06:06:50.620307-05:00,,,,,,,
2026-08-15,19:00,comp_4795,São Paulo,Coritiba,1.173,0.547,1.72,55.4,26.2,18.4,24.8,75.2,29.7,1.74,3.76,4.74,1.98,1.86,2026-08-13T06:06:50.635723-05:00,,,,,,,
2026-08-15,14:30,comp_4795,Fluminense,Palmeiras,1.06,1.088,2.148,37.2,25.3,37.5,36.8,63.2,42.9,2.81,3.17,2.66,2.28,1.65,2026-08-13T06:06:50.651470-05:00,,,,,,,
